smiles,LogS
Brc1cc(C(O)=O)c(N)cc1,-3.07
c1cc(ccc1O)I,-1.71
Oc1c(Br)cc(C(O)=O)c(O)c1,-2.62
CC(C)NCC(O)COc1ccccc1CC=C,-2.63
C1C2CC3CC(CC1C3)(N)C2,-1.85
c1(c(CN(CC)CC)cc(cc1)Nc1ccnc2c1ccc(c2)Cl)O,-5.79
CN1[C@H]2CC[C@@H]1C[C@@H](C2)OC(=O)C(CO)C1=CC=CC=C1,-2.0
S(c1n(cnc1N(=O)=O)C)c1ncnc2nc[nH]c12,-3.21
n1(Cc2ccccc2)cncc1,-2.26
Brc1cc2c(CN(C)C)c[nH]c2cc1,-4.06
CCCCN1CCCCC1C(=O)Nc1c(C)cccc1C,-3.22
CC(C(O)=O)c1ccc2c(c1)[nH]c1ccc(Cl)cc21,-4.7
COc1ccccc1OCCNCC(O)COc1cccc2[nH]c3ccccc3c12,-4.26
C1(=C(COC(C)=O)CS[C@@H]2[C@H](NC(=O)Cc3cccs3)C(N12)=O)C(O)=O,-2.94
C([C@H](c1ccccn1)c1ccc(cc1)Cl)CN(C)C,-2.67
CN(C)CC\C=C1\c2ccccc2Sc2ccc(cc12)Cl,-5.87
c1cc2c(cc1Cl)[nH]c(=O)o2,-2.66
O=C(c1cn(C2CC2)c2c(cc(F)c(N3CCNCC3)c2)c1=O)O,-3.6
C[N@]1C[C@@H]2C[C@H]1CN2c1c(cc2c(n(cc(C(=O)O)c2=O)C2CC2)c1)F,-2.9
C[C@H](CC1=CC=CC=C1)N(C)CC#C,-2.51
Clc1cc2S(=O)(=O)N=C(Nc2cc1)C,-3.36
O=C1[C@H](OC(C)=O)[C@H](c2ccc(OC)cc2)Sc2ccccc2N1CCN(C)C,-3.16
CN(C)CCOC(c1ccccc1)c1ccccc1,-2.95
CCN1CCN(CC1)c1c(cc2c(n(cc(C(=O)O)c2=O)C2CC2)c1)F,-3.18
N\C(CCSCc1csc(\N=C(\N)N)n1)=N\S(=O)(N)=O,-2.65
CC(C(O)=O)c1cccc(Oc2ccccc2)c1,-3.7
O=C(NC1CCCCC1)NS(=O)(c1ccc(CCNC(c2cnc(cn2)C)=O)cc1)=O,-5.49
[nH]1cnc2nc(N)[nH]c(=O)c12,-4.43
S1(=O)(=O)NCNc2c1cc(S(=O)(N)=O)c(c2)C(F)(F)F,-2.97
CCn1cc(C(O)=O)c(=O)c2cc(F)c(N3CCNC(C)C3)c(F)c12,-2.33
N(C)CCCC12c3c(C(c4ccccc14)CC2)cccc3,-4.69
Clc1ccc(COC(Cn2ccnc2)c2ccc(Cl)cc2Cl)c(Cl)c1,-5.07
O[C@]1([C@H](N(CC=C)CC2)C3)[C@@]42C5=C3C=CC(O)=C5O[C@H]4C(CC1)=O,-2.9
O=C(O)[C@@H](C)c1ccc2cc(ccc2c1)OC,-4.5
CCn1cc(c(=O)c2cc(c(cc12)N1CCNCC1)F)C(=O)O,-2.76
N(CC\C=C1\c2c(CCc3c1cccc3)cccc2)C,-4.02
CC1COc2c(N3CCN(C)CC3)c(F)cc3c2n1cc(C(O)=O)c3=O,-1.27
OC1=C(C(O)=C(C([C@@](C(C(C(N)=O)=C(O)[C@H]2N(C)C)=O)(O)[C@@]2([H])[C@H]3O)=O)[C@@]3([H])[C@@]4(O)C)C4=CC=C1,-3.09
c1(nccc2cc(c(OC)cc12)OC)Cc1cc(c(cc1)OC)OC,-3.87
c1ccc(cc1)\N=N\c1c(nc(cc1)N)N,-4.19
CC(C)NCC(O)COc1cccc2ccccc12,-3.49
[H]C1(CN2CCC1C[C@@]2([H])[C@H](O)C1=CC=NC2=C1C=C(OC)C=C2)C=C,-2.79
S(Cc1oc(CN(C)C)cc1)CCN\C(NC)=C\N(=O)=O,-2.5
C1CN(CCN1)c1c(cc2c(n(cc(C(=O)O)c2=O)c2ccc(cc2)F)c1)F,-3.13
C[C@H]1CN(C[C@@H](C)N1)C1=C(F)C2=C(C(=O)C(=CN2C2CC2)C(O)=O)C(N)=C1F,-3.37
C(=O)(O)c1cc(ccc1O)\N=N\c1ccc(cc1)S(=O)(Nc1ccccn1)=O,-6.14
CC1=C(CC(O)=O)c2cc(F)ccc2C\1=C\c1ccc(cc1)S(C)=O,-4.5
C(c1ccc(cc1)NCCCC)(=O)OCCN(C)C,-3.01
OC1=C(C(C2=C(O)[C@@](C(C(C(N)=O)=C(O)[C@H]3N(C)C)=O)(O)[C@@]3([H])C[C@]2([H])[C@@]4(O)C)=O)C4=CC=C1,-2.93
Cc1ccc(cc1)C(=O)c1ccc(CC(=O)O)n1C,-4.09
CC(CN(C)C)CN1c2ccccc2CCc2ccccc12,-4.79
NCCc1c[nH]c2ccccc12,-3.3
COc1ccc(CCN(C)CCCC(C#N)(C(C)C)c2ccc(OC)c(OC)c2)cc1OC,-3.98
CN=C=S,-1.0
C1OCOCO1,0.29
CC(O)CNCC(C)O,0.81
COC(=O)C(=O)OC,-0.29
NCC(O)=O,0.92
NCCC(O)=O,0.79
CC1=CCC(CC1)C(C)(C)O,-1.91
CC(=C)C1CC=C(C)C(O)C1,-1.72
NCCCCCC(O)=O,0.59
NC(CO)C(O)=O,-0.02
OC(=O)C1CCCN1,0.15
NC(CS)C(O)=O,0.36
OC(=O)/C=C/C(O)=O,-1.22
OC1CNC(C1)C(O)=O,0.44
NC1=N[NH]C=N1,0.52
OC(CC(O)=O)C(O)=O,0.64
CC(C)N(C(C)C)C(=O)SC\C(Cl)=C\Cl,-4.29
CCCCCCCCCCCCCCCC(=O)OC,-7.83
CCC1(CC)C(=O)NCC(C)C1=O,-0.38
CCCCCCCCCCCCCCCCCC(=O)OC,-9.0
CNC(=O)O\N=C(\C)SC,-1.21
CC1(C)C(=O)NC(=O)NC1=O,-1.74
O=C1NC(=O)C2(CC2)C(=O)N1,-1.89
CCCCCCCCCCNC(=O)NC1CCCCC1,-2.81
CCC1=CC=C(O)C=C1,-1.4
CCC1(C)C(=O)NC(=O)NC1=O,-1.23
O=C1NC(=O)C2(CCC2)C(=O)N1,-1.66
CC1=CC(=C(C)C=C1C)C,-3.84
CC1(CC=C)C(=O)NC(=O)NC1=O,-1.16
OC1=CC=CC(=C1)C=O,-1.23
CC1=CC(=C(C)C(=C1)C)O,-2.25
CC1=C(O)C=CC(=C1)Cl,-1.55
OC1=CC(=CC(=C1)O)O,-1.05
CCCC1(CC)C(=O)NC(=O)NC1=O,-1.49
CCC(C)C1=CC=C(O)C=C1,-2.19
CCC1(CC=C)C(=O)NC(=O)NC1=O,-1.61
O=C1NC(=O)C2(CCCCC2)C(=O)N1,-3.06
CCC1(CC)C(=O)NC(=S)NC1=O,-2.28
CC(C)=CCC1(C)C(=O)NC(=O)NC1=O,-2.6
COC1=NN(CS[P](=S)(OC)OC)C(=O)S1,-3.1
OC(=O)C1=CC=C(F)C=C1,-2.07
OC1=CC(=CC=C1)Br,-0.88
CCC(C)C1(CC)C(=O)NC(=O)NC1=O,-2.39
OC(=O)C1=C(F)C=CC=C1,-1.39
CC(C)C1(C(C)C)C(=O)NC(=O)NC1=O,-2.77
CC1=CC=C(C=C1)N=C=S,-4.72
OC(=O)C1=CC(=CC=C1)O,-1.24
OC1=C(Cl)C=CC(=C1)Cl,-1.91
CCCCCC1(CC)C(=O)NC(=O)NC1=O,-2.51
CCNC(=O)NC(=O)C(=N/OC)/C#N,-2.3
CC1=C(C)C(=C(C)C(=C1C)C)C,-5.23
CCCCCOC(=O)CCCNC(=O)NC1CCCCC1,-2.3
CCC1(CC=C(C)C)C(=O)NC(=O)NC1=O,-2.25
CCCCCC(O)/C=C/C1C(O)CC(O)C1C\C=C\CCCC(O)=O,-2.33
O=C1NC(=S)NC(=O)C12CCCCC2,-3.46
CC(C)CC1(CC=C)C(=O)NC(=O)NC1=O,-2.12
CCCCCCC1(CC)C(=O)NC(=O)NC1=O,-3.05
O=C1NC(=O)C2(CCCCCCC2)C(=O)N1,-2.98
CCCCCCCCCCNC(=O)N[C]12C[CH]3[CH2]C([CH2][CH](C3)C1)C2,-5.83
CC/C=C(C)/C1(CC)C(=O)NC(=O)NC1=O,-2.31
[NH]1C=CC2=C1C=CC=C2,-1.21
CCC(C)C1(CC=C)C(=O)NC(=O)NC1=O,-2.02
CC12CCC3C(CCC4CC(=O)CCC34C)C1CCC2O,-4.74
CNC(=O)O/N=C(SC)/C(=O)N(C)C,0.11
CC(=O)NC1=CC=CC(=C1)O,-1.06
CCCCCCCC1(CC)C(=O)NC(=O)NC1=O,-3.43
COC1=CC(=CC=C1)C(O)=O,-1.93
COC(=O)/C=C/C1=CC=CC=C1,-2.67
COC1=C(Cl)C(=CC=C1)Cl,-3.31
COC1=CC(=CC=C1O)C=O,-1.14
COC1=CC=CC=C1C(O)=O,-1.6
CC(C)C1(CC=C(C)C)C(=O)NC(=O)NC1=O,-2.59
[NH]1N=NC2=C1C=CC=C2,-0.77
CC1=CC(=C(C=C1)C(O)=O)O,-2.9
CC1=CC(=C(O)C=C1)C(O)=O,-2.76
ClC1=CC=CC(=C1)N=C=S,-3.95
CO[P](=O)(NC(C)=O)SC,0.54
CCCCCCCCC1(CC)C(=O)NC(=O)NC1=O,-3.94
CCCCCCCCCC1=CC=C(O)C=C1,-4.5
CNC(=O)O\N=C\C(C)(C)[S](C)(=O)=O,-1.35
CCC1C(=O)NC(=O)NC1=O,-0.92
NC1=CC(=C(C=C1)C(O)=O)O,-1.96
NC1=CC(=C(O)C=C1)C(O)=O,-2.26
S=C=NC1=CC=CC(=C1)C#N,-3.19
CCCCCCCCCC1(CC)C(=O)NC(=O)NC1=O,-4.46
COC(=O)CCCNC(=O)N[C]12C[CH]3[CH2]C([CH2][CH](C3)C1)C2,-2.25
CC(C)OC(=O)NC1=CC=CC=C1,-3.0
CC1=C[NH]C2=C1C=CC=C2,-2.42
CNCC(O)C1=CC(=C(O)C=C1)O,-2.74
OC(=O)C1=CC(=CC=C1O)O,-0.85
CCOC1=C(O)C=CC(=C1)C=O,-1.77
CC(C)=CCC1(C(=O)NC(=O)NC1=O)C(C)(C)C,-3.55
COC1=C(OC)C=C(C=O)C=C1,-1.42
COC1=CC(=C(OC)C=C1)C=O,-2.32
O=C1NC(=O)C2(CCCCCCCCCC2)C(=O)N1,-4.59
CN(C)C1=CC=C(C=C1)N=C=S,-4.13
COC1=CC=CC=C1OCC(O)CO,-0.6
CC1=NC2=C([NH]1)C=CC=C2,-1.96
C1=CC2=C(C=C1)C=NN=C2,-0.42
N#CC(=NNC1=CC=CC=C1)C#N,-3.36
C1=CC2=C(C=C1)N=CC=N2,0.71
CC(C)C1C(=O)NC(=O)NC1=O,-1.46
CCCCCC(O)/C=C/C1C(O)CC(=O)C1CCCCCCC(O)=O,-3.67
OC1=C(F)C(=C(F)C(=C1F)F)F,-0.52
OC(=O)C1=C(Br)C=CC=C1,-2.05
O=C1NC(=O)C2(CCCCCCCCCCC2)C(=O)N1,-5.8
CCCCCC(O)/C=C/C1C(O)CC(=O)C1C\C=C\CCCC(O)=O,-2.47
OC(=O)C1=CC(=CC=C1)C(O)=O,-3.22
OC(=O)C1=C(Cl)C=C(Cl)C=C1,-2.6
CCC1=C(CCCC1)C2(CC)C(=O)NC(=O)NC2=O,-3.53
CCC12CCC3C(CCC4=CC(=O)CCC34)C1CCC2(O)C#C,-5.19
CC(C)=CC1C(C(=O)OCN2C(=O)C3=C(CCCC3)C2=O)C1(C)C,-5.26
OC(=O)C1=CC=C(C=C1)N=C=S,-3.98
O=C1NC=NC2=C1N=C[NH]2,-2.28
OC(=O)C1=C(C=NC=C1)C(O)=O,-1.86
NCC(CC(O)=O)C1=CC=C(Cl)C=C1,-1.7
OC(=O)C1=CC(=CC=C1)N=C=S,-3.25
CCC(C)C1(CC(Br)=C)C(=O)NC(=O)NC1=O,-2.65
NC1=CC2=C(C=CC=C2)C=C1,-2.88
CCCCCOC(=O)CCCNC(=O)N[C]12C[CH]3[CH2]C([CH2][CH](C3)C1)C2,-2.32
COC1=C(OC)C=C(Cl)C(=C1)Cl,-3.46
OCC(O)C1OC(=O)C(=C1O)O,0.28
CN(C)C(=O)NC1=NOC(=C1)C(C)(C)C,-2.43
CC(OC1=CC=C(Cl)C=C1)C(O)=O,-2.13
OC(=O)C1=C(O)C=CC(=C1)Br,-2.65
CNC(=O)OC1=CC(=CC(=C1)C)C(C)C,-3.36
CC1=C(OCCCC(O)=O)C=CC(=C1)Cl,-3.68
OCC1=CC=CC2=C1C=CC=C2,-1.74
COC(=O)C1=CC=C(C=C1)C(=O)OC,-4.01
NC1=CC=C(C=C1)[S](O)(=O)=O,-1.12
IC1=CC=C(C=C1)N=C=S,-4.05
CN(CC1=CC=C(Cl)N=C1)C(C)=NC#N,-1.72
IC1=CC=C(I)C=C1,-5.37
OC(=O)COC1=CC(=C(Cl)C=C1)Cl,-2.68
COC1=C(Cl)C(=C(Cl)C(=C1)Cl)Cl,-5.26
BrC1=CC(=CC(=C1)Br)Br,-5.6
COC1=CC=CC=C1OCC(O)COC(N)=O,-1.53
OC(=O)CC1=CC(=C(OCC=C)C=C1)Cl,-3.13
NNC1=NN=CC2=C1C=CC=C2,-2.6
CC(=O)C1CCC2C3CCC4=CC(=O)CCC4(C)C3C(O)CC12C,-3.82
COC1=C(OC)C(=C(Cl)C(=C1)Cl)Cl,-4.37
C[S](=O)(=O)OCCCCO[S](C)(=O)=O,-2.27
OC(CCN1CCCC1)(C2CCCCC2)C3=CC=CC=C3,-4.7
CNC(NCCSCC1=C(C)[NH]C=N1)=NC#N,-1.43
CNC(=O)OC1=C2OC(C)(C)CC2=CC=C1,-2.42
CCSC(=O)COC1=C(C)C=C(Cl)C=C1,-5.03
CC(C)(NC(=O)C1=CC(=CC(=C1)Cl)Cl)C#C,-4.23
ClC1=CC2=C(C=C1)C=CC(=C2)Cl,-5.92
OC(CCN1CCCCC1)(C2CCCCC2)C3=CC=CC=C3,-5.2
OC(=O)C1=CC=CC2=CC=CC=C12,-3.3
ClC1=CC2=C(C=CC=C2)C=C1Cl,-5.36
ClC1=CC2=C(C=CC=C2Cl)C=C1,-5.92
ClC1=C(Cl)C2=C(C=CC=C2)C=C1,-6.16
OC1=C(C=CC2=C1C=CC=C2)N=O,-2.54
ClC1=CC=CC2=C1C=CC=C2Cl,-5.7
ClC1=CC=CC2=C1C(=CC=C2)Cl,-5.8
S=C=NC1=CC2=CC=CC=C2C=C1,-4.44
CC12CC(O)C3C(CCC4=CC(=O)CCC34C)C1CCC2C(=O)CO,-3.24
O=C1NC2=C(CCC2)C(=O)N1C3CCCCC3,-4.59
CNC(=O)OC1=C2OC(C)(C)OC2=CC=C1,-2.93
OC1=C(Br)C=C(Br)C=C1Br,-3.73
OC(=O)COC1=C(Cl)C(=C(Cl)C=C1)Cl,-3.1
CCC(C)N1C(=O)NC(=C(Br)C1=O)C,-2.5
CCC(C)C(=O)OC1CC(C)C=C2C=CC(C)C(CCC3CC(O)CC(=O)O3)C12,-6.01
CC(C)(C)NCC(O)COC1=CC=CC2=C1CC(O)C(O)C2,-1.01
COC(=O)C[S](=O)(=O)C1=CC=CC=C1,-1.14
CC12CCC3C(CCC4=CC(=CC=C34)O)C1CC(O)C2O,-4.95
COC(=O)C1(CC1)[S](=O)(=O)C2=CC=CC=C2,-2.26
CCOC1=C(OCC)C=C(NC(=O)OC(C)C)C=C1,-4.0
CC(C)NCC(O)COC1=CC=CC2=C1C=C[NH]2,-3.7
CC(OC1=CC(=C(Cl)C=C1Cl)Cl)C(O)=O,-3.58
OC(=O)COC1=CC2=C(C=CC=C2)C=C1,-3.36
NC(CC1=C[NH]C2=C1C=CC=C2)C(O)=O,-1.18
ClC1=C(Cl)C2=C(C(=O)OC2)C(=C1Cl)Cl,-5.04
NC(=S)NC1=CC=CC2=C1C=CC=C2,-2.53
CCC1(C(=O)NC(=O)N(C)C1=O)C2=CC=CC=C2,-3.68
ClC1=CC2=C(C=C1)C=C(Cl)C=C2Cl,-6.55
COC(=O)C1(CC1)[S](=O)(=O)C2=CC=C(C)C=C2,-2.88
ClC1=CC=CC(=C1Cl)C2=CC=CC=C2,-5.35
NC(CC1=CC=C(C=C1)N(CCCl)CCCl)C(O)=O,-3.49
CC1=CC(=CC=C1N)C2=CC(=C(N)C=C2)C,-2.21
NC1=NC2=C(N=C[N]2COCCO)C(=O)N1,-2.12
COC1=CC=C2C3CCC4(C)C(CCC4(O)C#C)C3CCC2=C1,-5.49
NC1=NC(=C(C=C1)N=NC2=CC=CC=C2)N,-4.24
ClC(Cl)(Cl)SN1C(=O)C2CC=CCC2C1=O,-4.77
OC(C1=CC=CC=C1)C(=O)C2=CC=CC=C2,-2.85
CCOC(=O)C1(CC1)[S](=O)(=O)C2=CC=C(C)C=C2,-3.01
COC(=O)C[S](=O)(=O)C1=CC=C(Cl)C=C1,-2.38
CN1C(=O)N(C)C2=C([NH]C(=N2)Cl)C1=O,-1.51
ClC1(Cl)C2(Cl)C3(Cl)C4(Cl)C(=O)C5(Cl)C3(Cl)C1(Cl)C5(Cl)C24Cl,-5.26
COC(=O)C1(CCCC1)[S](=O)(=O)C2=CC=CC=C2,-2.55
OC(=O)C1=CC=CC=C1NC2=CC=CC=C2,-4.96
ClC1=CC=C(OC2=C(Cl)C=CC=C2)C=C1,-5.52
COC(=O)C1(CC1)[S](=O)(=O)C2=CC=C(Cl)C=C2,-3.31
OCC1CCC(O1)[N]2C=NC3=C2N=CNC3=O,-0.94
CC1=CC(=NO1)C(=O)NNCC2=CC=CC=C2,-2.46
CC1=NNC(=O)N(C1)/N=C/C2=CC=CN=C2,-2.87
CC12CC1(C)C(=O)N(C2=O)C3=CC(=CC(=C3)Cl)Cl,-4.8
C1=CC2=C(C=C1)N=C3C=CC=CC3=N2,-3.7
CC(C)OC(=O)C1(CC1)[S](=O)(=O)C2=CC=C(C)C=C2,-3.23
ClC1=C(OC2=CC=CC=C2)C(=CC=C1)Cl,-5.06
O=C(NC1=CN=NS1)NC2=CC=CC=C2,-3.85
C1=CC2=CC=C3C=CC=NC3=C2N=C1,-1.83
CCOC(=O)C1(CCC1)[S](=O)(=O)C2=CC=C(C)C=C2,-2.96
CC1=NC(=NC(=C1)C2CC2)NC3=CC=CC=C3,-4.05
COC(=O)C1(CCCCC1)[S](=O)(=O)C2=CC=CC=C2,-3.85
OCC1OC(CC1O)N2C=C(I)C(=O)NC2=O,-2.25
ClC1=C(Cl)C(=CC=C1)C2=C[NH]C=C2C#N,-4.69
CC(=O)OCC(=O)C1(O)CCC2C3CCC4=CC(=O)CCC4(C)C3C(O)CC12C,-4.61
CCOC(=O)C1=CN=C[N]1C(C)C2=CC=CC=C2,-4.73
CC12CC3=C(ON=C3)C=C1CCC4C2CCC5(C)C4CCC5(O)C#C,-5.51
COC(=O)C1(CCC1)[S](=O)(=O)C2=CC=C(Cl)C=C2,-3.0
NC1=NC2=C(N=C[N]2COC(CO)CO)C(=O)N1,-1.77
CC1N(C)CN2C(=O)C3=C(C=CC=C3)N=C12,0.03
CC(C)OC(=O)C[S](=O)(=O)C1=CC=C(Cl)C=C1,-2.41
CC(C)OC(=O)C1(CCC1)[S](=O)(=O)C2=CC=C(C)C=C2,-3.34
ClC1=CC2=C(C=C(Cl)C=C2Cl)C(=C1)Cl,-7.82
CC(C)OC(=O)C1(CC1)[S](=O)(=O)C2=CC=C(Cl)C=C2,-3.54
ClC1=CC=CC2=C1C=C(Cl)C(=C2Cl)Cl,-7.86
COC(=O)C[S](=O)(=O)C1=CC=C(Br)C=C1,-2.48
ClC1=C(Cl)C(=C(C=C1)C2=CC=CC=C2)Cl,-6.18
ClC1=C(Cl)C2=C(C=CC=C2)C(=C1Cl)Cl,-7.8
N[S](=O)(=O)C1=CC2=C(SCCC2O)S1,-2.59
COC(=O)C1(CCCCC1)[S](=O)(=O)C2=CC=C(C)C=C2,-4.61
COC(=O)C1(CC1)[S](=O)(=O)C2=CC=C(Br)C=C2,-3.67
CC(C)N1C(=O)N(CSC1=NC(C)(C)C)C2=CC=CC=C2,-5.53
ClC1=CC=CC=C1C2=C(Cl)C=CC=C2Cl,-5.9
ClC1(Cl)C2(Cl)C3(Cl)C4(Cl)C(Cl)(Cl)C5(Cl)C3(Cl)C1(Cl)C5(Cl)C24Cl,-6.8
CC1=NC(=O)C(=C(NCC2=CN=CC=C2)N1)C#N,-2.35
ClC1=CC=C(OC2=C(Cl)C=C(Cl)C=C2)C=C1,-6.22
CC(C)(C)OC(=O)C1(CC1)[S](=O)(=O)C2=CC=C(Cl)C=C2,-4.12
NC1=NC=NC2=C1N=C[N]2C3OC(CO)C(O)C3O,-1.73
O=C1CN(CC2N1CCC3=C2C=CC=C3)C(=O)C4CCCCC4,-2.89
CN[P](=O)(OC)OC1=CC=C(C=C1Cl)C(C)(C)C,-3.16
CC(C)OC(=O)C1(CCCC1)[S](=O)(=O)C2=CC=C(C)C=C2,-3.91
COC(=O)C1(CCC1)[S](=O)(=O)C2=CC=C(Br)C=C2,-3.55
COC1=CC(=CC=C1N)C2=CC(=C(N)C=C2)OC,-3.61
CSC(/C)=N/OC(=O)N(C)SN(C)C(=O)O\N=C(/C)SC,-4.01
CCCSC1=CC2=C([NH]C(=N2)NC(=O)OC)C=C1,-4.22
CCCC(C[N]1C=NC=N1)C2=C(Cl)C=C(Cl)C=C2,-3.59
CCCN1CN2C(=O)C3=C(C=CC=C3)N=C2C1C,-2.67
CCCCC(C[N]1C=NC=N1)(C#N)C2=CC=C(Cl)C=C2,-3.31
CN1CCC23C4CCC(=O)C2OC5=C(O)C=CC(=C35)CC14,-2.1
N[S](=O)(=O)C1=CC2=C(SCCC2=O)S1,-3.55
N[S](=O)(=O)C1=CC2=C(S1)C(=O)CCS2,-3.49
N[S](=O)(=O)C1=CC2=C(S1)C(O)CCS2,-2.25
CC(C)OC(=O)C1(CCCCC1)[S](=O)(=O)C2=CC=C(C)C=C2,-4.62
ClC1=NC(=NC(=N1)NC2=CC=CC=C2Cl)Cl,-4.54
NC1=C(C2=CC=CC=C2C=C1)[S](O)(=O)=O,-1.7
N1C2=C(SC3=CC=CC=C13)C=CC=C2,-5.1
CC(C)OC(=O)C1(CCCC1)[S](=O)(=O)C2=CC=C(Cl)C=C2,-4.65
ClC1=CC=C(C=C1)C2=CC(=C(Cl)C(=C2)Cl)Cl,-7.96
ClC1=CC=C(C=C1)C2=C(Cl)C=C(Cl)C(=C2)Cl,-7.77
CO[P](=S)(OC)OC1=C(Cl)C=C(C)C=C1Cl,-5.44
OC(=O)C1=CC(=CC=C1O)C2=C(F)C=C(F)C=C2,-4.61
ClC1=CC(=CC(=C1)C2=CC(=CC(=C2)Cl)Cl)Cl,-8.38
ClC1=CC2=C(OC3=C(O2)C=CC=C3)C=C1,-5.84
COC(=O)C1(CCCC1)[S](=O)(=O)C2=CC=C(Br)C=C2,-4.01
COC(=O)C1=C(Cl)C(=C(C(=C1Cl)Cl)C(=O)OC)Cl,-5.82
ClC1=CC=CC2=C1OC3=C(O2)C=CC=C3,-5.72
ClC1=CC=CC=C1C2=C(Cl)C=C(Cl)C(=C2)Cl,-7.25
ClC1=CC2=C(OC3=C2C=C(Cl)C=C3)C=C1,-7.21
ClC1=C(Cl)C(=C(C=C1)C2=CC=CC=C2Cl)Cl,-6.83
CCCN(CCC)[S](=O)(=O)C1=CC=C(C=C1)C(O)=O,-5.68
ClC1=CC(=C(Cl)C(=C1Cl)C2=CC=CC=C2)Cl,-7.25
COC(=O)C1(CCCCC1)[S](=O)(=O)C2=CC=C(Br)C=C2,-4.48
OC1=C(Br)C(=C(Br)C(=C1Br)Br)Br,-6.6
CC(C)(C)C(O)\C(=C/C1=CC=C(Cl)C=C1)[N]2C=NC=N2,-4.54
CC(C)(C)C(=O)OCC1OC(CC1O)N2C=C(I)C(=O)NC2=O,-3.36
C[S](=O)(=O)C1=CC=C(C=C1)C(O)C(CO)NC(=O)C(Cl)Cl,-2.15
CC(C(O)=O)C1=CC=C(C=C1)C(=O)C2=CC=CS2,-2.0
CN1CCN=C(C2=CC=CC=C2)C3=C1C=CC(=C3)Cl,-4.43
ClC(Cl)(Cl)SN1C(=O)C2=CC=CC=C2C1=O,-5.57
NC(=O)N1C2=C(C=CC=C2)C=CC3=C1C=CC=C3,-3.29
CC(C)OC(=O)C1(CCCCCC1)[S](=O)(=O)C2=CC=C(Cl)C=C2,-5.52
N[S](=O)(=O)C1=CC2=C(S1)[S](=O)CCC2O,-1.35
CCCC(=O)OCC1OC(CC1O)N2C=C(I)C(=O)NC2=O,-2.84
CC(C)C(=O)OCC1OC(CC1O)N2C=C(I)C(=O)NC2=O,-2.76
CCC(=O)N(C1CCN(CC1)CCC2=CC=CC=C2)C3=CC=CC=C3,-3.82
CC12CCC3C(CCC4=CC(=O)CCC34C)C1CCC2OC(=O)C5=CC=CC=C5,-4.48
ClC1=CC=C(N[S](=O)(=O)C2=CC=CC=C2)C=C1,-4.03
CC12CCC3C(CCC4=CC(=O)CCC34C)C1CCC2OC(=O)CCC5=CC=CC=C5,-5.27
CCCCNC(=O)[N]1C(=NC2=C1C=CC=C2)NC(=O)OC,-4.86
CC12CCC3C(CCC4=CC(=O)CCC34C)C1CCC2OC(=O)CCCC5=CC=CC=C5,-5.43
CCCCC(=O)OCC1OC(CC1O)N2C=C(I)C(=O)NC2=O,-3.4
ClC1=CC=C(C=C1Cl)C2=CC(=C(Cl)C(=C2)Cl)Cl,-8.39
ClC1=CC=CC=C1N[S](=O)(=O)C2=CC=CC=C2,-4.32
CCN1CCCC1CNC(=O)C2=C(OC)C=CC(=C2)[S](N)(=O)=O,-2.88
CCN1C=C(C(O)=O)C(=O)C2=C1C=C3OCOC3=C2,-4.91
ClC1=CC(=C(C=C1)C2=CC(=C(Cl)C(=C2)Cl)Cl)Cl,-8.55
CC12CCC3C(CCC4=CC(=O)CCC34C)C1CCC2OC(=O)CC5=CC=CC=C5,-4.66
OC(=O)CC1=CC=CC=C1OC2=C(Cl)C=C(Cl)C=C2,-4.86
ClC1=CC=C(C(=C1)Cl)C2=C(Cl)C=C(Cl)C(=C2)Cl,-7.95
ClC1=CC2=C(OC3=C(O2)C=CC(=C3)Cl)C=C1,-7.82
ClC1=CC2=C(OC3=C(O2)C=C(Cl)C=C3)C=C1,-7.18
ClC1=NC=CC=C1N[S](=O)(=O)C2=CC=CC=C2,-3.76
ClC1=CC=CN=C1N[S](=O)(=O)C2=CC=CC=C2,-3.17
COC12C(COC(N)=O)C3=C(N1CC4NC24)C(=O)C(=C(N)C3=O)C,-2.56
ClC1=CC=C(C(=C1)Cl)C2=C(Cl)C(=C(Cl)C=C2)Cl,-7.62
ClC1=CC2=C(OC3=C(O2)C=CC=C3)C=C1Cl,-7.23
ClC1=CC=C(C=C1Cl)C2=C(Cl)C(=CC=C2Cl)Cl,-7.65
COC1=CC2=C(C=CN=C2C=C1)C(O)C3CN4CCC3C(C4)C=C,-3.36
N[S](=O)(=O)C1=CC2=C(S1)[S](=O)(=O)CCC2,-2.68
ClC1=CC=C(Cl)C(=C1)C2=C(Cl)C(=CC(=C2)Cl)Cl,-7.82
COCC(=O)N(N1CCOC1=O)C2=C(C)C=CC=C2C,-1.91
CC(C)(C)C1CCC(CC1)CC2=C(O)C(=O)C3=C(C=CC=C3)C2=O,-7.04
CCC1=N[N](C)C(=C1Cl)C(=O)NCC2=CC=C(C=C2)C(C)(C)C,-5.11
CCC1=CC=C(N[S](=O)(=O)C2=CC=C(N)C=C2)C=C1,-4.52
ClC1=C(Cl)C(=CC=C1)C2=C(Cl)C(=CC=C2Cl)Cl,-6.78
NC1=CC=C(C=C1)[S](=O)(=O)NC2=CC=C(Cl)C=C2,-4.13
CC(OC1=C(Cl)C(=C(Cl)C=C1)C)C(=O)NC2=CC=CC=C2,-7.01
COC1=CC=C(N[S](=O)(=O)C2=CC=C(N)C=C2)C=C1,-4.23
NC1=CC=C(C=C1)[S](=O)(=O)NC2=CC=C(C=C2)C#N,-3.6
CCC(=O)OC(CC1=CC=CC=C1)(C(C)CN(C)C)C2=CC=CC=C2,-2.61
CC(C)N(CCC(C(N)=O)(C1=CC=CC=C1)C2=NC=CC=C2)C(C)C,-1.7
OC(C1=CC=CC=C1)(C2=CC=CC=C2)C3=CC=CC=C3,-2.26
O=C1NC(=O)C(C(=O)N1)(C2=CC=CC=C2)C3=CC=CC=C3,-4.2
C1COC2=C(OCCOCCOC3=C(OCCO1)C=CC=C3)C=CC=C2,-4.69
N[S](=O)(=O)C1=CC2=C(S1)[S](=O)(=O)CCC2O,-1.36
CCCN(CCOC1=C(Cl)C=C(Cl)C=C1Cl)C(=O)[N]2C=CN=C2,-4.04
CCO[P](=S)(OCC)SCN1C(=O)OC2=C1C=CC(=C2)Cl,-5.08
ClC1=C(Cl)C(=CC(=C1)C2=CC(=C(Cl)C(=C2)Cl)Cl)Cl,-8.85
CC1=C(Cl)C=C(N[S](=O)(=O)C2=CC=C(N)C=C2)C=C1,-4.91
CC1=C(N[S](=O)(=O)C2=CC=C(N)C=C2)C=CC(=C1)Cl,-4.35
OC(C1=CC=C(Cl)C=C1)(C2=CC=C(Cl)C=C2)C(Cl)(Cl)Cl,-5.67
ClC1=CC=CC(=C1Cl)N[S](=O)(=O)C2=CC=CC=C2,-4.73
CC1=C(C=CC(=C1)N)[S](=O)(=O)NC2=CC=C(Cl)C=C2,-4.42
CC1=CC=CC=C1N2C(=NC3=C(C=CC=C3)C2=O)C,-2.92
ClC1=CC=C(C2=CC(=C(Cl)C(=C2)Cl)Cl)C(=C1Cl)Cl,-9.1
CC1=C(N[S](=O)(=O)C2=CC=C(N)C=C2)C=C(Cl)C=C1,-3.98
CC1=CC(=C(N[S](=O)(=O)C2=CC=C(N)C=C2)C=C1)Cl,-4.32
ClC1=CC=C(Cl)C(=C1Cl)C2=CC(=C(Cl)C(=C2)Cl)Cl,-8.27
ClC1=C(Cl)C=C(C=C1)C2=C(Cl)C(=CC(=C2Cl)Cl)Cl,-8.48
ClC1=CC(=C(C(=C1)Cl)C2=CC(=C(Cl)C=C2Cl)Cl)Cl,-8.12
CC1=C(C=CC(=C1)N)[S](=O)(=O)NC2=C(Cl)C=CC=C2,-5.05
ClC1=CC(=C(C(=C1)Cl)C2=CC=C(Cl)C(=C2Cl)Cl)Cl,-8.24
ClC1=CC(=CC(=C1)C2=C(Cl)C(=CC(=C2Cl)Cl)Cl)Cl,-8.27
ClC1=CC(=C(Cl)C=C1)C2=C(Cl)C=C(Cl)C(=C2Cl)Cl,-8.01
ClC1=CC=C(C(=C1Cl)Cl)C2=C(Cl)C(=CC=C2Cl)Cl,-7.65
ClC1=CC(=C(C(=C1)Cl)C2=C(Cl)C=C(Cl)C=C2Cl)Cl,-8.71
CCCC(=O)OCN1C=NC2=C(C=N[N]2COC(=O)CCC)C1=O,-3.83
ClC1=CC=CC(=C1Cl)C2=C(Cl)C=C(Cl)C(=C2Cl)Cl,-8.48
ClC1=C(Cl)C(=C(Cl)C(=C1)C2=C(Cl)C=CC=C2Cl)Cl,-8.13
ClC1=CC(=C(Cl)C(=C1)C2=C(Cl)C(=CC=C2Cl)Cl)Cl,-7.82
CC(C)(C)CC(=O)OCC(=O)C12OC(C)(C)OC1CC3C4CCC5=CC(=O)C=CC5(C)C4(F)C(O)CC23C,-5.12
ClC1=CC=CC(=C1Cl)C2=C(Cl)C(=CC(=C2Cl)Cl)Cl,-8.6
CCN1C=CC(=NC1=O)N[S](=O)(=O)C2=CC=C(N)C=C2,-2.23
CC1OC(CC(O)C1O)OC2C(O)CC(OC2C)OC3C(O)CC(OC3C)OC4CCC5(C)C(CCC6C5CCC7(C)C(CCC67O)C8=CC(=O)OC8)C4,-5.29
ClC1=C(Cl)C2=C(OC3=C(O2)C=CC=C3)C(=C1)Cl,-7.53
NC1=CC=C(C(=C1)Cl)[S](=O)(=O)NC2=CC=C(Cl)C=C2,-4.59
NC1=CC=C(C=C1)[S](=O)(=O)NC2=CC(=CC=C2Cl)Cl,-4.4
NC1=CC=C(C=C1)[S](=O)(=O)NC2=CC=CC(=C2Cl)Cl,-4.73
CCN1C=C(C(O)=O)C(=O)C2=C1C=C(N3CCN(C)CC3)C(=C2)F,-1.47
CC1=C(N=C2C=C(O)C(=O)C3=C2C=CC=C3)C(=NO1)C,-3.89
N[S](=O)(=O)C1=CC2=C(S1)C(O)CC[S]2=O,-1.57
NC1=CC(=C(C=C1)[S](=O)(=O)NC2=CC=CC=C2Cl)Cl,-5.11
COC(=O)C(C)N(C(=O)CC1=CC=CC=C1)C2=C(C)C=CC=C2C,-3.94
COC1=C(N[S](=O)(=O)C2=CC=C(N)C=C2)C=CC=C1Cl,-4.15
CN1CCN(CC1)C2=NC3=C(OC4=C2C=C(Cl)C=C4)C=CC=C3,-4.42
CC1(C)C(C(=O)OC(C#N)C2=CC(=CC=C2)OC3=CC=CC=C3)C1(C)C,-6.03
CC(=O)OCN1C(=O)NC(C1=O)(C2=CC=CC=C2)C3=CC=CC=C3,-4.47
CN1C(=O)CCC(N2C(=O)C3=C(C=CC=C3)C2=O)C1=O,-2.99
NC1=CC=C(C=C1)[S](=O)(=O)NC2=CC=C(I)C=C2,-4.52
ClC1=CC(=CC(=C1Cl)Cl)C2=C(Cl)C(=C(Cl)C(=C2)Cl)Cl,-8.72
CO[P](=S)(OC)SCN1N=NC2=CC=CC=C2C1=O,-4.04
COC(=O)NC1=NC2=CC(=CC=C2[NH]1)C(=O)C3=CC=CC=C3,-3.88
CC1N(CN2C(=O)C3=C(C=CC=C3)N=C12)CC4=CC=CC=C4,-4.0
CCC1=C(N=C2C=C(O)C(=O)C3=C2C=CC=C3)C(=NO1)C,-2.72
ClC1=CC=C(CCC(C[N]2C=NC=N2)(C#N)C3=CC=CC=C3)C=C1,-6.23
CC(C)=C1OC(=O)N(C1=O)C2=C(F)C=C(Cl)C(=C2)OC3CCCC3,-6.21
CCC(=O)OCN1C(=O)NC(C1=O)(C2=CC=CC=C2)C3=CC=CC=C3,-4.91
ClC1=C(Cl)C2=C(C(=C1Cl)Cl)C(=C(Cl)C(=C2Cl)Cl)Cl,-9.7
FC1=C(C(=CC=C1)F)C2=NN=C(N=N2)C3=C(Cl)C=CC=C3,-6.12
C1CN(CCN1C\C=C\C2=CC=CC=C2)C(C3=CC=CC=C3)C4=CC=CC=C4,-4.2
CCCC1=C(N=C2C=C(O)C(=O)C3=C2C=CC=C3)C(=NO1)C,-3.7
CCCC(=O)OCN1C(=O)NC(C1=O)(C2=CC=CC=C2)C3=CC=CC=C3,-5.07
NC1=CC=C(C=C1)[S](=O)(=O)NC2=C(Cl)C=C(Cl)C(=C2)Cl,-4.83
BrC1=CC=C(N[S](=O)(=O)C2=CC=CC=C2)C(=C1)Br,-5.01
OC1=C(CC2=C(O)C(=CC(=C2Cl)Cl)Cl)C(=C(Cl)C=C1Cl)Cl,-3.46
OC(C1=CC=C(F)C=C1)(C2=CN=CN=C2)C3=C(Cl)C=CC=C3,-4.08
N[S](=O)(=O)C1=CC2=C(CC(O)C[S]2(=O)=O)S1,-1.59
CCCCC(=O)OCN1C(=O)NC(C1=O)(C2=CC=CC=C2)C3=CC=CC=C3,-4.68
N[S](=O)(=O)C1=CC2=C(S1)[S](=O)(=O)CC(O)C2,-1.54
N[S](=O)(=O)C1=CC2=C(S1)C(=O)CC[S]2(=O)=O,-3.67
N[S](=O)(=O)C1=CC2=C(S1)C(O)CC[S]2(=O)=O,-1.28
CCCN1C(=O)CCC(N2C(=O)C3=C(C=CC=C3)C2=O)C1=O,-3.72
N[S](=O)(=O)C1=CC2=C(S1)[S](=O)(=O)CCC2=O,-3.02
CC1(O)CC(C2=CC=CC=C2)C3=C(O1)C4=C(OC3=O)C=CC=C4,-4.74
CC(=O)OCC1=C(N2C(SC1)C(NC(=O)CC3=CC=CS3)C2=O)C(O)=O,-2.94
CCC1OC(=O)C(C)C(OC2CC(C)(OC)C(O)C(C)O2)C(C)C(OC3OC(C)CC(C3O)N(C)C)C(C)(O)CC(C)C(=O)C(C)C(O)C1(C)O,-1.27
N[S](=O)(=O)C1=CC(=CC=C1Cl)C2(O)NC(=O)C3=C2C=CC=C3,-3.45
CCCCCC1=C(N=C2C=C(O)C(=O)C3=C2C=CC=C3)C(=NO1)C,-3.18
CCO/N=C(OC(=O)C1=CC=CC=C1)/C2=C(OC)C(=CC=C2OC)Cl,-4.08
COC1=CC2=C(C=C1OC)C(=NC(=N2)N3CCN(CC3)C(=O)C4CCCO4)N,-1.8
CCC1OC(=O)C(C)C(OC2CC(C)(OC)C(O)C(C)O2)C(C)C(OC3OC(C)CC(C3O)N(C)C)C(C)(CC(C)C(=O)C(C)C(O)C1(C)O)OC,-2.2
CCCCCN1C(=O)CCC(N2C(=O)C3=C(C=CC=C3)C2=O)C1=O,-4.7
ClC1=CC2=C(OC3=C(O2)C(=C(Cl)C(=C3Cl)Cl)Cl)C=C1,-9.48
COC1=CC=C2C(=CC1=O)C(CCC3=C2C(=C(OC)C(=C3)OC)OC)NC(C)=O,-0.94
CCOC(=O)C(C)OC1=CC=C(OC2=NC3=C(O2)C=C(Cl)C=C3)C=C1,-5.6
CC1=NN=C2CN=C(C3=CC=CC=C3)C4=C(C=CC(=C4)Cl)[N]12,-3.6
COC1=CC2=C(N)N=C(N=C2C(=C1OC)OC)N3CCN(CC3)C(=O)OCC(C)(C)O,-3.64
COC1=C2C(=O)C3=C(C=CC=C3)N(C)C2=C4C=CC(C)(C)OC4=C1,-5.21
OC(=O)CC1=C(N=C(S1)C2=CC=CC=C2)C3=CC=C(Cl)C=C3,-4.96
CCOC(=O)C1=C[N]2N=C(O[P](=S)(OCC)OCC)C=C2N=C1C,-4.95
ClC1=CC(=C(C(=C1Cl)Cl)C2=C(Cl)C(=C(Cl)C(=C2Cl)Cl)Cl)Cl,-10.1
ClC1=CC2=C(OC3=C(O2)C(=C(Cl)C(=C3Cl)Cl)Cl)C=C1Cl,-10.95
CSC1=CC2=C(SC3=C(C=CC=C3)N2CCC4CCCCN4C)C=C1,-5.82
ClC1=CC=C(CSC(C[N]2C=NC=N2)=NC3=C(Cl)C=C(Cl)C=C3)C=C1,-5.38
CC(C)(C)C1=CC=C(C=C1)C(O)CCCN2CCC(CC2)C(O)(C3=CC=CC=C3)C4=CC=CC=C4,-6.69
ClC1=CC2=C(OC3=C2C(=C(Cl)C(=C3Cl)Cl)Cl)C(=C1Cl)Cl,-11.48
CCOC(=O)C(C)OC1=CC=C(OC2=NC3=C(S2)C=C(Cl)C=C3)C=C1,-5.67
CC1(C)CNC(NC1)=N\N=C(/C=C/C2=CC=C(C=C2)C(F)(F)F)\C=C\C3=CC=C(C=C3)C(F)(F)F,-7.92
CN1C(CCl)NC2=C(C=C(C(=C2)Cl)[S](N)(=O)=O)[S]1(=O)=O,-3.78
CC(OC1=CC=C(OC2=NC3=C(C=C(Cl)C=C3)N=C2)C=C1)C(=O)OC4CCCO4,-5.02
CC(=O)NCC1=C(I)C(=C(I)C(=C1I)NC(C)=O)C(O)=O,-2.32
COC(=O)C1=C(C[S](=O)(=O)NC(=O)NC2=NC(=CC(=N2)OC)OC)C=CC=C1,-3.53
CCOC(=O)C1=CC=CC=C1[S](=O)(=O)NC(=O)NC2=NC(=CC(=N2)OC)Cl,-4.58
CC1=CC=C(C=C1)C2=CC(=N[N]2C3=CC=C(C=C3)[S](N)(=O)=O)C(F)(F)F,-4.74
ClC1=C(Cl)C2=C(C(=C1Cl)Cl)C3=C(O2)C(=C(Cl)C(=C3Cl)Cl)Cl,-11.58
OC1=C(CC2=C(O)C3=CC=CC=C3OC2=O)C(=O)OC4=C1C=CC=C4,-4.27
CC(OC1=CC=C(OC2=NC3=CC=C(Cl)C=C3N=C2)C=C1)C(=O)OCCON=C(C)C,-5.85
C[N]1N=C(C)C(=C1OCC(=O)C2=CC=C(C)C=C2)C(=O)C3=CC=C(Cl)C(=C3Cl)C,-6.52
CN1C(=C(O)C2=CC=CC=C2[S]1(=O)=O)C(=O)NC3=NC=C(C)S3,-1.92
CN(C)C(CS[S](=O)(=O)C1=CC=CC=C1)CS[S](=O)(=O)C2=CC=CC=C2,-5.76
CC(C)(C)C1=CC(=CC(=C1SC(C)(C)SC2=C(C=C(O)C=C2C(C)(C)C)C(C)(C)C)C(C)(C)C)O,-8.17
CCOC(=O)NC1=CC2=C(SC3=C(C=CC=C3)N2C(=O)CCN4CCOCC4)C=C1,-3.9
FC1=C(NC(=O)NC(=O)C2=C(F)C=CC=C2F)C=CC(=C1)OC3=CC=C(C=C3Cl)C(F)(F)F,-8.09
COC(=O)C1=CC=C(N=C1[S](=O)(=O)NC(=O)NC2=NC(=CC(=N2)OC)OC)C(F)(F)F,-3.89
CN(CC1=NC2=C(N=C1)N=C(N)N=C2N)C3=CC=C(C=C3)C(=O)NC(CCC(O)=O)C(O)=O,-4.0
C[N]1N=C(C)C(=C1O[S](=O)(=O)C2=CC=C(C)C=C2)C(=O)C3=C(Cl)C=C(Cl)C=C3,-6.9
C1=CC2=C3C4=C1C=CC5=C4C6=C(C=C5)C=CC7=C6C3=C(C=C2)C=C7,-8.83
COC1=CC(=CC(=C1O)OC)C2C3C(COC3=O)C(OC4OC5COC(C)OC5C(O)C4O)C6=C2C=C7OCOC7=C6,-3.47
BrC1=C(Br)C(=C(OC2=C(Br)C(=C(Br)C(=C2Br)Br)Br)C(=C1Br)Br)Br,-9.98
CCC1NC(=O)C(C(O)C(C)C\C=C\C)N(C)C(=O)C(C(C)C)N(C)C(=O)C(CC(C)C)N(C)C(=O)C(CC(C)C)N(C)C(=O)C(C)NC(=O)C(C)NC(=O)C(CC(C)C)N(C)C(=O)C(NC(=O)C(CC(C)C)N(C)C(=O)CN(C)C1=O)C(C)C,-4.64
N#CCC#N,0.25
CC(C)N(N=O)C(C)C,-1.0
CC(C)(C)C(O)=O,-0.67
N#CCCC#N,0.2
CNCC(O)=O,0.53
CC(C)(O)C(Cl)(Cl)Cl,-1.35
C[S](C)(=O)=O,0.2
OC(=O)CCCCCC(O)=O,-0.51
NC1=NC=CC=C1,0.98
N#CC1=CC=NC=C1,-0.42
N#CC1=CC=CN=C1,0.11
OC1=CC=C(F)C=C1,-0.21
CC(=C\CO)/C=C/C=C(C)/C=C/C1=C(C)CCCC1(C)C,-3.81
CO[P](N)(=O)SC,0.85
CC1=C(C)C=C(N)C=C1,-1.5
COC1=CC=C(N)C=C1,-0.77
CCC(CC)(C(=O)NC(N)=O)C(=O)OC,-1.96
CCOC(=O)C(CC)(CC)C(=O)NC(N)=O,-2.08
OC(=O)C1=CC=NC=C1,-1.37
OC(=O)C1=CC=CC=N1,0.89
CCOC1=CC=C(O)C=C1,-1.29
CCC(CC)(C(=O)NC(N)=O)C(=O)OC(C)C,-2.77
CCC(CC)(C(=O)NC(N)=O)C(=O)OCOC,-2.17
NC(=S)C1=CC=CC=C1,-1.92
NC1=NC(=NC(=N1)N)N,-1.59
ClCCN(N=O)C(=O)NC1CCCCC1,-3.37
O=C1CC(=O)NC(=O)N1,-1.29
COC(=O)C(CC=C)(CC=C)C(=O)NC(N)=O,-2.17
CC(=O)C1=CC=C(O)C=C1,-1.13
OCNC(=O)C1=CC=CC=C1,-0.52
CCC1=CC=C(C=C1)C(O)=O,-2.52
COC1=CC=C(C=C1)C(N)=O,-1.72
COC1=CC=CC(=C1)C(N)=O,-1.72
[NH]1N=CC2=C1C=CC=C2,-2.16
[NH]1C=NC2=C1C=CC=C2,-1.77
CC(C)(C)C(=O)OCN1C=C(F)C(=O)N(COC(=O)C(C)(C)C)C1=O,-3.9
CN(C)CNC(=O)C1=CC=CC=C1,0.42
[NH]1C=NC2=C1C=NC=N2,0.62
CCCCC1=CC=C(C=C1)C(O)=O,-3.08
CC(=O)OCN1C=C(F)C(=O)N(COC(C)=O)C1=O,-1.81
CCOC(=O)C(C)(C(=O)NC(=O)NC)C1=CCCCC1,-3.0
CNC(=O)OC1=CC(=C(C)C=C1)C,-2.49
CNC(=O)OC1=CC(=CC(=C1)C)C,-2.58
CN(C)C(=O)SCCCCOC1=CC=CC=C1,-3.93
S1C=CC2=C1C=CC=C2,-3.01
NC(=O)COC(=O)C1=CC=CC=C1,-1.64
O=C1CCC2=CC=CC3=C2N1CC3,-1.64
CC1=CC2=C(C=CC=C2)C=N1,-2.19
CNC(=O)COC(=O)C1=CC=CC=C1,-1.72
CNC(=O)\C=C(C)\O[P](=O)(OC)OC,0.65
CCC(C)C1=C(OC(=O)NC)C=CC=C1,-2.53
CCC(CC)(C(=O)NC(N)=O)C(=O)OCC(=O)OC,-2.01
OC(=O)CONC(=O)C1=CC=CC=C1,-0.95
COC1=C(O)C=CC(=C1)\C=C\C(O)=O,-3.05
S=C1NC=NC2=C1N=C[NH]2,-2.95
CCNC(=O)COC(=O)C1=CC=CC=C1,-2.24
CNC(=O)N1C=C(F)C(=O)NC1=O,-2.28
CCC(=O)N1C(=O)NC=C(F)C1=O,-0.7
CNC(=O)CS[P](=S)(OC)OC,-0.96
CN(C)C(=O)COC(=O)C1=CC=CC=C1,-1.37
COC(=O)N1C=C(F)C(=O)NC1=O,-0.91
CC(=O)OCN1C=C(F)C(=O)NC1=O,-0.67
COC(=O)C1=CC=CC=C1OC(C)=O,-1.84
O=C1NC(=O)C2=C([NH]C=N2)N1,-3.87
CC(=O)OCN1C(=O)NC=C(F)C1=O,-1.2
CCNC1=NC(=NC(=N1)Cl)NC(C)(C)C,-4.43
CCCNC(=O)COC(=O)C1=CC=CC=C1,-2.54
CCNC1=NC(=NC(=N1)NCC)SC,-2.73
CCC(C)([S](=O)(=O)CC)[S](=O)(=O)CC,-1.91
CC(C)NC(=O)COC(=O)C1=CC=CC=C1,-2.73
CCNC(=O)N1C=C(F)C(=O)NC1=O,-2.13
NCCC1=C[NH]C2=C1C=C(O)C=C2,-0.95
CCOC(=O)OCN1C(=O)NC=C(F)C1=O,-1.46
CCCC(C)C(=O)NC1=CC(=C(C)C=C1)Cl,-4.45
CC(C)NCC(O)COC1=C(OCC=C)C=CC=C1,-0.32
OC1=CC2=C(C=CC=C2)C=C1O,-2.74
COC1=NC(=NC(=N1)NC(C)C)NC(C)C,-2.56
CCOC(=O)N1C=C(F)C(=O)NC1=O,-1.47
OC1=CC2=C(C=CC=C2)C(=C1)O,-1.95
CN(C)C(=O)N1C=C(F)C(=O)NC1=O,-1.53
CCNC1=NC(=NC(=N1)OC)NC(C)(C)C,-3.24
O=C(COC(=O)C1=CC=CC=C1)N2CCC2,-1.61
CCC(=O)OCN1C=C(F)C(=O)NC1=O,-0.81
CCOC(=O)N1C(=O)NC=C(F)C1=O,-0.45
CCCCNC(=O)COC(=O)C1=CC=CC=C1,-2.76
CCC(C)(C)C(=O)OC1CC(C)C=C2C=CC(C)C(CCC3CC(O)CC(=O)O3)C12,-5.48
CC(C)(C)C(=O)OCN1C=C(F)C(=O)NC1=O,-2.03
CC(C)(C)NC(=O)COC(=O)C1=CC=CC=C1,-2.87
CCN(CC)C(=O)COC(=O)C1=CC=CC=C1,-2.07
CCCC(=O)OCN1C=C(F)C(=O)NC1=O,-1.31
O=C(COC(=O)C1=CC=CC=C1)N2CCCC2,-1.57
CC(C)(C)NCC(O)COC1=C(C=CC=C1)C2CCCC2,-1.84
CNC(=O)OC1=CC(=C(SC)C(=C1)C)C,-3.92
CN(C)C(=O)COC(=O)C1=C(O)C=CC=C1,-1.71
CCCCNC(=O)N1C=C(F)C(=O)NC1=O,-2.45
CCC(C)C(=O)OC1CCC=C2C=CC(C)C(CCC3CC(O)CC(=O)O3)C12,-5.42
CCCCOC(=O)N1C=C(F)C(=O)NC1=O,-1.59
COCCN(C(=O)CCl)C1=C(C)C=CC=C1C,-2.09
CC(C)COC(=O)N1C=C(F)C(=O)NC1=O,-1.89
CCN(CCO)C(=O)COC(=O)C1=CC=CC=C1,-1.37
FC1=CN(C(=O)NC1=O)C(=O)OCCCl,-1.91
CON(C)C(=O)NC1=CC=C(Br)C=C1,-2.9
O=C(COC(=O)C1=CC=CC=C1)N2CCOCC2,-1.77
N#CC(=N\OCC1OCCO1)/C2=CC=CC=C2,-4.07
CN1CCC23CCCCC2C1CC4=C3C=C(O)C=C4,-2.72
CO[P](=S)(OC)SCC(=O)N(C)C=O,-2.0
COC(=O)NC1=NC2=CC=CC=C2[NH]1,-4.52
CCC(C)C(=O)OC1CC(O)C=C2C=CC(C)C(CCC3CC(O)CC(=O)O3)C12,-3.35
NC(=O)CNC(=O)COC(=O)C1=CC=CC=C1,-1.5
CCSC1=NC(=NC(=N1)NC(C)C)NC(C)C,-4.2
OC(=O)CCCC1=CC=C(C=C1)N(CCCl)CCCl,-3.4
C=CCN(CC=C)C(=O)COC(=O)C1=CC=CC=C1,-2.56
CC(C)N(C(C)C)C(=O)COC(=O)C1=CC=CC=C1,-3.34
OCCN(CCO)C(=O)COC(=O)C1=CC=CC=C1,0.43
OC1CCN(CC1)C(=O)COC(=O)C2=CC=CC=C2,-1.35
NC1=NC2=C(C=N1)N=C[N]2COCCO,-1.08
CCCCCCOC(=O)N1C=C(F)C(=O)NC1=O,-2.24
CCN(CC)C(=O)COC(=O)C1=C(O)C=CC=C1,-2.56
COCCCNC1=NC(=NC(=N1)NC(C)C)SC,-2.93
COC1=CC2=C(CC3C4CCCCC24CCN3C)C=C1,-3.48
CNC1=CC=C(C=C1)[S](=O)(=O)N(C)C,-3.08
ClC1=C(OC2=CC=CC=C2)C=CC=C1,-4.78
OCC(CO)(CO)NC(=O)COC(=O)C1=CC=CC=C1,-1.27
CN(CC(N)=O)C(=O)COC(=O)C1=CC=CC=C1,-0.92
CCCCCCCCNC(=O)N1C=C(F)C(=O)NC1=O,-4.18
CC1CCCC(C)N1C(=O)COC(=O)C2=CC=CC=C2,-3.26
CC(NC(=O)COC(=O)C1=CC=CC=C1)C(N)=O,-2.72
COCCN(CCOC)C(=O)COC(=O)C1=CC=CC=C1,-1.57
CC(=O)OC1=CC=CC=C1C(=O)OCC(N)=O,-1.79
CON(C1CCCCC1)C(=O)C2=C(C)OC(=C2)C,-2.92
CON(C)C(=O)NC1=CC=C(Br)C(=C1)Cl,-3.92
OC(=O)C1=C(C=CC=C1)C2=CC=CC=C2,-2.73
CN(C)C1=CC=C(C=C1)N=NC2=CC=CC=C2,-3.05
CCOC(=O)CN(C)C(=O)COC(=O)C1=CC=CC=C1,-1.67
CC(=O)OC[N]1N=CC2=C1N=CNC2=O,-2.56
CC(C)(C)N1N=CC(=C(Cl)C1=O)SCC2=CC=C(C=C2)C(C)(C)C,-7.48
OC(=O)C1CCN1C(=O)COC(=O)C2=CC=CC=C2,-2.14
CC1=NN=C(C2=CC=CC=C2)C(=O)N1N,-2.05
FC(F)(F)C1=CC=CC(=C1)N2CC(CCl)C(Cl)C2=O,-4.05
CN1C=CSC1=NC2=C(C)C=C(C)C=C2,-3.16
CCNC(=O)COC(=O)C1=CC=CC=C1OC(C)=O,-1.68
CCOC(=O)COC(=O)C1=CC=CC=C1OC(C)=O,-2.58
CN(C)C(=O)COC(=O)C1=CC=CC=C1OC(C)=O,-1.55
CN(C)[S](=O)(=O)C1=CC=C(C=C1)N(C)C=O,-2.37
ClCCN(CCCl)[P]1(=O)NCCCO1,-0.82
CC(=O)OCCOC[N]1C=NC2=C1N=C(N)N=C2,-0.97
CC(=O)OC1=CC=CC=C1C(=O)OC[S](C)=O,-1.78
NC(=O)C1CCCN1C(=O)COC(=O)C2=CC=CC=C2,-2.27
OC(=O)C1CCCN1C(=O)COC(=O)C2=CC=CC=C2,-1.59
CCCC(=O)OC[N]1C=C2C(=O)NC=NC2=N1,-2.2
CNC(=O)N(C)C1=NC2=C(S1)C=CC=C2,-3.57
CCCC(=O)OC[N]1N=CC2=C1N=CNC2=O,-2.83
ClC1=NC=CC(=C1)NC(=O)NC2=CC=CC=C2,-3.8
CC(O)C[N]1C=NC2=C1C(=O)N(C)C(=O)N2C,0.62
CC(=O)NC1=NC2=C(C=N1)N=C[N]2COCCO,-0.86
CC1=C(N(C2CCOC2=O)C(=O)CCl)C(=CC=C1)C,-3.29
CN(C)[S](=O)(=O)C1=CC=C(C=C1)N(C)C(C)=O,-2.3
ClC1=CC=CC(=C1Cl)C2=CC=CC=C2Cl,-5.94
CCN(CC)C(=O)COC(=O)C1=CC=CC=C1OC(C)=O,-2.11
CC(C)(C)C(=O)OC[N]1C=C2C(=O)NC=NC2=N1,-2.17
CC1(C)C(C=C(Cl)Cl)C1C(=O)OCC2=C(F)C(=CC(=C2F)F)F,-6.81
CC(C)(C)C(=O)OC[N]1N=CC2=C1N=CNC2=O,-2.68
ClC1=CC(=C(C=C1)C(C[N]2C=CN=C2)OCC=C)Cl,-3.22
O=C(OC1CCCCC1)C2=CC=CC=C2C(=O)OC3CCCCC3,-4.92
ClC1=C(Cl)C(=CC(=C1)OC2=CC=CC=C2)Cl,-6.77
CC(=O)OCCOC[N]1C=NC2=C1N=C(N)NC2=O,-2.7
CN(C(=O)NC(C)(C)C1=CC=CC=C1)C2=CC=CC=C2,-3.35
CC(C)(C)C(O)(CCC1=CC=C(Cl)C=C1)C[N]2C=NC=N2,-3.93
CCC(=O)N(C)C1=CC=C(C=C1)[S](=O)(=O)N(C)C,-2.48
ClC1=CC(=C(OC2=CC=CC=C2)C=C1Cl)Cl,-6.58
CCOC(=O)C(C)C1=CC2=CC=C(OC)C=C2C=C1,-5.33
CC(=O)OC1=CC=CC=C1C(=O)OCC(=O)N2CCOCC2,-1.8
CC(=O)OC1=CC=CC=C1C(=O)OC[S](C)(=O)=O,-3.39
NC1=C(C=CC2=C1C=CC=C2)[S](O)(=O)=O,-2.96
CCCCCCC(C)OC(=O)COC1=NC(=C(Cl)C(=C1Cl)N)F,-6.43
FC1=CC=C(C=C1)N2C(=O)C(=C(Cl)C2=O)Cl,-4.64
FC1=CNC(=O)N(C1=O)C(=O)C2=CC=CC=C2,-2.26
CCCN(CCC)C(=O)COC(=O)C1=CC=CC=C1OC(C)=O,-2.65
CC1=CC(=NC(=N1)NN=C(C)C2=CC=CC=C2C)C,-3.2
CC(=O)OC1=CC=CC=C1C(=O)OCC(=O)NCC(N)=O,-2.52
CCCC(=O)N(C)C1=CC=C(C=C1)[S](=O)(=O)N(C)C,-2.16
CCN(CC)CCCC(C)NC1=CC=NC2=C1C=CC(=C2)Cl,-2.83
CCN(CC)C(=O)C(C)OC(=O)C1=CC=CC=C1OC(C)=O,-1.6
CC(C)N(C(C)C)C(=O)COC(=O)C1=CC=CC=C1OC(C)=O,-3.25
CC(=O)NC1=NC2=C(N=C[N]2COCCO)C(=O)N1,-1.92
CC1=C(NC2=CC=CC=C2C(O)=O)C=CC=C1Cl,-5.06
CCN1C=C(C(=O)OC)C(=O)C2=C1N=C(C)C=C2,-2.7
ClC1=CC=C(C=C1)C2=C(Cl)C(=C(Cl)C=C2)Cl,-6.88
FC1=CN(C(=O)NC1=O)C(=O)OCC2=CC=CC=C2,-2.82
CC1C(SC(=O)N1C(=O)NC2CCCCC2)C3=CC=C(Cl)C=C3,-5.85
FC1=CN(C(=O)NC1=O)C(=O)OC2=CC=CC=C2,-2.44
CCCCC(=O)N(C)C1=CC=C(C=C1)[S](=O)(=O)N(C)C,-2.85
CCN(CC)CC(=O)OC[N]1N=CC2=C1N=CNC2=O,-1.79
FC1=CNC(=O)N(C(=O)OC2=CC=CC=C2)C1=O,-3.22
CCCCC(O)(C[N]1C=NC=N1)C2=C(Cl)C=C(Cl)C=C2,-4.27
NC1=NC2=C(N=C[N]2C3OC(CO)C(O)C3O)C(=O)N1,-2.74
CC(=O)OC1=CC=CC=C1C(=O)OC2=CC=CC=C2,-4.11
CCCCCC(=O)N(C)C1=CC=C(C=C1)[S](=O)(=O)N(C)C,-2.95
CC(=O)NC1=NC2=C(C=N1)N=C[N]2COCCOC(C)=O,-0.73
CC(C)(C)C(O)C(CC1=CC=C(Cl)C=C1)[N]2C=NC=N2,-4.05
CCN(CC)C(=O)NC1=CC(=C(OCC(O)CNC(C)(C)C)C=C1)C(C)=O,-1.9
CC1=C(F)C(=C(COC(=O)C2C(\C=C(Cl)\C(F)(F)F)C2(C)C)C(=C1F)F)F,-7.32
CCOC(=O)CNC(=O)COC(=O)C1=CC=CC=C1OC(C)=O,-1.87
ClC1=CC(=C(OC2=CC=C(Cl)C=C2Cl)C=C1)Cl,-6.82
FC1=CNC(=O)N(COC(=O)OC2=CC=CC=C2)C1=O,-2.45
CCCCOC(=O)C1(O)C2=CC=CC=C2C3=C1C=CC=C3,-3.89
CCCCCCC(=O)N(C)C1=CC=C(C=C1)[S](=O)(=O)N(C)C,-3.68
CCCCCCC(=O)N(C)[S](=O)(=O)C1=CC=C(C=C1)N(C)C,-3.68
OC(=O)C1=C2C=CC=CC2=CC3=CC=CC=C13,-3.42
CCCCCCCC(=O)N(C)C1=CC=C(C=C1)[S](=O)(=O)N(C)C,-3.59
CCOC(=O)CN1C(=O)SC2=CC=CC(=C12)Cl,-3.76
CC(=O)OC[N]1C=C2C(=O)N(COC(C)=O)C=NC2=N1,-1.99
CCOC(=O)CN(C)C(=O)COC(=O)C1=CC=CC=C1OC(C)=O,-2.55
COC1=CC=C2C=C(C=CC2=C1)C(C)C(=O)OCC(N)=O,-3.93
CO[P](=O)(OC)SCN1C(=O)OC2=CC(=CN=C12)Cl,-2.47
OC1=C2OC3C(=O)CCC4(O)C5CC(=C2C34CCN5CC=C)C=C1,-3.39
CC(=O)OC1=CC=CC=C1C(=O)OCN2C(=O)CCC2=O,-2.77
CCOC(=O)NC1=CC(=CC=C1)OC(=O)NC2=CC=CC=C2,-4.52
CC(C(O)=O)C1=CC=C(C=C1)N2CC3=C(C=CC=C3)C2=O,-4.72
CCCCCC(C)OC(=O)COC1=CC=C(Cl)C2=CC=CN=C12,-5.62
CC(=O)NC1=NC2=C(N=C[N]2COCCOC(C)=O)C(=O)N1,-2.14
ClC1=CC=C(Cl)C(=C1)C2=C(Cl)C(=CC=C2Cl)Cl,-7.19
CN(C)[S](=O)(=O)N(SC(F)(Cl)Cl)C1=CC=CC=C1,-5.41
COC(=O)NC(=S)NC1=C(NC(=S)NC(=O)OC)C=CC=C1,-4.11
CNC(=O)C(=N\OC)/C1=C(OC2=CC=CC=C2)C=CC=C1,-3.35
ClC1=CC=C(OC2=C(Cl)C(=C(Cl)C=C2)Cl)C=C1Cl,-7.67
OC(=O)C(=C)CC(=O)C1=CC=C(C=C1)C2=CC=CC=C2Cl,-3.2
CCN(CC)C(=O)CCC(=O)OC[N]1N=CC2=C1N=CNC2=O,-0.99
COC1=CC=C2C=C(C=CC2=C1)C(C)C(=O)OCC(=O)N(C)C,-4.9
CN1CCC(CC1)=C2C3=C(C=CC=C3)C=CC4=C2C=CC=C4,-5.9
CN(C)[S](=O)(=O)N(SC(F)(Cl)Cl)C1=CC=C(C)C=C1,-5.59
CO[P](=O)(OC)OC(=C\Cl)/C1=C(Cl)C=C(Cl)C(=C1)Cl,-4.52
CO/N=C(C(=O)OC)/C1=C(COC2=C(C)C=CC=C2)C=CC=C1,-5.19
CCN1C=C(C(=O)OCOC(C)=O)C(=O)C2=C1N=C(C)C=C2,-2.49
CC1(C)SC2C(NC(=O)COC3=CC=CC=C3)C(=O)N2C1C(O)=O,-3.15
COC1=CC=CC(=N1)N(C)C(=S)OC2=CC(=CC=C2)C(C)(C)C,-6.01
O=C1NC=NC2=C1C=N[N]2COC(=O)C3=CC=CC=C3,-4.05
CCCC(=O)OC[N]1C=C2C(=O)N(COC(=O)CCC)C=NC2=N1,-3.55
ClC1=CC(=C(C=C1)C2=C(Cl)C(=C(Cl)C=C2Cl)Cl)Cl,-7.47
CCN1C=C(C(=O)OCOC(=O)CC)C(=O)C2=C1N=C(C)C=C2,-2.83
CCO[P](=S)(OCC)OC1=CC=C(C=C1)[S](C)(=O)=O,-3.58
CCN(CC)C(=O)COC(=O)C(C)C1=CC2=CC=C(OC)C=C2C=C1,-4.46
COC1=CC=C2C=C(C=CC2=C1)C(C)C(=O)OCC(=O)N(C)CCO,-3.39
CO[P](=S)(OC)SCC(=O)N(C(C)C)C1=CC=C(Cl)C=C1,-4.43
CC(C)(C)C(=O)OC[N]1C=C2C(=O)N(COC(=O)C(C)(C)C)C=NC2=N1,-3.91
ClC1=CC(=C(OC2=CC(=C(Cl)C(=C2)Cl)Cl)C=C1Cl)Cl,-8.72
CCO[P](=S)(OCC)OC1=NC2=C(C=CC=C2)N=C1,-4.13
CC(C)(C)C1=NN(C(=O)O1)C2=C(Cl)C=C(Cl)C(=C2)OCC#C,-5.96
ClC1=CC=C(OC2=C(Cl)C(=C(Cl)C(=C2)Cl)Cl)C=C1Cl,-8.78
ClC1=CC(=C(OC2=CC(=C(Cl)C=C2Cl)Cl)C=C1Cl)Cl,-8.36
CC(=O)NC1=CC=C(OC(=O)C2=CC=CC=C2OC(C)=O)C=C1,-4.19
CC(C)(C)C(=O)OCN1C=NC2=C(C=N[N]2COC(=O)C(C)(C)C)C1=O,-4.26
ClC1=C(Cl)C(=C(OC2=CC(=C(Cl)C=C2Cl)Cl)C=C1)Cl,-8.31
COC(=O)[N]1C2=C(C=CC=C2)N=C1C3=CSC=N3,-3.11
ClC1=C(Cl)C(=C(OC2=CC=C(Cl)C(=C2Cl)Cl)C=C1)Cl,-8.14
CCCC(=O)OCOC(=O)C1=CN(CC)C2=C(C=CC(=N2)C)C1=O,-2.95
ClC1=CC=C(OC2=C(Cl)C(=C(Cl)C(=C2)Cl)Cl)C(=C1)Cl,-8.44
ClC1=CC(=C(OC2=C(Cl)C=C(Cl)C(=C2)Cl)C(=C1)Cl)Cl,-8.04
CN(C)C(=O)NC1=CC(=C(C=C1)N2N=C(OC2=O)C(C)(C)C)Cl,-4.33
CCN1C=C(C(=O)OCOC(=O)C(C)C)C(=O)C2=C1N=C(C)C=C2,-3.02
ClC1=CC(=C(OC2=C(Cl)C(=C(Cl)C=C2)Cl)C(=C1)Cl)Cl,-8.1
FC(F)(F)OC1=CC=C(NC(=O)NC(=O)C2=CC=CC=C2Cl)C=C1,-7.16
ClC1=CC=C(OC2=C(Cl)C(=C(Cl)C(=C2Cl)Cl)Cl)C=C1,-8.94
CC(OC1=CC=C(OC2=NC=C(Cl)C=C2F)C=C1)C(=O)OCC#C,-5.15
COC1=C(CN(C(=O)CCl)C2=C(C)C=CC=C2C)SC=C1,-4.47
CN1C(=O)C(O)N=C(C2=CC=CC=C2)C3=C1C=CC(=C3)Cl,-2.7
CCOC(=O)C1=C(C)NC(=C(C1C2=CC=CC(=C2Cl)Cl)C(=O)OC)C,-6.56
CCC1=CC=C(C=C1)C(=O)NN(C(=O)C2=CC(=CC(=C2)C)C)C(C)(C)C,-5.63
CN1CCN(CC1)C2=NC3=C(NC4=C2C=CC=C4)C=CC(=C3)Cl,-4.64
CCOC(=O)[N]1C2=C(C=CC=C2)N=C1C3=CSC=N3,-2.92
COC(=O)C1=C(CC(C)C)C(=C(N=C1C(F)F)C(F)(F)F)C2=NCCS2,-5.2
CCO[P](=S)(OC1=CC=C(C=C1)C#N)C2=CC=CC=C2,-5.7
COC1=CC=C2C=C(C=CC2=C1)C(C)C(=O)OCC(=O)N(CCO)CCO,-2.96
ClC1=CC2=C(C=C1)N(CC3CC3)C(=O)CN=C2C4=CC=CC=C4,-4.91
COC(=O)C(C)N(C(=O)C1=CC=CC=C1)C2=CC=C(F)C(=C2)Cl,-3.98
CCN(CC)C(=O)COC(=O)C1=CN(CC)C2=C(C=CC(=N2)C)C1=O,-1.43
CN(C(=O)COC1=NC2=C(S1)C=CC=C2)C3=CC=CC=C3,-4.87
COC1=CC=C2C=C(C=CC2=C1)C(C)C(=O)OCC(=O)N(C)CC(N)=O,-3.78
CCCOC(=O)[N]1C2=C(C=CC=C2)N=C1C3=CSC=N3,-3.52
OC1=C(C2CCCC3=CC=CC=C23)C(=O)OC4=CC=CC=C14,-4.86
ClC1=CC2=C(OC3=C(O2)C(=CC(=C3)Cl)Cl)C(=C1)Cl,-9.0
ClC1=C(Cl)C=C(OC2=C(Cl)C(=C(Cl)C(=C2)Cl)Cl)C(=C1)Cl,-9.5
ClC1=CC=C(OC2=C(Cl)C(=C(Cl)C(=C2Cl)Cl)Cl)C=C1Cl,-9.46
ClC1=C(Cl)C=C(OC2=C(Cl)C(=CC(=C2Cl)Cl)Cl)C(=C1)Cl,-9.05
ClC1=CC=C(OC2=C(Cl)C(=CC(=C2Cl)Cl)Cl)C(=C1Cl)Cl,-9.09
ClC1=CC=C(Cl)C(=C1Cl)OC2=C(Cl)C(=C(Cl)C(=C2)Cl)Cl,-8.89
CC(C)COC(=O)[N]1C2=C(C=CC=C2)N=C1C3=CSC=N3,-4.17
ClC1=CC=C(C=C1)[S](=O)(=O)C2=C(Cl)C=C(Cl)C(=C2)Cl,-6.66
CC(C)OC(=O)C(C)N(C(=O)C1=CC=CC=C1)C2=CC=C(F)C(=C2)Cl,-4.31
CCO[P](=S)(OCC)SCN1N=NC2=CC=CC=C2C1=O,-4.52
CC(C)(C)C(O)C(OC1=CC=C(C=C1)C2=CC=CC=C2)[N]3C=NC=N3,-4.83
OC(C1=CC=CC=C1)C2=C(NC(=O)C3=CC=NC=C3)C=CC(=C2)Cl,-5.53
CCO[P](=S)(OCC)OC1=NN(C(=O)C=C1)C2=CC=CC=C2,-3.53
CO[P](=O)(OC1=C(Cl)C=C(Br)C(=C1)Cl)C2=CC=CC=C2,-4.99
ClC1=C(Cl)C=C(OC2=C(Cl)C(=C(Cl)C(=C2Cl)Cl)Cl)C(=C1)Cl,-10.1
ClC1=C(Cl)C(=C(OC2=C(Cl)C(=C(Cl)C(=C2Cl)Cl)Cl)C=C1)Cl,-10.6
ClC1=C(Cl)C(=C(Cl)C(=C1)Cl)OC2=C(Cl)C(=C(Cl)C(=C2)Cl)Cl,-10.1
CO\N=C(C)/C1=CC=CC(=C1C(=O)OC)OC2=NC(=CC(=N2)OC)OC,-3.31
COC1=CC2=C([NH]C(=N2)[S](=O)CC3=C(C)C(=C(C)C=N3)OC)C=C1,-4.28
CCOC(=O)C(C)OC1=CC=C(OC2=NC3=C(C=C(Cl)C=C3)N=C2)C=C1,-5.97
[NH]1C2=C(C=CC3=C2C=CC=C3)C4=C1C5=C(C=CC=C5)C=C4,-7.41
NC1=NC2=C(N=C[N]2COCCOC(=O)C3=CC=C(CN4CCOCC4)C=C3)C(=O)N1,-2.75
FC(F)C(F)(F)OC1=C(Cl)C=C(NC(=O)NC(=O)C2=C(F)C=CC=C2F)C=C1Cl,-5.82
CC1COC(C[N]2C=NC=N2)(O1)C3=C(Cl)C=C(OC4=CC=C(Cl)C=C4)C=C3,-4.91
O=C1C2=C(SC(=C(S2)C#N)C#N)C(=O)C3=C1C=CC=C3,-6.33
C[N]1N=C(C)C(=C1OCC(=O)C2=CC=CC=C2)C(=O)C3=CC=C(Cl)C=C3Cl,-2.65
CCOC(=O)C1=C([N](C)N=C1)[S](=O)(=O)NC(=O)NC2=NC(=CC(=N2)OC)OC,-4.46
FC1=CC2=C(C=C1)N=C([N]3C=NC=N3)N(C2=O)C4=C(Cl)C=C(Cl)C=C4,-5.58
CC(C)N=C1C=C2N(C3=CC=C(Cl)C=C3)C4=C(C=CC=C4)N=C2C=C1NC5=CC=C(Cl)C=C5,-6.24
CC(=O)OC1C(=O)C2(C)C(O)CC3OCC3(OC(C)=O)C2C(OC(=O)C4=CC=CC=C4)C5(O)CC(OC(=O)C(O)C(NC(=O)C6=CC=CC=C6)C7=CC=CC=C7)C(=C1C5(C)C)C,-6.33
CC(=C)C(C)=C,-2.4
C1CCCNCC1,-0.49
CCC(C)(O)C#C,0.0
CC(C)(C)C(C)(C)C,-4.87
NC(CO)(CO)CO,0.66
OCC(CO)(CO)CO,-0.28
NC(=O)CC#N,0.19
CCC(C)(N)C(O)=O,0.38
CC1(C)C2CCC(C2)C1=C,-4.47
CCC(CO)NCCNC(CC)CO,0.57
I\C=C\I,-3.22
CC(\C=N\O)=N/O,-0.35
FC(F)(Cl)C(Cl)(Cl)Cl,-3.31
CCCC(N)C(O)=O,-0.11
CCCCCCCCCCCCCCCCCC,-7.63
CCCCCCCCCCCCCCCCCO,-7.51
CCCCCCCCCCCCCCCCCCO,-8.39
C\C(Br)=C\C(O)=O,-0.6
CCCCCCCCCCCCCCCCCCCC,-8.17
CC(C(O)=O)C(O)=O,0.76
CCC(Br)(CC)C(N)=O,-1.44
CC(=N\O)\C(C)=N\O,-2.16
NC(=O)NCC(O)=O,-0.59
CCCCCCCCCCCCC(O)=O,-3.81
CCC(C(O)=O)C(O)=O,0.73
CC(CC(O)=O)C(O)=O,0.48
C\C(I)=C\C(O)=O,-1.16
NCC(=O)NCC(O)=O,0.1
CC(CCC(O)=O)CC(O)=O,0.09
CC1(C)CC(=O)CC(=O)C1,-1.53
CCCC(C(O)=O)C(O)=O,0.68
OC(=O)CCCCCCCCCCBr,-3.7
IC(I)I,-3.6
OC1CC(=CC(O)C1O)C(O)=O,0.01
CC12C3CCC(O3)C1(C)C(=O)OC2=O,-3.82
CCCCC(C(O)=O)C(O)=O,0.44
CCCCCCCCCCCCCCCCC(O)=O,-4.69
OC(=O)CC(Cl)C(O)=O,0.07
OC(=O)\C=C\C=C\C(O)=O,-2.85
OC(C(O)=O)C(Cl)(Cl)Cl,0.36
NCC[S](O)(=O)=O,-0.19
OC(=O)CCCCCCCCC(O)=O,-2.31
CC(=O)OC1CC2CCC1(C)C2(C)C,-3.93
NC(CCCC(O)=O)C(O)=O,-1.87
O=C1NC=NC=C1,0.59
O=C1NC=CC=N1,0.68
O=C1CCCCCCCCCCCCCCO1,-5.34
ClC1=C(Cl)C(=O)C(=C(Cl)C1=O)Cl,-2.99
NC1CONC1=O,-0.01
OC(=O)CCCCCCCCCCC(O)=O,-3.76
OC(=O)/C(S)=C/C1CCCCC1,-2.67
OC(=O)C1CCC(=CC1)C(O)=O,-2.93
OC(=O)CCCCCCCCCCCC(O)=O,-3.79
CC1=CC=CC=C1CO,-1.09
CCO[P](=O)(OCC)N=C1SCCS1,-2.59
OC(=O)C1CCCCC1C(O)=O,-1.94
NC1=NC(=CC=C1)N,-0.08
NC1=CC=CN=C1N,-1.75
OC1=CC(=O)NC=C1,-1.25
OC1=CC(=NC=N1)O,-1.65
CCCCCCCCCCCCCCCCCC(=O)OC=C,-6.15
CCCCCCCCCCCCCCCCCCCCCCCCCCCCCCCCCCCC,-8.48
ClCC[S](=O)(=O)CCCl,-1.5
CC1=CC(=C(N)C=C1C)C,-1.95
CC1=CC=C(O1)C(O)=O,-0.82
CC1=CNC(=O)N=C1N,-1.44
CCC(CC=C)(C(=O)NC(N)=O)C(=O)OC,-1.92
NC1=NC(=O)NC=C1F,-0.94
OC(=O)/C=C/C1=CC=CO1,-1.84
OCC(O)C(O)C(O)C(=O)CO,0.32
CNC(=O)O\N=C(CSC)/C(C)(C)C,-1.62
NC1=CNC(=O)NC1=O,-2.41
CN(C)C(CSC(N)=O)CSC(N)=O,-0.07
O=CC(=O)C1=CC=CC=C1,-0.74
O=CC1=CC=C(C=O)C=C1,-2.83
OC(=O)C1=CC=C(Cl)O1,-1.69
NC1=NC(=NC(=O)N1)N,-3.23
O=CC1=CC=CC=C1C=O,-1.34
CCCCNC(=O)OCC(C)(CCC)COC(N)=O,-2.74
OC(=O)CCCC1=CC=CC=C1,-1.78
O=C1NC(=O)C2(CCCCCC2)C(=O)N1,-2.98
NCCC1=CC(=C(O)C=C1)O,0.12
CCC(C)(C)C1=CC=C(O)C=C1,-2.99
CCCC1(CC)C(=O)NC(=S)NC1=O,-2.8
CC12CCC3C(CCC4CC(=O)CCC34C)C1CC=C2,-6.07
CCCCC1(CC=C)C(=O)NC(=O)NC1=O,-2.17
CC1=C(C)C=C(C=C1)C(O)=O,-3.16
CC1=CC(=C(C=C1)C(O)=O)C,-2.97
CC1=CC(=C(C)C=C1)C(O)=O,-2.92
CNC(=O)C1=CC=C(N)C=C1,-1.24
OC1=CC=C(C=C1)N=C=S,-2.67
CCCCC1(CC)C(=O)NC(=S)NC1=O,-3.14
OC1=CC=CC(=C1)N=C=S,-1.99
CC1=C(OCC(O)CO)C=CC=C1,-1.19
CC12CCC3C(CCC4=CC(=O)CCC34)C1CCC2O,-3.02
CC1C(=O)NC(=O)NC1=O,-1.13
CC1NC(=O)C(C)NC1=O,-0.75
CC(C)C1=C(Br)C=CC=C1,-4.19
OC(=O)C(=O)C1=CC=CC=C1,-0.37
OC(=O)C1=CC(=CC=C1)C#N,-2.63
CC(C)C1=CC=C(C=C1)C(O)=O,-3.04
CNC(=O)NC(=O)C(C)(C(=O)OC)C1=CCCCC1,-2.68
CCCCCC1(CC)C(=O)NC(=S)NC1=O,-3.71
OCNC(=S)C1=CC=CC=C1,-1.14
CCCCCC1=C(O)C=C(O)C=C1,-1.96
OC(=O)CCCNC(=O)N[C]12C[CH]3[CH2]C([CH2][CH](C3)C1)C2,-1.6
CC1=CC=CC(=C1O)C(O)=O,-2.04
CC1=CC=CC(=C1C(O)=O)O,-2.04
CCCCN(CCN(CCCC)C(=O)N1CCOCC1)C(=O)N2CCOCC2,0.1
CNC(=O)C(C)SCCS[P](=O)(OC)OC,0.54
OC(=O)C1=C(Br)C=CO1,-1.17
CN(C)C1=C(C)N=C(Cl)N=C1,-1.26
CCCCCCC1(CC)C(=O)NC(=S)NC1=O,-4.08
O=C1NC(=O)C2(CCCCCCCCC2)C(=O)N1,-4.59
CC12CCC3C(CC=C4CC(CCC34C)OC=O)C1CCC2=O,-4.41
OC(=O)C1=CC=C(O)C=C1O,-1.41
CC(C)CC1NC(=O)CNC1=O,-1.25
O[S](=O)(=O)C1=NC=C[NH]1,-0.3
OC(=O)/C=C/C=C/C1=CC=CC=C1,-3.64
CC12CCC(=O)CC1CCC3C4CCC(OC=O)C4(C)CCC23,-5.32
CCOC1=CC=C(C=C1)N=C=S,-4.26
CNC(=O)NC(=O)C(C)(C(=O)OCOC)C1=CCCCC1,-2.42
COC1=CC=C(C=C1)C(=O)NCO,-1.22
COC(=O)C1=CC=C(C=C1)N(C)C,-3.3
OC(=O)/C=C(Cl)/C1=CC=CC=C1,-2.77
COC1=CC=CC(=C1)C(=O)NCO,-1.29
CC1=C(CCC(O)=O)C(=O)NC1=O,-0.67
OC1=C(Br)C=C(C=O)C=C1,-2.18
CCCCCCC1=CC=C(C=C1)C(O)=O,-3.65
CCOC1=C(OC)C=C(C=O)C=C1,-2.19
CC1=NC2=C([NH]1)C=NC=N2,-0.41
BrC1=CC=C(C=C1)N=C=S,-4.27
CN1C(=O)C23CC4=CC=CC(O)C4N2C(=O)C1(CO)SS3,-3.67
CC1=NC=NC2=C1N=C[NH]2,0.17
OC(=O)C1=CN=C(C=C1)C(O)=O,-2.13
CC12CCC3C(CCC4=CC(=O)CCC34C)C1CCC2OC=O,-4.93
CC(=O)C1=CC=C(C=C1)N=C=S,-4.02
NC1=NC2=C(C=N1)N=C[NH]2,-1.21
NC1=NC2=C([NH]1)N=CN=C2,-2.43
OC(=O)/C(S)=C/C1=CC=CC=C1,-2.96
OC(=O)C(S)CC1=CC=CC=C1,-1.56
OC(=O)C1=CC(=CN=C1)C(O)=O,-2.22
OC(=O)C1=CC(=NC=C1)C(O)=O,-1.83
O=C1NC2=C(C=N1)N=C[NH]2,-1.72
O=C1NC2=C(N1)N=CN=C2,-1.52
OC(=O)CCCOC1=CC=C(Cl)C=C1,-3.29
OC(=O)C1=CC=CN=C1C(O)=O,-1.48
O=C(NCN1CCCCC1)C2=CC=CC=C2,-2.15
CC(=O)OC1=CC=C(C=C1)C(C)=O,-1.52
CNC1=NC(=NC(=N1)Cl)NC(C)C,-2.89
COC1=CC(=C(OC)C=C1Cl)Cl,-4.41
CC(=O)OC1=CC=C(C=C1)C(N)=O,-1.64
CC(=O)N1C=C(F)C(=O)NC1=O,-0.6
CC(CCC(O)=O)C1CCC2C3CCC4CC(O)CCC4(C)C3CCC12C,-7.34
CC(=O)N1C(=O)NC=C(F)C1=O,-0.6
CC(CCC(O)=O)C1CCC2C3C(O)CC4CCCCC4(C)C3CCC12C,-6.46
NC(=S)C1=C(Cl)C=CC=C1Cl,-2.34
CC(=O)OC(OC(C)=O)C(OC(C)=O)OC(C)=O,-4.52
S=C=NC1=CC=CC(=C1)N=C=S,-4.7
OC1=CC=CC(=C1)NN=C(C#N)C#N,-2.95
COC1=NC2=C([NH]C=N2)C=N1,-1.48
CCC1=CC(=CC(=C1)OC(=O)NC)CC,-3.32
NC(CSSCC(N)C(O)=O)C(O)=O,-3.6
CCOC(=O)C1=CC(=C(O)C=C1)OC,-1.72
CC(=O)NC1=CC=CC(=C1)N=C=S,-3.53
COC1=NC=NC2=C1[NH]C=N2,-1.53
CC(OC1=CC=CC=C1Cl)C(O)=O,-2.22
OCC1=NC2=C([NH]1)C=NC=N2,-1.52
COC(=O)C1=CC=C(NC(C)=O)C=C1,-1.9
CC1=NC2=C(C=NC=N2)N=C1,-0.01
CC(CCC(O)=O)C1CCC2C3CC(O)C4CC(O)CCC4(C)C3CCC12C,-4.89
CC(C)NC1=NC(=NC(=O)N1)NC(C)C,-2.81
ClC1=CC=C(NN=C(C#N)C#N)C=C1,-4.36
NC1=CC=CC(=C1)[S](O)(=O)=O,-1.48
CC(=O)OC1CCC2C3CCC4CC(=O)CCC4(C)C3CCC12C,-5.35
OC(=O)CC(C(CC(O)=O)C(O)=O)C(O)=O,-0.18
OC(=O)C1=CC=C(O)C(=C1)C(O)=O,-1.78
COC(=O)C1=CC=C(OC(C)=O)C=C1,-2.5
CCC(=O)OC1CCC2(C)C3CCC4(C)C(CCC4=O)C3CC=C2C1,-4.69
NC1=NC2=C(C=NC=N2)N=C1,-2.31
NC1=NC2=C(N=CN=C2)N=C1,-2.34
NC1=NC2=C(C=N1)N=CC=N2,-2.3
CCCC(=O)NNC(=O)C1=CC=NC=C1,-0.32
CC(=O)OC1=CC=C(NC(N)=O)C=C1,-2.49
OC(=O)C1=C(O)C(=CC=C1)C(O)=O,-2.11
CCCC(C)(C)C(=O)NC1=CC=C(Cl)C=C1,-4.02
NC1=NC2=C(N=C[NH]2)C(=N1)N,-1.8
CCNC1=NC(=NC(=O)N1)N(CC)CC,-3.64
IC1=CC=CC(=C1)N=C=S,-4.68
NC1=NC=NC2=C1N=CC=N2,-2.31
O=C1NC2=C(C=NC=N2)N=C1,-2.12
O=C1NC2=C(N=CN=C2)N=C1,-2.71
CC(OC(=O)NC1=CC(=CC=C1)Cl)C#C,-2.62
O=C1NC2=C(C=N1)N=CC=N2,-2.0
OC(=O)C1=CC=CC(=C1C(O)=O)O,-2.11
CCOC(=O)C1=CC=C(C=C1)N=C=S,-4.05
CCCNC1=NC(=NC(=N1)Cl)NC(C)C,-3.74
NC1=NC(=O)NC2=C1N=C[NH]2,-3.38
O=C1NC2=C(N1)C=NC(=O)N2,-3.6
O=C1NC=NC2=C1N=CC=N2,-1.47
CC(C#C)N(C(=O)CCl)C1=CC=CC=C1,-2.65
OC(=O)C1=C(Cl)C=C(Cl)C(=C1)Cl,-2.45
C1=CC=C(N=C1)C2=CN=CC=C2,-0.59
OC(=O)COC1=CC(=CC(=C1)Cl)Cl,-2.36
O=C1NC2=C(N1)C(=O)NC=N2,-2.96
CN(C)C(=O)CCCOC(=O)C1=CC=CC=C1,-1.23
CC(=O)OC(C(O)=O)C1=CC=CC=C1,-1.23
OC(=O)COC1=C(Cl)C=CC(=C1)Cl,-2.62
OC(=O)COC1=C(Cl)C(=CC=C1)Cl,-2.81
OC(=O)C1=CC(=O)C=C(O1)C(O)=O,-1.11
OC(=O)COC1=C(Cl)C=CC=C1Cl,-2.15
CN(C)C1=NC=NC2=C1N=C[NH]2,-1.3
CCCCC(=O)NNC(=O)C1=CC=NC=C1,-1.01
CCNC(=O)CS[P](=S)(OC)OC,-1.46
CCCC(=O)N1C(=O)NC=C(F)C1=O,-1.28
CCC(=O)OC1=CC=C(NC(C)=O)C=C1,-2.72
CC1=CC=C(C=C1)[S](=O)(=O)NN,-1.48
CCC(=O)NC1=NC(=C(Cl)S1)C,-3.06
ClC1=NC2=C(C=NC=N2)N=C1,-0.88
ClC1=NC2=C(C=N1)N=CC=N2,-0.71
CCCC(=O)OC1CCC2C3CCC4=CC(=O)CCC4C3CCC12C,-5.91
CCCCC(=O)OC1CCC2(C)C3CCC4(C)C(CCC4=O)C3CC=C2C1,-4.76
CNC(=S)N(C)C1=C(C)C=C(Cl)C=C1,-3.66
CNC1=NC2=C(C=N1)N=CC=N2,-1.71
COC(=O)OC1=CC=C(NC(C)=O)C=C1,-1.69
CC1=C(C=C(N)C=C1)[S](O)(=O)=O,-1.62
CCCOC(=O)C1=CC=C(NC(C)=O)C=C1,-3.29
CCC(=O)OCN1C(=O)NC=C(F)C1=O,-0.77
COC1=NC2=C(C=NC=N2)N=C1,-0.91
CC1=CC(=C(N)C=C1)[S](O)(=O)=O,-1.57
CCCCCC(=O)NNC(=O)C1=CC=NC=C1,-1.24
CNC(=O)OC1=CC(=C(N(C)C)C(=C1)C)C,-3.35
COC(=O)C(N)CC1=CC(=C(O)C=C1)O,0.48
CC1=NC2=C(N=CN=C2)N=C1C,-0.46
S=C1NC2=C(C=NC=N2)N=C1,-2.71
CCCNC(=O)N1C=C(F)C(=O)NC1=O,-1.83
CCCCC(=O)N1C(=O)NC=C(F)C1=O,-2.3
OCC1OC(C(O)C1O)N2C=CC(=O)CC2=O,-0.77
CCCC(=O)OC1=CC=C(NC(C)=O)C=C1,-2.83
CN1C(=O)C=NC2=C1N=CN=C2,-0.92
CC(=O)OC1(C)CCC2C3CCC4=CC(=O)CCC4(C)C3CCC12C,-5.28
CN1C=NC2=C(N=CC=N2)C1=O,-1.07
OCC1OC(OCC2OC(OC3(CO)OC(CO)C(O)C3O)C(O)C(O)C2O)C(O)C(O)C1O,0.3
NC1=NC2=C(N=C[NH]2)C(=S)N1,-3.31
CCOC(=O)OCOC1=CC=C(NC(C)=O)C=C1,-2.43
CC(C)(C)C(=O)OC1(CCC2C3CCC4=CC(=O)CCC4C3CCC12C)C#C,-7.16
NNC1=NC=NC2=NC=CN=C12,-1.86
CC(C)(C)C(=O)OC1=C(C=CC=C1)C(O)=O,-3.01
CCCCCCC(=O)NNC(=O)C1=CC=NC=C1,-2.1
ClC1=C(Cl)C2(Cl)C3CO[S](=O)(=O)OCC3C1(Cl)C2(Cl)Cl,-5.95
NC1=NC2=C([NH]1)N=C(N)N=C2N,-1.52
CC1=NC2=C(N=C1)C(=O)NC=N2,-1.56
CCCCOC(=O)C1=CC=C(NC(C)=O)C=C1,-3.46
CCOC(=O)OC1=CC=C(NC(C)=O)C=C1,-2.35
CC1=NC2=C(N=CNC2=O)N=C1,-1.65
NC1=NC2=C(N=CC=N2)C(=N1)N,-2.69
CCCC(=O)OC1CCC2C3CCC4=CC(=O)CCC4(C)C3CCC12C,-5.93
CCCC(=O)OCN1C(=O)NC=C(F)C1=O,-1.13
CC(=O)C1=CC=C(NN=C(C#N)C#N)C=C1,-2.71
NC1=NC(=O)NC2=C1N=CC=N2,-3.36
CC(C)N1C(=O)NC(=C(Br)C1=O)C,-2.06
NC1=NC(=O)C2=C(N1)N=CC=N2,-3.97
CC(=O)NC(=O)COC(=O)C1=CC=CC=C1,-2.4
O=C1NC2=C(NC1=O)N=CN=C2,-2.69
CC(=O)OC1=CC=C(C=C1)\C=N\NC(N)=O,-2.84
O=C1NC2=C(N=C1)C(=O)NC=N2,-2.82
CN(C)C1=NC2=C(C=NC=N2)N=C1,-0.09
CN(C)C1=NC2=C(C=N1)N=CC=N2,0.36
O=C1NC2=C(N=CNC2=O)N=C1,-2.96
O=C1NC(=O)C2=C(N1)N=CC=N2,-2.12
OCC1=C(Cl)C(=C(Cl)C(=C1Cl)Cl)Cl,-5.15
CCCCCCCC(=O)NNC(=O)C1=CC=NC=C1,-2.91
CCCCC(=O)OC1CCC2C3CCC4=CC(=O)CCC4(C)C3CCC12C,-6.19
CN(C)C1=NC=NC2=C1N=CC=N2,-1.03
O=C(COC(=O)C1=CC=CC=C1)N2CCCCC2,-2.5
CCCOC(=O)OC1=CC=C(NC(C)=O)C=C1,-2.57
CCCCC(=O)OCN1C(=O)NC=C(F)C1=O,-1.66
CSC1=NC(=NC(=N1)N=[N]#N)NC(C)C,-3.48
CSC1=NC2=C(C=NC=N2)N=C1,-1.55
OC(=O)COC1=CC(=C(Cl)C(=C1)Cl)Cl,-2.94
CCCCCC(=O)OC1=CC=C(NC(C)=O)C=C1,-4.14
CCCCCCCCC(=O)NNC(=O)C1=CC=NC=C1,-3.52
CCC(CC)C(=O)OC1=C(C=CC=C1)C(O)=O,-1.84
OC(=O)COC1=C(Cl)C(=CC(=C1)Cl)Cl,-3.0
OC(=O)COC1=C(Cl)C=C(Cl)C=C1Cl,-3.01
CNC(=O)OC1=C(OC(CCl)OC)C=CC=C1,-2.3
C=CCOC1=NC(=NC(=N1)OCC=C)OCC=C,-1.62
O=C(COC(=O)C1=CC=CC=C1)NC2CCCCC2,-3.9
CC(=O)NC1=CC=C(C=C1)\C=N\NC(N)=S,-3.43
OC(=O)COC1=C(Cl)C(=CC=C1Cl)Cl,-2.62
CC1=NC2=C(C=N1)N=C(C)C(=N2)C,-1.15
OC(=O)C1=CC(=CC(=C1)C(O)=O)C(O)=O,-0.9
CC12CCC3C(=CCC4=C3C=CC(=C4)O)C1CCC2O,-4.4
O=C(C1=CC=CC=C1)C2=NC=CC=C2,-2.02
CCCCCC(=O)OCN1C(=O)NC=C(F)C1=O,-2.11
OC(=O)CCCOC1=CC(=C(Cl)C=C1Cl)Cl,-3.83
CN(C(C)=O)C(=O)COC(=O)C1=CC=CC=C1,-2.87
CCCC(=N\OCC)/C1=C(O)CC(CC1=O)C2CCCSC2,-3.58
CCCCOC(=O)OC1=CC=C(NC(C)=O)C=C1,-3.37
CC(=O)OC1=CC2=C(C=CC=C2)C=C1,-3.44
CCCCCCCCC(=O)OC1CCC2C3CCC4=CC(=O)CCC4C3CCC12C,-5.72
CCN(CC)C(=O)C(C)OC(=O)C1=CC=CC=C1,-2.28
CCC1(CCC(=O)N(CO)C1=O)C2=CC=CC=C2,-1.66
O=C(COC(=O)C1=CC=CC=C1)N2CCCCCC2,-2.54
CCCCCCCCCC(=O)NNC(=O)C1=CC=NC=C1,-4.17
CC1=CC=C(OC2=CC=C(C)C=C2)C=C1,-4.85
COCCOC(=O)OC1=CC=C(NC(C)=O)C=C1,-1.69
OCN1C(=O)OC2=CC=C(Cl)C=C12,-2.7
CC(=O)[N]1N=CC2=C1N=CNC2=O,-2.38
ClC1=CC(=CC(=C1)C2(CO2)CC(Cl)(Cl)Cl)Cl,-5.25
CCN(CC)C(=O)CSC1=CC=C(Cl)N=N1,-1.72
CC1=NC2=C(N=C1C)C(=O)NC=N2,-2.29
CC12CCC(=O)C=C1C=CC3C2CCC4(C)C3CCC4(O)CCC(O)=O,-5.17
CC(=O)OC1=CC2=C(NC(=O)C2)C=C1,-1.54
CCC1=NC2=C(N=CN=C2)N=C1CC,-0.18
OC1=CC=C(C=C1)N=NC2=CC=CC=C2,-3.34
NC(=N)NC(=O)C1=NC(=C(N)N=C1N)Cl,-2.87
COC1=C(OC)C(=C(Cl)C(=C1Cl)Cl)Cl,-5.24
CC1=NC2=C(NC1=O)N=CNC2=O,-2.2
CCNC1=NC(=NC(=N1)NCC(=O)OCC)Cl,-2.94
CCN(CC)CCOC(=O)C1=CC=C(NC(C)=O)C=C1,-1.65
ClCC(=O)C1=CC=C(NN=C(C#N)C#N)C=C1,-3.19
CCCCCOC(=O)C(N)CC1=CC(=C(O)C=C1)O,-0.99
CCC(CC)(C(=O)NC(N)=O)C(=O)OCC1=CC=CC=C1,-3.66
CCCCCCCC(=O)OC1=CC=C(NC(C)=O)C=C1,-4.44
CN(C1CCCCC1)C(=O)COC(=O)C2=CC=CC=C2,-3.29
NC1=NC(=O)C2=C(N1)N=CC(=O)N2,-3.86
O=C1NC(=O)C2=C(N1)NC(=O)C=N2,-3.34
CCC1CCCCN1C(=O)COC(=O)C2=CC=CC=C2,-2.72
CCCCCCCC(=O)OCN1C(=O)NC=C(F)C1=O,-3.29
O=C1NC=NC2=C1NC(=O)C(=O)N2,-3.69
CCC(C(=O)NC(N)=O)(C(=O)OC)C1=CC=CC=C1,-2.75
CCO[P](=S)(OCC)SCC(=O)NC(C)C,-2.06
COCC(C)OC(=O)OC1=CC=C(NC(C)=O)C=C1,-2.48
CCCCCCOC(=O)OC1=CC=C(NC(C)=O)C=C1,-4.32
OCN1C=NC2=C(C=N[N]2CO)C1=O,-1.72
CCC(=O)[N]1N=CC2=C1N=CNC2=O,-2.81
CC(C)CN(CC(C)C)C(=O)COC(=O)C1=CC=CC=C1,-3.56
CCCCCCC(=O)OC1(CCC2C3CCC4=CC(=O)CCC4C3CCC12C)C#C,-6.89
CC(=O)C1=CC=C(OC2OC(CO)C(O)C(O)C2O)C=C1,-1.17
C[N]1C=NC2=C1C(=NC(=O)N2)NCCO,0.08
CNC(=O)N(C)C1=NN=C(S1)C(C)(C)CCl,-2.47
CCOC(=O)CNC1=NC(=NC(=N1)NC(C)C)Cl,-2.56
ClC1=CC2=C(C=C1)C=C(Cl)C(=C2)Cl,-7.14
CC(O)CN(CC(C)O)C(=O)COC(=O)C1=CC=CC=C1,-1.18
CCCCCCCCCC(=O)OC1=CC=C(NC(C)=O)C=C1,-4.53
CCC1(C(=O)NC(=S)NC1=O)C2=CC=CC=C2,-3.58
CNC(=O)OC1=C(C=C(C)C=C1C(C)(C)C)C(C)(C)C,-4.6
S=C=NC1=CC=C(C=C1)C2=CC=CC=C2,-4.85
NC1=CC(=C(C=C1)C(O)=O)[S](O)(=O)=O,-1.86
NC(CC1=CC(=C(O)C=C1)O)C(=O)OC2CCCCC2,-1.27
OC(=O)COC1=C(Cl)C(=C(Cl)C=C1Cl)Cl,-3.41
CCCC(=O)[N]1N=CC2=C1N=CNC2=O,-3.27
CCC1=NC2=C(N=C(N)N=C2)N=C1CC,-3.04
OC(=O)CC1=CC=C(C=C1)C2=CC=CC=C2,-3.73
CCC1=NC2=C(N=C1CC)C(=NC=N2)N,-2.93
CCN(CC)[S](=O)(=O)C1=CC=C(N)C=C1,-2.63
CC[N]1C=NC2=C1C(=O)N(C)C(=O)N2C,-0.76
CCN1C(=O)N(C)C2=C([N](C)C=N2)C1=O,-0.72
CC(=O)OC1=CC=C(C=C1)C2=CC=CC=C2,-4.4
OC1=CC(=C(C=C1)N=NC2=CC=CC=C2)O,-3.03
CC(C)(C)NC(=O)C1CCC2C3CC=C4C=C(CCC4(C)C3CCC12C)C(O)=O,-8.76
CC1(C)SC2C(N=CN3CCCCCC3)C(=O)N2C1C(O)=O,-4.5
CCC1=NC2=C(N=C1CC)C(=O)NC=N2,-1.91
OCC1OC(CC1O)N2C=C(C(=O)NC2=O)C(F)(F)F,-0.71
CN1C(=O)N(C)C2=C([N](CO)C=N2)C1=O,-0.41
CC1=CC=CC=C1N=NC2=CC=C(N)C(=C2)C,-4.51
NC1=NC(=O)C2=C(N1)NC(=O)C(=O)N2,-5.17
CCC1(C(=O)NC(=O)N(CO)C1=O)C2=CC=CC=C2,-1.6
CC(=O)OCSC1=NC=NC2=C1N=C[NH]2,-2.15
O=C1NC(=O)C2=C(N1)NC(=O)C(=O)N2,-4.06
CC(=O)OC(C1=CC=C(Cl)C(=C1)Cl)C(Cl)(Cl)Cl,-3.83
CC(C)C1(C)N=C(NC1=O)C2=NC=CC=C2C(O)=O,-1.36
CC12CC(=O)C3C(CCC4=CC(=O)C=CC34C)C1CCC2(O)C(=O)CO,-3.48
OC1CCN2C(=O)C3=C(C=CC=C3)N=C12,-2.1
CCC[N]1C=NC2=C1C(=O)N(C)C(=O)N2C,0.02
CCCN1C(=O)N(C)C2=C([N](C)C=N2)C1=O,-1.21
CCC1=C(NC(=O)N1)C(=O)C2=CC=NC=C2,-1.99
CC(=O)NC(CC1=CC=C(OC(C)=O)C=C1)C(N)=O,-1.9
FC(F)(F)C1=NC2=C([NH]1)C=CC(=C2Cl)Cl,-3.57
CC#CC1=NC(=NC(=C1)C)NC2=CC=CC=C2,-4.6
CCC(=O)OCSC1=NC=NC2=C1N=C[NH]2,-2.39
O[S](=O)(=O)OCCOC1=C(Cl)C=C(Cl)C=C1,-0.06
CC1(C)SC2C(NC(=O)C3(N)CCCCC3)C(=O)N2C1C(O)=O,-1.04
CC1=CC=CC(=C1)NC2=CC=CC=C2C(O)=O,-5.06
CCC1=NC2=C(N=C1CC)C(=NC(=N2)N)N,-3.27
CCC1=NC2=C(N=C1CC)C(=NC(=O)N2)N,-3.55
CCC1=NC2=C(N=C1CC)C(=O)NC(=N2)N,-4.28
CC1=CC=CC2=C1C=CC3=CC=CC=C23,-5.85
ClC1=CC=C(Cl)C2=C1C=C(Cl)C(=C2)Cl,-7.52
CCC1=NC2=C(N=C1CC)C(=O)NC(=O)N2,-2.39
CCCC(=O)OCSC1=NC=NC2=C1N=C[NH]2,-2.69
COC1=C(OC2OC(CO)C(O)C(O)C2O)C=CC(=C1)\C=C\CO,-1.87
ClC1=CC(=CC(=C1)Cl)C2=C(Cl)C=CC=C2,-6.3
NC1=CC=CC(=C1)NC2=CC=CC=C2C(O)=O,-4.09
OC(=O)COC1=C(Cl)C(=C(Cl)C(=C1Cl)Cl)Cl,-3.75
ClC1=CC2=C(C(=CC=C2Cl)Cl)C(=C1)Cl,-7.51
CCCCCCC(C(C)O)[N]1C=NC2=C1N=CN=C2N,-2.25
COCC1(C)OC(=O)N(C1=O)C2=CC(=CC(=C2)Cl)Cl,-4.66
NC(=O)C1=C[N](CC2=C(F)C=CC=C2F)N=N1,-3.5
ClC1=CC=CC(=C1)N(C2CCOC2=O)C(=O)C3CC3,-2.69
OC(=O)C1=CC=CC=C1NC2=CC(=CC=C2)O,-3.54
COC(=O)C1CCCN1C(=O)COC(=O)C2=CC=CC=C2,-2.08
OC(=O)C1=C(Cl)C=CC2=C1N=CC(=C2)Cl,-3.57
COC1=C(C)C=C(C=C1)C(=O)C2=CC(=CC=C2)C,-5.08
[NH]1C2=C(N=CN=C2)N=C1C3=CC=CC=C3,-3.06
O=C(NNC(=O)C1=CC=NC=C1)C2=CC=CC=C2,-2.54
BrC1=C(C=CC2=CC=CC=C12)N=C=S,-4.32
CC(=O)NC1=CC=C(C=C1)[S](=O)(=O)NC(C)=O,-2.78
FCCOC(=O)CC1=CC=C(C=C1)C2=CC=CC=C2,-5.01
CC(COC1=CC=CC=C1)NC(C)C(O)C2=CC=C(O)C=C2,-1.53
O=C(COC(=O)C1=CC=CC=C1)N(C2CCCCC2)C3CCCCC3,-5.06
CN1C(=O)N(C)C2=C([N](C=N2)C(C)=O)C1=O,-1.4
S=C(NNC1=CC=CC=C1)N=NC2=CC=CC=C2,-6.61
CCCCC(=O)OCSC1=NC=NC2=C1N=C[NH]2,-3.1
CCC1=CN=C(C2=NC(C)(C(C)C)C(=O)N2)C(=C1)C(O)=O,-2.32
C1C2=CC=CC3=CC=C4C=CC=C1C4=C23,-5.24
O=C(C1=CC=CC=C1)C2=CC=CC(=C2)N=C=S,-5.4
CCOC(=O)CN(C(=O)CCl)C1=C(CC)C=CC=C1CC,-3.47
OC(=O)C1=CC=CC=C1NC2=CC(=CC=C2)Cl,-5.3
CC1=C(CC(O)=O)SC2=C1C=CC(=C2)Cl,-3.84
NC1=CC2=C(C=C1)C=C(C=C2)[S](O)(=O)=O,-3.27
OC1=CC(=C(C(=C1)O)C(=O)C2=CC=CC=C2)O,-1.87
O=C(CC1=CC=CC=C1)NNC(=O)C2=CC=NC=C2,-2.47
NC1=CC2=C(C=C1)C=CC(=C2)[S](O)(=O)=O,-3.05
CC1=NC(=C(S1)C(=O)NC2=CC=CC=C2)C,-1.73
ClC1=CC=C(OC2=C(Cl)C=CC=C2Cl)C=C1,-5.91
CCCCCC(=O)OCSC1=NC=NC2=C1N=C[NH]2,-3.63
NC1=CC=CC2=C1C=CC(=C2)[S](O)(=O)=O,-2.24
COC1=CC=CC(=C1)NC2=CC=CC=C2C(O)=O,-4.8
ClC1=CC(=C(OC2=CC=CC=C2)C(=C1)Cl)Cl,-6.11
COC1=CC=C2C3CC4=C5C(=C(OC)C=C4)OC1C25CCN3C,-2.66
NC1=CC(=CC2=C1C=CC=C2)[S](O)(=O)=O,-2.34
OC(=O)C1=C(C=CC=C1)C(=O)NC2=CC=CC=C2,-4.08
ClC1=CC=C(Cl)C(=C1Cl)OC2=CC=CC=C2,-5.95
CC1=C(C=CC=C1)C(=O)NNC(=O)C2=CC=NC=C2,-2.73
CCN1CCN2C(=O)C3=C(C=CC=C3)N=C2C1C,-2.5
CCC(=O)[N]1C=NC2=C1C(=O)N(C)C(=O)N2C,-1.1
NC1=CC2=C(C=C1)C(=CC=C2)[S](O)(=O)=O,-2.75
NC1=CC2=C(C=CC=C2[S](O)(=O)=O)C=C1,-2.57
CC12CCC3=C(C=CC4=C3C=CC(=C4)O)C1CCC2O,-4.64
CC(C1CC1)C(O)(C[N]2C=NC=N2)C3=CC=C(Cl)C=C3,-3.32
CC(N(O)C(N)=O)C1=CC2=C(S1)C=CC=C2,-3.37
NC1=CC=CC2=C1C=CC=C2[S](O)(=O)=O,-2.35
NC1=CC=C(C2=C1C=CC=C2)[S](O)(=O)=O,-2.91
O=C1COC2(CCN(CCC3=C[NH]C4=C3C=CC=C4)CC2)CN1,-2.99
CSC(=O)C1(OC(C)=O)C(C)CC2C3CCC4=CC(=O)C=CC4(C)C3(F)C(O)CC12C,-6.22
CC(=O)OC1=CC=C(NC(=O)C2=CC=CC=C2)C=C1,-4.14
CC1CN(C)C(C)C2=NC3=C(C=CC=C3)C(=O)N12,-2.09
NC1=CC=CC2=C1C(=CC=C2)[S](O)(=O)=O,-3.07
OC(=O)C1=CC(=O)C2=C(O1)C=C3CCCCC3=C2,-1.05
O=C(OC1=CC=CC(=C1)N=C=S)C2=CC=CC=C2,-4.85
COC(=O)[N]1C=NC2=C1C(=O)N(C)C(=O)N2C,-1.24
CC(C)CC1=CC=C(C=C1)C(C)C(=O)OCC(=O)N(C)CC(N)=O,-3.41
CC(C)OC1=CC=CC(=C1)NC(=O)C2=C(C)C=CC=C2,-4.33
CN1C(=O)N(C)C2=C([N](COC(C)=O)C=N2)C1=O,-1.83
CCN(CC1=CC=NC=C1)C(=O)C(CO)C2=CC=CC=C2,-1.7
O=C(OC1=CC=CC(=C1)N=C=S)C2=CC=CN=C2,-4.3
CC[S](=O)(=O)C1=NN=C(S1)N(C)C(=O)NC,-1.95
CN(C)C1=CC=C(C=C1)C(=O)C2=CC=C(C=C2)N(C)C,-2.83
CCCCCCCC(=O)OCSC1=NC=NC2=C1N=C[NH]2,-4.62
CCCN1CCN2C(=O)C3=C(C=CC=C3)N=C2C1C,-2.31
CC(CN1CC(=O)NC(=O)C1)N2CC(=O)NC(=O)C2,-1.27
ClC1=CC=C(C=C1)C2=C(Cl)C(=CC(=C2)Cl)Cl,-6.77
CCCC(=O)[N]1C=NC2=C1C(=O)N(C)C(=O)N2C,-1.53
ClC1=CC(=CC=C1)C2=C(Cl)C(=C(Cl)C=C2)Cl,-6.77
CC(=O)OCC(=O)C1(O)CCC2C3CCC4=CC(=O)C=CC4(C)C3C(=O)CC12C,-4.24
ClC1=CC=C(C=C1Cl)C2=C(Cl)C=CC=C2Cl,-7.02
ClC1=CC(=CC=C1)C2=C(Cl)C=C(Cl)C=C2Cl,-7.15
ClC1=CC=C(C(=C1)Cl)C2=C(Cl)C(=CC=C2)Cl,-6.68
OC(=O)C1CC[N]2C1=CC=C2C(=O)C3=CC=CC=C3,-1.65
CC1=C(N2C(SC1)C(NC(=O)C(N)C3=CCC=CC3)C2=O)C(O)=O,-1.22
CCOC(=O)OC[N]1C=NC2=C1C(=O)N(C)C(=O)N2C,-1.86
ClC1=CC(=C(Cl)C(=C1)Cl)C2=CC=CC=C2Cl,-6.23
CCOC(=O)[N]1C=NC2=C1C(=O)N(C)C(=O)N2C,-1.65
CCN1CC(C)N2C(=O)C3=C(C=CC=C3)N=C2C1C,-2.46
CC(=O)OC1=CC=C(NC(=O)NC2=CC=CC=C2)C=C1,-4.44
CCC(=O)OC[N]1C=NC2=C1C(=O)N(C)C(=O)N2C,-2.3
C[N]1C=NC2=C1C(=O)N(CCCCC(C)=O)C(=O)N2C,-0.56
CO[P](=S)(OC)SCC1=NC(=NC(=N1)N)N,-3.07
CC(=O)C1=CC=CC(=C1)NC2=CC=CC=C2C(O)=O,-4.86
ClC1=CC=CC(=C1Cl)C2=C(Cl)C=CC=C2Cl,-6.3
ClC1=CC=C(Cl)C(=C1Cl)C2=CC=CC=C2Cl,-6.3
OCCN1C=CC(=O)C(=C1C(O)C2=CC=CC=C2)O,-2.82
ClC1=C(Cl)C=C(OC2=CC=C(Cl)C(=C2)Cl)C=C1,-6.98
CCC1=CC=CC2=C1[NH]C3=C2CCOC3(CC)CC(O)=O,-3.31
C[S](=O)(=O)NC1=NN=C(S1)[S](N)(=O)=O,-1.68
CNC1CCC(C2=CC(=C(Cl)C=C2)Cl)C3=C1C=CC=C3,-5.23
N#CC(=NNC1=CC=C(C=C1)N=NC2=CC=CC=C2)C#N,-4.92
ClC1=CC=C(OC2=CC(=C(Cl)C(=C2)Cl)Cl)C=C1,-7.35
ClC1=CC(=CC(=C1)OC2=CC=C(Cl)C(=C2)Cl)Cl,-7.32
CCCCC(=O)[N]1C=NC2=C1C(=O)N(C)C(=O)N2C,-2.12
NC(CC1=CC(=C(O)C=C1)O)C(=O)OCC2=CC=CC=C2,-1.81
ClC1=CC=C(OC2=CC(=C(Cl)C=C2)Cl)C(=C1)Cl,-7.0
ClC1=CC=C(OC2=CC(=C(Cl)C=C2Cl)Cl)C=C1,-7.04
CO[P](=S)(NC(C)C)OC1=C(Cl)C=C(Cl)C=C1,-4.8
ClC1=CC=C(OC2=CC(=CC(=C2)Cl)Cl)C(=C1)Cl,-7.14
ClC1=CC=C(Cl)C(=C1)OC2=CC=C(Cl)C(=C2)Cl,-7.07
ClC1=CC=C(OC2=CC=C(Cl)C(=C2Cl)Cl)C=C1,-7.01
CCC(=O)OCC1OC(CC1O)N2C=C(I)C(=O)NC2=O,-2.46
ClC1=CC=C(OC2=CC(=CC(=C2Cl)Cl)Cl)C=C1,-7.14
ClC1=C(Cl)C=C(OC2=CC=CC(=C2Cl)Cl)C=C1,-6.9
CN1C(=O)N(C)C2=C([N](COC(=O)C(C)(C)C)C=N2)C1=O,-2.17
ClC1=CC=CC(=C1)OC2=CC(=C(Cl)C=C2Cl)Cl,-7.27
ClC1=CC=C(OC2=C(Cl)C=C(Cl)C=C2Cl)C=C1,-6.83
ClC1=CC=CC(=C1)OC2=CC=C(Cl)C(=C2Cl)Cl,-7.09
ClC1=CC=C(OC2=C(Cl)C=CC(=C2)Cl)C(=C1)Cl,-6.77
CCCOC(=O)[N]1C=NC2=C1C(=O)N(C)C(=O)N2C,-1.45
ClC1=C(Cl)C=C(OC2=C(Cl)C=CC=C2Cl)C=C1,-6.56
ClC1=CC(=C(OC2=CC=CC(=C2Cl)Cl)C=C1)Cl,-6.65
CCCN1CC(C)N2C(=O)C3=C(C=CC=C3)N=C2C1C,-2.24
ClC1=CC=C(OC2=C(Cl)C=CC(=C2Cl)Cl)C=C1,-6.64
CCCC(=O)OC[N]1C=NC2=C1C(=O)N(C)C(=O)N2C,-1.86
ClC1=C(OC2=CC(=C(Cl)C=C2Cl)Cl)C=CC=C1,-7.0
ClC1=CC=C(OC2=C(Cl)C=CC=C2)C(=C1Cl)Cl,-6.74
CC1CN(CCO1)[S](=O)(=O)NC(=O)NCC2CC3CC2C=C3,-2.26
ClC1=C(Cl)C(=C(Cl)C(=C1)OC2=CC=CC=C2)Cl,-7.52
COC(=O)C1(O)C2=C(C=CC=C2)C3=C1C=C(Cl)C=C3,-4.18
OC1C(O)C(O)C2C(NC(=O)C3=C(O)C4=C(OCO4)C=C23)C1O,-3.8
ClC1=C(Cl)C(=C(OC2=CC=CC=C2)C(=C1)Cl)Cl,-7.06
CC1CCC2=CC(=CC3=C2N1C=C(C(O)=O)C3=O)F,-3.74
ClC1=C(Cl)C(=C(Cl)C(=C1)Cl)OC2=CC=CC=C2,-7.02
O=C1OC(=NC2=C1C=CC=C2)C3=CC=CC=C3,-4.61
CCCCOC(=O)[N]1C=NC2=C1C(=O)N(C)C(=O)N2C,-1.93
CCCCC(=O)OC[N]1C=NC2=C1C(=O)N(C)C(=O)N2C,-2.37
CN(CC(=O)NC1=NN=C(S1)[S](N)(=O)=O)C(N)=N,-1.14
OC(=O)CCC(=O)OCN1C(=O)OC2=CC=C(Cl)C=C12,-3.41
CCO[P](=S)(OC(C)C)OC1=CN=C(N=C1)C(C)(C)C,-4.76
CCC1COC(C[N]2C=NC=N2)(O1)C3=CC=C(Cl)C=C3Cl,-3.61
C=CC1CN2CCC1CC2C(=O)C3=CC=NC4=C3C=CC=C4,-3.19
ClC1=CC(=CC(=C1)Cl)C2=CC(=C(Cl)C=C2Cl)Cl,-7.47
ClC1=CC(=C(Cl)C=C1)C2=CC(=C(Cl)C(=C2)Cl)Cl,-7.32
CC1=C2C=CC3=C(C=CC=C3)C2=CC4=C1CCCC4,-6.75
ClC1=CC(=C(C(=C1)Cl)C2=CC=C(Cl)C(=C2)Cl)Cl,-7.91
CCCCCC(=O)OC[N]1C=NC2=C1C(=O)N(C)C(=O)N2C,-2.64
CC(=O)OCSC1=NC=NC2=C1N=C[N]2COC(C)=O,-2.54
ClC1=CC=CC(=C1Cl)C2=CC(=C(Cl)C(=C2)Cl)Cl,-7.41
ClC1=CC(=C(C(=C1)Cl)C2=CC(=CC(=C2)Cl)Cl)Cl,-7.92
ClC1=CC=C(C=C1)C2=C(Cl)C(=C(Cl)C=C2Cl)Cl,-7.95
ClC1=CC=C(C(=C1)Cl)C2=C(Cl)C(=CC(=C2)Cl)Cl,-7.82
CN1N=C(SC1=N[S](C)(=O)=O)[S](N)(=O)=O,-2.05
COC(=O)C1=C(OC2OC(COC3OCC(O)C(O)C3O)C(O)C(O)C2O)C=CC=C1,-0.74
ClC1=CC=C(C=C1)C2=C(Cl)C(=CC(=C2Cl)Cl)Cl,-7.88
ClC1=CC=CC(=C1Cl)C2=CC=C(Cl)C(=C2Cl)Cl,-7.05
ClC1=CC(=CC(=C1)Cl)C2=C(Cl)C(=CC=C2Cl)Cl,-7.95
ClC1=CC=C(Cl)C(=C1)C2=C(Cl)C=C(Cl)C=C2Cl,-7.47
ClC1=CC(=C(Cl)C(=C1)C2=C(Cl)C(=CC=C2)Cl)Cl,-6.96
ClC1=CC(=C(C(=C1)Cl)C2=CC=CC(=C2Cl)Cl)Cl,-7.4
ClC1=CC(=CC=C1)C2=C(Cl)C(=CC(=C2Cl)Cl)Cl,-7.76
ClC1=CC=C(SC2=CC(=C(Cl)C=C2Cl)Cl)C=C1,-7.03
ClC1=C(Cl)C(=C(C=C1)C2=C(Cl)C=CC=C2Cl)Cl,-6.78
CCCN1C(=O)N(CCC)C2=C([NH]C(=N2)C3CCCC3)C1=O,-4.96
CC1=C(C)C(=NO1)N[S](=O)(=O)C2=CC=C(N)C=C2,-2.19
CCCC1=C2CCCCC2=CC3=C1OC(=CC3=O)C(O)=O,-1.9
OCN1C(=O)NC(C1=O)(C2=CC=CC=C2)C3=CC=CC=C3,-3.3
CCCCCCOC(=O)[N]1C=NC2=C1C(=O)N(C)C(=O)N2C,-3.0
ClC1=CC=CC=C1C2=C(Cl)C(=CC(=C2Cl)Cl)Cl,-7.4
ClC1=CC=C(OC2=CC(=C(Cl)C(=C2)Cl)Cl)C=C1Cl,-8.25
CC12CCC3C(CCC4=CC(=O)CCC34)C1CCC2(OC(=O)C5=CC=CC=C5)C#C,-7.75
ClC1=CC=C(OC2=C(Cl)C=C(Cl)C(=C2)Cl)C=C1Cl,-7.83
CC1CC2C3CCC(O)(C(=O)COC(=O)CCC(O)=O)C3(C)CC(O)C2C4(C)C=CC(=O)C=C14,-4.2
ClC1=CC=C(OC2=CC(=C(Cl)C(=C2)Cl)Cl)C(=C1)Cl,-7.89
O=C1NC=NC2=C1C=N[N]2C(=O)C3=CC=CC=C3,-4.23
ClC1=CC(=CC(=C1)Cl)OC2=C(Cl)C=C(Cl)C(=C2)Cl,-8.06
ClC1=CC(=C(Cl)C(=C1)Cl)OC2=CC=C(Cl)C(=C2)Cl,-7.83
ClC1=CC=C(OC2=C(Cl)C=C(Cl)C(=C2)Cl)C(=C1)Cl,-7.61
ClC1=CC(=CC(=C1)Cl)OC2=C(Cl)C(=C(Cl)C=C2)Cl,-7.86
ClC1=CC=C(OC2=C(Cl)C(=C(Cl)C(=C2)Cl)Cl)C=C1,-8.06
ClC1=CC(=C(OC2=CC=C(Cl)C(=C2)Cl)C(=C1)Cl)Cl,-7.62
CC(C)(C)C(O)C(CC1=CC=C(Cl)C=C1Cl)[N]2C=NC=N2,-4.56
NC1=CC=C(C=C1)[S](=O)(=O)NC2=NC(=O)NC=C2,-3.55
ClC1=CC=C(OC2=C(Cl)C(=C(Cl)C=C2)Cl)C(=C1)Cl,-7.44
ClC1=CC=C(Cl)C(=C1)OC2=C(Cl)C=C(Cl)C(=C2)Cl,-7.56
ClC1=CC=C(OC2=C(Cl)C(=CC(=C2)Cl)Cl)C(=C1)Cl,-7.64
ClC1=CC=C(OC2=C(Cl)C(=CC=C2Cl)Cl)C=C1Cl,-7.35
ClC1=CC=C(OC2=C(Cl)C(=C(Cl)C=C2Cl)Cl)C=C1,-7.77
CCCCCCCC(=O)OC[N]1C=NC2=C1C(=O)N(C)C(=O)N2C,-3.45
ClC1=CC=C(OC2=C(Cl)C=C(Cl)C=C2Cl)C(=C1)Cl,-7.33
ClC1=C(Cl)C(=CC=C1)OC2=C(Cl)C=C(Cl)C(=C2)Cl,-7.48
ClC1=CC=C(Cl)C(=C1)OC2=C(Cl)C(=C(Cl)C=C2)Cl,-7.7
NC(=N)C1=CC(=CC=C1)NC(=O)NC2=CC(=CC=C2)C(N)=N,-1.77
ClC1=C(Cl)C(=CC=C1)OC2=C(Cl)C(=C(Cl)C=C2)Cl,-7.38
ClC1=CC=C(OC2=C(Cl)C(=CC(=C2Cl)Cl)Cl)C=C1,-7.76
ClC1=CC=C(C=C1)N2N=NC3C4CC(C5N=NC45)C23,-4.87
ClC1=CC=C(OC2=C(Cl)C(=CC=C2Cl)Cl)C(=C1)Cl,-7.24
ClC1=CC=CC(=C1OC2=C(Cl)C=C(Cl)C(=C2)Cl)Cl,-7.12
ClC1=C(Cl)C(=C(OC2=C(Cl)C=CC=C2Cl)C=C1)Cl,-7.23
COC1=CC=C2C=C(C=CC2=C1)C(C)C(=O)OCCOC(=O)CN,-1.98
CN(C)[S](=O)(=O)NC1=NN=C(S1)[S](N)(=O)=O,-2.68
ClC1=C(Cl)C(=C(OC2=CC=CC=C2)C(=C1Cl)Cl)Cl,-7.94
CCC(=O)OCSC1=NC=NC2=C1N=C[N]2COC(=O)CC,-2.78
CC1=CSC(=N1)N[S](=O)(=O)C2=CC=C(N)C=C2,-3.49
CC(OC1=CC=C(OC2=C(Cl)C=C(Cl)C=C2)C=C1)C(O)=O,-5.04
OC(=O)C1=CC(=NC2=C1C=CC=C2)C3=CC=CC=C3,-3.19
CCOCCC1=C(C)C(=C(OCCNC2=NC=NC(=C2Cl)CC)C=C1)C,-5.24
C[S](=O)(=O)N(SC(Cl)(Cl)C(F)(Cl)Cl)C1=CC=CC=C1,-5.15
COC1=CC=C2C=C(C=CC2=C1)C(C)C(=O)OC(C)OC(=O)CN,-2.44
OC1=CC=CC2=C1C(=O)C3=C(C=CC=C3O)C2=O,-5.19
CN1C=CC(=NC1=O)N[S](=O)(=O)C2=CC=C(N)C=C2,-2.36
CCCOCC(=NC1=CC=C(Cl)C=C1C(F)(F)F)[N]2C=CN=C2,-1.44
C[S](=O)(=O)C1=CC(=C(C=C1)C(=O)C2C(=O)CCCC2=O)Cl,-3.3
CC(=O)NC1=CC=C(C=C1)C(=O)NC2=CC=C(OC(C)=O)C=C2,-4.41
CN1C(=O)N(C)C2=C([NH]C(=N2)C3=CC=CC=C3)C1=O,-5.0
CCCN1C(=O)N(CCC)C2=C([NH]C(=N2)C(C3CC3)C4CC4)C1=O,-4.59
CCCC1=C2OC(=CC(=O)C2=C(O)C3=C1CCCC3)C(O)=O,-2.68
CC1(C)SC2C(NC(=O)C(N)C3=CC=CC=C3)C(=O)N2C1C(O)=O,-1.99
CC(C)C1(O)CCN2CC3C4=C(CCC5=C3C(=CC=C5)C2C1)C=CC=C4,-3.81
CCCC(=O)OCSC1=NC=NC2=C1N=C[N]2COC(=O)CCC,-3.71
CC1=C(N2C(SC1)C(NC(=O)C(N)C3=CC=CC=C3)C2=O)C(O)=O,-1.58
CC(=O)NC1=CC=C(C=C1)[S](=O)(=O)NC2=NC=CC=N2,-3.59
CCCN1C(=O)N(CCC)C2=C([NH]C(=N2)C3CCC(=O)C3)C1=O,-3.16
ClC1=C(Cl)C(=C(OC2=CC(=C(Cl)C(=C2)Cl)Cl)C=C1)Cl,-8.49
CC(C)C1(C)N=C(NC1=O)C2=NC3=C(C=CC=C3)C=C2C(O)=O,-3.72
CC(=O)OCN1C=C(F)C(=O)N(C1=O)C(=O)C2=CC=CC=C2,-3.34
NC1=CC=C(C=C1)[S](=O)(=O)NC2=CC=C(Cl)C(=C2)Cl,-4.94
COC1=C(N[S](=O)(=O)C2=CC=C(N)C=C2)C=C(N)C=C1,-5.08
CCN1C=C(C(O)=O)C(=O)C2=C1N=C(N3CCNCC3)C(=C2)F,-2.92
CN(C)[S](=O)(=O)N=C1SC(=NN1C)[S](N)(=O)=O,-2.7
ClC1=CC(=C(Cl)C(=C1)Cl)OC2=CC(=C(Cl)C=C2Cl)Cl,-8.41
CCN(C(=O)OC1=CC=CC(=C1)NC(=O)OC(C)C)C2=CC=CC=C2,-5.06
ClC1=CC(=C(Cl)C(=C1)OC2=C(Cl)C(=C(Cl)C=C2)Cl)Cl,-8.55
CC(OC1=CC2=CC=CC=C2C=C1)C(=O)NC3=CC=CC=C3,-5.59
ClC1=CC=C(OC2=C(Cl)C(=CC(=C2Cl)Cl)Cl)C=C1Cl,-8.3
ClC1=CC(=C(OC2=C(Cl)C(=C(Cl)C=C2Cl)Cl)C=C1)Cl,-8.47
CCOC(=O)C1=CN=C(N[S](=O)(=O)C2=CC=CC=C2)C=C1,-4.24
CC(=O)OC1=CC=C(CC(NC(=O)C2=CC=CC=C2)C(N)=O)C=C1,-3.89
ClC1=CC=C(Cl)C(=C1Cl)OC2=C(Cl)C=C(Cl)C(=C2)Cl,-7.88
CN(CC(=O)NCCC(=O)NC1=NN=C(S1)[S](N)(=O)=O)C(N)=N,-1.13
CN1C(=O)N(C)C2=C([NH]C(=N2)\C=C\C3=CC=CC=C3)C1=O,-6.66
ClC1=CC(=C(OC2=C(Cl)C(=CC(=C2Cl)Cl)Cl)C=C1)Cl,-8.42
ClC1=C(Cl)C(=C(OC2=C(Cl)C=CC(=C2Cl)Cl)C=C1)Cl,-7.96
CCC(CC1=C(I)C(=C(I)C=C1I)N)C(O)=O,-4.58
CN1N=C(SC1=N[S](=O)(=O)C(F)(F)F)[S](N)(=O)=O,-1.16
CC1=CC=CC2=C1C3=CC4=CC=CC=C4C=C3C=C2,-6.64
CN1C(=O)N(C)C2=C([N](C)C(=N2)C3=CC=CC=C3)C1=O,-3.31
NC1=CC=C(C=C1)[S](=O)(=O)NC2=NC(=O)N(CC=C)C=C2,-3.11
CC1=C2C(=CC3=CC=CC=C13)C=CC4=C2C=CC=C4,-6.57
CC(=O)NC1=CC=C(C=C1)[S](=O)(=O)NC2=NC=CS2,-3.43
CC(C)N1C=CC(=NC1=O)N[S](=O)(=O)C2=CC=C(N)C=C2,-3.17
CC1=CC2=C(C=CC3=CC=CC=C23)C4=C1C=CC=C4,-6.57
CC1=CC2=C(C=CC=C2)C3=C1C4=CC=CC=C4C=C3,-6.59
CCCCCCCCSC(=O)OC1=C(N=NC(=C1)Cl)C2=CC=CC=C2,-5.4
CCCCC(=O)OCSC1=NC=NC2=C1N=C[N]2COC(=O)CCCC,-4.33
CN(C)[P](=O)(N(C)C)[N]1N=C(N=C1N)C2=CC=CC=C2,-3.07
CC1(C)SC2C(NC(=O)C(N)C3=CC=C(O)C=C3)C(=O)N2C1C(O)=O,-2.17
CCCN1C(=O)N(CCC)C2=C([NH]C(=N2)[C]34CC5[CH2]C(C[CH]3C5)C4)C1=O,-5.85
CN1C=C(C(N)=O)C(=C(F)C1=O)NC2=C(F)C=C(Br)C=C2,-4.14
COC1=CC=C2C=C(C=CC2=C1)C(C)C(=O)OCCOC(=O)C(N)CC(C)C,-3.82
CCCCN1C=CC(=NC1=O)N[S](=O)(=O)C2=CC=C(N)C=C2,-3.09
CCC(C)C(N)C(=O)OCCOC(=O)C(C)C1=CC2=CC=C(OC)C=C2C=C1,-3.82
FC1=C(C2SCC3=NC4=C(C=CC=C4)[N]23)C(=CC=C1)F,-3.76
CCN(CC)C(=O)CCC(=O)OC[N]1C=NC2=C1C(=O)N(C)C(=O)N2C,-1.14
CSC(=O)C1=C(CC(C)C)C(=C(N=C1C(F)F)C(F)(F)F)C(=O)SC,-5.46
CC(C)CN1C=CC(=NC1=O)N[S](=O)(=O)C2=CC=C(N)C=C2,-3.11
CCCC(=O)OCN1C=C(F)C(=O)N(C1=O)C(=O)C2=CC=CC=C2,-3.73
CNN1C=C(C(O)=O)C(=O)C2=C1C=C(N3CCN(C)CC3)C(=C2)F,-3.73
ClC1=C(Cl)C(=C(C(=C1)Cl)C2=CC(=C(Cl)C(=C2)Cl)Cl)Cl,-9.1
CC(C)(C)C(=O)OC1=CC2=C(C=C1)N=C(S2)[S](N)(=O)=O,-3.73
CCC(C)N1C=CC(=NC1=O)N[S](=O)(=O)C2=CC=C(N)C=C2,-2.76
ClC1=CC=C(C(=C1Cl)Cl)C2=C(Cl)C(=C(Cl)C(=C2)Cl)Cl,-8.06
COC1=CC2=CC=C(C=C2C=C1)C(C)C(=O)OCCOC(=O)CN3CCOCC3,-4.3
ClC1=CC=C(C=C1Cl)C2=C(Cl)C(=C(Cl)C(=C2Cl)Cl)Cl,-8.9
ClC1=CC(=C(Cl)C(=C1Cl)C2=CC(=C(Cl)C(=C2)Cl)Cl)Cl,-9.1
CCCOC(=O)N1C2CN3C4=C(C(COC(N)=O)C3(OC)C12)C(=O)C(=C(C)C4=O)N,-3.48
ClC1=CC(=C(Cl)C(=C1)C2=C(Cl)C(=C(Cl)C(=C2)Cl)Cl)Cl,-9.1
ClC1=CC(=C(C(=C1)Cl)C2=CC(=C(Cl)C(=C2Cl)Cl)Cl)Cl,-8.68
ClC1=CC(=CC(=C1)Cl)C2=C(Cl)C(=C(Cl)C(=C2Cl)Cl)Cl,-9.1
CN1C(=O)N(C)C2=C([N](C)C(=N2)\C=C\C3=CC=CC=C3)C1=O,-5.55
ClC1=CC(=C(C=C1)C2=C(Cl)C(=C(Cl)C(=C2Cl)Cl)Cl)Cl,-8.97
ClC1=CC(=C(Cl)C(=C1)Cl)C2=C(Cl)C=C(Cl)C(=C2Cl)Cl,-8.68
ClC1=C(Cl)C(=C(C=C1)C2=C(Cl)C(=CC(=C2Cl)Cl)Cl)Cl,-8.42
CCC(C)C(N)C(=O)OCCCCOC(=O)C(C)C1=CC2=CC=C(OC)C=C2C=C1,-4.52
ClC1=CC=C(Cl)C(=C1Cl)C2=CC(=C(Cl)C(=C2Cl)Cl)Cl,-8.59
C[S](=O)(=O)C1=CC=C(C=C1)C2=C(C(=O)OC2)C3=CC=CC=C3,-5.59
ClC1=CC(=C(Cl)C(=C1)C2=C(Cl)C(=CC(=C2Cl)Cl)Cl)Cl,-8.59
ClC1=CC(=C(C(=C1)Cl)C2=C(Cl)C(=CC(=C2Cl)Cl)Cl)Cl,-8.49
OC(=O)C1=CC=CC=C1C(=O)NC2=C3C=CC=CC3=CC=C2,-3.16
ClC1=C(Cl)C(=C(Cl)C=C1)C2=C(Cl)C(=C(Cl)C=C2Cl)Cl,-8.15
ClC1=CC(=CC(=C1Cl)Cl)OC2=C(Cl)C(=C(Cl)C(=C2)Cl)Cl,-9.54
ClC1=C(Cl)C(=C(Cl)C=C1)C2=C(Cl)C(=CC(=C2Cl)Cl)Cl,-7.94
C1CC2=CC3=CC4=C(C=CC=C4)C=C3C5=C2C1=CC=C5,-2.97
CC(C)OC1=CC=C(C=C1)C(=O)N[S](=O)(=O)C2=CC=C(N)C=C2,-4.3
CSC1=CC=C2OC3=C(C=C(C=C3)C(O)=O)C(=O)C2=C1,-5.32
CC1=C(C)C2=C(C=CC3=C2C=CC=C3)C4=CC=CC=C14,-7.01
OC(=O)CCC1=NC(=C(O1)C2=CC=CC=C2)C3=CC=CC=C3,-2.24
C1CC2=C3C=CC4=C(C=CC=C4)C3=CC5=CC=CC1=C25,-7.86
CC(=O)NC1=C(I)C=C(I)C(=C1I)C(O)=O,-2.64
OC1=CC=C(C=C1)C(C2=CC=C(O)C=C2)=C3C=CC(=O)C=C3,-2.38
ClC1=CC=C(OC2=C(Cl)C(=C(Cl)C(=C2Cl)Cl)Cl)C(=C1)Cl,-9.64
CCN(CC)C(=O)NC1CN(C)C2CC3=C(Br)[NH]C4=C3C(=CC=C4)C2=C1,-4.38
O=C1OC(C2=CC=CC=C2)(C3=CC=CC=C3)C4=C1C=CC=C4,-3.85
CN1CC2CC1CN2C3=CC4=C(C=C3F)C(=O)C(=CN4C5CC5)C(O)=O,-2.9
OC1=CC2=C(C(=C1)O)C(=O)C=C(O2)C3=CC(=C(O)C=C3)O,-3.61
CCCC1=C(O)N2N(C1=O)C3=CC(=CC=C3N=C2N(C)C)C,-3.63
CCCCC1=CC2=C(C=C1)C=C3C=CC4=C(C=CC=C4)C3=C2,-7.52
COC1=C(N2C(SC1)C(NC(=O)C(N)C3=CCC=CC3)C2=O)C(O)=O,-1.89
CCOC(=O)C(C)N(C(=O)C1=CC=CC=C1)C2=CC(=C(Cl)C=C2)Cl,-4.26
CNCC(=O)NC1=C(C=C(C(=C1)Cl)[S](N)(=O)=O)[S](N)(=O)=O,-1.27
CC1=C2C=CC3=C(C=CC=C3)C2=CC4=CC=C(Cl)C=C14,-7.44
CN1CCN(CC1)C2=C(F)C3=C(C=C2F)C(=O)C(=CN3CCF)C(O)=O,-2.73
CC1CCC2=C(N3CCC(O)CC3)C(=CC4=C2N1C=C(C(O)=O)C4=O)F,-3.78
CCN1C=CC(=NC1=O)N[S](=O)(=O)C2=CC=C(NC(C)=O)C=C2,-2.71
CCC1=NN=C(N[S](=O)(=O)C2=CC=C(NC(C)=O)C=C2)S1,-3.4
CC(OC1=CC=C(OC2=NC3=C(O2)C=C(Cl)C=C3)C=C1)C(O)=O,-3.09
CONC(=O)C1=CN(C)C(=O)C(=C1NC2=CC=C(Br)C=C2F)C,-3.28
ClC1=C(Cl)C(=CC(=C1)C2=C(Cl)C(=C(Cl)C(=C2Cl)Cl)Cl)Cl,-9.7
CCO[P](=O)(OCC)OC1=CC2=C(C=C1)C(=C(Cl)C(=O)O2)C,-3.18
ClC1=CC(=C(C(=C1Cl)Cl)C2=C(Cl)C(=C(Cl)C(=C2)Cl)Cl)Cl,-9.42
ClC1=C(Cl)C=C(C(=C1)Cl)C2=C(Cl)C(=C(Cl)C(=C2Cl)Cl)Cl,-9.5
ClC1=CC=C(C(=C1Cl)Cl)C2=C(Cl)C(=C(Cl)C(=C2Cl)Cl)Cl,-9.29
ClC1=CC(=C(Cl)C(=C1Cl)Cl)C2=C(Cl)C(=CC(=C2Cl)Cl)Cl,-9.29
ClC1=CC(=C(Cl)C(=C1)Cl)C2=C(Cl)C(=C(Cl)C(=C2Cl)Cl)Cl,-9.42
ClC1=CC(=C(C(=C1Cl)Cl)C2=C(Cl)C(=C(Cl)C=C2Cl)Cl)Cl,-9.1
ClC1=CC(=C(C(=C1)Cl)C2=C(Cl)C(=C(Cl)C(=C2Cl)Cl)Cl)Cl,-9.48
ClC1=C(Cl)C(=C(C(=C1)Cl)C2=C(Cl)C(=CC(=C2Cl)Cl)Cl)Cl,-9.2
CN(C)CC1=CC=C(C=C1)C(=O)OCCOC[N]2C=NC3=C2N=C(N)NC3=O,-2.47
OCC(CO)C(=O)OCN1C(=O)NC(C1=O)(C2=CC=CC=C2)C3=CC=CC=C3,-2.21
ClC1=C(Cl)C(=C(Cl)C=C1)C2=C(Cl)C(=C(Cl)C(=C2Cl)Cl)Cl,-9.1
CC(C(=O)OCC(=O)N(C)CC(N)=O)C1=CC(=CC=C1)C(=O)C2=CC=CC=C2,-2.42
CCCCCC1=C2C=CC3=C(C=CC=C3)C2=CC4=C1C=CC=C4,-8.57
ClC1=CC(=C(Cl)C(=C1Cl)Cl)OC2=CC(=C(Cl)C(=C2Cl)Cl)Cl,-10.1
CCONC(=O)C1=CN(C)C(=O)C(=C1NC2=C(F)C=C(Br)C=C2)C,-3.82
CCCCCCCC(=O)OCN1C(=O)NC(C1=O)(C2=CC=CC=C2)C3=CC=CC=C3,-6.52
OC1=CC=C(C=C1)C(C2=CC=C(O)C=C2)C3=CC=CC=C3C(O)=O,-3.26
C[S](=O)C1=CC=C2OC3=C(C=C(C=C3)C(O)=O)C(=O)C2=C1,-5.02
CNC1=C(C(=O)C(O1)C2=CC=CC=C2)C3=CC(=CC=C3)C(F)(F)F,-3.98
CSC1=CC=C(C=C1)C(=O)C2=CC(=CC3=C2OC=C3)CC(O)=O,-5.51
COC1=NC(=NC(=N1)NC(=O)N[S](=O)(=O)C2=CC=CC=C2Cl)C,-1.71
N[S](=O)(=O)C1=NN=C(N[S](=O)(=O)C2=CC=CC=C2)S1,-2.9
CCONC(=O)C1=CN(C)C(=O)C(=C1NC2=CC=C(Br)C=C2F)F,-4.19
ClC1=CC2=C(C(=C1Cl)Cl)C3=C(O2)C(=C(Cl)C(=C3)Cl)Cl,-10.3
OC1=CC2=C(C(=C1)O)C(=O)C(=C(O2)C3=CC=C(O)C(=C3)O)O,-1.99
CN1C(=O)N(C)C2=C(N=C3C(=O)N(C)C(=O)N(C)C3=N2)C1=O,-3.31
N[S](=O)(=O)C1=NN=C(N[S](=O)(=O)CC2=CC=CC=C2)S1,-2.7
CC1(O)CC(C2=CC=C(Cl)C=C2)C3=C(O1)C4=C(OC3=O)C=CC=C4,-5.84
CC1=C(C2=CC=C(C=C2)[S](N)(=O)=O)C(=NO1)C3=CC=CC=C3,-4.52
CN1C=C(C(=O)NOCCO)C(=C(C)C1=O)NC2=C(F)C=C(Br)C=C2,-2.96
NCC(=O)NCC(=O)OCCOC1=CC2=C(C=C1)N=C(S2)[S](N)(=O)=O,-1.3
CC1=CC=C(C=C1)[S](=O)(=O)NC2=NN=C(S2)[S](N)(=O)=O,-1.22
CCCCNC1=C(OC2=CC=CC=C2)C(=CC(=C1)C(O)=O)[S](N)(=O)=O,-3.56
CC1CN(CC(C)N1)C2=C(F)C3=C(C(=C2F)N)C(=O)C(=CN3C4CC4)C(O)=O,-3.37
OCC(O)COC(=O)C1=C(NC2=C3C=CC(=CC3=NC=C2)Cl)C=CC=C1,-4.54
NC1=CC=C(C=C1)[S](=O)(=O)NC2=NN=C(S2)[S](N)(=O)=O,-1.5
CCC(/C1=CC=CC=C1)=C(\C2=CC=CC=C2)C3=CC=C(OCCN(C)C)C=C3,-8.49
CC1=C2C=CC3=C4C(=CC=C3)C=CC(=C24)C5=C1C=CC=C5,-8.52
NC1=CC=CC(=C1)[S](=O)(=O)NC2=NN=C(S2)[S](N)(=O)=O,-1.54
CC1=NC=C2CN=C(C3=C(F)C=CC=C3)C4=C(C=CC(=C4)Cl)[N]12,-4.13
[NH]1C2=C(C3=C(C=CC=C3)C=C2)C4=C1C=CC5=C4C=CC=C5,-6.62
COC1=CC2=C(C=C1)[N](C(=C2CC(O)=O)C)C(=O)\C=C\C3=CC=CC=C3,-5.54
CC1(C)SC2C(NC(=O)C(N)C3=CC=C(N)C=C3)C(=O)N2C1C4=NN=N[NH]4,-1.57
N[S](=O)(=O)C1=NN=C(NC(=O)C2=C(F)C(=C(F)C(=C2F)F)F)S1,-1.37
FC(F)(F)C1=NC2=C(C=C(Cl)C(=C2)Cl)[N]1C(=O)OC3=CC=CC=C3,-4.46
CCCN(CCC)CC1=CC=CC(=C1)C(=O)OCCOC[N]2C=NC3=C2N=C(N)NC3=O,-0.35
N[S](=O)(=O)C1=NN=C(N[S](=O)(=O)C2=CC=C(Cl)C=C2)S1,-2.01
N[S](=O)(=O)C1=CC=C(CNC(=S)NC(C(O)C2=CC=CC=C2)C(O)=O)C=C1,-1.29
CN1N=C(SC1=N[S](=O)(=O)CC2=CC=CC=C2)[S](N)(=O)=O,-2.48
COC1=CC=C(C=C1)[S](=O)(=O)NC2=NN=C(S2)[S](N)(=O)=O,-2.25
COC1=CC2=C(C=C1OC)C(=NC(=N2)N3CCN(CC3)C(=O)C4=CC=CO4)N,-5.09
C1=CC2=C(C=C1)C3=CC4=C(N=C3C=C2)C5=C(C=CC=C5)C=C4,-6.24
CN1N=C(SC1=N[S](=O)(=O)C2=CC=C(C)C=C2)[S](N)(=O)=O,-2.84
OC(=O)C1=C(C(=O)NC2=CC=CC(=C2Cl)Cl)C(=C(Cl)C(=C1Cl)Cl)Cl,-4.51
COC1=CC=C2C=C(C=CC2=C1)C(C)C(=O)OCCOC(=O)C(N)CC3=CC=CC=C3,-3.75
O=C1NC=NC2=C1N=C(C3=CC=CC=C3)C(=N2)C4=CC=CC=C4,-3.18
OCC1OC2OC3C(O)C(O)C(OC3CO)OC4C(O)C(O)C(OC4CO)OC5C(O)C(O)C(OC5CO)OC6C(O)C(O)C(OC6CO)OC7C(O)C(O)C(OC7CO)OC1C(O)C2O,-0.91
NC1=CC=C(C=C1)[S](=O)(=O)NC2=NC(=O)N(CC3=CC=CC=C3)C=C2,-4.8
CN1N=C(SC1=N[S](=O)(=O)C2=CC=C(F)C=C2)[S](N)(=O)=O,-2.03
FC1=C(C=C2N(CC#C)C(=O)COC2=C1)N3C(=O)C4=C(CCCC4)C3=O,-5.3
CCN(C1CC(C)[S](=O)(=O)C2=C1C=C(S2)[S](N)(=O)=O)C(=O)CNC,-1.21
CN1N=C(SC1=N[S](=O)(=O)C2=CC=C(N)C=C2)[S](N)(=O)=O,-2.5
CC12CCC3C(CCC4=CC(=O)CCC34)C1CCC2(OC(=O)C5=CC=C(C=C5)C6=CC=CC=C6)C#C,-8.11
CN1N=C(SC1=N[S](=O)(=O)C2=CC=CC(=C2)N)[S](N)(=O)=O,-2.45
CC1=CC(=C(C(=C1)C)[S](=O)(=O)NC2=NN=C(S2)[S](N)(=O)=O)C,-2.7
CC1CC2=C(C=CC=C2)N1NC(=O)C3=CC(=C(Cl)C=C3)[S](N)(=O)=O,-3.79
CC1C(NC(=O)C(=N\OC(C)(C)C(O)=O)/C2=CSC(=N2)N)C(=O)N1[S](O)(=O)=O,-1.64
COC1=CC=C2C=C(C=CC2=C1)C(C)C(=O)OC(C)OC(=O)C(N)CC3=CC=CC=C3,-3.5
N[S](=O)(=O)C1=NN=C(N[S](=O)(=O)C2=CC=C(Br)C=C2)S1,-2.13
CN1N=C(SC1=N[S](=O)(=O)C2=CC=C(Cl)C=C2)[S](N)(=O)=O,-2.44
CC(=O)N1CCN(CC1)C(=O)/C=C/C2=CC(=C(SC3=CC4=C(OCCO4)C=C3)C=C2)Cl,-2.05
FC1=CC=C(NC(=O)C2=CC=CN=C2OC3=CC=CC(=C3)C(F)(F)F)C(=C1)F,-6.9
COC1=CC2=C(C=C1OC)C(=NC=N2)N3CCN(CC3)C(=S)NCC4=CC=CO4,-5.63
COC1=CC2=C(C=C1OC)C(=NC=N2)N3CCN(CC3)C(=O)NC4=CSC=C4,-5.3
N[S](=O)(=O)C1=CC=C(NC2=NC(=NC=C2)NC(=O)C3=CC=CN=C3)C=C1,-1.27
CC(=O)NC1=C(I)C(=C(I)C(=C1I)C(O)=O)NC(C)=O,-2.01
CC12CCC3C(CCC4=CC(=O)CCC34)C1CCC2(OC(=O)C5=CC=C(OC6=CC=CC=C6)C=C5)C#C,-6.84
COC1=CC=C(C=C1)[S](=O)(=O)N=C2SC(=NN2C)[S](N)(=O)=O,-2.76
NCC(=O)NCC(=O)NC1=C(Cl)C(=C(C=C1[S](N)(=O)=O)[S](N)(=O)=O)Cl,-1.23
CN(C)C1C2CC3CC4=C(C=CC(=C4C(=O)C3=C(O)C2(O)C(=O)C(=C1O)C(N)=O)O)N(C)C,-0.94
N[S](=O)(=O)C1=NN=C(N[S](=O)(=O)C2=C(C=CC=C2)C(O)=O)S1,-2.32
CC(=O)NC1=CC=C(C=C1)[S](=O)(=O)NC2=NN=C(S2)[S](N)(=O)=O,-1.62
CC(=O)N1CCN(CC1)C(=O)/C=C/C2=CC(=C(SC3=CC4=C([NH]C=C4)C=C3)C=C2)Cl,-2.74
CN1N=C(SC1=N[S](=O)(=O)C2=C(C)C=C(C)C=C2C)[S](N)(=O)=O,-3.0
COC1=NC(=NC(=C1)OC)NC(=O)N[S](=O)(=O)C2=NC=CC=C2C(=O)N(C)C,-3.97
C1=CC2=C(C=C1)C3=CC4=CC=CC5=C4C6=C3C2=CC=C6C=C5,-9.16
N[S](=O)(=O)C1=NN=C(N[S](=O)(=O)C2=CC=C(I)C=C2)S1,-2.2
COC1=CC=C(C=C1)C2SC3=CC=CC=C3N(CCN(C)C)C(=O)C2OC(C)=O,-2.95
CN1N=C(SC1=N[S](=O)(=O)C2=CC=C(Br)C=C2)[S](N)(=O)=O,-2.51
COC(=O)C1=C(C=CS1)[S](=O)(=O)NC(=O)NC2=NC(=NC(=N2)OC)OC,-3.19
CN1CCC(C(O)C1)C2=C(O)C=C(O)C3=C2OC(=CC3=O)C4=C(Cl)C=CC=C4,-4.26
FC1=CC=C(C=C1)C([N]2C=CN=C2)(C3=CC=CC=C3)C4=C(F)C=CC=C4,-8.4
CN1C(=C(O)C2=C(C=CS2)[S]1(=O)=O)C(=O)NC3=NC=CC=C3,-3.88
NCC(=O)NC1=CC=C(C=C1)[S](=O)(=O)NC2=NN=C(S2)[S](N)(=O)=O,-1.19
CN1CCN(CC1)C2=CC3=C(C=C2F)C(=O)C(=CN3C4=CC=C(F)C=C4)C(O)=O,-3.82
CCNC1CN(CCCOC)[S](=O)(=O)C2=C1C=C(S2)[S](N)(=O)=O,-2.95
CC1=NC(=C(S1)C(=O)NC2=C(Br)C=C(OC(F)(F)F)C=C2Br)C(F)(F)F,-5.52
CN1N=C(SC1=N[S](=O)(=O)C2=CC=C(NC(C)=O)C=C2)[S](N)(=O)=O,-1.69
CN1N=C(SC1=N[S](=O)(=O)C2=C(C=CC=C2)C(O)=O)[S](N)(=O)=O,-2.51
OC(=O)C1=C(O)C=CC(=C1)N=NC2=CC=C(C=C2)[S](=O)(=O)NC3=CC=CC=N3,-6.14
CCCCC(=O)N(CC1=CC=C(C=C1)C2=C(C=CC=C2)C3=NN=N[NH]3)C(C(C)C)C(O)=O,-4.2
OC(=O)C1=CC=CC=C1C2=C3C=CC(=O)C=C3OC4=C2C=CC(=C4)O,-3.82
COC1=C(N=CN=C1)N2CCN(CC2)CCC3=C[NH]C4=C3C=C(C[S](=O)(=O)N(C)C)C=C4,-3.76
CN1N=C(SC1=N[S](=O)(=O)C2=CC=C(I)C=C2)[S](N)(=O)=O,-2.77
CC1=NN=C(SCC2=C(N3C(SC2)C(NC(=O)C[N]4C=NN=N4)C3=O)C(O)=O)S1,-2.62
CC(C)(C)NC(=O)C1N(CSC1(C)C)C(=O)C(O)C(CC2=CC=CC=C2)NC(=O)C3=CC=CC=C3,-3.62
N[S](=O)(=O)C1=NN=C(N[S](=O)(=O)C2=C(F)C(=C(F)C(=C2F)F)F)S1,-1.21
C[N]1N=NN=C1SCC2=C(N3C(SC2)C(NC(=O)C(O)C4=CC=CC=C4)C3=O)C(O)=O,-0.14
CC1=C(C(O)=O)C2=CC(=CC=C2N=C1C3=CC=C(C=C3)C4=C(F)C=CC=C4)F,-6.39
FC(F)(F)N=C1SC(=NC2=CC=CC=C2)N(C3=CC=CC=C3)C1=NC(F)(F)F,-5.42
CC(C)(C)NC(=O)C1N(CSC1(C)C)C(=O)C(O)C(CC2=CC=CC=C2)NC(=O)CC3=CC=CC=C3,-3.72
CC1CN(CCN1)C2=CC3=C(C=C2F)C(=O)C(=CN3C4=C(F)C=C(F)C=C4)C(O)=O,-3.8
CC1=CC=C(C=C1)C(=O)NC(CC2=CC=CC=C2)C(O)C(=O)N3CSC(C)(C)C3C(=O)NC(C)(C)C,-4.11
NC1=NC(=O)C2=C(N1)N=CC(=N2)CNC3=CC=C(C=C3)C(=O)NC(CCC(O)=O)C(O)=O,-5.44
NC1C2CN(CC12)C3=NC4=C(C=C3F)C(=O)C(=CN4C5=CC=C(F)C=C5F)C(O)=O,-4.53
N[S](=O)(=O)C1=CC=C(NC2=NC(=NC=C2)N[S](=O)(=O)C3=CC=CC=C3)C=C1,-2.55
OCC1OC2OC3C(O)C(O)C(OC3CO)OC4C(O)C(O)C(OC4CO)OC5C(O)C(O)C(OC5CO)OC6C(O)C(O)C(OC6CO)OC7C(O)C(O)C(OC7CO)OC8C(O)C(O)C(OC8CO)OC1C(O)C2O,-1.84
CC(C)(C)NC(=O)C1N(CSC1(C)C)C(=O)C(O)C(CC2=CC=CC=C2)NC(=O)COC3=CC=CC=C3,-3.83
N[S](=O)(=O)C1=CC=C(NC2=CC=NC(=N2)N[S](=O)(=O)CC3=CC=CC=C3)C=C1,-2.7
CC(C)(C)NC(=O)C1N(CSC1(C)C)C(=O)C(O)C(CC2=CC=CC=C2)NC(=O)C3=CC=C(Cl)C=C3,-4.28
COC1=CC=C(C=C1)C(=O)NC(CC2=CC=CC=C2)C(O)C(=O)N3CSC(C)(C)C3C(=O)NC(C)(C)C,-4.11
NCC(=O)NCC(=O)NC1=CC=C(C=C1)[S](=O)(=O)NC2=NN=C(S2)[S](N)(=O)=O,-1.29
COC(=O)C1=C(C(=CC=C1)C)[S](=O)(=O)NC(=O)NC2=NC(=NC(=N2)OCC(F)(F)F)N(C)C,-5.69
CC1=C(OCC(=O)NC(CC2=CC=CC=C2)C(O)C(=O)N3CSC(C)(C)C3C(=O)NC(C)(C)C)C(=CC=C1)C,-5.01
NC1=CC=C(C=C1)[S](=O)(=O)NC2=NC(=CS2)C3=CC=C(C=C3)C4=CC=CC=C4,-5.61
N[S](=O)(=O)C1=CC=C(NC2=NC(=NC=C2)N[S](=O)(=O)C3=CC=C(Br)C=C3)C=C1,-2.62
CC1=CC=C(C=C1)[S](=O)(=O)NC(=O)NC2=NC(=CC=N2)NC3=CC=C(C=C3)[S](N)(=O)=O,-4.3
FC1=CC=CC(=C1C(=O)NC(=O)NC2=CC(=C(OC3=C(Cl)C=C(C=N3)C(F)(F)F)C(=C2)Cl)Cl)F,-8.65
COC1=C(F)C=C(C=C1)C2=C(Cl)N=C[N]2C3=CC=C(C=C3)[S](=O)(=O)N[P](O)(O)=O,-2.55
N[S](=O)(=O)C1=CC=C(NC2=CC=NC(=N2)N[S](=O)(=O)C3=CC(=CC=C3)C(F)(F)F)C=C1,-1.82
N[S](=O)(=O)C1=CC=C(NC2=CC=NC(=N2)NC(=O)N[S](=O)(=O)C3=CC=C(Cl)C=C3)C=C1,-4.0
OCC1OC2OC3C(O)C(O)C(OC3CO)OC4C(O)C(O)C(OC4CO)OC5C(O)C(O)C(OC5CO)OC6C(O)C(O)C(OC6CO)OC7C(O)C(O)C(OC7CO)OC8C(O)C(O)C(OC8CO)OC9C(O)C(O)C(OC9CO)OC1C(O)C2O,-0.75
COCCNC(=O)C(NC(=O)C(CC(O)C(CC1=CC=CC=C1)NC(=O)OC(C)(C)C)CC2=CC(=C(OC)C(=C2)OC)OC)C(C)C,-4.0
CC1=C(C(O)=O)C(=CC2=C1C(=O)C3=C(C(=C(O)C(=C3O)C4OC(CO)C(O)C(O)C4O)O)C2=O)O,-2.58
N[S](=O)(=O)C1=CC=C(NC2=NC(=NC=C2)N[S](=O)(=O)C3=C(F)C(=C(F)C(=C3F)F)F)C=C1,-1.57
CCCOC1=CC=C2C(C(C(C3=CC=C(OC)C=C3OCC(O)=O)C2=C1)C(O)=O)C4=CC5=C(OCO5)C=C4,-6.77
CC(C)C1(NC(=O)C2CC3C(CC4=C[NH]C5=C4C3=CC=C5)N(C)C2)OC6(O)C7CCCN7C(=O)C(CC8=CC=CC=C8)N6C1=O,-5.27
COC1C(CC2CN3CCC4=C([NH]C5=C4C=CC(=C5)OC)C3CC2C1C(=O)OC)OC(=O)C6=CC(=C(OC)C(=C6)OC)OC,-5.97
OC(CC(C1=CC=CC=C1)C2=C(O)C3=C(OC2=O)C=CC=C3)C4=CC=C(C=C4)C5=CC=C(Br)C=C5,-4.45
CC(C)CCCC(C)C1CCC2C3CCC4CC(C)(CCC=C(C5=CC(=C(O)C(=C5)C(O)=O)Cl)C6=CC(=C(O)C(=C6)C(O)=O)Cl)CCC4(C)C3CCC12C,-8.46
CC(C)CC(NC(=O)C(CC1=C[NH]C=N1)NC(=O)C(CC2=CC=CC=C2)NC(=O)OC(C)(C)C)C(O)CC(=O)NC(CC(C)C)C(=O)NCCCN(CCO)CCO,-2.37
CC(C)CC(NC(=O)C(CC1=C[NH]C=N1)NC(=O)C(CC2=CC=CC=C2)NC(=O)OC(C)(C)C)C(O)CC(=O)NC(CC(C)C)C(=O)NCCC(N)C(O)=O,-2.22
CSCC(NC(=O)COC1=CC=CC2=C1C=CN=C2)C(=O)NC(CC3=CC=CC=C3)C(O)C(=O)N4CSCC4C(=O)NC(C)(C)C,-3.95
CC(C)C1=C(Br)C(=C(C)C=C1C2(O[S](=O)(=O)C3=C2C=CC=C3)C4=CC(=C(O)C(=C4C(C)C)Br)C)O,-5.18
CC(C)CC(NC(=O)C(CC1=C[NH]C=N1)NC(=O)C(CC2=CC=CC=C2)NC(=O)OC(C)(C)C)C(O)CC(=O)NC(CC(C)C)C(=O)NCC3=CC=NC=C3,-3.36
CC(C)CC(NC(=O)C(CC1=C[NH]C=N1)NC(=O)C(CC2=CC=CC=C2)NC(=O)OC(C)(C)C)C(O)CC(=O)NC(CC(C)C)C(=O)NCC3=CC=CC=N3,-3.42
CC(C)CC(NC(=O)C(CC1=C[NH]C=N1)NC(=O)C(CC2=CC=CC=C2)NC(=O)OC(C)(C)C)C(O)CC(=O)NC(CC(C)C)C(=O)NCC3=CC=CC(=C3)CN,-2.85
CC(C)CC(NC(=O)C(CC1=C[NH]C=N1)NC(=O)C(CC2=CC=CC=C2)NC(=O)OC(C)(C)C)C(O)CC(=O)NC(CC(C)C)C(=O)NCC(N)C3=CC=CC=N3,-3.4
OC(=O)C1=C(I)C(=C(I)C=C1I)NC(=O)CCCCC(=O)NC2=C(I)C=C(I)C(=C2I)C(O)=O,-3.39
CC(C)CC(NC(=O)CC(O)C(CC1CCCCC1)NC(=O)C(CC2=C[NH]C=N2)NC(=O)C(CC3=CC=CC=C3)NC(=O)OC(C)(C)C)C(=O)NCC4=CC=CC(=C4)CN,-4.7
CC(C)CC(NC(=O)C(CC1=C[NH]C=N1)NC(=O)C(CC2=CC=CC=C2)NC(=O)OC(C)(C)C)C(O)CC(=O)NC(CC(C)C)C(=O)NC(C(O)=O)C3=CC=CC=C3,-3.13
CCC(C)C1NC(=O)C(CC2=CC=CC=C2)NC(=O)C3CCCN3C(=O)C(CC4=CC=CC=C4)N(C)C(=O)C5CCCCN5C(=O)C6CCCCN6C1=O,-5.57
CC(C)CC(NC(=O)C(CC1=C[NH]C=N1)NC(=O)C(CC2=CC=CC=C2)NC(=O)OC(C)(C)C)C(O)CC(=O)NC(CC(C)C)C(=O)NC(CC3=CC(=CC=C3)CN)C(O)=O,-2.82
CCC(C)C1NC(=O)C(CC2=C[NH]C3=C2C=CC=C3)NC(=O)C4CCCN4C(=O)C(CC5=C[NH]C=N5)NC(=O)C6CCCCN6C(=O)C7CCCCN7C1=O,-2.58
CCC(C)C1NC(=O)C(CC2=CC=CC=C2)NC(=O)C3CCCN3C(=O)C(CC4=CC=CC=C4)N(C)C(=O)C(CCCN)NC(=O)C5CCC=NN5C1=O,-2.7
CCC(C)C1NC(=O)C(CC2=CC3=C(C=CC=C3)C=C2)NC(=O)C4CCCN4C(=O)C(CC5=C[NH]C=N5)NC(=O)C6CCCCN6C(=O)C7CCCCN7C1=O,-3.98
CCC(C)C1NC(=O)C(CC2=C[NH]C3=C2C=CC=C3)NC(=O)C4CCCN4C(=O)C(CC5=CC=CC=C5)N(C)C(=O)C6CNCCN6C(=O)C7CCCCN7C1=O,-2.75
CCC(C)C1NC(=O)C(CC2=C[NH]C3=C2C=CC=C3)NC(=O)C4CCCN4C(=O)C(CC5=C[NH]C=N5)NC(=O)C6CCCCN6C(=O)C7CCC=NN7C1=O,-2.6
CCC(C)C1NC(=O)C(CC2=CC=CC=C2)NC(=O)C3CCCN3C(=O)C(CC4=CC=CC=C4)N(C)C(=O)C5CCC=NN5C(=O)C6CCC=NN6C1=O,-4.04
CC(C)C(C)C,-3.583
CCCCCCCCCCCC,-6.41
CC(C)(C)C,-3.337
CCCCCCCCCCCCCC,-7.456
CBr,-0.7959999999999999
CCCl,-1.055
ICI,-2.334
CC(F)F,-1.315
FC(Cl)Cl,-0.738
FC(F)Cl,-1.494
FC(F)F,-1.233
FC(F)(F)Br,-2.668
FC(Cl)(Cl)Cl,-2.096
FC(F)(F)Cl,-3.065
CF,-0.176
CC(C)=C,-2.329
C\C=C/C,-1.93
CCCCCC=C,-3.732
C\C=C\C,-2.041
FC(F)=C,-0.706
Cl\C=C\Cl,-1.187
BrC=C,-1.275
BrCCC=C,-2.247
Br\C=C\Br,-1.742
CC(C)OCCO,0.982
COCCO,1.119
COCCOC,1.045
CCOCCO,1.045
CCOCCOCCO,0.872
COCCOCCOC,0.872
CCCCCCOCCO,-1.169
CCOCCOCCOCC,0.79
CCCCOCCOCCCC,-1.94
CCCCOCCOCCOCCCC,-1.862
COC,0.884
CC1OC(C)OC(C)O1,-0.072
C1COCCO1,1.055
CCOCOCC,-0.173
C1COCO1,1.13
FC(F)OC(F)(F)C(F)Cl,-1.516
FC(F)OC(Cl)C(F)(F)F,-1.616
CCN(CC)N=O,0.016
O=NN1CCOCC1,0.935
CN(C)N=O,1.13
CCCN(CCC)N=O,-1.001
CCCCN(CCCC)N=O,-2.096
CCCCN(CC)N=O,-1.035
CCCCN(C)N=O,-0.7
CCN(C)N=O,0.532
CO[P](=O)(OC)OC=C(Cl)Cl,-1.344
CC(=O)CC(c1ccccc1)C2=C(O)Oc3ccccc3C2=O,-4.259
CC(O[P](C)(F)=O)C(C)(C)C,-0.938
CCO[P](=S)(OCC)Oc1ccc(Cl)cc1Cl,-6.109
CC(CCl)OC(C)CCl,-2.003
CNC(=O)O\N=C\C(C)(C)SC,-1.499
CO[P](=O)(OC)OC(/C)=C/C(=O)N(C)C,0.625
CO[P](=O)(OC)OC(Br)C(Cl)(Cl)Br,-2.28
CCO[P](=S)(CC)Oc1cc(Cl)c(Cl)cc1Cl,-5.752000000000001
CCO[P](=O)(OCC)OC(=C\Cl)/c1ccc(Cl)cc1Cl,-3.462
C1CC[C@H](NC1)c2cccnc2,0.79
CCCOC(N)=O,-0.13
CCCN(CCC)C(=O)SCC,-2.7030000000000003
CO[P](=S)(OC)SCSc1ccc(Cl)cc1,-5.294
ClC1=C(Cl)C2(Cl)[C@H]3CO[S](=O)OC[C@H]3[C@]1(Cl)C2(Cl)Cl,-5.902
CO[P](=O)(OC)OC(=C/Cl)/c1cc(Cl)c(Cl)cc1Cl,-4.522
CCSC(=O)N1CCCCCC1,-2.286
CC(C)(C)c1ccc(OC2CCCCC2O[S](=O)OCC#C)cc1,-5.846
CNC(=O)Oc1ccccc1C(C)C,-2.684
CO[P](=S)(OC)Oc1ccc(cc1)C#N,-3.723
CO[P](=S)(OC)Oc1ccc(Sc2ccc(O[P](=S)(OC)OC)cc2)cc1,-6.237
CO[P]1(=S)OCc2ccccc2O1,-3.571
CCO[P](=S)(OCC)Oc1cc(Cl)c(Br)cc1Cl,-5.952000000000001
CC(C)Nc1nc(N)nc(Cl)n1,-2.7060000000000004
CSc1nc(NC(C)C)nc(NC(C)C)n1,-3.864
CCCO[P](=O)(OCCC)Oc1ccc(SC)cc1,-3.386
CCO[P](=S)(OCC)SCSC(C)(C)C,-4.755
CCO[P](=S)(OCC)O\N=C(C#N)\c1ccccc1,-4.63
CN(C)C(=O)Nc1ccc(C)c(Cl)c1,-3.483
CNC(=O)O\N=C(/C)SC,-0.447
CCO[P](=O)(Sc1ccccc1)Sc2ccccc2,-3.3310000000000004
CSC1=NN=C(C(=O)N1N)C(C)(C)C,-2.245
CO[P](=S)(Oc1cc(Cl)c(Br)cc1Cl)c2ccccc2,-7.138
CCO[P](=O)(NC(C)C)Oc1ccc(SC)c(C)c1,-2.965
CCO[P](=S)(OCC)Oc1cc(C)nc(n1)N(CC)CC,-4.924
CCCO[P](=S)(OCCC)SCC(=O)N1CCCCC1C,-4.15
CCO[P](=S)(NC(C)C)Oc1ccccc1C(=O)OC(C)C,-4.194
CC(C)O[P](=O)(OC(C)C)SCc1ccccc1,-2.858
CCN(CC)C(=O)SCc1ccc(Cl)cc1,-3.964
CCN(CC)c1nc(C)cc(O[P](=S)(OC)OC)n1,-4.133
CCO[P](=O)(OCC)SCN1N=Nc2ccccc2C1=O,-1.993
CCCS[P](=O)(OCC)Oc1ccc(Br)cc1Cl,-4.125
COC(=O)C(C)Oc1ccc(Oc2ccc(Cl)cc2Cl)cc1,-3.834
CC(C)C(C(=O)OC(C#N)c1cccc(Oc2ccccc2)c1)c3ccc(Cl)cc3,-7.242999999999999
CC1(C)[C@@H](C=C(Cl)Cl)[C@H]1C(=O)OCc2cccc(Oc3ccccc3)c2,-6.99
CC(C)(C)C(O)C(Oc1ccc(Cl)cc1)n2cncn2,-3.392
CC(C)C(C(=O)OC(C#N)c1cccc(Oc2ccccc2)c1)c3ccc(OC(F)F)cc3,-6.876
COC(=O)c1ccccc1[S](=O)(=O)NC(=O)Nc2nc(C)nc(OC)n2,-1.604
Brc1ccc(cc1)c2ccccc2,-5.553
Cc1ccc(cc1)c2ccccc2,-4.618
Clc1cccc(c1)c2ccccc2Cl,-5.585
Clc1ccc(Cl)c(c1)c2ccccc2,-5.299
Brc1ccc(c(Br)c1Br)c2ccc(Br)c(Br)c2Br,-7.756
Clc1ccc(c(Cl)c1)c2ccccc2Cl,-6.49
Clc1ccc(Cl)c(c1Cl)c2c(Cl)ccc(Cl)c2Cl,-7.903
Clc1ccc(cc1)c2c(Cl)cccc2Cl,-6.209
Clc1ccc(cc1)c2ccc(Cl)c(Cl)c2,-6.553999999999999
c1ccc2cc3c(ccc4ccccc34)cc2c1,-7.385
[nH]1c2ccccc2c3ccccc13,-4.968
c1ccc2cc3c4ccccc4c5ccccc5c3cc2c1,-8.24
c1ccc2c(c1)ccc3cc4ccc5ccccc5c4cc23,-8.432
c1cnc2c(c1)ccc3ncccc23,-2.681
Cc1ccc2c(ccc3ccccc23)c1,-5.837000000000001
CC(=C)c1ccccc1,-3.008
c1ccc(cc1)\C=C\c2ccccc2,-5.792999999999999
CCc1ccccc1CC,-3.276
CCc1cccc(CC)c1,-3.748
C#Cc1ccccc1,-2.35
Cc1ccc(cc1)c2ccc(C)cc2,-6.018
CCCCCCCCc1ccccc1,-6.46
Fc1cccc(Cl)c1,-2.346
Fc1cccc(Br)c1,-2.6660000000000004
O=C(OOC(=O)c1ccccc1)c2ccccc2,-4.425
FC(F)(F)c1ccccc1,-2.511
S=C=Nc1ccccc1,-3.177
S=C=NCc1ccccc1,-3.136
NC(=O)c1c(Cl)cccc1Cl,-1.843
ClC(Cl)(Cl)CC(=C)c1ccccc1,-4.282
CCNCNC(=O)c1ccccc1,-0.075
CN,1.541
CCN,1.346
CC(C)N,1.228
CC(C)(C)N,1.136
CC(C)CN,1.136
CCCN,1.228
NCC=C,1.243
NC1CCCCC1,1.004
CCCCN,1.136
CCNCC,1.136
CCCCCN,1.06
C=CCNCC=C,-0.053
CNC,1.558
NCCO,1.214
Nc1cccc(N)c1,0.3429999999999999
Nc1ccc(Cl)cc1Cl,-2.417
Nc1cccc(O)c1,-0.607
Nc1cc(Cl)cc(Cl)c1,-2.315
Nc1c(Cl)cc(Cl)cc1Cl,-3.691
COc1cccc(OC)c1O,-0.952
COc1ccc(O)cc1,-0.492
Oc1cccc(Cl)c1Cl,-1.656
Oc1cc(Cl)cc(Cl)c1,-1.5590000000000002
Oc1ccc(Br)cc1Br,-2.123
Oc1c(Cl)ccc(Cl)c1Cl,-2.642
Cc1ccc(C)c(O)c1C,-1.936
CC(O)C(O)=O,1.045
OC=O,1.337
OC(=O)C(Cl)(Cl)Cl,0.519
CC12[C@@H](O)C=C[C@@]3(OC1=O)[C@@H]4CC[C@]5(O)C[C@]4(CC5=C)[C@H]([C@H]23)C(O)=O,-1.841
CCC(O)=O,1.13
OC(=O)C(Cl)Cl,0.89
CCC(Br)C(O)=O,-0.3779999999999999
OC(=O)Cc1c[nH]c2ccccc12,-2.067
CCCCC(O)=O,-0.416
C/C=C/C=C/C(O)=O,-1.652
OC(=O)\C=C\c1ccccc1,-2.434
CCCCC(CC)C(O)=O,-1.858
COc1ccc(\C=C\C(O)=O)cc1,-2.398
OC(=O)c1cc(Cl)cc(Cl)c1,-3.114
OC(=O)c1ccc(Cl)c(Cl)c1,-3.495
OC(=O)c1ccc2ccccc2c1,-3.564
CC(C)(C)c1ccc(cc1)C(O)=O,-3.804
Nc1cccc(c1)C(O)=O,-1.366
OC(=O)c1ccc(O)c(O)c1,-0.928
COc1ccc(cc1)C(O)=O,-2.458
OC(=O)c1c(O)cccc1O,-1.207
OC(=O)c1cccc(F)c1,-1.97
OC(=O)c1cccc(Br)c1,-2.699
OC(=O)c1ccc(Br)cc1,-3.525
OC(=O)c1ccc(I)cc1,-3.963
CN(C)c1ccc(cc1)C(O)=O,-3.398
CO,1.494
CC(C)(C)O,1.13
OCC=C,1.236
OCC#C,1.251
CC(C)(O)C#C,1.075
OCCF,1.193
C=O,1.121
CC=O,1.356
ClC(Cl)(Cl)C=O,-0.691
O=C/C=C/c1ccccc1,-1.969
CCCOC(=O)c1ccc(O)cc1,-2.557
CCOC(=O)C(C)=C,-1.325
CC(C)COC(=O)C(C)=C,-2.039
CCCCOC(=O)C(C)=C,-2.25
CCOC(=O)\C=C\c1ccccc1,-2.9960000000000004
CCOC(=O)NC,0.826
CC(=O)OC=C,-0.634
COCC(C)OC(C)=O,0.176
CC(=C)C(=O)OCCOCCOCCOC(=O)C(C)=C,-1.901
CCCOC(=O)c1ccccc1C(=O)OCCC,-3.365
Nc1ccc(c(O)c1)C(=O)Oc2ccccc2,-4.515
CC(=O)OCc1ccccc1,-1.685
CCCCOC(=O)C=C,-1.807
CCOC(=O)CC(C)=O,-0.073
CC(=C)C(=O)OC(C)(C)C,-2.153
CC(C)OC(=O)c1ccccc1C(=O)OC(C)C,-2.877
OCCOC(=O)C=C,0.935
CC(=C)C(=O)OCCO,-0.114
CC(=O)OCCBr,-0.674
CC(O)COC(=O)C=C,0.8859999999999999
CC(=O)OC[C@@H](OC(C)=O)[C@@H](OC(C)=O)[C@H](OC(C)=O)[C@@H](OC(C)=O)C=O,-2.415
CC(C)=O,1.236
CCC(=O)c1ccc(O)cc1,-2.639
CC(=O)C(C)=O,0.366
CC(C)C(C)=O,-0.151
C1CO1,1.356
ClCC1CO1,-0.147
OCC1CO1,1.13
C1OC1C2CO2,1.065
OCC(F)(F)F,1.0
OCCCl,1.094
OCC(Cl)(Cl)Cl,-0.254
OCCBr,0.903
C#N,1.568
CCC#N,0.272
CCCC#N,-0.321
N#CCCCCC#N,-0.131
CC(=C)C#N,-0.422
N#CCCCC#N,1.026
CN1C(=O)N(C)c2nc[nH]c2C1=O,-1.389
O=C1Nc2ccccc2C=C1,-2.139
CN1CC(=O)N=C1N,-0.15
C[C@H]1C[C@H](C)C(=O)[C@@H](C1)[C@H](O)CC2CC(=O)NC(=O)C2,-1.127
CNCC(C)c1ccccc1,-1.095
O=C1NNC(=O)C=C1,-1.271
O=NN1CCCC1,0.999
CCCCCCCCCCCCN1CCCC1=O,-4.67
CCCCCCCCCCCCN1CC(CC1=O)C(O)=O,-3.2230000000000003
CN1CC(CC1=O)C(O)=O,-0.954
COC(=O)C1CN(C)C(=O)C1,0.804
CCCCCCN1CC(CC1=O)C(=O)OC,-1.246
CN1CCC[C@H]1c2cccnc2,0.79
CCc1ccccn1,0.501
Cc1cc(C)nc(C)c1,-0.539
Cc1ccncc1,1.031
Cc1cccnc1,1.031
Brc1ccccn1,-0.8809999999999999
Cc1ccccn1,1.031
Clc1ccccn1,-0.754
Cc1cnccn1,1.026
COC(=O)[C@H]1[C@H](CC2CCC1N2C)OC(=O)c3ccccc3,-2.227
CC(C)(S)[C@@H](N)C(O)=O,-0.128
CC\C(c1ccc(O)cc1)=C(\CC)c2ccc(O)cc2,-4.35
O=C1C[C@@H]2OCC=C3CN4CC[C@@]56[C@@H]4C[C@@H]3[C@@H]2[C@@H]5N1c7ccccc67,-3.32
CCN(CC)C(=O)c1cccnc1,0.7490000000000001
Cn1cnc2N(C)C(=O)NC(=O)c12,-2.737
COC1CC(=O)C[C@@H](C)[C@]12Oc3c(Cl)c(OC)cc(OC)c3C2=O,-4.611000000000001
OC[C@H]1O[C@@H](Oc2ccccc2CO)[C@H](O)[C@@H](O)[C@@H]1O,-0.855
CN[C@@H](C)[C@H](O)c1ccccc1,-0.415
O=C1N=CN=C2NNC=C12,-2.379
COc1cc2N3C4[C@@H]5C(CC3=O)OCC=C6CN7CC[C@]4([C@@H]7C[C@H]56)c2cc1OC,-2.091
Oc1cc(O)c2C(=O)C[C@H](Oc2c1)c3ccc(O)c(O)c3,-3.615
CCCC1(CCC)C(=O)NC(=O)NC1=O,-2.549
NC1=CC(=NC(=N)N1O)N2CCCCC2,-1.982
CNc1cccc2C(=O)c3ccccc3C(=O)c12,-6.3
Nc1ccc(N)c2C(=O)c3ccccc3C(=O)c12,-5.859
COc1cc(N)c2C(=O)c3ccccc3C(=O)c2c1N,-5.746
O=C1C(c2ccc3ccccc3n2)C(=O)c4ccccc14,-6.209
C[C@@H]1C[C@H]2[C@@H]3CCC4=CC(=O)C=C[C@]4(C)[C@@]3(F)[C@@H](O)C[C@]2(C)[C@@]1(O)C(=O)CO,-3.644
CC(=O)OCC(=O)[C@@]1(O)CC[C@H]2[C@@H]3CCC4=CC(=O)CC[C@]4(C)[C@H]3[C@@H](O)C[C@]12C,-4.458
CC(=O)OCC(=O)[C@@]1(O)CC[C@H]2[C@@H]3CCC4=CC(=O)CC[C@]4(C)[C@H]3C(=O)C[C@]12C,-4.303999999999999
C[C@]12C[C@H](O)[C@H]3[C@@H](CCC4=CC(=O)CC[C@]34C)[C@@H]1CC[C@@H]2C(=O)CO,-3.241
C[C@]12CCC(=O)C=C1CC[C@H]3[C@@H]4CC[C@](O)(C(=O)CO)[C@@]4(C)C[C@H](O)[C@H]23,-3.054
C[C@]12C[C@H](O)[C@H]3[C@@H](CCC4=CC(=O)C=C[C@]34C)[C@@H]1CC[C@]2(O)C(=O)CO,-3.209
CC(=O)S[C@@H]1CC2=CC(=O)CC[C@]2(C)[C@H]3CC[C@@]4(C)[C@@H](CC[C@@]45CCC(=O)O5)[C@H]13,-4.277
CC(=O)OCC(=O)[C@@]1(O)CC[C@H]2[C@@H]3CCC4=CC(=O)C=C[C@]4(C)[C@H]3[C@@H](O)C[C@]12C,-4.369
C[C@]12CCC(=O)C=C1CC[C@H]3[C@@H]4CC[C@](O)(C(=O)CO)[C@@]4(C)CC(=O)[C@H]23,-3.11
C[C@]12CC[C@H]3[C@@H](CCc4cc(O)ccc34)[C@@H]1CCC2=O,-3.955
CC(=O)OCC(=O)[C@H]1CC[C@H]2[C@@H]3CCC4=CC(=O)CC[C@]4(C)[C@H]3CC[C@]12C,-4.63
CC(=O)[C@H]1CC[C@H]2[C@@H]3CCC4=CC(=O)CC[C@]4(C)[C@H]3CC[C@]12C,-4.553
C[C@]1(O)CC[C@H]2[C@@H]3CCC4=CC(=O)CC[C@]4(C)[C@H]3CC[C@]12C,-3.95
C[C@]12CC[C@H]3[C@@H](CCC4=CC(=O)CC[C@]34C)[C@@H]1CC[C@@H]2O,-4.091
C[C@]12CC[C@H]3[C@@H](CCC4=CC(=O)CC[C@]34C)[C@@H]1CCC2=O,-3.695
C[C@]12CC[C@H]3[C@@H](CCC4=CC(=O)CC[C@]34C)[C@@H]1CC[C@@H]2C(=O)CO,-3.745
CC(=O)OCC(=O)[C@@]1(O)[C@@H](C[C@H]2[C@@H]3CCC4=CC(=O)C=C[C@]4(C)[C@@]3(F)[C@@H](O)C[C@]12C)OC(C)=O,-4.13
CC(=O)[C@@]1(O)CC[C@H]2[C@@H]3CCC4=CC(=O)CC[C@]4(C)[C@H]3CC[C@]12C,-4.708
CC1(C)O[C@@H]2C[C@H]3[C@@H]4CCC5=CC(=O)C=C[C@]5(C)[C@@]4(F)[C@@H](O)C[C@]3(C)[C@@]2(O1)C(=O)CO,-4.316
C[C@]12C[C@H](O)[C@@]3(F)[C@@H](CCC4=CC(=O)C=C[C@]34C)[C@@H]1C[C@@H](O)[C@]2(O)C(=O)CO,-3.693
C[C@]12C[C@H](O)[C@@]3(F)[C@@H](CCC4=CC(=O)CC[C@]34C)[C@@H]1CC[C@]2(O)C(=O)CO,-3.434
C[C@H]1C[C@H]2[C@@H]3CCC4=CC(=O)C=C[C@]4(C)[C@@]3(F)[C@@H](O)C[C@]2(C)[C@@]1(O)C(=O)CO,-3.771
C[C@H]1C[C@H]2[C@@H]3CC[C@](O)(C(C)=O)[C@@]3(C)C[C@H](O)[C@]2(F)[C@@]4(C)C=CC(=O)C=C14,-4.099
C[C@@H]1C[C@H]2[C@@H]3CCC4=CC(=O)C=C[C@]4(C)[C@@]3(F)[C@@H](O)C[C@]2(C)[C@@]1(O)C(=O)COC(C)=O,-4.9
CCCCC(=O)O[C@@]1([C@@H](C)C[C@H]2[C@@H]3CCC4=CC(=O)C=C[C@]4(C)[C@@]3(F)[C@@H](O)C[C@]12C)C(=O)CO,-4.71
NC1(CCCC1)C(O)=O,-0.412
NCCCC(O)=O,1.101
Nc1nc(N)nc(n1)c2ccccc2,-2.494
OCc1occc1,1.008
[nH]1cccc1,-0.173
Cc1occc1,-1.4369999999999998
CSc1sc2ccccc2n1,-3.161
NCc1occc1,1.013
CN(C)c1nc(nc(n1)N(C)C)N(C)C,-3.364
COC(=O)C(C)N(C(=O)c1occc1)c2c(C)cccc2C,-3.117
OC[C@H]1O[C@H](O[C@]2(CO)O[C@H](CO)[C@@H](O)[C@@H]2O)[C@H](O)[C@@H](O)[C@@H]1O,0.7879999999999999
CC(O)CO,1.119
CCC(CO)(CO)CO,0.872
CC(O)COC(C)CO,0.872
OCCO,1.207
OCCNCCO,0.978
C[C@@H](O)[C@H](C)O,1.045
OCC(CO)(CBr)CBr,-0.838
CC(N)=S,0.336
CCO[S](=O)(=O)OCC,-1.3430000000000002
C[S](C)=O,1.107
OC(=O)CS,1.036
S=C=S,-1.81
CO[S](=O)(=O)OC,-0.654
CCSCC,-1.46
C[S](F)(=O)=O,-0.515
O=[P](Oc1ccccc1)(Oc2ccccc2)Oc3ccccc3,-5.235
CCCCO[P](=O)(OCCCC)OCCCC,-2.978
CO[P](=O)(OC)OC,0.5529999999999999
CN(C)[P](=O)(N(C)C)N(C)C,0.747
CO[P](C)(=O)OC,0.906
CC(C)O[P](C)(=O)OC(C)C,-0.052
N(c1ccccc1)c2cccc3ccccc23,-3.563
Nc1cccc2cccc(N)c12,-2.27
Oc1ccc2cc(O)ccc2c1,-2.205
Cc1ccc2cc(C)c(C)cc2c1,-5.001
Nc1cccc2c(N)cccc12,-2.619
C[C@H](CCC(O)=O)[C@H]1CC[C@H]2[C@@H]3[C@H](O)C[C@@H]4C[C@H](O)CC[C@]4(C)[C@H]3C[C@H](O)[C@]12C,-3.3680000000000003
C[C@H](CCC(O)=O)[C@H]1CC[C@H]2[C@@H]3CC[C@@H]4C[C@H](O)CC[C@]4(C)[C@H]3C[C@H](O)[C@]12C,-3.954
C[C@H](CCC(O)=O)[C@H]1CC[C@H]2[C@@H]3[C@@H](O)C[C@@H]4C[C@H](O)CC[C@]4(C)[C@H]3CC[C@]12C,-4.293
C[C@H](CCC(O)=O)[C@H]1CC[C@H]2[C@@H]3[C@H](O)C[C@@H]4C[C@H](O)CC[C@]4(C)[C@H]3CC[C@]12C,-3.64
C[C@H](CCC(O)=O)[C@H]1CC[C@H]2[C@@H]3[C@H](O)[C@H](O)[C@@H]4C[C@H](O)CC[C@]4(C)[C@H]3CC[C@]12C,-4.346
Clc1cc2Oc3cc(Cl)c(Cl)cc3Oc2cc1Cl,-9.207
Clc1c(Cl)c(Cl)c2Oc3c(Cl)c(Cl)c(Cl)c(Cl)c3Oc2c1Cl,-12.06
Clc1cc2oc3cc(Cl)c(Cl)cc3c2cc1Cl,-8.646
Clc1ccc2Oc3c(Cl)c(Cl)c(Cl)cc3Oc2c1,-8.874
CN(C)C=O,1.136
NC=O,1.346
CNC(C)=O,1.136
O=C1CCCCCN1,0.8340000000000001
CCCC(N)=O,0.272
NC(=O)CF,1.113
ClCCNC(=O)N(CCCl)N=O,-1.7280000000000002
Cc1cccc(c1)[S](N)(=O)=O,-1.341
N[S](=O)(=O)c1ccc(CCCO)cc1,-1.032
N[S](=O)(=O)c1ccc(CCCCO)cc1,-1.193
N[S](=O)(=O)c1ccc(CCCCCO)cc1,-1.971
CSCOC(=O)c1ccccc1OC(C)=O,-2.64
OC(=O)[C@@H]1CCCN1C(=O)COC(=O)c2ccccc2,-1.592
CCCCCCNC(=O)COC(=O)c1ccccc1,-3.902
CCOC(=O)OCC,-0.7979999999999999
CC1=C(O)C(=O)C=CO1,-1.063
CCC(O)(COC(N)=O)c1ccccc1,-0.923
OC(=O)c1c(Cl)ccc(Cl)c1Cl,-1.467
OCC(O)C1OC(=C(O)C1=O)O,0.2769999999999999
CN1[C@@H]2CC(C[C@H]1C3OC23)OC(=O)[C@H](CO)c4ccccc4,-0.504
C[C@]12CC[C@@H](O)C[C@@H]1CC[C@@H]3[C@@H]2CC[C@@]4(C)[C@H]3CCC4=O,-4.402
CC(=O)Nc1ccc2c(Cc3ccccc23)c1,-4.625
C[C@@]12[C@H]3CC[C@H](O3)[C@]1(C)C(=O)OC2=O,-3.816
NC(Cc1c[nH]c2ccc(O)cc12)C(O)=O,-1.3430000000000002
OCC(O)C=O,-0.489
C=CCN=C=S,-1.695
CN(C)N,1.221
O=C1CCO1,0.711
C[C@]12CC[C@H]3[C@@H](CCc4cc(O)ccc34)[C@@H]1CC[C@@]2(O)C#C,-4.419
CCC(=O)O[C@H]1CC[C@H]2[C@@H]3CCC4=CC(=O)CC[C@]4(C)[C@H]3CC[C@]12C,-5.367000000000001
OC(=O)CCCCC1SCC2NC(=O)NC12,-3.0460000000000003
Nc1ccc(cc1)[S](=O)(=O)Nc2cnc3ccccc3n2,-4.603
OCC(S)CS,-0.155
OC[C@H]1O[C@@H](Oc2cc(O)cc(O)c2C(=O)CCc3ccc(O)cc3)[C@H](O)[C@@H](O)[C@@H]1O,-2.64
CCO[S](C)(=O)=O,0.402
CCC(C)C(C)(COC(N)=O)COC(N)=O,-2.366
C[C@]12CC[C@H]3[C@@H](CCC4=CC(=O)CC[C@H]34)[C@@H]1CC[C@@]2(O)C#C,-4.627
OC(=O)CC(S)C(O)=O,0.522
CS,-0.495
ClC=C,-1.36
FC=C,-0.276
CC(=O)C(C)(C)C,-0.722
CC(Cl)(Cl)C(O)=O,0.545
CC(O)C(Cl)(Cl)Cl,-0.757
FC(F)(F)C(F)(F)Cl,-3.411
FC(F)(F)C(F)(F)C(F)(F)F,-4.518
OC1CC(O)(CC(O)C1O)C(O)=O,0.179
CCC(C)(CC)OC(N)=O,-1.56
CCCC(C)(COC(N)=O)COC(=O)NC(C)C,-2.938
CCC(C)C,-3.1630000000000003
CC(C)C=O,0.091
CC(=C)C=O,-0.039
ClCC(Cl)=C,-1.713
Nc1ccc(cc1)[S](=O)(=O)c2ccc(NCCO)cc2,-2.597
CC(C)(O)C1CCC(C)(O)CC1,-1.634
CC(=O)C1CC[C@H]2[C@@H]3CCC4=CC(=O)CC[C@]4(C)[C@H]3[C@H](O)C[C@]12C,-3.82
CN1C(c2ccc(Cl)cc2)[S](=O)(=O)CCC1=O,-2.039
CN1CCN(CC1)C(c2ccccc2)c3ccccc3,-2.426
C[C@H]1C[C@H]2[C@@H]3CC[C@](O)(C(=O)CO)[C@@]3(C)C[C@H](O)[C@@H]2[C@@]4(C)C=CC(=O)C=C14,-3.494
c1ccc(cc1)c2ccccc2c3ccccc3,-5.269
C/C=C(c1ccc(O)cc1)/C(=C/C)c2ccc(O)cc2,-4.948
COc1ccc2nccc(C(=O)C3CC4CCN3CC4C=C)c2c1,-5.031000000000001
COc1c2C=CC(=O)Oc2cc3OC(C)(C)C=Cc13,-3.81
Cc1cccc(NC(=O)c2ccccc2C(O)=O)c1,-2.407
Nc1ccc2ccccc2c1N=Nc3ccccc3,-5.916
CN1C2CCC1CC(C2)OC(=O)C(O)c3ccccc3,-1.44
Clc1ncnc2nc[nH]c12,-1.49
Oc1cccc(O)c1O,0.604
OCC(O)C(O)C(O)CO,0.625
OC(=O)c1cc(C(O)=O)c(cc1C(O)=O)C(O)=O,-1.259
C1CCN2C[C@@H]3C[C@@H](CN4CCCC[C@H]34)[C@@H]2C1,-1.887
C1CCC2CCCCC2C1,-5.192
c1ccc(cc1)c2cccc(c2)c3ccccc3,-5.183
ClCC(=O)N(CC=C)CC=C,-0.945
CC(C)COC(=O)c1ccc(N)cc1,-2.944
O=C(/C=C/C=C/c1ccc2OCOc2c1)N3CCCCC3,-3.853
Cc1ccc(Cl)c(Cl)c1,-3.792
COC1OC(CO)C(O)C(O)C1O,0.299
OC(=O)CC(=C)C(O)=O,-0.2289999999999999
ClC(Cl)(Cl)c1ccccc1,-3.567
CC(C)(C)c1ccc(O)c(O)c1,-1.92
CC1=CC[C@@H](CC1)C(C)(C)O,-1.889
OC(=O)C1CCC(=O)N1,0.5670000000000001
CC(N)c1ccccc1,-0.46
ClC(Cl)c1ccccc1,-2.809
OC(=O)CC(CC(O)=O)C(O)=O,0.275
C=CC1CCC=CC1,-3.335
Cc1cccc(C=C)c1,-3.123
C(OCc1ccccc1)c2ccccc2,-3.695
CC(C)CC(=O)CC(C)C,-2.52
CCOCCOC(=O)/C=C/c1ccc(OC)cc1,-2.699
OCC(O)COc1ccc(Cl)cc1,-1.307
COc1ccc(\C=C\C)cc1,-3.1260000000000003
Cc1ccc(C=O)cc1,-1.724
OC(=O)/C=C/c1[nH]cnc1,-1.964
COC(=O)CC(C)=O,0.634
CCC(C)OC(C)=O,-1.273
CCOC(=O)CC#N,-0.753
CCC1CO1,-0.086
C=CCOCC1CO1,0.092
CCC#C,-1.275
NC(=O)OCC(Cl)(Cl)Cl,-1.284
CC(C)NC(C)C,0.036
CC(=O)OC(C)=O,0.07
C=C1OC(=O)C=C1,-0.983
CC1COC(=O)O1,0.2339999999999999
CCOC(=O)CC(C)C,-1.652
CC(C)CC(O)CC(C)C,-2.1590000000000003
CC(C)CC(C)OC(C)=O,-2.045
CCCCOC(=O)CCC,-2.46
NC(=S)NCC=C,-0.294
CC\C=C/C,-2.5380000000000003
C=COC=C,-1.261
CC(C)(C)OOC(C)(C)C,-3.165
CCOC(=O)CCCCCCCCC(=O)OCC,-3.51
CCCCCCC(O)=O,-1.664
CCOCCOC(C)=O,0.272
OC(=O)CCSCCC(O)=O,-0.68
CCCCOC=C,-1.524
CC(=O)OCCOC(C)=O,0.086
CCCCCCCCC,-5.766
NCCNCCNCCN,0.835
ClCCOCCOCCCl,-0.996
NCCNCCNCCNCCN,0.723
CC[S](=O)(=O)C(C)(C)[S](=O)(=O)CC,-1.927
FC1(F)C(F)(F)C(F)(F)C1(F)F,-3.638
COC1=CC=C2[C@H]3Cc4ccc(OC)c5O[C@@H]1[C@]2(CCN3C)c45,-2.661
CO[P](=O)(Oc1ccccc1)Oc2ccccc2,-2.121
C1CCc2ccccc2C1,-3.452
Oc1ccc(Cl)cc1Cc2ccccc2,-3.167
C1OC1COc2ccccc2,-1.796
CCCCC(CC)CCl,-3.172
OC(=O)CCC(=O)OOC(=O)CCC(O)=O,-0.847
NCCCCCCN,0.935
FC(Br)C(F)(F)F,-1.901
CC(=O)C1C(=O)C=C2Oc3c(C(C)=O)c(O)c(C)c(O)c3C2(C)C1=O,-3.537
NC(=O)OC1(CCCCC1)C#C,-1.825
CCO[P](=O)(OCC)SCCSCC,-2.111
CCCC1OC1(CC)C(N)=O,-1.175
COc1ccc2[C@H](OC(=O)c2c1OC)[C@@H]3N(C)CCc4cc5OCOc5c(OC)c34,-3.139
COc1ccc(C(=O)Cc2c(CCN(C)C)cc3OCOc3c2OC)c(C(O)=O)c1OC,-2.535
Cc1cc(O)c(Cl)c(C)c1Cl,-2.98
Nc1ccc(cc1)c2ccc(Cl)cc2,-4.638999999999999
CCCCOC(=O)C(C)O,-0.563
CCOC(=O)CCCCC(=O)OCC,-1.68
CC(C)=CC(C)=O,-0.531
OC(=O)CC(O)=O,0.865
CC(=O)[C@H]1CC[C@H]2[C@@H]3CC=C4C[C@@H](O)CC[C@]4(C)[C@H]3CC[C@]12C,-4.652
O[C@@H]([C@H](O)C(O)=O)C(O)=O,0.8240000000000001
OC(C(O)C(O)=O)C(O)=O,0.5720000000000001
C[C@@H]1C[C@H]2[C@@H]3C[C@H](F)C4=CC(=O)C=C[C@]4(C)[C@H]3[C@@H](O)C[C@]2(C)[C@H]1C(=O)CO,-3.113
C1CN2CCN1CC2,0.603
CCO[P](=S)(OCC)Oc1cnccn1,-2.338
CCO[P](=S)(OCC)OCCSCC,-3.634
CCC(C)(OC(N)=O)C#C,-0.946
Fc1ccccc1Cl,-2.416
Fc1ccccc1F,-2.0
C[C@]12CC(=O)[C@H]3[C@@H](CCC4=CC(=O)CC[C@]34C)[C@@H]1CCC2=O,-3.484
FC(F)(F)COC=C,-1.4780000000000002
C[C@]12CCC(=O)C=C1CC[C@@H]3[C@@H]2CC[C@@]4(C)[C@H]3CC[C@@]4(O)C#C,-5.658
C[C@H](CCC(O)=O)[C@H]1CC[C@H]2[C@@H]3CC[C@@H]4C[C@H](O)CC[C@]4(C)[C@H]3CC[C@]12C,-6.0
CCC[C@H]1CCCCN1,-0.8490000000000001
CC1(C)C2CCC1(C)[C@@H](O)C2,-2.319
CC1(C)[C@H]2CC[C@@]1(C)C(=O)C2,-3.1830000000000003
CC1OC(O[C@H]2CC[C@]3(C)[C@H]4CC[C@]5(C)[C@H](CC[C@]5(O)[C@@H]4CCC3=C2)C6=COC(=O)C=C6)C(O)C(O)C1O,-3.955
Nc1ccc(cc1)[S](=O)(=O)c2sc(N)nc2,-2.805
C[C@]12CC[C@H]3C(=CCc4cc(O)ccc34)[C@@H]1CCC2=O,-5.279
COc1cc(cc(OC)c1OC)[C@H]2[C@H]3[C@H](COC3=O)[C@@H](O)c4cc5OCOc5cc24,-3.617
OC[C@H]1O[C@@H](O[C@@H]2OC=C[C@H]3[C@H](O)C=C(CO)[C@@H]23)[C@H](O)[C@@H](O)[C@@H]1O,0.012
Cc1cc(C)c(c(C)c1)C(O)=O,-2.357
C[C@H]1[C@@H]2CC[C@@]3(C)C=CC(=O)C(=C3[C@H]2OC1=O)C,-3.09
C[C@]12CC[C@H](O)C[C@@H]1CC[C@@H]3[C@@H]2CC[C@@]4(C)[C@H]3CCC4=O,-4.158
CN1C2CCC1[C@H]([C@@H](O)C2)C(O)=O,-0.017
O=C1C=CC=C2[C@@H]3CNC[C@H](C3)CN12,0.363
O[C@@H]1C[C@@H](O)[C@H](O)C(O)[C@H]1O,-0.174
OC[C@H]1O[C@H](O)[C@H](O)[C@@H](O)[C@@H]1O,0.4429999999999999
O=C(NN\C=C/1C=CC=CC1=O)c2ccncc2,-3.683
C\C(=C\C(O)=O)C(O)=O,0.779
C\C(=C/C(O)=O)C(O)=O,-0.6940000000000001
ClCCC(=O)NCc1ccccc1,-3.2960000000000003
O[S](=O)(=O)C[S](O)(=O)=O,0.754
CC(C)CC(O)=O,-0.4
OC(=O)CCCCCCC(O)=O,-1.169
ClCCSCCCl,-2.363
OC(=O)\C=C/C=C\C(O)=O,-2.852
CC(C)(C)Br,-2.359
CC(C)(C)Cl,-1.507
CCOC(=O)C(O)(c1ccc(Cl)cc1)c2ccc(Cl)cc2,-4.512
C[C@@H]1CC[C@@]2(OC1)O[C@H]3C[C@H]4[C@@H]5CC=C6C[C@@H](O)CC[C@]6(C)[C@H]5CC[C@]4(C)[C@H]3[C@@H]2C,-7.317
CC=C(C)C,-2.56
CC12CC[C@H](O)CC1CCC3C4CCC(=O)C4(C)CC(O)C23,-3.593
CC(=O)C1CCOC1=O,0.193
COc1cc(cc(OC)c1OC)[C@H]2[C@@H]3[C@H](COC3=O)Cc4c(O)c5OCOc5cc24,-4.503
Oc1cc(O)c(c(O)c1)C(=O)c2ccc(O)c(O)c2,-1.72
CC(=O)C1C(=O)OC(=CC1=O)C,-1.226
COC1=C(C#N)C(=O)N(C)C=C1,-1.784
OC[C@H](O)[C@@H](O)C(O)[C@H](O)[C@H](O)CO,-0.517
CC(=O)c1ccc(O)c(O)c1O,-2.022
OC(=O)c1ccc(C(O)=O)c(c1)C(O)=O,-1.0
CC(C)C(CC=C)C(=O)NC(N)=O,-2.747
CC(=O)c1ccc(O[C@@H]2O[C@H](CO)[C@@H](O)[C@H](O)[C@H]2O)cc1,-1.1740000000000002
C=C(c1ccccc1)c2ccccc2,-4.436
CCN(CC)C(=O)CC(C)C,-0.595
OC(CI)CI,-1.3969999999999998
CN(C)c1cc(C)nc(Cl)n1,-1.261
CCc1cccnc1,0.5379999999999999
CN1C2CCC1CC(C2)OC(=O)c3ccccc3,-2.369
CCOC(=O)NCC(C)C,-0.768
CCCCCOC(=O)CCC,-2.467
CC(=O)OC(C)(C)C,-1.144
CC(=O)NCC(O)=O,-0.649
CC(C)CCOCCC(C)C,-2.898
C=C1CCOC1=O,0.184
CCOC(=O)C(C1=C(O)Oc2ccccc2C1=O)C3=C(O)Oc4ccccc4C3=O,-3.426
COC(=O)C1=CO[C@@H](O[C@@H]2O[C@H](CO)[C@@H](O)[C@H](O)[C@H]2O)[C@@H]3[C@@H](C)CC(=O)[C@H]13,-0.265
CC(C)c1ccc(C)c(C(O)=O)c1O,-3.2880000000000003
OC[C@H]1O[C@H]([C@H](O)[C@@H]1O)n2cnc3cncnc23,-0.402
OC(=O)\C=C/C(=O)Nc1ccccc1,-2.281
C=CCOCC=C,-0.02
CN1CC[C@]23[C@H]4Oc5c(OC(C)=O)ccc(C[C@@H]1[C@@H]2C=C[C@@H]4OC(C)=O)c35,-2.797
CCC(C)(C)CC,-4.229
CC(C)C=C,-2.732
CCC(C)=C,-2.732
CCC(C)C(C)(C)C,-4.678
CCC(C)C(C)C,-4.281000000000001
CCC(C)C(C)=O,-0.6809999999999999
CCC(=O)C(C)C,-0.81
CC(C)C(C)C(C)C,-4.696000000000001
CC(C)C(=O)C(C)C,-1.3019999999999998
COc1cc(cc(OC)c1O)[C@H]2[C@@H]3[C@H](COC3=O)Cc4c(O)c5OCOc5cc24,-4.125
OC(=O)c1cccc(C(O)=O)c1C(O)=O,-0.8370000000000001
OC(=O)c1[nH]cnc1C(O)=O,-2.494
CCCOC(=O)CN1C=C(I)C(=O)C(=C1)I,-3.504
CCCC(C)CC,-4.306
CCCC(=O)CC,-0.833
CCCCC(C)CC,-5.159
Brc1ccc(I)cc1,-4.452
CCCCOC(=O)CC,-1.938
CCCC(C)(C)C,-4.357
CC1=CCC(=O)O1,-0.293
CCCCC(C)C,-4.596
C/C=C/CCl,-1.957
CCCC\C=C\C,-3.816
CCCCOC=O,-1.131
CC(=O)O[C@@]1(CC[C@H]2[C@@H]3C=C(C)C4=CC(=O)CC[C@]4(C)[C@H]3CC[C@]12C)C(C)=O,-5.284
CC(C)(C(O)=O)C(O)=O,-0.1669999999999999
CC(C)(CC(O)=O)C(O)=O,-0.32
CC(C)C(O)C(C)C,-1.22
OC(=O)c1c(Br)c(O)c(O)c(O)c1Br,-0.419
O=C1C=CNc2ccccc12,-1.481
OC(C(O)=O)c1ccccc1,0.053
Clc1ccccc1I,-3.532
Ic1ccccc1I,-4.217
CCC(O)C=C,0.02
OC[C@H]1O[C@@H](Oc2ccccc2C=O)[C@H](O)[C@@H](O)[C@@H]1O,-1.198
OC(=O)c1cc(O)cc(c1)C(O)=O,-2.482
Cc1ccc(C=C)cc1,-3.123
CCCCC(O)CCCC,-2.49
COC(=O)\C=C/C(=O)OC,-0.256
CCCCCCC(O)CC,-2.654
ICCI,-3.216
COCC(C)C,-0.9
CC(C)OC=O,-0.629
Ic1cccc(I)c1,-4.518
OCCCBr,0.009
OCCCCl,0.422
CCCCCCCC(C)O,-2.744
CCCCCCCCCCCCCCCO,-6.35
OC(=O)c1ccnc(C(O)=O)c1C(O)=O,-1.245
CCC(=O)OC(C)C,-1.29
CC1NC(C)SC(C)S1,-1.368
CC\C=C\C,-2.5380000000000003
C=CC#C,-1.464
CCCC(C)=C,-3.033
C1CC[C@@H]2NCCC[C@H]2C1,-1.083
CCOC(=O)CCCC(=O)OCC,-1.33
OCCCC=C,-0.179
OC(=O)CC(Br)C(O)=O,-0.215
CCC#CCC,-2.167
CCOc1ccc(N[S](=O)(=O)c2ccc(N)cc2)nn1,-2.427
CNc1nc(NC(C)C)nc(SC)n1,-2.5660000000000003
Fc1ccccc1Br,-2.695
CCCCC#CC,-2.7710000000000004
NCC1CCC(CC1)C(O)=O,0.026
CC[C@@H]1CCCCN1,-0.346
CC(=O)Oc1ccc(Br)cc1C(O)=O,-2.589
COc1ccc(NC(N)=O)cc1,-1.592
C/C=C/C(C)O,0.015
CCCCCCCCCC(C)O,-2.94
Cc1cnc2c(ccc3c(C)c(C)cnc23)c1C,-5.195
CN(C)CC\C=C1/c2ccccc2COc3ccccc13,-3.947
O=C1C=CC(C=C1)=NNc2ccccc2,-3.343
Nc1ncnc2n(cnc12)[C@]3(CO)O[C@H](CO)[C@@H](O)[C@H]3O,-1.57
CC(C)c1ccc2ccccc2c1,-5.297999999999999
CCOC(=O)CCCCCCC(=O)OCC,-2.53
Cc1ccc2cc3c(ccc4ccccc34)cc2c1,-6.816
CCOC(=O)[C@H](Cc1c[nH]c2ccccc12)N(C)C=O,-2.271
C#CCCCC#C,-1.747
C#CCCCCCC#C,-2.983
CC(C)CCCCCCO,-2.487
Cc1c2ccccc2cc3c4ccccc4ccc13,-7.343
CC(=C)[C@@H]1[C@H]2OC(=O)[C@@H]1[C@]3(O)[C@H]4O[C@H]4[C@]5(CO5)[C@]3(C)[C@@H]2O,-1.19
CC(=O)Nc1ccc(N\N=C\2C=C(C)C=CC2=O)cc1,-5.358
C=CCCCC=C,-3.34
CC1CCCC(C)(C)C1,-4.853
Oc1ccccc1C(=O)N2CCOCC2,-1.704
CC(=C)C1(O)[C@H]2OC(=O)[C@@H]1[C@]3(O)[C@H]4O[C@H]4[C@]5(CO5)[C@]3(C)[C@@H]2O,-1.42
CC(C)CCC(C)(C)C,-5.047
CCO[P](=O)(OCC)SCC(=O)NC(C)(C)C#N,-0.624
C\C=C/CO,0.362
CC[C@@H]1[C@@H](O)N2[C@H]3C[C@@H]1C4C(O)[C@@]5(C[C@H]24)[C@H]3N(C)c6ccccc56,-2.824
CC1(C)[C@@H]2CC[C@@](C)(C2)C1=O,-1.85
C/C=C/C#N,-0.429
CCCC(O)C=C,-0.599
CC(C)=CCC\C(C)=C\C=O,-2.055
CCOC1CC1,-0.6409999999999999
CC[S](=O)CS[P](=S)(OC(C)C)OC(C)C,-2.307
OC1=C(C2CCCc3ccccc23)C(=O)c4ccccc4O1,-4.864
CCCCCC(O)CCC,-2.591
CC(=C)[C@@H]1CCC(=CC1)C,-3.994
C\C(Cl)=C/C(O)=O,-0.605
C\C=C/C(=O)O[C@@H]1C[C@H]2O[C@@H]3C=C(C)C(=O)C[C@]3(C)[C@]1(C)[C@@]24CO4,-2.92
CCC(C)OC,-0.73
C[C@H]1CCCC[C@@H]1C,-4.334
CC(C)=C[C@@H]1[C@@H](C(=O)OCN2C(=O)C3=C(CCCC3)C2=O)C1(C)C,-4.8580000000000005
CO[P](=O)(OC)OC(/C)=C/C(=O)OC(C)c1ccccc1,-2.497
CCCS[P](=O)(OCC)SCCC,-2.509
CC1CCOC1,0.09
ClCC(CCl)O[P](=O)(OC(CCl)CCl)OC(CCl)CCl,-4.789
COC(=O)Nc1cccc(OC(=O)Nc2cccc(C)c2)c1,-4.779
CCC(C)N,0.185
CC(C)[C@@H]1CC[C@@H](C)CC1=O,-2.492
CCCC(CC)(CC)CO,-2.419
CN1CC[C@]23[C@H]4Oc5c(OCc6ccccc6)ccc(C[C@@H]1[C@@H]2C=C[C@@H]4O)c35,-2.9730000000000003
Cc1ccccc1Oc2cccnn2,-1.969
CCCCC(C)(C)CCC,-4.811
OCC(O)[C@H]1OC2O[C@@H](O[C@@H]2[C@H]1O)C(Cl)(Cl)Cl,-1.843
CCNC(=O)[C@H](C)OC(=O)Nc1ccccc1,-1.829
C=COC1CC1,-1.1
O[C@H](C(O)=O)c1ccccc1,0.158
CC(C)OC(C)(C)C,-2.366
COC(=O)C1=CO[C@@H](O[C@@H]2O[C@H](CO)[C@@H](O)[C@H](O)[C@H]2O)[C@@H]3[C@@H](C)[C@@H](O)C[C@H]13,-0.591
CCC(C)C(O)C(C)CC,-2.51
CCCCCCCCCCCCOC(=O)c1ccc(N)cc1,-7.8
COc1ccc(C[C@@H]2NC[C@@H](O)[C@@H]2OC(C)=O)cc1,-1.608
CCNc1nc(NC(C)C(C)C)nc(SC)n1,-3.708
CO[P](=O)(OC)OC1=C(Cl)C2C=CCC12,-2.001
OC(=O)C1=CNC(=O)NC1=O,-1.938
CCO[P](=S)(OCC)SCCl,-3.592
CNC(=O)N(C)c1sc(nn1)C(F)(F)F,-2.0580000000000003
CCNc1nc(NC(C)CC)nc(OC)n1,-2.575
CC(Cl)=CCl,-1.614
OC(=O)c1cccc(Cl)c1C(O)=O,-0.976
CCOC(C)C(=O)C(O)O,-0.171
OCCOCCOC(=O)c1ccccc1Nc2cccc(c2)C(F)(F)F,-5.363
Cc1cc2cccc3ccc4c5ccccc5cc1c4c23,-8.522
CNC(=O)N(C)c1sc(nn1)C(C)(C)C,-1.997
Clc1cc(Br)c(OC(=O)C=C)c2ncccc12,-4.717
CCO[P](=O)(Oc1ccc(Cl)cc1Cl)Oc2ccc(Cl)cc2Cl,-5.774
CCC#CC(C)C,-2.745
CO[P](=S)(OC)SCCSC(C)C,-3.429
CCC(C)N(C(C)CC)C(=O)SCc1ccccc1,-5.048
NC(=O)c1cc(Cl)cc(Cl)c1N,-2.081
CCCCCCCCCOC(=O)c1ccc(N)cc1,-6.001
CC(C)(C)C(=O)C(Oc1ccc(Cl)cc1)n2ccnc2,-4.726
CC\1=C(CC(O)=O)c2cc(F)ccc2C1=C\c3ccc(cc3)[S](C)=O,-4.552
COC(=O)[C@@H]1C2CC(C=C2)[C@@H]1C(=O)OC,-1.202
COC(C)(C)CCCC(C)C\C=C\C(C)=C\C(=O)OC(C)C,-5.346
CCOC(=O)\C=C(C)\C=C\CC(C)CCCC(C)C,-5.693
CC(=O)O[C@@H](C(O)=O)c1ccccc1,-1.231
CCCOCCN(C(=O)CCl)c1c(CC)cccc1CC,-3.795
CC1(C)[C@@H](C=C(Br)Br)[C@H]1C(=O)O[C@H](C#N)c2cccc(Oc3ccccc3)c2,-8.402000000000001
OC(=O)COc1nc(Cl)c(Cl)cc1Cl,-2.766
CC(C)OC(=O)[C@H](C)N(C(=O)c1ccccc1)c2ccc(F)c(Cl)c2,-4.561
CCCC1COC(Cn2cncn2)(O1)c3ccc(Cl)cc3Cl,-3.4930000000000003
Nc1nc(N)nc(NC2CC2)n1,-1.179
CCOC(=O)C(C)Oc1cccc(Oc2sc3cc(Cl)ccc3n2)c1,-5.674
CCCCOC(=O)C(C)Oc1ccc(Oc2ccc(cn2)C(F)(F)F)cc1,-5.584
COC(=O)c1cc(C)ccc1C2=NC(C)(C(C)C)C(=O)N2,-2.326
CCOC(=O)NCCOc1ccc(Oc2ccccc2)cc1,-4.7010000000000005
CC(C)C12CCC(C)(O1)C(C2)OCc3ccccc3C,-3.639
Oc1cc(Br)cc(C=O)c1,-3.2502
C[C@]12CC[C@H]3[C@@H](CCc4cc(O)ccc34)[C@@H]1CC[C@@H]2O,-4.8789
OC(=O)c1c(Cl)cccc1Cl,-1.1309
O=C1CCC(N2C(=O)c3ccccc3C2=O)C(=O)N1,-2.6758
CO[C@H]1[C@@H](C[C@@H]2CN3CCc4c([nH]c5cc(OC)ccc45)[C@H]3C[C@@H]2[C@@H]1C(=O)OC)OC(=O)c6cc(OC)c(OC)c(OC)c6,-3.9208
CCCCOCCOCCOCc1cc2OCOc2cc1CCC,-4.3742
BrC1=CNC(=O)NC1=O,-2.3698
CNC[C@H](O)c1ccc(O)c(O)c1,-3.0077
CN(CCCl)CCCl,-1.1141
CC(=O)O[C@]1(CC[C@H]2[C@@H]3CCC4=CC(=O)CC[C@@H]4[C@H]3CC[C@]12C)C#C,-4.8041
S=[P](N1CC1)(N2CC2)N3CC3,0.0018
C[C@]12CC[C@H]3[C@@H](CC=C4C[C@@H](O)CC[C@]34C)[C@@H]1CCC2=O,-3.6576
NC(Nc1ccc(Cl)cc1)=NC(N)=NCCCCCCN=C(N)N=C(N)Nc2ccc(Cl)cc2,-2.8006
CN(C)c1ccc(cc1)N=Nc2cccc(C)c2,-5.7769
CC(C)O[P](F)(=O)OC(C)C,-1.0777
COc1ccc2nccc([C@H](O)[C@H]3C[C@@H]4CCN3C[C@@H]4C=C)c2c1,-3.365
Nc1ncnc2n(cnc12)C3OC(CO[P](O)(=O)O[P](O)(=O)O[P](O)(O)=O)C(O)C3O,0.2948
N[C@@H](CCC(N)=O)C(O)=O,-0.5488
NCCCCC(N)C(O)=O,0.8351
N[C@@H](CSSC[C@H](N)C(O)=O)C(O)=O,-3.102
OCC(O)CO[P](O)(O)=O,0.7643
OC[C@@H](O)[C@@H](O)[C@H](O)C(=O)CO,0.6353
CC(C)CCC[C@@H](C)[C@H]1CC[C@H]2[C@@H]3CC=C4C[C@@H](O)CC[C@]4(C)[C@H]3CC[C@]12C,-6.6096
C[C@]12CC[C@H]3[C@@H](CCc4cc(O)ccc34)[C@@H]1CC[C@H]2O,-4.8441
CN=C1CN(O)C(=C2C=C(Cl)C=CC2=N1)c3ccccc3,-2.1757
OCC1OC(O[P](O)(O)=O)C(O)C(O)C1O,0.5848
OC(=O)CN(CCN(CC(O)=O)CC(O)=O)CC(O)=O,-2.4658
Nc1ccc(cc1)N=Nc2ccccc2,-3.7898
OCCS,1.1072
CN(C)[C@H]1[C@@H]2C[C@H]3C(=C(O)c4c(O)cccc4[C@@]3(C)O)C(=O)[C@]2(O)C(=O)\C(=C(N)/O)C1=O,-3.284
COc1ccc2Sc3ccccc3N(C[C@H](C)CN(C)C)c2c1,-4.2155
Nc1ncnc2n(cnc12)C3OC(CO[P](O)(O)=O)C(O)C3O,-1.5406
CC(C)(N)C(O)=O,0.2453
C/C=C(/C)C(=O)O[C@H]1CC[C@@]2(C)[C@@H]3CC[C@H]4[C@]5(O)C[C@H](O)[C@@]6(O)[C@@H](CN7C[C@@H](C)CC[C@H]7[C@@]6(C)O)[C@]5(O)C[C@]24O[C@]13O,-3.0163
CNC(=O)Oc1cccc(c1)C(C)C,-3.3567
COC1=CC=C2C(=CC1=O)[C@H](CCc3cc(OC)c(OC)c(OC)c23)NC(C)=O,-0.9482
CSCCC(NC(C)=O)C(O)=O,0.2055
N[C@@H](Cc1cc(I)c(O)c(I)c1)C(O)=O,-2.8583
Cc1ncc(CO)c(C=O)c1O,0.4758
CN1C(=O)[C@]23CC4=CC=C[C@H](O)[C@H]4N2C(=O)[C@@]1(CO)SS3,-3.6687
CC1(C)S[C@@H]2[C@H](NC(=O)[C@H](N)c3ccccc3)C(=O)N2[C@H]1C(O)=O,-1.539
OCC1OC(OC2C(O)C(O)C(O)OC2CO)C(O)C(O)C1O,0.3577
O=C1NC(=O)C2=C(N1)NC(=O)N2,-3.4526
CC(=O)N(O)CCCCCNC(=O)CCC(=O)N(O)CCCCCNC(=O)CCC(=O)N(O)CCCCCN,-1.6695
C[C@H]1O[C@H](C[C@H](O)[C@@H]1O)O[C@H]2[C@@H](O)C[C@@H](O[C@@H]2C)O[C@H]3[C@@H](O)C[C@@H](O[C@@H]3C)O[C@H]4CC[C@@]5(C)[C@H](CC[C@@H]6[C@@H]5CC[C@]7(C)[C@H](CC[C@]67O)C8=CC(=O)OC8)C4,-5.2926
Nc1ncnc2nc[nH]c12,-2.1179
CC[C@H](C)[C@H](N)C(O)=O,-0.5813
NC(CCCN=C(N)N)C(O)=O,0.019
CC,-2.6985
C#C,-1.3364
CC#C,-1.0417
ON=C,0.5768
CSC,-0.4503
CC1CN1,1.2434
C[As](C)(O)=O,1.1612
CC(F)(F)Cl,-1.856
FC(F)(F)F,-3.6703
C[S](O)(=O)=O,1.0173
CC(C)(O)C#N,1.07
FC(F)(F)CCl,-1.1098
OC(=O)C(F)(F)Cl,0.8845
OC(=O)C(F)(F)F,0.943
FC(Cl)(Cl)C(F)(Cl)Cl,-3.2301
FC(F)(F)C(F)(F)F,-4.2489
CC(Cl)C(Cl)(Cl)C(O)O,-0.8666
COc1ccc2C[C@@H]3[C@@H]4C=C[C@H](O)[C@@H]5Oc1c2[C@]45CCN3C,-1.5219999999999998
CCOc1ccc2C[C@@H]3[C@@H]4C=C[C@H](O)[C@@H]5Oc1c2[C@]45CCN3C,-2.079
Cc1cc(ccc1N)C(O)(c2ccc(N)cc2)c3ccc(N)cc3,-3.0272
CC1(C(=O)NC(=O)NC1=O)c2ccccc2,-2.4581
CCO[P](=O)(C#N)N(C)C,-0.2186
CCCCOC(=O)CC(CC(=O)OCCCC)(OC(C)=O)C(=O)OCCCC,-4.9058
CCOC(=O)CC(O)(CC(=O)OCC)C(=O)OCC,-0.6285
CCCCO[P](=O)(CCCC)OCCCC,-2.6995
CCCCOCCO[P](=O)(OCCOCCCC)OCCOCCCC,-2.559
CC(C)(N=NC(C)(C)C#N)C#N,-2.6713
BrCC(Br)Br,-2.7272
CC(=O)CCl,-0.012
CC(O)CN,1.1243
CCC(Cl)Cl,-1.6217
OC(=O)CBr,1.1002
OC(=O)C=C,1.1423
NNC(N)=S,-0.9588
CC(=O)OO,1.1189
CC(C)(CO)C(O)C(=O)NCCC(O)=O,0.6591
CC(C)(OO)c1ccccc1,-1.0394
CC(C)c1sc(N[S](=O)(=O)c2ccc(N)cc2)nn1,-3.4141
CC(C)(OOC(C)(C)c1ccccc1)c2ccccc2,-5.7692
CC1=CCC2CC1C2(C)C,-4.7381
CC(C)(CO)[C@@H](O)C(=O)NCCCO,0.6877
Oc1cc(O)c2C(=O)c3ccccc3C(=O)c2c1O,-4.6024
CC(=O)CC(c1ccc(Cl)cc1)C2=C(O)Oc3ccccc3C2=O,-5.836
Cc1ccc2C(=O)c3ccccc3C(=O)c2c1N,-5.8541
O[S](=O)(=O)c1cccc2C(=O)c3cccc(c3C(=O)c12)[S](O)(=O)=O,1.2572
CN1C=CC(=O)c2ccccc12,-0.9818
COc1cc2OC[C@H]3Oc4c5C[C@@H](Oc5ccc4C(=O)[C@H]3c2cc1OC)C(C)=C,-6.2949
O[P](O)(=O)O[C@H]1[C@H](O[P](O)(O)=O)[C@@H](O[P](O)(O)=O)[C@H](O[P](O)(O)=O)[C@@H](O[P](O)(O)=O)[C@H]1O[P](O)(O)=O,0.1804
Oc1ccc2C(=O)c3cc(O)ccc3C(=O)c2c1,-5.8892
O=C(Oc1ccccc1)c2ccccc2C(=O)Oc3ccccc3,-6.5891
CCCCCCCCCCOC(=O)c1ccccc1C(=O)OCCCCCCCCCC,-9.3076
OC(=O)c1ccccc1C(=O)c2ccc(Cl)cc2,-2.7171
OC(=O)c1ccccc1C(=O)c2ccc(O)cc2,-2.5835
Nc1ccc(c2cc(ccc12)[S](O)(=O)=O)[S](O)(=O)=O,-0.2592
Nc1ccc(c2ccc(cc12)[S](O)(=O)=O)[S](O)(=O)=O,-1.643
N#CC(c1ccccc1)c2ccccc2,-2.9437
OC(=O)c1cccc2cccnc12,-1.7447
COc1cc(C=O)cc(OC)c1OC,-2.1195
OCCOC(=O)c1ccccc1O,-1.1567
Cc1cccc(C)c1N,-1.1675
Cc1cccc(Cl)c1O,-0.7739
Brc1c(Br)c(Br)c(Br)c(Br)c1Br,-9.5374
ClN1C(=O)N(Cl)C(=O)N(Cl)C1=O,-1.2871
CC(=O)c1sccc1,-0.9549
CC(C)(C)c1ccccc1O,-2.3316
OC(=O)Cc1ccccc1C(O)=O,-1.0515
OCC(O)C(O)C1OC(=O)C(O)C1O,0.3348
CC(C)c1cc(Cl)c(C)cc1O,-2.2664
COc1ccccc1N,-0.9901
COC(=CC(O)=O)C(=O)C(C)=C,-0.9299
OCC1OC(=O)C(O)C(O)C1O,0.5201
Oc1ccc(cc1O)c2ccccc2,-2.0659
CCN(CCO)c1ccccc1,-1.9171
Nc1ccc2cc3ccc(N)cc3nc2c1,0.3783
CC(=O)c1ccc(cc1)c2ccccc2,-3.3104
CC(=O)c1ccc2ccccc2c1,-2.7964
OC(=O)c1ccc2ccccc2n1,-1.0911
COc1ccc(CC=C)cc1OC,-2.552
CC(=O)CC(=O)c1ccccc1,-2.6268
O=C(OC(=O)c1ccccc1)c2ccccc2,-4.3546
CC(C)OC(=O)COc1ccc(Cl)cc1Cl,-3.848
CCCCOC(=O)COc1ccc(Cl)cc1Cl,-3.78
Clc1ccc(OCCOC(=O)c2ccccc2)c(Cl)c1,-3.8118
CCC(CC)C(=O)OCCOCCOCCOC(=O)C(CC)CC,-3.2386
C\C(NO)=C(/C)N=O,-2.2868
Oc1ccc(Cl)c(Cl)c1,-1.2458
CCOC(=O)C(=O)OCC,-0.6085
OCC(Br)CBr,-0.6222
CCC(N)CO,1.0499
OCC(O)CCl,0.9565
CC\C(C)=N\O,0.0599
COC(=O)CCl,-0.3728
O=C1OCCO1,1.0552
CC(C)(C)c1ccc(O)c(c1)C(C)(C)C,-3.7705
CC(C)N(CCO)C(C)C,-1.0829
CC(C)[C@H](NC(C)=O)C(O)=O,-0.3599
Oc1c(Cl)cc(Cl)cc1Sc2cc(Cl)cc(Cl)c2O,-4.9495
CCCC(C)C(O)=O,-0.889
CCOC(=O)C(C)O,0.9276
CC(C)COC(=O)C(C)C,-2.1590000000000003
OCC1CCCO1,0.9908
COc1ccc(cc1N)[S](O)(=O)=O,-0.8997
Nc1cc(ccc1C(O)=O)[S](O)(=O)=O,-1.3157
CC(C)(C)C1CCC(O)CC1,-3.1939
Cl[S](=O)(=O)c1ccc(I)cc1,-4.2686
OCc1ccccc1O[C@@H]2O[C@H](COC(=O)c3ccccc3)[C@@H](O)[C@H](O)[C@H]2O,-2.8925
CC1CCC(CC1)C(C)C,-5.6998
CC(C)C1=CCC(=CC1)C,-4.1958
OC(=O)c1ccc(cc1)C(O)=O,-4.0444
CCN(CC)CCO,0.9311
ON=C1CCCCC1,-0.7984
OCC1CCCCO1,0.9349
CCN1CCOCC1,0.9386
Nc1ccc(Cc2ccc(N)c(Cl)c2)cc1Cl,-4.2838
CN1[C@@H]2CC[C@H]1CC(C2)OC(=O)[C@H](CO)c3ccccc3,-1.91
Oc1ccc(Cc2ccccc2)cc1,-3.4009
NC(Nc1ccccc1)=Nc2ccccc2,-2.3248
CCc1cc(CC)cc(CC)c1,-7.0641
CCN(CC)CN(CC)CC,-0.1995
CC(O)CN(CCN(CC(C)O)CC(C)O)CC(C)O,0.534
C=CCN(CC=C)CC=C,-1.7395
OCCN(CCO)CCO,0.8263
CCCCN(CCO)CCCC,-1.6367
CCCCC(CC)COC(=O)C=C,-3.2655
CCCCC(CC)COC(=O)CCCCC(=O)OCC(CC)CCCC,-5.6768
BrCCc1ccccc1,-3.6757
CNCc1ccccc1,0.9166
CN(C)Cc1ccccc1,-1.0518
CC(=O)Nc1ccc(C)cc1,-2.0946
Cc1ccc(cc1)[S](O)(=O)=O,0.5564
CCCCCCCCCCc1ccccc1,-7.959
OCC1CCC(CO)O1,0.8789
CCc1ccc(C)nc1,-1.0042
COc1ccc(CO)cc1,-1.8394
CCCC(O)C#C,-0.4121
CCOC(=O)CCl,-0.8005
CN(CCO)CCO,0.9239
CCCC(=O)OCCOC(=O)CCC,-2.6069
CCCCOC(=O)\C=C/C(=O)OCCCC,-2.6595
COCCOC(=O)CCCCC(=O)OCCOC,-1.2665
CC(C)=CCC\C(C)=C\CO,-3.1882
CC(C)=CCC\C(C)=C/CO,-2.4631
CCCCC(=O)CC,-1.4242
COC(=O)CCC(=O)OC,-0.7668
CCCCCC(=O)CC,-1.693
COC(=O)CCCCCCCCC(=O)OC,-3.2831
BrCC#C,-0.9022
CCCS,-1.6021
NCCN,1.2211
O=CC=O,1.2363
COC=C,-0.5879
OCC[S](O)(=O)=O,0.8992
CC(O)CC(C)(C)O,0.9275
CC(C)O[P](C)(F)=O,0.8536
C[Si](C)(C)O[Si](C)(C)C,-5.242000000000001
CCO[P](=O)(OCC)O[P](=O)(OCC)OCC,0.5373
C[Si](C)(C)O[Si](C)(C)O[Si](C)(C)C,-6.8424
CCCCO[P](O)(=O)OCCCC,-1.0874
COC(C)(C)CC(C)=O,0.3326
CC(O)CCO,1.0452
CC(O)CC=O,1.055
C/C=C/C(O)=O,0.0382
COCC(C)O,1.0452
CN(C)CCO,1.0499
CCO[P](=O)(OCC)Oc1cc(C)[nH]n1,-2.3696
Cc1cccc(Cl)c1,-3.5228
CC1OC(C)OC(C)OC(C)O1,-2.8997
O=C1NC(=O)NC(=O)N1,-1.8098
CCCCOC(=O)CCCCCCCCC(=O)OCCCC,-3.8955
CCOCCOC(=O)CCCCC(=O)OCCOCC,-2.065
CCC#CC(C)O,-0.4121
CC(C)COC=C,-1.5236
CN(C)CCCN,0.9906
OCCC#N,1.1483
CNCCO,1.1243
NNCCO,1.1186
CC(C)=NNC(N)=O,-0.2674
CC(C)CCOC=O,-1.5206
COCCOC(C)=O,0.9276
BrCCCCBr,-2.7902
ClCCCCCl,-0.92
ClC/C=C/CCl,-2.1675
OCCCCO,1.0452
OCC#CCO,0.6379
CCCCCS,-2.8248
ClCCOC=C,-2.3951
OC(=O)COCC(O)=O,0.4927
NCCNCCN,0.9864
NCCNCCO,0.9823
OCCOCCO,0.9742
OCCSCCO,0.913
CCCCNCCO,0.9311
COCCOCCO,0.9203
CCCCCCCCCl,-4.4829
ClCCOCOCCCl,-1.3461
CCCCOCCOC(C)=O,-1.2504
CCOCCOCCOC(C)=O,0.754
OCCOCCOCCO,0.8234
CCCCOCCOCCO,0.7899
COCCOCCOCCO,0.7846
CCOCCOCCOCCO,0.7490000000000001
CCCCCCOCCOCCO,-1.0490000000000002
OCCOCCOCCOCCO,0.7117
CCCCCCCCCCCCCCCCCCCCCC(O)=O,-7.3281
CC(C)(O)C=C,1.0648
CN(C)[P](F)(=O)N(C)C,0.8121
OC(=O)C1C(C(O)=O)C2(Cl)C(=C(Cl)C1(Cl)C2(Cl)Cl)Cl,-2.0457
CC(N)(CO)CO,0.9782
CCC(N)(CO)CO,0.9239
CCC(CC)(CO)CO,0.1798
CCCCCCCCO[P](=O)(Oc1ccccc1)Oc2ccccc2,-6.4131
ClCCO[P](=O)(OCCCl)OCCCl,-1.6105
CC(=O)CO,1.1303
COC(C)=C,1.142
FC(F)=C(F)F,-2.8001
CC1(C)N(CO)C(=O)NC1=O,0.8009
CCC(C)C(O)=O,-0.3559
Nc1ccc(O)c2C(=O)c3ccccc3C(=O)c12,-3.824
O[S](=O)(=O)c1cccc2C(=O)c3c(cccc3[S](O)(=O)=O)C(=O)c12,0.2572
Nc1ccc2C(=O)c3ccccc3C(=O)c2c1,-6.1366
ClC1=C(Cl)C(=O)c2ccccc2C1=O,-4.453
COCCOC(=O)c1ccccc1C(=O)OCCOC,-1.5213
CCCCCCCCOC(=O)c1ccccc1C(=O)OCCCCCCCC,-7.2493
O[C@H]([C@H]1C[C@@H]2CCN1C[C@@H]2C=C)c3ccnc4ccccc34,-3.0887
CCNc1cccc2ccccc12,-3.1922
Oc1cc(cc2ccc(Nc3ccccc3)cc12)[S](O)(=O)=O,-1.9763
CC(C)n1nc(C)cc1OC(=O)N(C)C,0.6752
Cc1cc(Cc2cc(C)cc(c2O)C(C)(C)C)c(O)c(c1)C(C)(C)C,-7.2311
OC(c1ccccc1)c2ccc(Cl)cc2,-3.4886
S(Sc1sc2ccccc2n1)c3sc4ccccc4n3,-4.5218
CC(C)=C[C@@H]1[C@@H](C(=O)O[C@H]2CC(=O)C(=C2C)C\C=C/C=C)C1(C)C,-6.2155
COC(=O)C(/C)=C/[C@@H]1[C@@H](C(=O)O[C@H]2CC(=O)C(=C2C)C\C=C/C=C)C1(C)C,-4.6168
CC(O)CN(CC(C)O)CC(C)O,0.6374
OCCNc1ccccc1,-0.4745
CCCC(C)C=O,-1.3774
CC(C)=CCCC(=C)C=C,-4.3861
CNC=O,1.2286
CC(=O)CC(C)(C)O,0.9349
CCCCCCCCOC(=O)CCCCC(=O)OCCCCCCCC,-5.6768
CC(O)CNCCN,0.9275
OC(=O)CSCC(O)=O,0.4255
CCCCOCCOCCOC(C)=O,-0.8188
CCCCCCCCCC,-6.4372
CCCCCCCCCCCCN,-3.3759
C[As](O)(O)=O,0.2622
CC(C)(N)CO,1.0499
FC(F)(Br)C(F)(F)Br,-4.9376
CC(=O)OC[C@H]1O[C@H](O[C@]2(COC(C)=O)O[C@H](COC(C)=O)[C@@H](OC(C)=O)[C@@H]2OC(C)=O)[C@H](OC(C)=O)[C@@H](OC(C)=O)[C@@H]1OC(C)=O,-2.8726
OCC(CO)(CO)COCC(CO)(CO)CO,-1.9582
BrCC(Br)CO[P](=O)(OCC(Br)CBr)OCC(Br)CBr,-4.9405
CC(=O)C(O)=O,1.0552
CC(=O)/C=C/C1C(=CCCC1(C)C)C,-3.2587
CN1C(=O)OC(C)(C)C1=O,-0.4568
Nc1ccc(cc1)[S](=O)(=O)NC(=O)c2ccccc2,-2.9501
BrN1C(=O)CCC1=O,-1.0831
ClN1C(=O)CCC1=O,-0.9702
Cc1cc(c(O)c(c1)C(C)(C)C)C(C)(C)C,-5.565
CC(C)(C)c1cccc(c1O)C(C)(C)C,-4.9166
Oc1cccc2C(=O)c3ccccc3C(=O)c12,-4.4213
Oc1ccc(Cl)c2cccnc12,-3.9756
OC(=O)CCCc1c[nH]c2ccccc12,-2.9101
COC(=O)c1ccccc1N,-1.7246
N(N=Nc1ccccc1)c2ccccc2,-2.596
NNc1cccc(c1)[S](O)(=O)=O,-0.8275
NCc1ccc(cc1)[S](N)(=O)=O,0.321
OC(=O)CN(CC(O)=O)CC(O)=O,-0.5101
Oc1ccc(C=O)cc1O,-1.3402
NC(Cc1sccc1)C(O)=O,-0.8356
C(CNCc1ccccc1)NCc2ccccc2,-1.7865
N#CCc1ccccc1,-3.0687
OC(=O)CCC1CCCC1,-1.7691
CCCCC(CC)COC(=O)\C=C\C(=O)OCC(CC)CCCC,-3.5321
CCCCOC(=O)CCC(=O)OCCCC,-3.0006
CCOC(=O)\C=C/C(=O)OCC,-1.0899
C[Si](C)(C)O[Si](C)(C)O[Si](C)(C)O[Si](C)(C)C,-7.6637
CC(=O)NCCO,0.9867
NC(=S)NNC(N)=S,-1.7965
CCCCCCNCCCCCC,-3.1574
CCCCOCCOCCOCCO,0.6855
OC(=O)CC1(CC(O)=O)OCOC1=O,-0.611
CC(C)C(O)C(C)(C)CO,-0.8863
OC(=O)CF,1.1077
N[S](=O)(=O)c1cc2c(NC=N[S]2(=O)=O)cc1C(F)(F)F,-0.8186
[nH]1c2ccccc2nc1c3cscn3,-3.6048
C1CN1,1.3658
CN(C)[P](=O)(O[P](=O)(N(C)C)N(C)C)N(C)C,0.5433
NC1=NC(=O)C(=C(N)N1)O[C@@H]2O[C@H](CO)[C@@H](O)[C@H](O)[C@H]2O,-1.4832
OC(=O)Cc1ccc(O)cc1,-0.3991
C1COC2(C1)CCCO2,-0.1078
c1ccc2c(c1)ccc3ccc4ccccc4c23,-7.8207
c1ccc2c(c1)ccc3c2cc4cccc5c6ccccc6c3c45,-8.4806
N1c2c(Sc3ccc4ccccc4c13)ccc5ccccc25,-7.9081
N1c2ccc3ccccc3c2Sc4c1ccc5ccccc45,-6.8786
N1c2ccccc2Sc3ccc4ccccc4c13,-5.8957
N1c2ccccc2Sc3c1ccc4ccccc34,-6.5727
[nH]1nc2cncnc2n1,-0.2319
[nH]1cccn1,-0.5452
o1cccn1,0.3827
CCN(CC)C(=O)/C(Cl)=C(/C)O[P](=O)(OC)OC,0.5233
N[C@@H](Cc1cc(Br)c(O)c(Br)c1)C(O)=O,-1.9281
CC[S](=O)CCS[P](=O)(OC)OC,0.6086
CCN1C[C@]2(COC)[C@H](O)C[C@H](OC)[C@@]34[C@@H]5C[C@]6(O)[C@@H](OC)[C@H](O)[C@](OC(C)=O)([C@@H]([C@H](OC)[C@H]23)C14)[C@H]5[C@H]6OC(=O)c7ccccc7,-3.3187
CC(N)C(O)=O,0.2703
FC(F)(F)C(Cl)Cl,-1.8623
CCO[P](=O)(OCC)O\C=C\Cl,-1.3316
CCC(C)C(N)C(O)=O,-0.5033
OC(=O)c1cc(Cl)ccc1O,-1.237
Fc1cccc2ccccc12,-3.4527
CC(=O)Nc1ccc(F)cc1C,-1.3593
CC(=O)Nc1ccc(C)cc1F,-1.7403
CCCC[C@H](N)C(O)=O,-1.0387
O[C@@H]1C[C@](O)(C[C@@H](OC(=O)\C=C\c2ccc(O)c(O)c2)[C@@H]1O)C(O)=O,-0.9473
CC(C)CC(N)C(O)=O,-1.0456
C[P](F)(=O)OC1CCCCC1,-1.6875
Fc1ccccc1CCl,-2.541
CCF,-1.3477
Cn1cncc1C[C@H](N)C(O)=O,0.0727
CC(C)N[P](F)(=O)NC(C)C,-0.3574
CCOC(=O)CC(=O)C(F)(F)F,-1.362
FC(F)(F)C(F)(Cl)Cl,-3.0961
OC(=O)C(F)F,1.0176
CCCc1cc(F)ccc1O,-1.887
NC#N,1.0753
C[C@]12CC[C@H]3[C@@H](CCC4=CC(=O)CC[C@H]34)[C@@H]1CC[C@@H]2O,-1.9484
C[C@H]1C[C@H]2OC(=O)[C@@H](C)[C@H]2[C@H](O)C3=C(C)C(=O)C[C@H]13,-1.945
CC[C@H](C)[C@@H](N)C(O)=O,-0.7875
OC(=O)Cc1cc(O)ccc1O,0.7037
Fc1cccc(CCl)c1,-2.5436
COCC(F)F,-0.2836
Nc1cccnc1,1.0263
NC(=O)NCCC(O)=O,-0.8014
O[C@@]12CCO[C@@]1(Nc3ccccc23)[C@@H]4C[C@@H]5CCN4C[C@@H]5C=C,-2.6706
CC[C@@]12CCCN3CC[C@@]4([C@@H](CC1)N(C(C)=O)c5c(OC)cccc45)[C@@H]23,-1.3269
OC(=O)[C@@]1(O)c2ccccc2c3ccccc13,-1.9657
CCC(=O)O[C@@](Cc1ccccc1)([C@H](C)CN(C)C)c2ccccc2,-5.0097
CN=C(N)N,-1.6135
Cc1ccc(cc1)[S](=O)(=O)N(Cl)Cl,-3.466
CC(=O)C1CC(CC(O)=O)C1(C)C,-0.5752
C[C@H](CCC(=O)NCC(O)=O)[C@H]1CC[C@H]2[C@@H]3[C@H](O)C[C@@H]4C[C@H](O)CC[C@]4(C)[C@H]3C[C@H](O)[C@]12C,-5.1495
Cc1cc(O)c(C(O)=O)c(O)c1,-2.0496
CN1C(=O)N(C)c2nncnc2C1=O,-1.9849
CC1CCC2C(C)C(=O)OCC12,-1.9249
O[C@H]1CCN2C(=O)c3ccccc3N=C12,-2.106
CN1C[C@@H]2C[C@@H](C1)C3=CC=CC(=O)N3C2,0.6484
CC(C)c1ccc(C)c2ccc(C)c2c1,-5.4752
O=C1NC=Cc2ccccc12,-2.4842
Cc1cc(O)c2c(O)c3c(O)cccc3cc2c1,-3.0585
C[C@H](N)[C@@H](O)c1ccccc1,-0.8786
OC1=CC(=O)C[C@@H](C1)c2ccccc2,-2.5113
OCc1cc(O)ccc1O,0.8534
O=Nc1ccc(NNC(=O)c2ccccc2)cc1,-4.6835
C\C=C(/C)C=O,-0.527
CC1OCCO1,0.8789
O=C1CC2CCC1C2,-1.7565
OC(O)=C1OC(=CC(=O)C1=O)C(O)=O,-1.3769999999999998
COc1cc(ccc1O)C(C)=O,-1.5216
CCC[C@@H](N)C(O)=O,-0.0687
CC1CC(CC(C)(C)N1)OC(=O)c2ccccc2,-1.922
OC(=O)C(=O)Nc1ccccc1,-1.3019
NC(=O)NC(=O)C=CC(O)=O,-1.9202
CCOC(=S)SSC(=S)OCC,-4.9432
C1COC1,1.236
C\C=C/C(O)=O,1.065
Nc1ccncc1,-0.0529
C1CSCCS1,-1.6029
IC#N,-0.6333
CN1CC[C@]23[C@H]4Oc5c(OCCN6CCOCC6)ccc(C[C@@H]1C2C=C[C@@H]4O)c35,-1.2994
CCC1(N2CCCCC2)C(=O)NC(=O)NC1=O,-2.1562
OC[C@H]1O[C@H](OC[C@H]2O[C@H](O[C@]3(CO)O[C@H](CO)[C@@H](O)[C@@H]3O)[C@H](O)[C@@H](O)[C@@H]2O)[C@H](O)[C@@H](O)[C@H]1O,-0.3962
CCCO[P](=O)(OCCC)OCCC,-1.5412
CC(C)=CCl,-1.9569
CC(=C)CO,0.4298
CCC(C)S,-1.8346
CC(O)C(C)=O,1.055
CC(C)C1=CC2=CC[C@@H]3[C@](C)(CCC[C@@]3(C)C(O)=O)[C@H]2CC1,-3.7959
CC(O)(C(O)=O)c1ccccc1,-0.8949
CC(C)C(N)C(O)=O,-0.1971
Oc1ccc2c(Oc3cc(O)ccc3C24OC(=O)c5ccccc45)c1,-3.8226
CN(C)C(=O)C(=O)N(N(C)C(C)=O)c1ccccc1,-0.5345
C[C@]12CC[C@H]3[C@@H](CC[C@H]4CC(=O)CC[C@]34C)[C@@H]1CC[C@@H]2O,0.2571
Oc1c(Br)cc(Br)c2cccnc12,-4.1938
CCC1CN2CCC1CC2C(O)c3ccnc4ccc(OC)cc34,-3.0514
O[S](=O)(=O)c1ccc2c(cccc2[S](O)(=O)=O)c1,0.5402
NC(Cc1[nH]nc2ccccc12)C(O)=O,-1.4091
O[C@H]([C@H](O)[C@H](O)C(O)=O)[C@@H](O)C(O)=O,-0.3225
OC(=O)c1sccc1,-1.2327
CC(C)c1ccccc1C,-3.7606
ONC1=C(CCCCC1)N=O,-1.4249
COc1ccc2C=CC(=O)Oc2c1,-3.1221
CCOC(=O)COc1ccc(Cl)cc1Cl,-3.3503
CNC(=S)NC,0.9823
COC(C)OC,1.0452
CC(C)c1cccc(C)c1,-3.4994
OC(=O)c1cc(O)c(O)c(OC(=O)c2cc(O)c(O)c(O)c2)c1,-2.8092
CCc1ccncc1,-0.0006
ClN=C1C=C(Br)C(=O)C(=C1)Br,-3.7068
CN[C@@H](Cc1ccc(O)cc1)C(O)=O,-2.1325
CCN(CCCl)CCCl,-3.0265
CCCCOC(=O)/C=C/c1ccccc1,-1.6112
COCc1ccccc1,-1.6098
CN(C)c1ccc(cc1)N=Nc2ccc(N)cc2,-4.593999999999999
CCC(=O)OCC(C)C,-1.8841
COC1CC1,-0.1176
Br\C=C/Br,-1.3195
CCOC,-0.0799
CNNC,1.2211
CC(C)CC(C)(C)C,-4.6704
C[Si]1(C)O[Si](C)(C)O[Si](C)(C)O[Si](C)(C)O[Si](C)(C)O[Si](C)(C)O1,-7.9407
C[Si]1(C)O[Si](C)(C)O[Si](C)(C)O[Si](C)(C)O[Si](C)(C)O1,-7.3387
Cl/C=C/[As](Cl)Cl,-2.6177
CC(=O)CC(O)=O,0.991
NC(=S)NC(N)=S,-1.6996
CC1=CC(=O)CC(=O)O1,-1.1185
ClC1CCCCC1,-2.3752
ClCOCCl,-0.7181
C1C=CC=C1,-1.565
NC(N)=NCC[S](O)(=O)=O,-0.6321
CC(C)CCOC(N)=O,-1.4403
CCCCCCCCCCCCCCCC,-8.4007
Nc1ccc(cc1)[S](=O)(=O)Nc2ccc(cc2)[S](N)(=O)=O,-2.7592
COC(=O)C(C)O,0.9825
CN1C(=O)C=C(N)N(CC(C)=C)C1=O,-0.9895
Cc1c(Cl)cc(Cl)c(O)c1Cl,-3.2761
CN1C2CCCC1CC(=O)C2,0.4167
NNC(=O)c1cccnc1,-0.1372
C[C@](N)(Cc1ccc(O)c(O)c1)C(O)=O,-1.3247
N[C@H](Cc1ccc(O)cc1)C(O)=O,-2.6049
NCC(=O)NCC(=O)NCC(O)=O,-0.5097
C[Si]1(C)O[Si](C)(C)O[Si](C)(C)O[Si](C)(C)O1,-7.7732
CCCC(=O)OCC(O)CO,-1.335
CC1(C)CO1,-0.0946
CC(C)(O)CCl,0.1602
CC(=C)CCl,-1.8108
C\C(Cl)=C\Cl,-1.6138
CC(O)C(C)Cl,-0.2122
C1O[C@@H]1[C@H]2CO2,1.065
NCC(O)C(O)=O,-0.8229
CC(C)C(Br)C(O)=O,-1.103
CC(N)C(O)C(O)=O,-0.3535
OC1C(O)C(O)C(O[P](O)(O)=O)C(O)C1O,0.1076
COCOC(=O)c1ccccc1O,-2.3
OC(=O)C1CCNCC1C(O)=O,-0.5395
Oc1cnc2ccccc2c1,-2.3925
CCN(CC)c1nc(Cl)nc(n1)N(CC)CC,-4.4112
C1N[C@@H](CC=C1)c2cccnc2,0.7953
S=C1Nc2cncnc2N1,-2.5243
CCC(O)CO,1.0452
CC(C)=CC1C(C(=O)OC2CC(=O)C(=C2C)CC=C)C1(C)C,-4.8179
C[C@H](NC(N)=O)C(O)=O,-0.7845
CC(C)(C)c1cccc(O)c1,-1.8614
OC(=O)C\C(=C/C(O)=O)C(O)=O,0.3612
OCC(O)C(O)C(OC1OC(CO)C(O)C(O)C1O)C(O)CO,0.2872
OCC1OC(OCC2OC(O)C(O)C(O)C2O)C(O)C(O)C1O,0.4656
OC(=O)c1ccc(C(O)=O)c(Br)c1,-2.1339
CC(C)=C1CCC(=CC1)C,-4.1566
OCc1ccncc1,0.9621
NC(=O)OC(CCl)CCl,-1.3605
Cc1cccc(CO)c1,-0.3879999999999999
OC(=O)COc1cccc(Cl)c1,-2.1954
OCc1ccc(CO)cc1,-0.3861
I\C=C/I,-2.7813
CCCCC(C)(C)C,-5.7568
CC(C)CC=O,-0.7891
CC(=O)OCC=C,-0.5534
FCCl,-0.8202
C[Se]C,-0.6502
NC(=O)C(Br)(Br)Br,-1.2668
NC(=O)C(Cl)(Cl)Cl,-1.0966
CC(C)(CO)C=O,-0.3279
CC(O)(CCl)CCl,-0.1822
CC(=O)OCC(COC(C)=O)(COC(C)=O)COC(C)=O,-1.5686
CCCC(C)(O)CCC,-1.5867
CC1(CCl)CO1,-0.5504
ClC(Br)CBr,-2.5546
NC(=O)C(Br)Br,-1.0574
CC(Cl)C(Cl)Cl,-1.8898
CC(Cl)C(O)=O,0.9645
Cc1ccc(cc1)[S](=O)(=O)Oc2ccccc2C,-3.9417
CCOC(OCC)C(Cl)(Cl)Cl,-1.6464
CCOC(=O)c1ccccc1C(=O)c2ccccc2,-3.4053
Oc1ccc2C(=O)c3ccccc3C(=O)c2c1,-5.3093
COC(=O)c1ccccc1C(=O)c2ccccc2,-3.4776
CN1C(=O)C=Cc2ccccc12,-1.0466
Cc1c(O)cccc1O,0.3264
O[C@H]([C@H](O)[C@H](O)C(O)=O)[C@H](O)C(O)=O,0.1999
CCOC(=O)C(=O)C(=O)OCC,0.5117
OC(=O)c1cccc(C=O)c1O,-2.4423
Cc1cccc2cc3ccccc3cc12,-5.8541
O[C@@H](C(O)=O)c1ccccc1,-0.1417
OCc1ccccc1CO,0.0569
OCc1ccccc1C(O)=O,-1.5508
CCOC(=O)c1cccnc1,-0.4313
CCOC(=O)N(C)N=O,-0.5528
CCCCC(N)C(O)=O,-1.0453
Cn1ccnc1,1.0856
OC(=O)c1cc(C=O)ccc1O,-2.6354
CCCCCC(C(O)=O)C(O)=O,0.5921
CCCC(O)C(C)C,-1.3093
NC(CC(O)=O)C(O)=O,-1.2125
CN(C)c1cccc(c1)[S](O)(=O)=O,0.2983
OC(=O)c1ccc(cc1)C#N,-2.0885
OCc1cccc(O)c1,-0.2678
O=C(CC#N)Nc1ccccc1,-2.7275
OC(=O)Cc1cccc(O)c1,0.8177
CCCCCN(CCCCC)CCCCC,-4.0326
OCc1ccc(O)cc1,-1.2678
COc1ccc(Cl)cc1,-2.7793
CC(COC(C)=O)OC(C)=O,-0.2046
CCOCCOC(=O)CCCCCCCCC(=O)OCCOCC,-3.1972
CCOC(=O)CCCCCCCC(=O)OCC,-2.99
CCCCCOC(=O)CC,-2.2505
CCC(C)(C)NC(N)=O,-1.0142
COCC(O)=O,1.0454
Clc1cccc(I)c1,-3.55
OCc1cccc(CO)c1,-0.2328
CC(C)CCOCC(O)COCCC(C)C,-1.3662
CCOC(=O)CCCCC(O)=O,-0.3602
CC\C=C/C(O)=O,-0.2019
COCCCl,-0.0725
CC(C)CCOCC(O)CO,-1.2101
COC(=O)CCCCC(=O)OC,-1.4629
CC(=O)OCCCOC(C)=O,-0.2046
CCCCCCCCCCCCC,-7.5936
CCCCCCCCCCCCCCC,-9.4464
CCCCCCCCCCCCCCCCCCCCCCCCCC,-8.3339
CCC1(NC(=O)NC1=O)c2ccccc2,-2.1702
OC(=O)C(Br)Br,0.9861
Cc1cc(N[S](=O)(=O)c2ccc(N)cc2)sn1,-1.0762
OC(=O)c1c(Cl)c(Cl)c(Cl)c(Cl)c1C(O)=O,-1.9264
CC1=C(C=C)/C(NC1=O)=C/c2[nH]c(Cc3[nH]c(\C=C\4NC(=O)C(=C4C)C=C)c(C)c3CCC(O)=O)c(CCC(O)=O)c2C,-4.8127
Oc1ccc2N=C3C=CC(=O)C=C3Oc2c1,-1.0277
OC(=O)C1=CCCCC1,-1.2558
Oc1ccc(cc1)N=O,-1.5462
CCOC(C)(C)C,-0.9302
CC(=O)NC(=O)NC(C)=O,-0.3137
CCSCCS[P](=S)(OC)OC,-3.0905
C[C@H](CCC(=O)NCC(O)=O)[C@H]1CC[C@H]2[C@@H]3[C@H](O)C[C@@H]4C[C@H](O)CC[C@]4(C)[C@H]3CC[C@]12C,-5.1546
CC(=O)OOC(=O)c1ccccc1,-2.4502
CCCc1ccc(O)cc1,-2.0276
CCC\C=C(/CC)C=O,-2.3332
NCCCCC(O)=O,0.9313
N[C@@H](CCO)C(O)=O,0.924
CCNc1nc(NCC)nc(OC)n1,-1.7898
CCS[S](=O)(=O)CC,-1.109
CCCC[Sn](Cl)(Cl)CCCC,-3.5188
ClC(Br)C(Cl)Br,-2.5644
NC(=O)C(Cl)Cl,-0.2558
CCOC(=O)N[C@@H](C=O)[C@@H](O)[C@H](O)[C@H](O)CO,0.1139
O=[I](=O)c1ccccc1,-1.8416
CNc1cccc(C)c1,-2.05
CCc1cc(C)cc(O)c1,-1.7696
ClC1=C(Cl)C(Cl)(Cl)C(Cl)(Cl)C1(Cl)Cl,-6.5362
Cc1nn(c2ccccc2)c(C)c1N=O,-3.7355
CC(C)(C)c1cc(c(O)c(c1)C(C)(C)C)C(C)(C)C,-3.875
C[Sn](C)(Cl)Cl,-1.0407
CCO[P](=O)(OCC)O[P](=O)(OCC)O[P](=O)(OCC)O[P](=O)(OCC)OCC,0.2956
ClCC(Cl)C=C,-2.4737
CCCCCCCC(C(O)=O)C(O)=O,-2.0411
CCCCCCCCC(C(O)=O)C(O)=O,-2.92
FCCCl,-0.5291
CCOCCC(=O)OCC,-0.4206
CC(C)=CC=C(C)C,-3.537
O=CC1CO1,1.1423
COc1ccccc1Cl,-2.4639
Cc1cc(C)nc(N)n1,-0.4884
CC(O)COc1ccccc1,-1.141
C1Cc2ccccc2c3ccccc13,-4.6347
O=C(NNC(=O)c1ccccc1)c2ccccc2,-1.5883
CCCO[P](=O)(OCC)OCC,0.4063
CCCC[P](=O)(CCCC)CCCC,-0.5932
CC(O)CCOCCC(C)O,0.7899
OC(=O)CCCCCCCCCCCCC(O)=O,-3.1112
CC(C)C1OCCO1,-0.0651
CSc1ncccn1,-0.402
CC1CC(OC(C)O1)OC(C)=O,0.759
CN1C(=O)N(C)c2nc(C)[nH]c2C1=O,-0.7276
CN1C(=O)N(C)c2nc(C)n(C)c2C1=O,-1.4493
CCOC(=O)[C@H](Cc1ccc(O)cc1)NC(C)=O,-1.8586
COCCCNc1nc(NCCCOC)nc(SC)n1,-3.4792
CC(=O)O[C@H]1CC[C@]2(C)[C@H]3CC[C@@]4(C)[C@@H](CCC4=O)[C@@H]3CC=C2C1,-4.4584
CCO[P](=O)(OCC)C(Cl)(Cl)Cl,-1.7541
CC(=O)OC(OC(C)=O)C=C,-1.2449
CC(=O)NCCNC(C)=O,0.6755
CCCCCCCCC=C,-5.3911
OCc1ccc(Br)cc1,-1.9295
OCc1ccc(Cl)cc1,-1.7561
CCOc1nc(OCC)nc(OCC)n1,-1.4838
CN(C)[C@H]1[C@@H]2[C@@H](O)[C@@H]3C(=C)c4cccc(O)c4C(=C3C(=O)[C@]2(O)C(=O)\C(=C(N)/O)C1=O)O,-1.768
COCCNC(=O)CS[P](=S)(OC)OC,-1.1356
CCSCCS[P](=O)(OC)OC,-1.8438
CCOC(C)(C)CC,-2.4631
CC(C(O)=O)C(C)(C)CCC(O)=O,-1.5265
OCNC(=O)C=C,0.8101
CCCC(=O)NCCNC(=O)CCC,-0.6222
CCCCCC(=O)CCCCC,-3.5322
O=NN1CCCCCC1,-1.0006
O=C1CCCCCCCN1,0.6329
O=[S]1(=O)NCc2ccccc12,-1.5208
CN(Cc1ccccc1)N=O,-1.5224
BrC1=CC(=O)Oc2ccccc12,-1.6533
Cc1ccc(OCC(O)=O)cc1,-2.1414
O=C1CCCCCCCCCCCN1,-2.8328
CCO[P](=O)(OCC)N=C1SCC(C)S1,-3.6744
C[P](O)(O)=O,-0.6813
CC(C)N(C)C,1.0597
CCOC(=O)CNC(=O)OCC,-0.2435
NC(=O)NCO,-0.3463
CC1CCC(C)O1,0.0723
CCNc1nc(N)nc(Cl)n1,-2.4135
O=C1CCCCCCCCCN1,-1.8862
CCCCn1cnc2N(C)C(=O)N(C)C(=O)c12,-1.8069
CCCCCCCCOC(=O)c1cc(O)c(O)c(O)c1,-3.8945
C[Si](C)(O)O,1.0354
OC(=O)CNC[P](O)(O)=O,-1.2069
S=C1NNC(=S)S1,-0.7552
Oc1cnn(c1)c2ccccc2,-1.9616
CCCCCCCc1ccccc1,-5.5959
CCCCCCOC(=O)c1ccc(O)cc1,-3.949
CCCCCCCOC(=O)c1ccc(O)cc1,-4.0725
CNC(=O)CS[P](=O)(OC)OC,0.6712
CCCCCC(N)C(O)=O,-0.94
OCCN(CCO)N=O,0.8724
CCCCCCCCN(CCCCCCCC)CCCCCCCC,-6.8496
CC(C)(C)NC(N)=O,-0.7306
C[Si](C)(O)O[Si](C)(C)O,-0.1796
COC(=O)CCCC(=O)OC,-0.4337
CCCCCCCCCCC,-7.5505
Cc1cc(C)c(C)cn1,-0.7824
CCc1cccc(C)n1,-0.8234
OC(=O)C1(O)CCCCC1,-0.3328
Cc1cc(Cl)cc(C)c1O,-1.6763
Oc1ccc(CC=C)cc1O,-0.7787
Cc1cc(N)n(n1)c2ccccc2,-0.9376
Oc1ccc(cc1)C2CCCCC2,-3.468
Cl[Sn](Cl)(c1ccccc1)c2ccccc2,-3.8373
CCCCN1C(=O)N(C)c2ncn(C)c2C1=O,-1.6252
COC1[C@H](O)C(C)O[C@H](O[C@H]2CC[C@@]3(C=O)[C@H](CCC4C3CC[C@]5(C)[C@H](CC[C@]45O)C6=CC(=O)OC6)C2)C1O,-3.1373
CCC(C(CC)C(O)=O)C(O)=O,-0.8608
N[C@@H]([C@@H](O)C(O)=O)C(O)=O,-0.8271
CCN(CC)C(=O)N(CC)CC,-0.6341
CC(C)C[C@H](NC(C)=O)C(O)=O,-1.3301
Oc1ccc(O)c(C=O)c1,-1.0004
Oc1c(O)c(Cl)c(Cl)c(Cl)c1Cl,-4.9629
CC(NC(=O)c1ccccc1)C(O)=O,-1.6839
COC(=O)CNC(=O)c1ccccc1,-1.0556
CN1c2ccccc2Sc3ccccc13,-5.5934
C(Nc1ncnc2nc[nH]c12)c3ccccc3,-3.5745
CCCCCCCCOC(=O)c1ccc(O)cc1,-4.2224
CC1COCc2cc3c(cc12)C(C)(C)C(C)C3(C)C,-5.1693
CCCCC(CC)CO[P](=O)(Oc1ccccc1)Oc2ccccc2,-5.2804
CN1N(C(=O)C(=C1C)CC2=C(C)N(C)N(C2=O)c3ccccc3)c4ccccc4,-2.9549
Cc1c(C(O)=O)c(O)cc2C(=O)c3c(O)c(O)c([C@H]4O[C@H](CO)[C@@H](O)[C@H](O)[C@H]4O)c(O)c3C(=O)c12,-2.5784
Cc1ccc(O[P](=O)(Oc2ccc(C)cc2)Oc3ccc(C)cc3)cc1,-6.01
CC(C)C(C)C(C)C(O)C#CC(C)C(C)O,-2.2756
OC[C@H]1O[C@H]([C@H](O)[C@@H](O)[C@@H]1O)[C@@H]2c3cccc(O)c3C(=O)c4c(O)cc(CO)cc24,-1.7025
C1CN(CCO1)C(c2ccccc2)(c3ccccc3)c4ccccc4,-7.2168
NC(=O)c1ccccn1,0.1685
CC1CN(CC(C)O1)N=O,-0.0655
COC(=O)c1cccc(c1)C(=O)OC,-2.8258
Cc1ccc(C)c(C)n1,-0.5893
Oc1ccc2CCCc2c1,-1.3285
ClC\C=C/CCl,-2.3333
O=C1CCCCC1C2=CCCCC2,-2.774
CCN(CC)C(=O)CCC(O)=O,-0.7937
CCCOCC(C)O,0.9275
Cc1cc(Cl)cc(Cl)c1O,-2.0439
NC(=O)c1cccc(c1)[S](N)(=O)=O,-2.1554
OC(=O)C=C(Br)Br,-0.8358
CC(NC(N)=O)NC(N)=O,-0.5916
NC(=O)NN=C1CCCCC1,-1.4127
OC(=O)CCC(=O)c1ccc2ccccc2c1,-3.8533
CCNc1nc(NC(C)C)nc(OC)n1,-2.0696
C=C\C=C/C#N,-0.7221
CN(C)C1CSSC1,-1.873
CCOC(=O)CC(S[P](=O)(OC)OC)C(=O)OCC,-1.6223
CCCCCCCS,-4.1549
CNC(=O)O\N=C\C(C)(C)[S](C)=O,-0.8673
FC(F)(Cl)CCl,-2.2007
CC(C)CCCCCO,-2.3038
CC1(C)C2CC3OC3(C)C1C2,-2.5937
CC1(C)OC(=O)c2ccccc12,-1.8684
CCCCCCCC(=O)Oc1c(Br)cc(cc1Br)C#N,-6.7023
ClC1=C(Cl)C(=O)N(N=C1)c2ccccc2,-3.3822
OC(=O)c1nc(Cl)ccc1Cl,-1.3884
CC(F)(Cl)Cl,-2.4448
COc1ccc2Nc3cc(Cl)ccc3Sc2c1,-4.9787
CC(C)c1ccc2c(CC[C@H]3[C@@](C)(CCC[C@]23C)C(O)=O)c1,-4.6582
C1NNCN2CNNCN12,-0.0128
O=C(Nc1ccccc1)c2cccnc2,-3.093
Nc1ccc2snnc2c1,-1.3045
OCc1ccc(Cl)cc1Cl,-2.248
C\C(NO)=C/N=O,-0.3462
OCc1ccc(Cl)c(Cl)c1,-2.0439
Clc1ccc(Cl)c2ccccc12,-5.3576
CCCC(O)C(C)CC,-1.8406
Fc1ccc(cc1)C(CCCN2CCC3(CC2)N(CNC3=O)c4ccccc4)c5ccc(F)cc5,-4.6772
OC(=O)CCCCCCCCCC(O)=O,-1.6274
CC(O)COCc1c(Cl)ccc(Cl)c1Cl,-3.5673
Cc1cc(O)c(Cc2ccccc2)c(C)c1Cl,-4.3009
OCCNC(=O)C(=O)NCCO,-0.1124
Cc1ccccc1OCC(O)=O,-2.4424
CC(C)(C)[S](=O)(=O)C(C)(C)C,-1.2177
ClC(Cl)=C(Cl)C(Cl)(Cl)Cl,-4.1651
Brc1oc(C=O)cc1,-1.544
CCN(CC)c1nc(Cl)nc(NC(C)C)n1,-3.7849
COCc1oc(C=O)cc1,-0.4992
Oc1ccc2Nc3ccccc3Sc2c1,-2.5748
COC(=O)COc1ccc(Cl)cc1Cl,-2.9596
CCOC(=O)COc1cc(Cl)c(Cl)cc1Cl,-4.8493
CCCCCCCCOC(=O)COc1ccc(Cl)cc1Cl,-7.0217
CCCOC(=O)COc1ccc(Cl)cc1Cl,-4.2502
COc1ccc(CCC(O)=O)cc1,-2.2144
CCCCOCCOC(=O)COc1ccc(Cl)cc1Cl,-4.4276
CNC(=O)Nc1sc2ccccc2n1,-4.2373
CC(=C)C1CCC(C)(O)C(O)C1,-0.2311
CCCS[S](=O)CCC,-0.9199
COc1c(cccc1C(O)=O)C(O)=O,-2.2926
CCCCOC(=O)c1ccc(cc1)C(=O)OCCCC,-5.4669
CC(C)C(NC(=O)CN)C(O)=O,0.4579
OCCNC(=O)CCCCC(=O)NCCO,0.4121
CNC(=O)OCc1ccc(Cl)c(Cl)c1,-3.1389
NC(=O)Nc1ccc(Br)cc1,-1.6336
CCc1ccccc1Br,-3.6702
COc1c(Cl)cccc1Cl,-3.1019
O=C1CNC(=S)N1c2ccccc2,-3.2425
CCCCCCCCCCN,-2.4564
CCOC(=O)CCc1ccccc1,-2.9086
CC(O)C(N)=O,0.9435
CCOC(=O)CCCCCC(=O)OCC,-2.0408
OC/1=CC(=O)C=CC1=N/Nc2ccccc2,-3.0299
COC(C)C(N)C(O)=O,0.4853
CC(C)CC(c1ccc(O)cc1)c2ccc(O)cc2,-3.3674
N[S](=O)(=O)c1cc2c(CN(C3CCCCC3)C2=O)cc1Cl,-4.3128
Brc1cccc(c1)N=C=S,-4.0851
C[C@@H]1C[C@H]2[C@@H]3C[C@H](F)C4=CC(=O)C=C[C@]4(C)[C@@]3(F)[C@@H](O)C[C@]2(C)[C@@]1(O)C(=O)CO,-5.6133
Oc1ccc(C2CCCCC2)c(O)c1,-2.5763
OCC1C(CO)C2(Cl)C(=C(Cl)C1(Cl)C2(Cl)Cl)Cl,-3.0802
OC(=O)c1ccccc1C(=O)c2ccc(Br)cc2,-3.0074
CCNC1=NC(=O)N=C(NC(C)C)N1,-4.5241
CC(=C)C(=O)Nc1ccc(Cl)c(Cl)c1,-4.4325
CCC(C)OC(=O)Nc1cccc(Cl)c1,-3.1727
CC(C)COc1ccc2ccccc2c1,-5.2117
CCOC(=O)c1[nH]c(C)cc1C,-2.6212
COc1ccc(cc1C(O)=O)C(O)=O,-3.1165
C[C@H]1CCCC[C@H]1C,-4.2719
C[C@@H](Cl)[C@@H](C)Cl,-2.3541
CCCCC(C)CCC,-6.0474
CC(C)[C@@H]1CC[C@@H](C)C[C@H]1O,-2.5037
COc1cccc2ccccc12,-4.1992
CC1(C)[C@@H]2CC[C@@](C)(C2)[C@@H]1O,-2.2702
CCC(CC)([S](=O)(=O)CC)[S](=O)(=O)CC,-2.0625
ClC1=C(Cl)C(Cl)(C(=C1Cl)Cl)C2(Cl)C(=C(Cl)C(=C2Cl)Cl)Cl,-7.2784
O\N=C/1CCCC=C1,-0.9667
Nc1cccc(c1)C#N,-1.1693
CCCCCCCCC#N,-3.2987
S=C=NCCc1ccccc1,-3.1714
FC(F)(F)c1[nH]c2cncnc2n1,-0.4505
OC(=O)CCCCc1ccccc1,-2.4657
Cn1cnc2nc(Cl)nc(Cl)c12,-1.1522
CO[P](=O)(OC)OC(=C\Cl)/c1ccc(Cl)cc1Cl,-3.4066
CNC(=O)CCSCCS[P](=O)(OC)OC,0.5416
OC(=O)c1c(O)ccc2ccccc12,-3.1284
CN1C(=O)N(C)C2=C(N(C)C(=O)N2C)C1=O,-0.9527
CCN(CC)C(=O)CCl,-0.243
OCc1cc(Br)ccc1O,-0.2072
CC(C)C(CC(O)=O)C(O)=O,-0.4073
CCOC(=O)[C@H](Cc1ccccc1)NC(C)=O,-1.7557
OC(=O)\C=C/c1ccc2OCOc2c1,-3.8523
Cc1ccc2cc3ccc4ccccc4c3cc2c1,-6.644
S=C1Nc2ccccc2O1,-2.1795
CCCCO[P](=O)(CC)OCCCC,-1.5687
CCCCO[P](C)(=O)OCCCC,-1.4155
Oc1ccccc1Oc2ccccc2,-3.2286
CCC(O)CN(CC(O)CC)CC(O)CC,-0.5229
CCCCOCC1CO1,-0.8135
Cc1cc(Cl)c(O)c(Cl)c1,-1.4202
Cc1ccc2nc3SC(=O)Sc3nc2c1,-5.3698
COc1ccccc1C(N)=O,-1.7815
OC(=O)CN(C[P](O)(O)=O)C[P](O)(O)=O,-0.0256
Nc1ccc(CC(=O)c2ccccc2)cc1,-1.805
Clc1ccc(Oc2ccc(Cl)cc2)cc1,-4.7999
Nc1ccc(N)c2C(=O)c3c(N)ccc(N)c3C(=O)c12,-6.9515
OC(=O)CNC=O,0.2672
Oc1ccc(cc1)C(=O)Cc2ccccc2,-1.5008
CCO[P](=S)(OCC)SCC[S](=O)(=O)CC,-2.5403
Cc1c2ccccc2cc3c1cc(F)c4ccccc34,-7.31
CCCCO[P](=O)(OCCCC)Oc1ccccc1,-3.4746
Cc1c2ccccc2cc3c4ccccc4cc(F)c13,-7.31
OC(=O)CCCCCCCC=O,-0.9574
ClC(Cl)C(=O)Nc1ccccc1,-3.3555
CCC1OCCO1,0.2919
N\C(NO)=C(/N)N=O,-0.7773
NC(N)=Nc1sc2ccccc2n1,-2.4412
OC(=O)CCC=CC(O)=O,-1.2045
CCO[P](=S)(OCC)SC[S](=O)CC,-1.5384
CCO[P](=S)(OCC)SC[S](=O)(=O)CC,-2.5309
CCOc1snc(n1)C(Cl)(Cl)Cl,-3.3254
CCOC(=O)N(C)C(=O)CS[P](=S)(OCC)OCC,-2.5177
CCOC(=O)C(S[P](=S)(OC)OC)c1ccccc1,-4.4643
C[Hg]C#N,-0.0821
Cc1nc(C)c(cc1C(O)=O)C(O)=O,-2.809
CN1C(=O)N(C)c2nc(C)c(C)nc2C1=O,-1.3429
Oc1ccc2ccccc2c1N=O,-2.9374
CNCCC(O)=O,-0.0543
CCCCO[P](=O)(OCC)OCC,-1.1466
CCOC(=O)[C@@H](N)CC(C)C,-0.5606
OC(=O)C(CSSCC(NC(=O)Cc1ccccc1)C(O)=O)NC(=O)Cc2ccccc2,-1.833
COC1=COC(=CC1=O)CS[P](=O)(OC)OC,0.7286
CC(O)([P](O)(O)=O)[P](O)(O)=O,0.5249
CC(=O)C=CC(O)=O,-0.2332
FC(Cl)C(F)(F)F,-1.959
COc1cccc(Cl)c1,-2.783
O=C1CCCC1C#N,-0.3567
CCSC(=O)N(CC)CC,-1.6917
C=CCO[P](=O)(OCC=C)c1ccccc1,-2.8999
CCCCO[P](=O)(CCCC)CCCC,-1.7166
CC1=C(Cl)C(=O)C(=C(C)N1)Cl,-4.2834
Clc1ccc(cc1)c2cccc(Cl)c2,-6.4001
CCOC(=O)C(C)OC(C)=O,-0.6994
Nc1ccc(SC#N)cc1,-2.6015
Nc1nc2nc[nH]c2c(n1)C(F)(F)F,-3.1346
CCN(CC)c1nc(NC(C)C)nc(OC)n1,-4.888999999999999
CC(Br)CCl,-1.8476
CNc1nc(NC(C)C)nc(OC)n1,-1.7509
CN[C@@H](CC(C)C)C(O)=O,-0.5146
CC(C)C(NC(C)=O)C(O)=O,-0.6325
OC(=O)CNCCC#N,0.3237
CC[C@@H](C)[C@H](N)C(O)=O,-0.3895
OC1(CCN(CCCC(=O)c2ccc(F)cc2)CC1)c3ccccc3,-4.1183
NC(=O)C[C@H](NC(N)=O)C(O)=O,-0.511
CN(C)C(=O)N(c1ccc(Cl)c(Cl)c1)C(=O)c2ccccc2,-4.3238
NC(=O)NCl,0.3256
CC(C)C[C@H](N)C(=O)NCC(=O)NCC(O)=O,0.2124
OCC(O)C(O)C(O)C(O)C(O)C=O,-0.3226
OC(=O)C1=C/C(C=CC1=O)=N/Nc2ccccc2,-3.0559
COc1ccc(cc1)C(=O)CCC(O)=O,-1.0632
CCC(NC=NN)C(O)=O,-0.8608
OC1=CC=C(Br)C=CC1=O,-3.5629
BrC1CCC(Br)C(Br)CCC(Br)C(Br)CCC1Br,-7.8728
CC(C)COC(=O)C(C)(C)O,-0.7276
BrCC(CBr)(CBr)CBr,-5.3844
CCCO[P](=S)(OCCC)O[P](=S)(OCCC)OCCC,-4.1009
CCC(=O)OOC(=O)CC,-0.9634
CCC(COC(=O)C(C)=C)(COC(=O)C(C)=C)COC(=O)C(C)=C,-4.4155
CN(C)C(N)=N,-1.7306
OC(=O)C1=CCCc2ccccc12,-2.7939
OCC(O)C(O)C(O)C(O)C(O)CO,0.3722
O/N=C/1CCCC=C1,-0.7034
C=CCCN=C=S,-2.391
N[C@@H](Cc1cc(Cl)c(O)c(Cl)c1)C(O)=O,-0.7959999999999999
Nc1nc(N)nc(Cl)n1,-2.3849
CCC(=O)NCCNC(=O)CC,0.3746
CN1C(=O)N(C)c2n[se]nc2C1=O,-2.2994
OC(=O)c1occ(Br)c1,-1.1841
CC1CCCCN1CCCOC(=O)c2ccc(Cl)c(Cl)c2,-4.2178
CCOC(=O)N(CC)CC,-1.0651
OC[C@H]1OC2(COC3(CO2)O[C@H](CO)[C@@H](O)[C@@H]3O)[C@@H](O)[C@@H]1O,-0.0058
CC(C)Cc1sc(N[S](=O)(=O)c2ccc(N)cc2)nn1,-3.8226
CN(Cc1cc(Br)cc(Br)c1N)C2CCCCC2,-1.9733
CCCCCCCCCC(C(O)=O)C(O)=O,-3.3016
C[C@H](CC(O)=O)C(O)=O,0.6311
NC(C(O)C(O)C(O)CO)C(O)=O,-0.8590000000000001
C(Cc1ccccc1)NCc2ccccc2,-2.7229
CCc1ccc(NC(C)=O)cc1,-2.1453
COc1cc(OC)c2C(=O)C3(Oc2c1)C(C)CC(=O)C=C3OC,-3.699
CCOC(C)C(=O)C=O,-0.1554
Clc1ccc(cc1)C(C(=O)C2C(=O)c3ccccc3C2=O)c4ccccc4,-3.5738
CCc1c2ccccc2cc3c1ccc4ccccc34,-6.796
N[S](=O)(=O)c1cccc(c1)[S](N)(=O)=O,-2.1693
NCc1ccccn1,0.966
NCc1ccncc1,0.966
CCO[P](=S)(OCC)Oc1ccc(N)cc1,-2.826
Clc1cc(Cl)nc(n1)c2ccccc2,-4.9544
CCCCCC1CCCC1,-6.0863
Cc1cc(ccc1N=Nc2ccccc2)N(CCO)CCO,-4.1254
NNC(=O)CC(=O)NN,-0.121
COCCC(=O)OC,0.8027
NNC(=O)C(O)C(O)C(O)C(O)CO,-0.4985
[nH]1c2ccccc2nc1c3occc3,-3.414
Brc1ccc2Nc3ccccc3Sc2c1,-6.1119
Ic1ccc2Nc3ccccc3Sc2c1,-6.9278
ClCC[S](=O)(=O)CC[S](=O)(=O)CCCl,-1.4486
OC(=O)CN(CC(O)=O)Cc1cc2C(=O)c3ccccc3C(=O)c2c(O)c1O,-1.8077
COC(=O)c1ccc(O)c(Cl)c1,-2.873
OC(=O)C[C@@H](Cl)C(O)=O,-0.7953
CCCCCCC(C(O)=O)C(O)=O,-1.6566
COCC(=O)c1ccccc1,-0.7616
CCC(CC)(C(O)=O)C(CC)(CC)C(O)=O,-2.9644
CCCCOCCC(=O)OC,-1.2909
C\C=C/C=O,0.412
CCCCOC(=O)CCOC,-1.2135
CCC1=CNC(=O)NC1=O,-1.9424
CNC(CC(O)=O)C(O)=O,-0.7544
OC(=O)c1ccccc1CC(=O)c2ccccc2C(O)=O,-2.7910000000000004
Clc1ccc(cc1)N=Nc2ccccc2,-5.7023
O=C1Cc2c(O1)ccc3ccccc23,-2.7078
CCCCCCCCCCC(C(O)=O)C(O)=O,-3.99
Cc1ccc(O)c(CO)c1,-0.3143
CCOC(=O)c1[nH]c(C=O)c(CC)c1C,-2.7186
COC(C)CCOC(C)=O,-1.5022
CC\C(NO)=C(\CC)N=O,-2.5525
O=[P](N1CCOCC1)(N2CCOCC2)N3CCOCC3,0.2984
Cc1cnc(N[S](=O)(=O)c2ccc(N)cc2)nc1C,-3.1435
CC1NC(=O)CNC1=O,0.2903
CN(C=C)N=O,-0.4579
OC1=C(Br)C=CC=CC1=O,-2.4352
CC(=O)C1(C)CO1,0.3797
CCSC(=S)NCC(O)=O,-1.0882
OC[C@H]1O[C@@H](O[C@@H]2[C@@H](CO)O[C@](O)(CO)[C@H]2O)[C@H](O)[C@@H](O)[C@H]1O,0.3487
CCN(CC)C(=O)OC,-0.2918
OC(=O)CCC(=O)c1cccc2ccccc12,-3.4833
N[P](N)(=O)c1ccccc1,-1.1482
NCCCNc1ccccc1,-1.6543
CCOC[C@H](N)C(O)=O,0.524
OC(=O)CCSSCCC(O)=O,-0.9301
CC(C)C(O)C=C,-0.515
CCC(O)\C=C\C,-0.4198
OC(=O)C(=O)C(c1ccccc1)c2ccccc2,-2.3354
O=[P](Oc1ccccc1)(N2CCOCC2)N3CCOCC3,0.3925
CCCCOC(=O)CCO,-1.2899
OC(=O)CC(SC(CC(O)=O)C(O)=O)C(O)=O,-0.4908
ClCC(=O)NC(=O)CCl,-2.2304
C1CCC(CC1)N(Sc2sc3ccccc3n2)C4CCCCC4,-6.7886
O=[S](=O)(N1CCCCC1)c2ccccc2,-2.5365
CCN(CC)C(C#N)c1ccccc1,-0.9738
OC(=O)C(S)CCC(S)C(O)=O,-2.4758
CCSC(=S)N[C@@H](CC(O)=O)C(O)=O,-1.3863
ClCC[S](=O)(=O)CCOCC[S](=O)(=O)CCCl,-1.9408
COc1cc(ccc1C(O)=O)C(O)=O,-1.9916
CC(=O)Nc1ccc(Cl)cc1C,-2.3097
CN1C2CCC1CC(C2)OC(=O)C(CO[S](O)(=O)=O)c3ccccc3,-1.5675
OC(=O)CC1CCCCC1,-1.6935
CCCCCCCCCCCCCCCCNC(=O)C(C)O,-3.6512
CCCCCNC(=O)C(C)O,-0.3825
OCC(O)C1OC(Oc2ccccc2)C(O)C(O)C1O,-1.5537
CCCCCCCCCCOC(=O)c1cccnc1,-3.1901
CC(C)CC(NC=O)C(O)=O,-0.7328
C[S](=O)(=O)N[S](C)(=O)=O,0.0402
CCCOC(=O)CCOC,-0.6598
COC(OC)\C=C/C(OC)OC,0.055
CN1CCC=C1C,0.1265
NN[P](=S)(NN)c1ccccc1,-1.425
Cc1cc(C)cc(OCC(O)=O)c1,-2.3527
CCCCCCNC(=O)C(C)O,-0.9487
CCCCOC(=O)C(C)OC(C)=O,-0.7536
CCc1nc2N(C)C(=O)N(C)C(=O)c2n1C,-1.5687
NC(N)=NC(N)=Nc1ccc2ccccc2c1,-2.5497
OC(=O)CC1NC(=O)NC1=O,-1.1517
NC(=O)SCC(=O)Nc1ccccc1,-1.3228
CCOC(=O)C(CC(O)=O)=C(c1ccccc1)c2ccccc2,-2.1908
Cn1cnc2nc(Cl)nc(NN)c12,-1.1427
CCOC(=O)C1=C(C)OC(=C(C(=O)OCC)C1=O)C,-1.5255
OC(=O)CCC(N(CCC#N)CCC#N)C(O)=O,-0.2275
CSCCC(N(CCC#N)CCC#N)C(O)=O,-1.3279
CCCCCCCCOC(=O)C(C)O,-1.2726
O=C1COc2ccccc2N1,-2.5716
CCC\C(=C/C(O)=O)C(O)=O,-1.1538
CCOC(=O)N1CCN(CC1)C(=O)OCC,-0.7288
CC[C@@H](C)c1cccc([C@@H](C)CC)c1O,-5.0593
OC(=O)CCCCCc1ccccc1,-2.6026
CC1=C(CCC1(C)C)C(O)=O,-2.8871
CC(C)(C)CC(=O)OCC(=O)[C@@]12OC(C)(C)O[C@@H]1C[C@H]3[C@@H]4CCC5=CC(=O)C=C[C@]5(C)[C@@]4(F)[C@@H](O)C[C@]23C,-5.1244
C[C@@H]1NC(=O)[C@@H](C)NC1=O,-0.1528
O=C1CCC(N1)C(=O)Nc2ccccc2,-1.3278
Oc1ccc(Sc2ccccc2)cc1,-2.7745
CCOCOCOCC,-0.1277
O=C1OCc2ccc3ccccc3c12,-3.3062
OC(=O)CNC(=O)c1occc1,-0.7272
Nc1ccc(cc1)[S](=O)(=O)Nc2sc(cn2)C(O)=O,-2.8741
CCC(CC)(CC(O)=O)C(O)=O,-0.7962
OC(C(O)c1ccccc1)C(O)=O,-0.3063
CC=C(Cc1ccccc1)C(O)=O,-2.5648
OC(=O)c1ccc(NC(=O)c2cccnc2)cc1,-3.0832
CCOC(OCC)C(C)=O,-0.2059
O=C1CCCCCNC(=O)CCCCCNC(=O)CCCCCNC(=O)CCCCCN1,-2.8126
CC(=O)OCCS,-1.5
CO[P](=S)(OC)SS[P](=S)(OC)OC,-4.3981
NC(=O)NN=C[C@H](O)[C@@H](O)[C@H](O)CO,-0.1288
OC(=O)CC[P](O)(O)=O,0.5007
OC[C@H]1O[C@@H](O[C@H]2[C@H](O)[C@@H](O)[C@H](O)O[C@@H]2CO)[C@H](O)[C@@H](O)[C@H]1O,-0.8167
CCN(CC)CCSCCN(CC)CC,-2.3663
CC(=O)CC(CC(O)=O)c1ccccc1,-1.4463
Nc1ccc(cc1)C#Cc2ccc(N)cc2,-2.4326
OC(=O)c1ccccc1C(=O)c2ccccc2O,-2.3428
CCC(O)C(Cl)(Cl)Cl,-0.9481
CC(C)CC1OCCO1,-0.3695
O=C1CCCCCCCCN1,-1.0737
CNCl,0.2806
OC(=O)C(S)CS,-0.2374
O=C1CCCCCN1C(=O)c2ccccc2,-2.1667
O=C1C=CC(C=C1)=NNc2ccc(N=Nc3ccccc3)c4ccccc24,-6.0092
CC1(C)C2CCC1(C)C(N)(C2)C(O)=O,-1.5961
Cc1ccc(cc1N)[S](N)(=O)=O,-1.9169
CCCCCCCCNC(=O)C(C)O,-2.2827
CCCCCCCCCCNC(=O)C(C)O,-3.3605
CC(O)C(=O)OC(C)C(=O)OCC=C,-0.6826
CNCC(O)C(O)C(O)C(O)CO,0.4084
COC(=O)C(C)OC(C)=O,-0.2617
OC(=O)CN(CCC#N)CCC#N,0.4578
COc1cc2nccnc2c(N)c1OC,-1.7102
CN(C(N)=O)c1ccc(C)cc1,-0.423
NC(=O)c1ccc(cc1)[S](N)(=O)=O,-2.3015
CC1=CN(Cc2ccccc2)C(=O)NC1=O,-2.2558
Cc1[nH]cnc1[S](O)(=O)=O,0.188
Cc1ccc2NC(=O)C(=O)Nc2c1,-3.0418
CN1c2ccccc2C(O)(c3ccccc3)c4ccccc14,-3.9031
CC1(CCCC=C1C(O)=O)C(O)=O,-1.9642
OC(=O)CC(N(CCC#N)CCC#N)C(O)=O,-1.5337
CN(C)C(=O)c1ccccc1C(=O)N(C)C,0.5083
CCCCCOC(=O)C(C)O,-1.2047
OCc1cc(Cl)ccc1OCC(O)=O,-2.0347
CNC(=O)Oc1cc(C)c(N(CC=C)CC=C)c(C)c1,-3.5932
Clc1cccc(Oc2ccccc2)c1,-4.2107
CC(=C)[C@@H]1CC=C(C)C(=O)C1,-2.0608
CC(C)C(Br)C(=O)NC(C)C(O)=O,-0.4825
CCCCCOC(=O)c1ccc(O)cc1,-3.8135
CC[C@]12CC[C@H]3[C@@H](CCC4=CC(=O)CC[C@H]34)[C@@H]1CC[C@@]2(O)C#C,-5.2567
O=CCc1ccc2OCOc2c1,-1.96
OC(=O)C1CC(=O)c2ccccc2C1,-2.1031
NC(CO)C(=O)NC(CO)C(O)=O,-0.5847
ONC1=C(CCC1)N=O,-1.9937
CC1CCC(=O)N1c2ccccc2,-0.8457
CC1CC(C)(C)CC(C1)(OOC(C)(C)C)OOC(C)(C)C,-5.7025
Cc1cc(C)c(c(C)c1)[PH](O)=O,-2.7896
OCC(CO)OCC=C,0.481
Clc1ccc(Oc2cccc(Cl)c2)cc1,-4.7701
N[C@@H](CO)C(O)=O,-0.3861
NC(CCC(O)=O)C(O)=O,-0.9916
CC(=O)NC(NC(C)=O)c1ccccc1,-1.3144
COc1c(Cl)c(Cl)cc(Cl)c1Cl,-5.1307
NC(=O)N\N=C\C(O)C(O)C(O)C(O)CO,-0.4257
CCCCOC(=O)c1cccnc1,-1.8367
OCCCOC(=O)c1ccccc1,-1.2558
Clc1ccc(Oc2ccccc2)cc1,-4.7925
CCCC[P](=O)(CCCC)OCC,-1.2005
COc1cc(cc(Cl)n1)C(Cl)(Cl)Cl,-4.3635
CCOc1ccc(cc1)N(C(C)=O)C(C)=O,-1.947
CCCCO[P](=O)(OCC)OCCCC,-1.8456
CCCCO[P](=O)(OC)OCCCC,-1.4995
OC(=O)c1cccc2ncccc12,-2.6774
CN(C)C(=O)CCC(=O)N(C)C,0.5035
OC(=O)CC[Se][Se]CCC(O)=O,-2.2681
OCN1CC(=O)N(CO)CC1=O,-0.4168
O=[P](Oc1ccccc1)(Oc2ccccc2)N3CCOCC3,-2.1425
CN(N=O)C(C)=O,-0.7684
ClC1(Cl)C2(Cl)C3C(CC4C3C1(Cl)C5(Cl)C4C25Cl)C=O,-7.2006
Nc1sc2cccc(O)c2n1,-1.9196
CC1(CCOC1=O)C(O)=O,0.8412
OC(=O)c1ccc2C(=O)c3ccccc3C(=O)c2c1C(O)=O,-2.8141
NC1=NC(=O)N(C=C1)[C@H]2CC[C@@H](CO)O2,-0.4416
COC1(C)COC(C)(CO1)OC,-1.246
O=C1CCCCCCCCCCCCN1,-2.6260000000000003
OCc1cc(Cl)c(Cl)c(Cl)c1,-3.0948
Oc1cccc2cncnc12,-2.0361
CCCCS[S](=O)CCCC,-2.2886
ON(C(=O)c1occc1)c2ccccc2,-3.194
CCCOC(=O)c1cccnc1,-1.2403
CCCCC(NC(C)=O)C(O)=O,-0.6823
OC(=O)c1c(Cl)ccc2ccccc12,-2.3152
COC(=O)\C=C(/C)O[P](=O)(OC)OC,0.4276
CCC(Cl)(Cl)Cl,-1.8898
CCCCCCCCOCCO,-2.125
CC(C)[C@@H](O)C#N,0.3048
CCC(CC)COC(C)=O,-1.3528
ClC\C=C/Cl,-1.7067
ClC/C=C/Cl,-1.598
CC1CC1(C(O)=O)C(O)=O,0.8412
OC(=O)CC(C(O)=O)(c1ccccc1)c2ccccc2,-2.4318
NC(=O)C(Br)(Br)C#N,-1.2075
CC(C)CN1CCOCC1,-0.7089
CC(=O)N[C@@H](Cc1cc(Br)c(O)c(Br)c1)C(O)=O,-2.1830000000000003
OC(=O)c1ccc2ncccc2c1,-0.0456
O=C(NC1CCCCC1)c2cccnc2,-2.319
CC1(C)C2CCC1(C)C(=O)C2O,-0.9249
CCCCCCCCOCC(O)CO,-1.9208
CCOC(=O)CCCOc1ccc(Cl)cc1C,-4.4095
OC1(CCN(CCCC(=O)c2ccc(F)cc2)CC1)c3ccc(Br)cc3,-3.6693
Cc1c(Cl)c(O)c(Cl)c(Cl)c1Cl,-4.6021
CCO[P](=O)(OC)OC,0.5112
CCO[P](=S)(OCC)SC[S](=O)C(C)(C)C,-2.4421
COC(=O)[C@@]1(O)OC[C@@]23[C@H](C[C@@H](OC(C)=O)[C@]4(CO[C@@H]([C@@H](O)[C@](C)([C@H]12)[C@]56O[C@@]5(C)[C@H]7C[C@@H]6O[C@@H]8OC=C[C@]78O)[C@H]34)C(=O)OC)OC(=O)C(/C)=C/C,-3.4428
O[P](O)(=O)CCCl,0.8401
CNC(=O)Oc1cc(C)cc(C)c1C,-1.9851
OC(=O)CC[Ge](=O)O[Ge](=O)CCC(O)=O,-1.4932
CC(C)OCC(O)COC(C)C,0.0549
ClCC(Cl)(Cl)CCl,-2.5785
COC1[C@H](O)C(CO[C@@H]2C(O)C[C@@H](O)OC2C)O[C@@H](O[C@H]3CC[C@]4(C)C5CC[C@]6(C)[C@H](CC[C@]6(O)C5CC[C@]4(O)C3)C7=CC(=O)OC7)C1O,-1.94
CN(C)C(=O)c1ccc(cc1)C(=O)N(C)C,0.2656
O=C(Nc1ccccn1)c2cccnc2,-2.9771
CCN(CC)C(=O)\C(Cl)=C(/C)O[P](=O)(OC)OC,0.5233
CN(CC(O)=O)N=O,0.9278
NC(=N)NC(=N)Nc1cccc2ccccc12,-2.3151
CCO[P](=O)(OCC)SCc1ccccc1,-2.4155
Nc1c(cc(Nc2ccc(c(Nc3nc(Cl)nc(Cl)n3)c2)[S](O)(=O)=O)c4C(=O)c5ccccc5C(=O)c14)[S](O)(=O)=O,0.1956
OC(=O)CSC(C(O)=O)c1ccccc1,-1.1559
CCCCNCC,-0.4405
CN1C(=O)N(C)c2nccnc2C1=O,-1.4598
CC(=O)N[C@@H](CSc1ccc(Cl)c(Cl)c1)C(O)=O,-2.8868
IC1=CNC(=O)C=C1,-1.7423
NC(N)=NCCCCCCCCNCCCCCCCCN=C(N)N,0.3322
CCNc1nc(OC)nc(n1)N(CC)CC,-2.9987
CCCCOC(=O)C(C)OC(=O)C(C)O,-1.3752
NC(=O)NCNC(N)=O,-0.6525
CCC(O)CN,1.0499
ClC1=C(Cl)C2(Cl)C3CCC4C(CCC3C1(Cl)C2(Cl)Cl)C5(Cl)C(=C(Cl)C4(Cl)C5(Cl)Cl)Cl,-13.1719
CCCC1CCCNC1,-1.011
CC(CCl)O[P](=O)(OC(C)CCl)OC(C)CCl,-2.4361
OC(=O)\C=C\CBr,-0.7403
C/C=C/CC1(C\C=C\C)C(=O)NC(=O)NC1=O,-2.1973
CCOCCC(=O)OC,-0.0719
CCCCOC(=O)CCOCC,-1.6391
CCCCCOC(=O)CCOCC,-2.1956
CCCCCCOC(=O)CCOCC,-2.8289
CCCOCCC(=O)OC,-0.6334
CCCOCCC(=O)OCCC,-1.6848
CCCCOCCC(=O)OCCCC,-2.4029
CC(C)C(N)C(=O)NCC(O)=O,0.4579
CN(C)C(=O)c1cccc(c1)C(=O)N(C)C,0.487
OC(=O)CCC[Se][Se]CCCC(O)=O,-2.2471
CCOC(=O)COc1ccc(Cl)cc1,-2.4206
CN1C(=O)NN(C1=O)c2ccccc2,-2.9804
NC(=O)c1ccccc1OCC=C,-2.2273
CC(C)C1NC(=O)CNC1=O,-0.8926
CC(=O)/C=C/C1=C(C)CCCC1(C)C,-3.0561
CCCC(C)C(O)CC,-1.9636
CC1(C)CCC2(CCC(C)(C)O2)O1,-1.9644
Oc1ccccc1[S](=O)(=O)c2ccccc2O,-3.3192
ClC(Cl)C(Cl)C(Cl)Cl,-2.7223
NC(Cc1cc(Cl)c(O)c(Cl)c1)C(O)=O,-1.7546
OC(=O)CC(O)(CC(O)=O)C(=O)Nc1ccccc1,-0.4874
COC(=O)c1ccc(O)c(I)c1,-3.3138
CCOC(=O)c1ccc(O)c(I)c1,-3.4924
CCCOC(=O)c1ccc(O)c(I)c1,-3.6865
CCCCOC(=O)c1ccc(O)c(I)c1,-3.9033
C[C@@H](Oc1ccc(Cl)cc1Cl)C(O)=O,-2.6003
CNC(=O)O\N=C1/[C@@H](Cl)C2C[C@H](C#N)C1C2,-2.0822
OC(=O)Cc1ccccc1Nc2c(Cl)cccc2Cl,-5.0968
CN[S]#CNCO,-0.0798
CC(OC(C)=O)C#N,0.2475
O=C1Nc2ccccc2NC1=O,-2.812
OC(=O)CSSSSCC(O)=O,-1.452
CCCCOCCOC(N)=O,-0.5084
CCCCCC[P](=O)(OCC)OCC,-2.5687
Oc1cc2ccccc2cc1C3=NCCN3,-3.3015
Cc1ccc(O)c(I)c1,-2.4662
CC(=O)Oc1ccccc1\C=C\C(O)=O,-3.1559
C\C=C1/CC2CC1C=C2,-4.1305
CCOC(=O)c1ccc(O)c(Cl)c1,-3.2232
CC(C)C[C@H](N)C(=O)N[C@@H](CCC(O)=O)C(O)=O,-0.8969
CCCC(=O)N(C)N=O,-1.5347
C[C@@H](Oc1ccc(Cl)cc1C)C(O)=O,-2.3972
NC(=O)C(Cl)=C,-0.2104
CC1(CCN2CCCCC2)NC(=O)NC1=O,-0.8213
CC(=O)O[C@H]1[C@H](O[C@@H]2OC(C)(C)O[C@H]12)[C@H]3COC(C)(C)O3,-1.5229
NNC(=O)c1sccn1,-0.6787
COc1cc(Cl)ccc1O,-1.5013
Nc1ccc(cc1)[S](=O)(=O)Nc2scnn2,-2.8684
CCOC(=O)CC1(C)CCC(=O)O1,-0.7472
CCC(C(C(O)=O)c1ccccc1)C(O)=O,-2.3256
ON(c1ccccc1)C(=O)c2ccc(Cl)cc2Cl,-3.6723
CC(C)C1(Br)C(=O)NC(=O)NC1=O,-2.2088
N[S](=O)(=O)c1ccc(cc1)[S](N)(=O)=O,-2.5283
CCCCC1(CCCC)C(=O)NC(=O)NC1=O,-2.8756
Oc1cccc2ccnnc12,-2.4089
Cc1cnnc2c(O)cccc12,-2.6783
Oc1cccc2nccnc12,-1.3468
Oc1cncc2cccnc12,-1.6576
NC(=O)NCC(=O)NCC(=O)NCC(O)=O,-1.3505
CCNC(CC)C(O)=O,-0.4189
NC(=O)NCC(=O)NCC(O)=O,-0.8996
COc1c(cc(cc1C(O)=O)C(O)=O)C(O)=O,-1.5354
CCC1OC(=O)c2ccccc12,-1.747
Cc1nnc(N)nc1C,-1.0939
CCC(CC#N)C#N,-0.6916
CC1OC(CCC1OC2OC(C)C(C(O)C2O)N(C)C)N3C=CC(=NC3=O)NC(=O)c4ccc(NC(=O)C(C)(N)CO)cc4,-2.4904
OCCOC(=O)c1ccccc1C(O)=O,-1.4825
C=CCCCN=C=S,-2.9004
COc1c(C)c(C=O)ccc1O,-1.3755
CC(C)OC(=O)c1ccc(N)cc1,-2.6099
C[Si](C)(C)CCCN,-1.9509
OCc1ccc(I)cc1,-2.7460000000000004
CC1CCCC(=NO)C1=NO,-1.5916
CC1CCC(=C(C1)NO)N=O,-1.6622
CC(C)C1CCC(=NO)C(C1)=NO,-2.3903
Cc1cccc2c3cc4ccccc4cc3cc(C)c12,-7.9743
ON=C1CCCCCCCCC1=NO,-2.5813
CCS[S](=O)CC,-0.0993
COC1CCCC(C)O1,-0.5921
CC1(C)OC2(C)CCC1CC2=O,-0.9249
CCCCC(O)C(C)C,-1.8122
CCC(C)CC(O)CC,-1.8602
CCC(O)CCC(C)C,-1.9272
OC(=O)C1CCC([Se]1)C(O)=O,-0.545
CCO[P](=S)(OCC)Oc1cc(on1)c2ccccc2,-5.2172
OCc1ccccc1Br,-2.158
CC(=O)Nc1ccc(cc1)[S](=O)(=O)Nc2ccccn2,-3.7162
COc1cc(NC(=O)c2cccnc2)c3ncccc3c1,-4.4461
N[C@@H]([C@H](O)[C@@H](O)COC(N)=O)C(=O)N[C@@H]([C@H]1O[C@H](C(O)C1O)N2C=C(CO)C(=O)NC2=O)C(O)=O,0.2946
COc1cc(C=O)cc(Cl)c1O,-2.8747
Brc1ccc2COC(=O)c2c1,-2.6472
Oc1c(Cl)cc(Cl)cc1Cc2ccccc2,-4.6399
Clc1ccc2COC(=O)c2c1,-2.4817
CCOc1ccc(C(O)=O)c2ccccc12,-4.1122
CCC(C)(O)C(O)c1ccccc1,-1.7244
CC(C)C[C@@H](NC(C)=O)C(O)=O,-1.3301
CCC(C)C(NC(C)=O)C(O)=O,-0.6205
COC[C@H](N)C(O)=O,0.6524
BrC1=CN=CNC1=O,-0.4471
OC1=C(C#N)C(=O)C=C(Cl)N1,-1.2319
CC(CO)C(=O)O[C@H]1CC(=C/CCC(=C/[C@H]2OC(=O)C(=C)[C@H]12)/CO)/C,-2.2436
CCNC(C)C,1.0597
CCCCCO[P](=O)(OCC)OCC,-1.4757
CCCCCC(O)CC,-2.0171
CC[S](=O)(=O)CCS[P](=S)(OC)OC,-2.5415
COCC(C)OCC(C)OCC(C)O,0.6855
CCCOc1ccc(NC(C)=O)cc1,-3.0557
CC1(C)C2CCC1(C)C(=O)C2CO,-0.215
CN(C(N)=O)c1ccccc1C,-0.4032
CCN(C(N)=O)c1ccccc1C,-0.2096
OC(=O)CC1=CNC(=O)NC1=O,-1.6287
CCCC(O)(CCC)C(O)c1ccccc1,-2.648
CCCCC(O)(CCCC)C(O)c1ccccc1,-3.2225
Cc1cc(C)c(C)c(C)n1,-1.3069
C[C@H]1O[C@H](C[C@H](O)[C@@H]1O)O[C@H]2[C@@H](O)C[C@@H](O[C@@H]2C)O[C@H]3[C@@H](O)C[C@@H](O[C@@H]3C)O[C@H]4CC[C@@]5(C)[C@H](CC[C@@H]6[C@@H]5C[C@@H](O)[C@]7(C)[C@H](CC[C@]67O)C8=CC(=O)OC8)C4,-4.0811
Clc1ccc(NC(NC=O)C(Cl)(Cl)Cl)cc1Cl,-3.3228
S=C1NSC(=S)N1,-1.7618
CC1CC(C)(C)c2cc(C(C)=O)c(C)cc2C1(C)C,-5.3154
CC(Cl)C(C)(C)O,-0.2926
CCO[P](=O)(OCC)N=C1SCS1,-0.6835
N#CSCSc1sc2ccccc2n1,-3.2803
CCCC(O)CC(C)C,-1.9079
CN1C(=O)COc2ccccc12,-2.1445
CCC(O)CNCC(O)CC,0.7925
Cc1snnc1C(O)=O,-0.4598
CC(O)C(O)c1cnc2NC(=NC(=O)c2n1)N,-2.5301
CCOc1ccc(NC(=O)CO)cc1,-2.1058
OC(=O)C(c1ccccc1C(O)=O)c2ccccc2C(O)=O,-2.4998
CC(C)Nc1nc(Cl)nc(NC2CC2)n1,-3.5185
CC(C)=C[C@H]1[C@H](C(=O)OC2CC(=O)C(=C2C)CC#C)C1(C)C,-4.5746
CN1C(=O)N(C)c2ncn(CCCO)c2C1=O,-0.1551
CCC(CO)(CO)COCC(CC)(CO)CO,-0.9836
CC(C)(CCC(C)(C)CC(O)=O)CC(O)=O,-3.1319
CCCCCCOC(=O)c1cccnc1,-2.6538
O[P](O)(=O)CN(CCCCCCN(C[P](O)(O)=O)C[P](O)(O)=O)C[P](O)(O)=O,-1.5161
CN(C)c1[nH]c2cncnc2n1,-1.3885
NC(=O)NN=C[C@H](O)[C@@H](O)[C@H](O)[C@H](O)CO,-1.0041
CCO[P](=S)(OCC)Oc1ncn(n1)c2ccccc2,-3.9049
CC1(C)OC(=O)c2cc3ccccc3cc12,-2.9844
CC(=O)Nc1ccc(Br)cc1C,-1.756
CC(C)COCN(C(=O)CCl)c1c(C)cccc1C,-3.6822
CCCCC(CCC(O)=O)CC(O)=O,-1.3974
CCCCCC1C(CCC1=O)CC(=O)OC,-2.9076
Cc1cccc(I)c1O,-1.8378
Clc1ccc(Cl)c(Oc2ccccc2)c1,-4.9703
Clc1ccc(Oc2cc(Cl)cc(Cl)c2)cc1,-5.5201
CCCCC(CC)COC(=O)COc1ccc(Cl)cc1Cl,-7.0122
CCC\C=C\C,-3.2262
CCC(O)OC(O)CC,0.8723
N[S](=O)(=O)c1ccc(NC2O[C@H](CO)[C@@H](O)[C@H](O)[C@@H]2O)cc1,-0.9801
CC(=O)C(=N\O)/c1ccccc1,-2.3676
OC(=O)\C=C/c1cccc(O)c1,-2.099
COCC(C)OCC(C)OC(C)CO,0.6855
CC(C)c1ccc(cc1)c2ccccc2,-5.5147
CSC1=CC(=O)c2ccccc2C1=O,-4.4651
CNC(=O)O/N=C/C1(C)SCC(C)S1,-2.3698
Cc1ccc(O[P](=O)(Oc2ccccc2)Oc3ccccc3)cc1,-6.1517
Cc1ccc(O[P](=O)(Oc2ccccc2)Oc3ccccc3C)cc1,-6.3733
CCCCCCCCN1SC=CC1=O,-2.6301
Clc1ccccc1c2c(Cl)c(Cl)c(Cl)c(Cl)c2Cl,-8.0133
CCO[P](=O)(OCC)OCC(C)C,-1.1765
CC(=O)C(CC(O)=O)=Cc1ccccc1,-1.6111
BrC1=CNC(=NC1=O)c2ccccc2,-3.4792
CCCC(=O)OCCOCCOCCOC(=O)CCC,-1.5598
O=C(NC(=O)c1cccnc1)Nc2ccccc2,-3.3825
O=C(OCCCOCCCOC(=O)c1ccccc1)c2ccccc2,-4.3584
CC(C)CCCCCCCOC(=O)CCCCC(=O)OCCCCCCCC(C)C,-9.9867
CCCCCCCCCCC(O)CCC,-5.837000000000001
CCOC(=O)Cc1[nH]nc2ccc(Cl)cc12,-3.0256
CC(C)CCCCCOC(=O)c1ccccc1C(=O)OCCCCCC(C)C,-6.6375
C=CCOC1=N[S](=O)(=O)c2ccccc12,-3.1727
Brc1ccc(c(Br)c1Br)c2c(Br)c(Br)c(Br)c(Br)c2Br,-9.351
CC(C)c1ccccc1O[P](=O)(Oc2ccccc2)Oc3ccccc3,-5.2239
S=C1Nc2nc[nH]c2C=N1,-2.5803
CN(C)C(=S)Nc1ccc(Cl)cc1C,-3.6604
CC(C)=CC1C(C(=O)OCc2coc(Cc3ccccc3)c2)C1(C)C,-6.0524
OC(=O)[C@@H]1CC[C@@H](SS1)C(O)=O,-1.1709
CC(C)CCCCCCOC(=O)c1ccccc1C(=O)OCCCCCCC(C)C,-6.3208
CCN(OC(=O)c1ccccc1)C(=O)c2c(OC)ccc(Cl)c2OC,-4.0837
CC(C)NCC(O)COc1ccc(CC(N)=O)cc1,-1.3016
CCC(CC)(C(N)=O)C(N)=O,-1.1992
COC(=O)N(C)C(=O)CS[P](C)(=S)OC,-1.9563
CCCCCCCCCCCCC(O)CCC,-6.7708
ON(c1ccccc1)C(=O)c2cccc3ccccc23,-3.9433
ON(C(=O)c1ccccc1)c2cccc3ccccc23,-3.3065
NC(=S)SCC(O)=O,-0.7482
OC(=O)CNC(=S)SCC(O)=O,-1.3011
O=C(NCCc1c[nH]cn1)c2ccccc2,-0.634
CC(C)CCCCCCCO[P](=O)(Oc1ccccc1)Oc2ccccc2,-5.7165
CCCOCC(C)OCC(C)O,-0.0701
CCCCOCC(C)OCC(C)O,-0.6262
C1O[C@@H]1[C@@H]2CO2,1.065
C[C@@H](Oc1cc(Cl)c(Cl)cc1Cl)C(O)=O,-3.1295
CCC1CCC(O)O1,-0.0651
C1O[C@H]1[C@H]2CO2,1.065
CC1CCC2(CCC(C)O2)O1,-0.4487
CCO[P](=S)(OCC)SCN1C(=O)Oc2ccccc12,-5.1905
COC(=O)C(/C)=C/O[P](=S)(OC)OC,-2.7785
CN(CCO)c1nc2N(C)C(=O)N(C)C(=O)c2n1C,-0.6488
CC1=CSC(=S)N1CC(O)=O,-1.9632
CN(C(C)=O)c1c(I)c(NC(C)=O)c(I)c(C(=O)NC2[C@@H](O)OC(CO)[C@@H](O)C2O)c1I,-0.1982
CCN[P](=S)(OC)OC(/C)=C\C(=O)OC(C)C,-3.4078
CC(C)(O)CCCC1=CCC(CC1)C=O,-1.5376
Clc1cc(Cl)c2c(Cl)c(Cl)c(Cl)c(Cl)c2c1Cl,-8.775
NC1N=C(N)NC(=O)C1=O,-1.6978
OC(=O)c1oc(Cl)c(Cl)c1Cl,-2.2193
CCCCCCC(C\C=C/CCCCCCCC(O)=O)O[S](O)(=O)=O,-0.5781
O[C@@H](C=O)[C@H]1OC(=O)[C@@H](O)[C@H]1O,0.1641
OC(=O)c1occ(Br)c1Br,-2.0887
NC(C(O)C(O)=O)C(N)=O,-1.1494
CCC1=CNC(=O)N=C1N,-1.0197
OC(=O)[C@H]1CC[C@@H](SS1)C(O)=O,-1.5241
OC(=O)/C=C/c1cccc(Br)c1,-2.636
CCc1ccccc1NC(C)=O,-1.5906
ClC1=C(Cl)C2(Cl)[C@@H]3CO[S](=O)OC[C@@H]3[C@@]1(Cl)C2(Cl)Cl,-5.9563
CC(=O)c1cc(O)c(O)c(O)c1,-1.4711
NN[P](=O)(Oc1ccccc1)Oc2ccccc2,-2.2373
CCSC(=S)N[C@@H](C)C(O)=O,-0.9613
OC(=O)c1cc(Br)cc(C(O)=O)c1C(O)=O,-1.4481
CC(C)c1cc(O[P](=O)(Oc2ccccc2)Oc3ccccc3)cc(c1)c4ccccc4,-6.8485
COC(C)COC(C)CO,0.8292
CCN(CC)C(=O)SCc1ccccc1Cl,-4.031000000000001
CCCS[P](=S)(OCC)Oc1ccc(Cl)cc1Cl,-6.693
CNC(=O)O\N=C(\C)C(C)SC,-0.7353
CNC(=O)O\N=C(/C)C(C)[S](C)(=O)=O,-0.0267
CO[P](=O)(OC)OC1=C(Cl)CC2C=CC12,-2.0566
OC(=O)CSC(SCC(O)=O)SCC(O)=O,-1.4243
Clc1cc(Cl)c(cc1Cl)c2cc(Cl)c(Cl)c(Cl)c2Cl,-8.0115
CC(Nc1ccccc1Cl)C(O)=O,-2.3271
CC(C)N(Cc1ccccc1)C(=O)C(C)(C)C,-2.4704
OC(=O)CCCNC(=O)c1ccccc1,-1.2025
CCCS[P](=S)(OCC)Oc1ccc(SC)cc1,-6.0171
Cc1cc(O)c(cc1Cl)C(O)=O,-3.1248
C[C@H](NC(=O)[C@H](C)NC(=O)[C@@H](N)CC[P](C)(O)=O)C(O)=O,0.4904
CN1C(=C(/O)Nc2ccccn2)/C(=O)c3ccccc3[S]1(=O)=O,-4.1586
Brc1cc(Br)c(Oc2cc(Br)cc(Br)c2Br)c(Br)c1,-8.1979
CCCCCCC(CC=CCCCCCCCC(O)=O)O[S](O)(=O)=O,-0.5781
CC(C)NC(=O)N1CC(=O)N(C1=O)c2cc(Cl)cc(Cl)c2,-4.3757
NC(=O)c1ncn(n1)[C@@H]2O[C@H](CO)[C@@H](O)[C@H]2O,-0.2355
CC(CCc1ccccc1)NCC(O)c2ccc(O)c(c2)C(N)=O,-3.4482
OC[C@H]1C[C@H](N[C@H]2C=C(CO)[C@@H](O)[C@H](O)[C@H]2O)[C@H](O)[C@@H](O)[C@@H]1O[C@@H]3O[C@H](CO)[C@@H](O)[C@H](O)[C@H]3O,0.3032
COCCc1ccc(OCC(O)CNC(C)C)cc1,-1.1992
ON(c1ccccc1)C(=O)c2ccccc2I,-3.5304
NCC[C@H](O)C(=O)N[C@@H]1C[C@H](N)[C@@H](O[C@H]2O[C@H](CN)[C@@H](O)[C@H](O)[C@H]2O)[C@H](O)[C@H]1O[C@H]3O[C@H](CO)[C@@H](O)[C@H](N)[C@H]3O,-0.5004
O=C1N=CNc2cccnc12,-2.0656
Brc1cc(Br)c(OCCOc2c(Br)cc(Br)cc2Br)c(Br)c1,-6.5363
Clc1cc2Oc3c(Cl)c(Cl)c(Cl)c(Cl)c3Oc2c(Cl)c1Cl,-11.4795
COCCO[Si](CCCl)(OCCOC)OCCOC,-1.1029
CCOC(=O)C1=CNC(=S)NC1=O,-2.0985
CC(C)C[C@H](N)C(=O)N[C@H](CCC(N)=O)C(O)=O,-1.5687
CC(O)(CO)C(O)[C@@]12NC(=O)[C@@](O)(NC1=O)C(=C)CCO2,-0.1971
Cc1cc(C)c(OCC(O)=O)c(Br)c1,-3.1234
CCOc1cc(O[P](=S)(OC)OC)nc(CC)n1,-3.8638
CC(C)(C)NC[C@@H](O)COc1ccccc1C2CCCC2,-1.6195
Clc1cccc(c1)c2c(Cl)cccc2Cl,-6.8245
CC([S](C)(=O)=O)[S](C)(=O)=O,-1.4188
CC(C)(NC(N)=O)C(O)=O,-1.1648
CCOc1ccccc1\C=C/C(O)=O,-2.5234
CC(C)c1ccc2ccccc2c1C(C)C,-6.2856
CC(C)S[S](=O)C(C)C,-0.823
CC(C)(O)CC(C)(O)c1cccc2ccccc12,-3.2419
OC(=O)C(I)=CBr,-1.2118
Clc1ccc(c(Cl)c1)c2c(Cl)cc(Cl)cc2Cl,-7.66
CC(C)=CC1C(C(=O)OC(C#N)c2cccc(Oc3ccccc3)c2)C1(C)C,-7.5746
CCC(CCC(O)=O)C(C)=O,-0.451
CNC(=O)N(C)C(=O)CC#N,0.1709
CC(=O)NCC(=O)Nc1ccccc1,-1.5678
CCOC(=O)C(NC=O)=CC=Cc1ccccc1,-3.3483
ClCCC(Cl)O[P](=O)(OC(Cl)CCCl)OC(Cl)CCCl,-3.6344
NC(=O)NN=C[C@@H](O)[C@@H](O)[C@H](O)[C@H](O)CO,-0.53
CCOc1ccc(NC(C)=O)c(C)c1,-1.839
COc1cc(C=O)c(C)cc1O,-2.7435
CC(C)(C)NCC(O)COc1cccc2C[C@@H](O)[C@@H](O)Cc12,-1.5699
CCO[P](=S)(OCC)Oc1nn(C(C)C)c(Cl)n1,-3.6577
CC(C)CCCC(C)C\C=C\C(C)=C\C(=O)OCC#C,-4.7239
Cc1ccc(NC(=O)NC(C)(C)c2ccccc2)cc1,-5.3495
CCCOCC(O)COCCC,-0.3431
CC(=O)C(=O)Nc1ccccc1,-1.3676
CN(CCCCC(O)=O)[S](=O)(=O)c1ccccc1,-1.5585
CCCCCOC(=O)c1cccnc1,-2.3776
CN1C(=O)NC(=O)c2nc(C)c(C)nc12,-2.1129
CC(C)OC(=O)C(C(=O)OC(C)C)=C1SCCS1,-3.7306
O=C1CCCCCCCCCCCCCCN1,-2.874
CCO[P](C)(=O)SCCN(C(C)C)C(C)C,-0.95
CCCCCC(=O)NCCNC(=O)CCCCC,-3.1079
CC1OC1C2OC2C,-0.0575
Cn1c2ccccc2c(C(N)=O)c1C(N)=O,-1.8184
OC(=O)c1ccc(c(c1)C(O)=O)[S](O)(=O)=O,0.6087
Cc1nn(c2ccccc2)c(N)c1C,-1.6704
CN(C)C1=NC(=O)N(C2CCCCC2)C(=O)N1C,-0.8834
CCCCNC1(CCCCC1)[P](=O)(OCCCC)OCCCC,-3.3105
CCCCSC(SCc1ccc(cc1)C(C)(C)C)=Nc2cccnc2,-5.5712
COC(CN(C)C(=O)Nc1sc(nn1)C(C)(C)C)OC,-1.8678
C[C@@H]/1CC(=C/CC2C[C@@H](C[C@]3(CC[C@H](C)C(C)O3)O2)OC(=O)[C@@H]4C=C(C)[C@@H](O)[C@H]5OCC(=C\C=C1)/[C@@]45O)/C,-5.7787
CCC1O[C@]2(CCC1C)C[C@@H]3C[C@@H](C\C=C(/C)CC(C)/C=C/C=C/4CO[C@@H]5[C@H](O)C(=C[C@@H](C(=O)O3)[C@]45O)C)O2,-4.8772
Clc1ccc(Oc2ccccc2)c(Cl)c1,-4.6304
NC(=O)C1(CCCCC1)N2C(=O)c3cccc(Cl)c3C2=O,-4.0097
OC(=O)CSC1CCCCC1,-1.3381
CCC1(C)OC(=O)NC1=O,0.0203
Clc1cc(Cl)c(cc1Cl)c2cc(Cl)c(Cl)c(Cl)c2,-8.21
CCCN(CCC)C(=O)SCc1ccccc1,-4.2798
Cc1cc(C)nc(Nc2ccccc2)n1,-3.2166
Ic1ccc2COC(=O)c2c1,-3.2109
C\C=C(/Cl)C(O)=O,0.9189
N[C@@H](C(=O)N[C@H]1[C@H]2SCC(=C(N2C1=O)C(O)=O)Cl)c3ccccc3,-1.5656
CC(C)(NC(=O)c1ccccc1)C(N)=O,-1.6154
COc1ccc(Cl)c(Cl)c1Cl,-4.2918
CC\C=C(/C)C(OC(=O)C1C(C=C(C)C)C1(C)C)C#C,-6.3931
CCCCC(=O)NCCNC(=O)CCCC,-1.8145
CCO[P](=S)(OCC)OC(Cl)C(Cl)(Cl)Cl,-5.5263
O=NN1CCCC1=O,0.0523
CC[C@H](C)[C@@H](NC(C)=O)C(O)=O,-0.5912
CSc1cc(O)cc(O)c1,-1.7957
CCCCSc1cc(O)cc(O)c1,-2.5191
CCCn1cnc2N(C)C(=O)N(CCCCC(C)=O)C(=O)c12,-0.9811
CC1=C(C)[S](=O)(=O)CC[S]1(=O)=O,-1.66
CCCO[P](=O)(OCC)OCCC,-0.9802
CN1CC(O)N(C1=O)c2sc(nn2)C(C)(C)C,-1.8773
Clc1ccc(Oc2ccccc2)cc1Cl,-4.7206
CCCC(C)CC(C)O,-1.8779
CC(C)C(O)(c1ccc(OC(F)(F)F)cc1)c2cncnc2,-3.4377
O=CC(=O)Cc1ccccc1,-2.1707
FC1=CN(C(=O)NC1=O)C(=O)Nc2ccccc2,-1.6184
CC(C)(C)c1ccc(O[P](=O)(Oc2ccccc2)Oc3ccccc3)cc1,-5.0774
CSC1=NN=C(C(=O)N1\N=C\C(C)C)C(C)(C)C,-4.4288
COc1c(O)cc(Cl)c(Cl)c1Cl,-2.8712
Clc1cc2oc3c(Cl)c(Cl)c(Cl)cc3c2cc1Cl,-9.1609
Nc1ccc2COC(=O)c2c1,-2.0414
CN(CCOC(=O)c1ccccc1)C(C)=O,-0.8494
Cc1ccc(cc1)N=Nc2cc(C)ccc2N,-3.9031
CCC1(CC)C(=NC(=O)NC1=O)N,-1.3967
Nc1c(Br)cc(Br)c(c1Br)[S](O)(=O)=O,-0.4888
CC(N(c1ccc(F)c(Cl)c1)C(=O)c2ccccc2)C(O)=O,-4.2474
COC1OC(CNC(=O)N(CCCl)N=O)C(O)C(O)C1O,-1.5613
CCCO[P](=O)(OC)OC,0.4733
CC(C)C=CCC(O)=O,-1.1487
CC(C)([S](C)(=O)=O)[S](C)(=O)=O,-1.4504
CN1C=C(I)C=CC1=O,-0.0094
C[C@H](O)C(=O)Nc1c(I)c(C(=O)NC(CO)CO)c(I)c(C(=O)NC(CO)CO)c1I,-0.7443
Clc1ccc(c(Cl)c1)C2(Cn3cncn3)OCCO2,-3.0031
CCO[P](=S)(OCC)Oc1cc(Cl)c(Cl)c(SC)c1,-6.0807
OC(=O)[C@H]1CC[C@@H]([Se][Se]1)C(O)=O,-2.1053
CCSC(C(O)=O)c1ccccc1,-1.5686
O[S](=O)(=O)c1c[nH]cn1,0.1304
CC(Br)C(=O)NCC(=O)NCC(O)=O,-0.9642
NC(=S)NC#N,-0.0049
Clc1ccc(Oc2ccccc2Cl)cc1Cl,-5.199
CCC(=O)OC(C)C(=O)OC,-0.8622
CC(C)(SC(=O)N1CCCCC1)c2ccccc2,-4.1196
CC(C)Cc1[nH]ccn1,-1.0488
CSC(=NC)N(C)C,-0.4401
OCCNC(=O)c1cc(O)ccc1O,-0.5436
Nc1c2cc(ccc2c(cc1[S](O)(=O)=O)[S](O)(=O)=O)[S](O)(=O)=O,-0.3188
CNC(=O)OCc1cccc(Cl)c1Cl,-3.1389
CCCCN(C(N)=O)c1ccccc1,-1.2971
Clc1cc(Cl)c(c(Cl)c1)c2ccccc2Cl,-6.65
Cc1c(Cl)cc(cc1Cl)C2=NNC(=O)C=C2,-5.5375
N#CCO/N=C(C#N)/c1ccccc1,-3.2899
Clc1ccc(Oc2ccc(Cl)c(Cl)c2)cc1,-5.6603
CCCC(Br)(CCC)C(N)=O,-1.8281
COC(=O)[C@@H](C)N(C(=O)c1ccccc1)c2ccc(F)c(Cl)c2,-4.3219
CC(C)OC(=O)[C@@H](C)N(C(=O)c1ccccc1)c2ccc(F)c(Cl)c2,-4.4817
CC[C@H]1OC[C@@H](COc2ccc(Oc3ccccc3)cc2)O1,-4.7874
ClCCN(Cl)CCCl,-1.9203
CCOc1ccc(cc1)C2(CC2(Cl)Cl)C(=O)OC(C#N)c3cccc(Oc4ccccc4)c3,-6.7243
CCOC(=O)N1CCN(CC1)CN2CCN(CC2)C(=O)OCC,-0.8443
C[C@H](CCC(=O)NCC(O)=O)[C@H]1CCC2C3[C@@H](O)C[C@@H]4C[C@H](O)CC[C@]4(C)C3CC[C@]12C,-5.5225
CCSC1=NN=C(C(=O)N1N)C(C)(C)C,-2.7353
CCNC(C)C(O)=O,0.6522
CN1C(=O)C(N)C(=S)N(C)C1=O,-1.117
CC(C)[C@@H](C(=O)O[C@@H](C#N)c1cccc(Oc2ccccc2)c1)c3ccc(Cl)cc3,-8.3221
CC(C)Oc1cccc(NC(=O)c2ccccc2C(F)(F)F)c1,-4.6947
Clc1cccc(Oc2ccc(Cl)c(Cl)c2)c1,-5.437
CC1(C)[C@@H](C(Br)C(Br)(Br)Br)[C@H]1C(=O)O[C@H](C#N)c2cccc(Oc3ccccc3)c2,-6.9197
CCCC(Br)C(=O)NC(N)=O,-1.4278
CN(C)C1CCCC=CCC1,-1.6004
CNC(=O)Sc1ccc(O[S](C)(=O)=O)cc1,-2.7359
CC1(CCCC1=O)C#N,0.9095
Cc1cccc(C)c1N(Cn2cccn2)C(=O)CCl,-2.8102
CCC(CC)(CC)NC(N)=O,-1.8191
CC(CN1CC(C)OC(C)C1)Cc2ccc(cc2)C(C)(C)C,-2.4821
CC1(C)[C@@H](C=C(Cl)Cl)[C@H]1C(=O)OC(C#N)c2cccc(Oc3ccccc3)c2,-7.6194
CC(CN1C[C@H](C)O[C@H](C)C1)Cc2ccc(cc2)C(C)(C)C,-4.8487
Brc1cc2oc3cc(Br)c(Br)cc3c2cc1Br,-6.8395
CCOC(=O)CN(N=O)C(N)=O,0.7566
Brc1ccc(Br)c(c1)c2cc(Br)c(Br)cc2Br,-9.7256
O=C1NC=Cc2cccnc12,-1.1428
Clc1cc(Cl)c(cc1OCC#C)N2N=C3CCCCN3C2=O,-4.3251
CC1(C)C(\C=C(/Cl)C(F)(F)F)C1C(=O)OC(C#N)c2cccc(Oc3ccccc3)c2,-7.9541
Clc1ccc(c(Cl)c1)c2c(Cl)cccc2Cl,-6.65
COc1ccc(NC(=N)Nc2ccc(OC)cc2)cc1,-2.7345
CC[S](=O)(=O)Oc1ccc2OCC(C)(C)c2c1,-2.9921
Clc1ccc(Oc2ccccc2Cl)c(Cl)c1,-4.9499
Nc1c(Cl)c(F)nc(OCC(O)=O)c1Cl,-3.4475
CC(C)C(Nc1ccc(cc1Cl)C(F)(F)F)C(=O)OC(C#N)c2cccc(Oc3ccccc3)c2,-8.0025
OCC(Cl)(Cl)Br,-0.4424
CC(CC(C)(C(O)=O)C(O)=O)C(O)=O,-0.1086
OC(=O)c1occ(Cl)c1Cl,-1.8263
COC(=O)C(C)Oc1ccc(Oc2ncc(cc2Cl)C(F)(F)F)cc1,-4.6064
CCCCCCCCOC(=O)c1cccnc1,-3.0929
Clc1ccccc1c2cc(Cl)c(Cl)c(Cl)c2,-6.9069
CCSC(=S)NC(C)C(O)=O,-1.2343
ClCCN(CCCl)[P]1(=O)NCCCCO1,-0.9624
CCCc1sc(N[S](=O)(=O)c2ccc(N)cc2)nn1,-3.3075
CCOC(=O)[C@@H](C)Oc1ccc(Oc2oc3cc(Cl)ccc3n2)cc1,-5.6042
CC1(C)C(C=C(Cl)Cl)C1C(=O)OC(C#N)c2cccc(Oc3ccccc3)c2,-6.5587
NC(=O)C(=NO)C(N)=O,-0.0384
OC(=O)C(Br)=C(Br)Br,-1.3593
OC(=O)C(Br)=C(Br)I,-1.0197
CC[S](=O)(=O)N[S](=O)(=O)CC,0.5413
FC(F)(F)c1nc(Cl)sc1C(=O)OCc2ccccc2,-5.8085
CC=Cc1ccc(O)c(O)c1,-1.3505
CC(C)=CC1C(C(=O)OCN2C(=O)CN(CC#C)C2=O)C1(C)C,-3.5321
Clc1cccc(c1)c2cc(Cl)c(Cl)cc2Cl,-7.1299
CCCCCCOC(=O)C(C)OC(=O)C(C)O,-2.4884
Cc1cc(C)nc(n1)C(N)=O,0.1216
Fc1ccc(cc1)C(=O)C2CCN(CC2)CCN3C(=O)Nc4ccccc4C3=O,-4.5971
CCOc1ccc(NC(=O)NN)cc1,-1.6471
Clc1ccccc1c2nnc(nn2)c3ccccc3Cl,-5.4817
COC(=O)c1ccccc1[S](=O)(=O)NC(=O)Nc2nc(C)cc(C)n2,-3.1742
Clc1ccc(cc1)c2cc(Cl)c(Cl)c(Cl)c2Cl,-7.3102
Brc1ccc(Br)c(C=O)c1,-3.8003
O[S](=O)(=O)C(Cl)[S](O)(=O)=O,0.6765
CC(C)(C)C(Br)C(=O)NC(C)(C)c1ccccc1,-4.9455
CCOC(=O)[C@H](CCc1ccccc1)N[C@@H](C)C(=O)N2CCC[C@H]2C(O)=O,-1.3609
CCO[P](=O)(Cc1ccc(cc1)c2sc3ccccc3n2)OCC,-4.0017
CCN1CC(=O)N=C1N,-0.165
O[S](=O)(=O)C(Cl)([S](O)(=O)=O)[S](O)(=O)=O,0.5366
CCOC(=O)[C@H](C)NC(=O)CCl,-0.4628
CC(Oc1ccc(Oc2cnc3cc(Cl)ccc3n2)cc1)C(O)=O,-6.0604
CC(C)C[C@H](N)C(=O)N[C@@H](C)C(=O)NCC(O)=O,-0.8953
CCOC(=O)N(C)CC,-0.4189
CCCS[P](=O)(OCC)Oc1cnn(c1)c2ccc(Cl)cc2,-4.0388
CCOC(CC(C)O)OCC,0.0909
CCCCCCNC(=O)c1cccnc1,-2.5221
CCC1(C(=O)NC(=O)N(CC(O)CO)C1=O)c2ccccc2,-1.7872
C[C@H]1C(SC(=O)N1C(=O)NC2CCCCC2)c3ccc(Cl)cc3,-5.8487
CCCCOC(=O)[C@@H](C)Oc1ccc(Oc2ccc(cn2)C(F)(F)F)cc1,-5.2826
COC(=O)c1sccc1[S](=O)(=O)NC(=O)Nc2nc(C)nc(OC)n2,-2.2379
CCC(CC)C(=O)N(CC)CC,-1.0876
CCC(C)(C)C(=O)O[C@H]1C[C@@H](C)C=C2C=C[C@H](C)[C@H](CC[C@@H]3C[C@@H](O)CC(=O)O3)[C@@H]12,-7.1447
CC(C)c1cc(Oc2ccccc2)cc(C(C)C)c1NC(=S)NC(C)(C)C,-6.8068
CCOc1ccc(cc1)C(C)(C)COCc2cccc(Oc3ccccc3)c2,-8.5758
COC(=O)c1ccc(C)cc1C2=NC(C)(C(C)C)C(=O)N2,-2.4599
CCCCCCCCNC(=O)c1cccnc1,-3.0081
CCCCCCCCCNC(=O)c1cccnc1,-3.1398
CCCCCCCCCCNC(=O)c1cccnc1,-3.0765
CCCCCCCCCCCNC(=O)c1cccnc1,-3.0266
CCCCCCCCCCCCNC(=O)c1cccnc1,-3.2078
CC1(C)CON(Cc2ccccc2Cl)C1=O,-2.3383
COc1nc(C)nc(NC(=O)N[S](=O)(=O)c2ccccc2OCCCl)n1,-4.0989
ON=C1C=CC(=NO)c2ncccc12,-3.7998
CC(C)(C)[C@H](O)[C@H](Oc1ccc(Cl)cc1)n2cncn2,-3.9524
CCC(C)(CC)c1cc(NC(=O)c2c(OC)cccc2OC)on1,-5.3694
CCOC(C)CCO,-0.3736
Cc1c(COC(=O)C2C(\C=C(/Cl)C(F)(F)F)C2(C)C)cccc1c3ccccc3,-6.6262
Fc1cccc(F)c1C(=O)NC(=O)Nc2cc(Cl)c(F)c(Cl)c2F,-7.3023
CCOC(=O)CCN(Cc1ccccc1)SN(C)C(=O)O\N=C(\C)SC,-4.3005
OC(=O)C(I)=C(Br)I,-1.2891
CC(C)(C)[C@H](O)\C(=C/c1ccc(Cl)cc1)n2cncn2,-4.5403
CC(C)(C)C(O)\C(=C/c1ccc(Cl)cc1Cl)n2cncn2,-4.9115
CCCC(=O)N(CS[P](=S)(OC)OC)c1ccccc1Cl,-5.204
CCOC(=O)C1(C)OC(=O)N(C1=O)c2cc(Cl)cc(Cl)c2,-5.2203
CCCCCS[S](=O)CCCCC,-3.1711
COCCCCC=O,0.4574
CCC(=O)OCc1ccc(Cl)cc1Cl,-3.0665
C[Si](Cn1cncn1)(c2ccc(F)cc2)c3ccc(F)cc3,-3.7665
CCN(C(C)C(C)C)C(=O)SCc1ccccc1,-4.7337
COC(=O)c1ccccc1[S](=O)(=O)NC(=O)Nc2nc(OC(F)F)cc(OC(F)F)n2,-5.152
CCc1cccc(C)c1N(COC(C)C)C(=O)CCl,-3.1882
Fc1cccc(F)c1C(=O)NC(=O)Nc2ccc(Cl)c(Oc3ncc(cc3Cl)C(F)(F)F)c2,-7.4033
CCOCCOC(=O)C(C)Oc1ccc(Oc2ncc(cc2Cl)C(F)(F)F)cc1,-5.8739
CCc1cccc(CC)c1N(COC\C=C/C)C(=O)CCl,-4.0287
CCCCCOC(=O)COc1cc(N2C(=O)C3=C(CCCC3)C2=O)c(F)cc1Cl,-6.3508
COCC(C)N(C(=O)CCl)c1c(C)scc1C,-2.3614
CC(Oc1ccc(Oc2ncc(Cl)cc2Cl)cc1)C(=O)N3CCCO3,-4.5922
FC(F)(F)C(=N/OCC1OCCO1)/c2ccc(Cl)cc2,-4.0138
OC(=O)C(Br)=C(Cl)Br,-1.0071
OC(=O)C(Cl)=C(Br)Br,-0.6873
CCC(OCCCOC)OC(C)=O,0.0085
Cc1cc(C)nc(N\N=C(\C)c2ccccc2C)n1,-3.1959
CN1C(=O)N=CC2=C1NC(=O)N2,-0.794
CC(C)(C)[C@@H](O)[C@H](Oc1ccc(Cl)cc1)n2cncn2,-3.6786
C[C@@H](CCO)CCC=O,-1.0732
CN1C=C2N=CC=NC2=NC1=O,-0.9089
O=C1OCc2ccc(cc12)C#N,-2.7021
CC[S](=O)(=O)C(C)(CO)[S](=O)(=O)CC,-0.1653
COc1c(N)c(C=O)ccc1O,-0.2232
OC(=O)CC[C@H](NCCC#N)C(O)=O,-1.3015
CCC1(CC(C)=O)C(=O)NC(=O)NC1=O,-0.7661
CCCCCCC(O)C(O)C(O)=O,-1.5469
Cc1cnc2c(ccc(Cl)c2C(O)=O)c1,-2.9973
CC[C@H](C)[C@H](NCCC#N)C(O)=O,-0.9818
CCc1nc2cnc(O)nc2nc1CC,-2.2644
CC(C)(OC1CCCCC1)C(O)=O,-1.0798
COC(CC(O)=O)c1ccccc1,-1.6952
OC(O)(C(=O)Nc1ccccc1)C(=O)Nc2ccccc2,-2.4568
CC=CCC1(C)C(=O)NC(=O)N(C)C1=O,-1.5445
CCOC(=O)C(O)C=C,0.3627
CC1CCCC(O1)OC2CCCC(C)O2,-1.1083
CCCO[P](=O)(OC)OCCC,-0.6592
CN1C=NC2=C(N(C)C(=O)N(C)C2=O)C1=O,-1.985
CCCCc1c2ccccc2cc3ccc4ccccc4c13,-7.5245
CCC(Br)(Br)C(O)=O,-0.8722
OC(=O)CNC(=O)CN[S](=O)(=O)c1ccc2ccccc2c1,-2.6954
COCCOc1ccccc1[S](=O)(=O)NC(=O)Nc2nc(OC)nc(OC)n2,-3.5372
CCO[P](=O)(SC(C)CC)SC(C)CC,-3.0376
OC(=O)COC1CCCC1,-0.8471
CCCCCCCCCCCCCCNC(=O)C(C)O,-3.9784
ClC(Cl)C(=O)N(CC=C)CC(=O)NCC=C,-1.0397
CCOc1nc(NC)nc(NC(=O)N[S](=O)(=O)c2ccccc2C(=O)OC)n1,-5.3828
COc1nsc(N)n1,-1.2427
CCOc1nsc(N)n1,-0.6514
CC(=O)OCC(S)CS,-1.2208
CCCCC(=CC)C(N)=O,-1.3717
O=C(Nc1ncccn1)c2cnccn2,-0.3036
CC1COc2ccccc2N1C(=O)C(Cl)Cl,-4.1141
CCCCCCCCCOC(=O)c1cccnc1,-3.0958
CCO[P](=O)(SC(C)CC)N1CCSC1=O,-1.4589
Cc1ccn2nc(nc2n1)[S](=O)(=O)Nc3c(F)cccc3F,-3.8248
Cc1ccnc(NC(=O)c2cnccn2)n1,-0.7308
CC(O)C(C)C=O,-0.4906
Cc1ncnc2c(O)cccc12,-2.6025
CN1C(=O)C(=Nc2cncnc12)C,-1.489
NC(=O)C1CCCC(N1)C(N)=O,0.2893
CCC(C)(C)C1CCC(=NO)C(C1)=NO,-3.9652
CCCc1ncnc2c(O)cccc12,-2.9206
CCCCCCCOC(=O)c1cccnc1,-2.7429
CCOC(=O)[C@@H](C)Oc1ccc(Oc2cnc3cc(Cl)ccc3n2)cc1,-5.9694
COC(=O)c1c(Cl)nn(C)c1[S](=O)(=O)NC(=O)Nc2nc(OC)cc(OC)n2,-4.4642
CCOc1ccc(NC(C)=O)c2cccnc12,-1.5171
CCCCO[P](=O)(OCCCC)OCCCCOCC,-2.6468
CC1(C)[C@@H](\C=C/C(=O)OC(C(F)(F)F)C(F)(F)F)[C@H]1C(=O)O[C@H](C#N)c2cccc(Oc3ccccc3)c2,-7.4325
COC(=O)c1ccccc1[S](=O)(=O)NC(=O)N(C)c2nc(C)nc(OC)n2,-3.8981
OC(=O)C(Cl)(Cl)CCCl,-0.5831
NCCCCCCNCCCCCCCCCCC(O)=O,-2.3017
CCC(N(Cc1occc1)C(=O)n2ccnc2)C(=O)OCCCC=C,-2.8919
CN1C(=O)N=Cc2nccnc12,-1.3713
CCCC\C(=C\C)C(=O)NC(N)=O,-2.7883
COC(C)C(C)Cl,-1.9986
COc1cc(Br)c2COC(=O)c2c1OC,-3.9311
CCOC(=O)c1nn(c2ccc(Cl)cc2Cl)c(n1)C(Cl)(Cl)Cl,-5.6516
OC(=O)CCCC(C(O)=O)(c1ccccc1)c2ccccc2,-3.1737
CC(C)C1(C)N=C(NC1=O)c2ncc(C)cc2C(O)=O,-2.0911
COc1c(oc2ccccc12)C(O)=O,-2.8857
CCOc1ccc(cc1)[Si](C)(C)CCCc2ccc(F)c(Oc3ccccc3)c2,-8.6113
C[C@@H](Oc1ccc(Oc2ncc(Cl)cc2F)cc1)C(=O)OCC#C,-4.9417
CC(CCC(O)=O)NC(=O)c1ccccc1,-1.6917
CCCN(CCC)C(=O)COC(=O)c1ccccc1,-2.3791
CCCCN(CCCC)C(=O)COC(=O)c1ccccc1,-3.5614
CN(CC(O)=O)C(=O)COC(=O)c1ccccc1,-2.254
CCC(NC=O)C(O)=O,-0.5918
N[S](=O)(=O)c1ccc(SCCO)cc1,-1.8239
N[S](=O)(=O)c1ccc(SCCCO)cc1,-2.2472
N[S](=O)(=O)c1ccc(SCCCCCO)cc1,-2.6618
CC(O)(CCC(C)(O)C(O)=O)C(O)=O,-0.8372
CCCc1nc(N)c(CC)c(CCC)n1,-2.5132
C\C(=N/NC(=O)Nc1cc(F)cc(F)c1)c2ncccc2C(O)=O,-3.7248
OC(=O)c1ccccc1C2OC(=O)c3ccccc23,-3.1042
O=C1CCCCCCCCCCCCCCCCCN1,-2.8474
Cn1nc(C)c(\C=N\OCc2ccc(cc2)C(=O)OC(C)(C)C)c1Oc3ccccc3,-7.4604
CC(C)(COCc1cccc(Oc2ccccc2)c1)c3ccc(OC(F)(F)Br)cc3,-9.9799
CCOC(=O)CSc1nc(nn1C(=O)N(C)C)C(C)(C)C,-2.861
CC(C)(C)N(NC(=O)c1ccc(Cl)cc1)C(=O)c2ccccc2,-4.4404
OC(=O)C1CC1C(=O)Nc2ccc(Cl)cc2Cl,-3.8697
COCc1cnc(C2=NC(C)(C(C)C)C(=O)N2)c(c1)C(O)=O,-1.84
CC[C@H]1[C@H](C)OC1=O,-0.6665
COC(=O)[C@@H]1CCCN1C(=O)COC(=O)c2ccccc2,-2.0841
CN(C)C(=O)CCOC(=O)c1ccccc1,-1.0994
Clc1ccc(c(Cl)c1)C2(CC(Br)CO2)Cn3cncn3,-3.8775
FC(OC(F)(F)F)C(F)(F)Oc1ccc(NC(=O)NC(=O)c2c(F)cccc2F)cc1Cl,-6.9675
CCNC(C)CC,-0.21
NCCCCC(NC(=O)c1ccccc1)C(O)=O,-2.2845
COC(=O)CSc1cc(N=C2SC(=O)N3CCCCN23)c(F)cc1Cl,-5.6768
O[C@@H]([C@@H](O)[C@@H](O)C(O)=O)[C@@H](O)C(O)=O,0.1999
CCCN(CC)CC1COC2(CCC(CC2)C(C)(C)C)O1,-2.8014
CC1OC(=O)c2cc(N)ccc12,-1.7891
CC1(C)[C@H](C=C(Cl)Cl)[C@H]1C(=O)OCc2c(F)c(F)cc(F)c2F,-6.8137
COc1ccc(cc1)C(=O)c2csc(c2)[S](N)(=O)=O,-4.4733
N[S](=O)(=O)c1scc(c1)C(=O)c2ccc(O)cc2,-2.8612
COc1ccc(cc1)C(=O)c2coc(c2)[S](N)(=O)=O,-4.1481
Cc1ccc(cc1)C(=O)c2csc(c2)[S](N)(=O)=O,-4.4492
NC(=O)c1nn(c2ccc(Cl)c(COCC(F)(F)C(F)(F)F)c2)c(n1)c3ccccc3,-5.6635
CC(Oc1ccc(Oc2cnc3cc(Cl)ccc3n2)cc1)C(=O)OCC4CCCO4,-5.0303
Nc1n(nc(C#N)c1[S](=O)C(F)(F)F)c2c(Cl)cc(cc2Cl)C(F)(F)F,-5.3619
COc1cc(OC)nc(NC(=O)N[S](=O)(=O)c2n(C)ncc2c3nnn(C)n3)n1,-2.6066
CC(C)(C)c1ccc(CCOc2ncnc3ccccc23)cc1,-6.1439
COc1ccc(NCC(O)CO)cc1,-0.295
CC1(C)OC(CN1C(=O)C(Cl)Cl)c2occc2,-3.1498
CCCCOC(=O)C(C)Oc1ccc(Oc2ccc(cc2F)C#N)cc1,-5.707999999999999
COc1cc(OC)nc(NC(=O)N[S](=O)(=O)c2n3ccccc3nc2Cl)n1,-4.7886
NC(=O)C[C@H](NC(=O)CCl)C(O)=O,-0.3193
CC[S](=O)(=O)c1cccnc1[S](=O)(=O)NC(=O)Nc2nc(OC)cc(OC)n2,-4.6349
C[C@@H](O)CCCC=O,-0.4629999999999999
Fc1ccc(Oc2ccnc3cc(Cl)cc(Cl)c23)cc1,-6.4243
CC1(C)CCC(Cc2ccc(Cl)cc2)C1(O)Cn3cncn3,-4.3288
CC(C)C1CCC(Cc2ccc(Cl)cc2)C1(O)Cn3cncn3,-4.6828
CCN(CC)C(=O)n1cnc(n1)[S](=O)(=O)c2c(C)cc(C)cc2C,-5.1467
CC=CC(=O)Nc1ccc(O)cc1,-2.6464
CCC(CC)(C#N)C(=O)NC(N)=O,-1.564
CCOc1ccccc1O[S](=O)(=O)NC(=O)Nc2nc(OC)cc(OC)n2,-4.1853
CCOC(=O)C(Cl)Cc1cc(N2N=C(C)N(C(F)F)C2=O)c(F)cc1Cl,-4.2727
CCC1=C(C(O)=O)C(=O)C=NN1c2ccc(Cl)cc2,0.4
OC1(CCCCCC1n2cncn2)c3ccc(Cl)cc3,-3.3681
CCOC(=O)COc1cc(c(F)cc1Cl)c2nn(C)c(OC(F)F)c2Cl,-5.6161
FC1(F)Oc2cccc(c2O1)c3c[nH]cc3C#N,-5.1395
CC1(OC(=O)N(Nc2ccccc2)C1=O)c3ccc(Oc4ccccc4)cc3,-6.8573
CO\C=C(C(=O)OC)/c1ccccc1Oc2cc(Oc3ccccc3C#N)ncn2,-4.8276
CSC(=O)c1cccc2nnsc12,-4.4363
CCOC(=O)C1=NN(c2ccc(Cl)cc2Cl)C(C)(C1)C(=O)OCC,-4.271
N[S](=O)(=O)c1ccc(SCCCCO)cc1,-2.5141
CN(C)c1nc(NC(=O)N[S](=O)(=O)c2c(C)cccc2C(O)=O)nc(OCC(F)(F)F)n1,-5.6798
CO\N=C(/C)c1cccc(Oc2nc(OC)cc(OC)n2)c1C(=O)OC,-3.6037
COc1cc(OC)nc(NC(=O)N[S](=O)(=O)Nc2ccccc2C(=O)C3CC3)n1,-6.3943
COc1cc(OC)n2nc(nc2n1)[S](=O)(=O)Nc3c(Cl)ccc(C)c3Cl,-3.3204
C[S](=O)(=O)c1cc(ccc1C(=O)c2cnoc2C3CC3)C(F)(F)F,-4.7631
CC[S](=O)(=O)c1nc2ccccn2c1[S](=O)(=O)NC(=O)Nc3nc(OC)cc(OC)n3,-4.4191
CC(C)N(C(=O)COc1sc(nn1)C(F)(F)F)c2ccc(F)cc2,-3.8121
CO\N=C(C(=O)OC)/c1ccccc1COc2ccccc2C,-5.195
Cc1cc(C)nc(NC(=O)N[S](=O)(=O)c2ccccc2C(=O)OC3COC3)n1,-3.893
NC1[C@H]2CN(C[C@@H]12)c3nc4N(C=C(C(O)=O)C(=O)c4cc3F)c5ccc(F)cc5F,-4.5296
CCOc1nc(F)cc2nc(nn12)[S](=O)(=O)Nc3c(Cl)cccc3C(=O)OC,-4.4292
COc1ccc(cc1NNC(=O)OC(C)C)c2ccccc2,-4.9025
CCOc1cc(ccc1C2COC(=N2)c3c(F)cccc3F)C(C)(C)C,-6.6782
CCN(C1CCCCC1)C(=O)N2N=NN(C2=O)c3ccccc3Cl,-5.1821
COC(=O)C1(CCC1)[S](=O)(=O)c2ccccc2,-3.0005
CC(C)C(C(=O)OC(C#N)c1cccc(Oc2ccc(Br)cc2)c1)c3ccc(OC(F)F)cc3,-8.1731
COc1cccc(C(=O)NN(C(=O)c2cc(C)cc(C)c2)C(C)(C)C)c1C,-5.5664
CC(C)OC(=O)c1cc(c(F)cc1Cl)c2nn(C)c(c2Br)C(F)(F)F,-6.9227
CCOC(=O)C(NC=O)=Cc1cocc1,-2.7477
C=Cc1ccccn1,-0.5824
C=Cc1ccncc1,-0.5579
Cc1ccc(cc1)[S](C)(=O)=O,-1.9873
CCN(CC)C=O,0.995
C=C[S](=O)(=O)Nc1ccccc1,-1.4996
Cc1ccc(NO)cc1,-0.7894
CCO[P](=S)(OCC)SCC[S](=O)CC,-1.8609
CCO[P](=O)(OCC)SC[S](=O)CC,-1.5124
CC[S](=O)CCS[P](=S)(OC)OC,-0.9137
CCO[P](=S)(OCC)SC[S](=O)(=O)C(C)(C)C,-2.8951
CC[S](=O)(=O)CI,-0.9714
CCO[S](=O)(=O)c1ccccc1,-2.1308
CO[S](=O)(=O)c1ccccc1,-1.7419
Nc1ccc(cc1)[S](=O)(=O)c2ccc(Cl)cc2,-4.1267
Nc1ccc(N)c(c1)[S](=O)(=O)c2ccccc2C(O)=O,-1.8395
CC(=O)Nc1ccc(cc1)[S](=O)(=O)c2ccc(N)cc2,-3.6116
CCC(CC)COC(=O)N[S](N)(=O)=O,-1.7487
CCCCOC(=O)N[S](N)(=O)=O,-1.0375
CCCCC(CC)COC(=O)N[S](N)(=O)=O,-2.402
OC(=O)C(=O)c1ccc2OCOc2c1,-1.1912
O=C1C(=O)c2ccccc2c3ccccc13,-4.4435
OC(=O)C(=O)c1c(cccc1C(O)=O)C(O)=O,-0.4541
CN1N(C(=CC1=S)C)c2ccccc2,-1.6668
N[C@@H](CSC(/Cl)=C/Cl)C(O)=O,-1.4895
CC(=O)CC1=NCCS1,-1.156
C[Si](C)(C)CN,-1.7619999999999998
C[Si](C)(C)CCN,-1.807
C[Si](C)(C)C,-3.6534
CC[Si](CC)(CC)CC,-5.6475
Cc1ccc(c(C)c1)[P](O)(O)=O,-1.0938
O[P](O)(=O)c1ccccc1,0.0798
O[P](O)(=O)c1cccc2ccccc12,-1.6194
CCCCOC(=O)N(C)SN(C)C(=O)Oc1cccc2CC(C)(C)Oc12,-4.5412
CCOC(=O)CCN(SN(C)C(=O)Oc1cccc2CC(C)(C)Oc12)C(C)C,-4.7103
CCCCN(CCCC)SN(C)C(=O)Oc1cccc2CC(C)(C)Oc12,-6.1033
CC(=O)O[Hg]c1ccccc1,-1.8868
C#CC#C,-0.7241
O=C1CC=CS1,-0.2225
CC(=O)C(=O)c1ccccc1,-1.7558
CCC(=O)C(C)=O,-0.1764
SC(=O)CCCCC(S)=O,-1.7326
COC(=O)OC(C)C(=O)OC,-0.6003
CCO[P](=S)(OCC)O/N=C(C#N)/c1ccccc1Cl,-5.2917
CC(=O)CSC#N,-0.2162
N#CSCC(CSC#N)SC#N,-1.9351
O[S](=O)(=O)c1c(Br)c(Br)c(Br)c(Br)c1Br,-2.0061
O[S](=O)(=O)c1ccc2ccccc2c1,0.5133
O=C=O,-1.4748
O=[S]1OCCO1,0.2214
CCO[P](=S)(OCC)O[P](=S)(OCC)OCC,-4.0312
OC(=S)c1cccnc1,-1.3801
CCOC(=S)SC(CC(O)=O)C(O)=O,-0.9951
CCOC(=S)SC(C)C(O)=O,-1.4489
OC(=O)c1cccc(n1)C(O)=O,-1.5241
CCCCCCCC[S](=O)(=O)N[S](=O)(=O)CCCCCCCC,-3.9145
NC(=O)CBr,0.0643
CCC(Cl)(CC)C(N)=O,-1.0289
NC(=O)C(Cl)CCl,-0.5138
CCOCN(C(=O)CCl)c1c(C)cccc1CC,-3.0827
Brc1cc(Br)c(Br)cc1Br,-6.98
CCC=C,-1.94
Ic1cccc2ccccc12,-4.55
CCCO,0.62
Clc1cc(Cl)c(cc1Cl)c2cccc(Cl)c2Cl ,-7.21
Clc1ccc(c(Cl)c1)c2c(Cl)ccc(Cl)c2Cl ,-7.43
CC(C)C(C)(C)C,-4.36
Oc1cc(Cl)c(Cl)c(Cl)c1Cl,-3.15
Oc1c(Cl)cc(Cl)c(Cl)c1Cl,-3.1
Oc1ccc(Cl)c(Cl)c1Cl,-2.67
Oc1c(Cl)c(Cl)cc(Cl)c1Cl,-3.37
Oc1cc(Cl)cc(Cl)c1Cl,-2.67
Cc1cc(C)c(O)c(C)c1,-2.05
Oc1c(Cl)cccc1Cl,-1.79
Cc1ccccc1Br,-2.23
CCCC=C(CC)C=O,-2.46
CCC(CC)C=O,-1.52
CCCCC(CC)C=O,-2.13
CCCCCC(C)C,-5.08
CC(C)C,-2.55
CC(C)O,0.43
O=C1N(COC(=O)CCCCCC)C(=O)C(N1)(c2ccccc2)c3ccccc3,-6.301
O=C1N(COC(=O)CCCCC)C(=O)C(N1)(c2ccccc2)c3ccccc3,-5.886
CCC(C)CCO,-0.72
c1cc(C)cc2c1c3cc4cccc5CCc(c45)c3cc2,-7.92
CCC(=O)CC,-0.28
CC#N,0.26
CC(=O)N(S(=O)c1ccc(N)cc1)c2onc(C)c2C ,-3.59
CC13CCC(=O)C=C1CCC4C2CCC(C(=O)CO)C2(CC(O)C34)C=O ,-3.85
OCC3OC(OCC2OC(OC(C#N)c1ccccc1)C(O)C(O)C2O)C(O)C(O)C3O ,-0.77
CCCC1C(=O)N3N(C1=O)c2cc(C)ccc2N=C3N(C)C ,-3.5380000000000003
OC4=C(C1CCC(CC1)c2ccc(Cl)cc2)C(=O)c3ccccc3C4=O,-5.931
CNC(=O)C=C(C)OP(=O)(OC)OC,0.6509999999999999
CCCCOC(=O)c1ccc(N)cc1,-3.082
CCOC(=O)c1ccccc1S(=O)(=O)NN(C=O)c2nc(Cl)cc(OC)n2,-4.5760000000000005
ClCC#N,-0.092
c1ccc(Cl)cc1C(c2ccc(Cl)cc2)(O)C(=O)OC(C)C,-4.53
Cl\C=C/Cl,-1.3
CC(=O)CC(c1ccc(Cl)cc1)c2c(O)c3ccccc3oc2=O,-5.839
CCOP(=S)(OCC)Oc2ccc1oc(=O)c(Cl)c(C)c1c2,-5.382000000000001
OC1CCCCCC1,-0.88
C1CCC=CCC1,-3.18
OC1CCCCCCC1,-1.29
O=C2NC(=O)C1(CCCC1)C(=O)N2,-2.349
CC1(C)C(C=C(Cl)Cl)C1C(=O)OC(C#N)c2ccc(F)c(Oc3ccccc3)c2,-7.337000000000001
CC1(C)C(C=C(Cl)C(F)(F)F)C1C(=O)OC(C#N)c2cccc(Oc3ccccc3)c2,-8.176
CC1(C)C(C=C(Br)Br)C1C(=O)OC(C#N)c2cccc(Oc3ccccc3)c2,-8.402000000000001
CC=C(C(=CC)c1ccc(O)cc1)c2ccc(O)cc2,-4.95
CCSSCC,-2.42
CCCCCCOC(=O)c1ccccc1C(=O)OCCCCCC,-6.144
CC(C)SC(C)C,-2.24
CCN(CC)C(=O)C(=CCOP(=O)(OC)OC)Cl,0.523
CSSC,-1.44
CCCSCCC,-2.58
C1C(O)CCC2(C)CC3CCC4(C)C5(C)CC6OCC(C)CC6OC5CC4C3C=C21,-7.32
CCN(CC(C)=C)c1c(cc(cc1N(=O)=O)C(F)(F)F)N(=O)=O,-6.124
CCO,1.1
C=C,-0.4
OC(Cn1cncn1)(Cn2cncn2)c3ccc(F)cc3F ,-1.8
CC1CC2C3CC(F)C4=CC(=O)C=CC4(C)C3(F)C(O)CC2(C)C1(O)C(=O)CO,-5.613
OCC1OC(O)(CO)C(O)C1O,0.64
c1c(O)C2C(=O)C3cc(O)ccC3OC2cc1(OC),-2.943
CC(C)COC(=O)C,-1.21
Clc1cccc(c1)N(=O)=O,-2.77
c1c(OC)c(OC)C2C(=O)OCC2c1,-1.899
CCCOC(=O)CC,-0.82
CCCCCCCCC(=O)OC,-3.38
c1ccccc1(OC(=O)NC),-1.803
COc1ccc(NC(=O)N(C)C)cc1Cl,-2.564
Cc3ccnc4N(C1CC1)c2ncccc2C(=O)Nc34 ,-3.19
COC(=O)C1=C(C)NC(=C(C1c2ccccc2N(=O)=O)C(=O)OC)C ,-4.76
CCN(=O)=O,-0.22
OC(C1=CC2C5C(C1C2=C(c3ccccc3)c4ccccn4)C(=O)NC5=O)(c6ccccc6)c7ccccn7 ,-3.931
CC34CCC1C(CCC2=CC(=O)CCC12O)C3CCC4(O)C#C,-4.57
CNC(=O)ON=C(SC)C(=O)N(C)C,0.106
OC3N=C(c1ccccc1)c2cc(Cl)ccc2NC3=O ,-3.952
Clc1ccc(I)cc1,-4.03
Clc1ccc(CN(C2CCCC2)C(=O)Nc3ccccc3)cc1,-5.915
CCOP(=S)(OCC)ON=C(C#N)c1ccccc1,-4.862
c1cC2C(=O)NC(=O)C2cc1,-2.932
c1ccc2c(c1)ccc3c2ccc4c5ccccc5ccc43,-7.87
CCC,-1.94
CCNP(=S)(OC)OC(=CC(=O)OC(C)C)C,-3.408
CC=C,-1.08
ClC(Cl)CC(=O)NC2=C(Cl)C(=O)c1ccccc1C2=O,-5.03
CCC1(C(=O)NC(=O)NC1=O)C2=CCC3CCC2C3,-2.696
CCN2c1ncccc1N(C)C(=O)c3cccnc23 ,-2.62
O2c1ccccc1N(C)C(=O)c3cccnc23 ,-3.672
O2c1ccc(N)cc1N(C)C(=O)c3cc(C)ccc23 ,-3.928
CCN2c1nc(Cl)ccc1N(C)C(=O)c3cccnc23 ,-4.114
CCN2c1nc(C)cc(C(F)(F)F)c1NC(=O)c3cccnc23 ,-4.207
CCN2c1nc(C)cc(C)c1NC(=O)c3cccnc23 ,-4.553999999999999
CCN2c1ncccc1N(C)C(=S)c3cccnc23 ,-4.634
CCN2c1ccccc1N(C)C(=S)c3cccnc23 ,-4.706
CCN2c1ccccc1N(C)C(=O)c3ccccc23 ,-4.749
CCN2c1ncccc1N(CC)C(=O)c3cccnc23 ,-2.86
CCN2c1cc(N(C)C)cc(C)c1NC(=O)c3cccnc23 ,-4.871
CCN2c1cc(OC)cc(C)c1NC(=O)c3cccnc23 ,-5.153
CCN2c1cc(Cl)ccc1NC(=O)c3cccnc23 ,-5.36
O2c1cc(C)ccc1N(C)C(=O)c3cc(N)cnc23 ,-3.043
CCN2c1ccccc1N(C)C(=O)c3cccnc23 ,-3.324
CCN2c1nc(N(C)(CCO))ccc1NC(=O)c3cccnc23 ,-3.36
C2c1ccccc1N(CCF)C(=O)c3ccccc23 ,-3.535
O2c1ccccc1N(CC)C(=O)c3ccccc23 ,-3.68
O=C1NC(=O)NC(=O)C1(C(C)CCC)CC=C,-2.356
CSc1nc(nc(n1)N(C)C)N(C)C,-2.676
CSCS(=O)CC(CO)NC(=O)C=Cc1c(C)[nH]c(=O)[nH]c1=O,-1.981
CCCCOc1ccc(C(=O)OCC)c(c1)N(CC)CC ,-3.84
COP(=O)(OC)OC(=CCl)c1cc(Cl)c(Cl)cc1Cl,-4.522
OCC2OC(OC1(CO)OC(CO)C(O)C1O)C(O)C(O)C2O ,0.79
C/C=C/C=O,0.32
CC(=O)OC3CCC4C2CCC1=CC(=O)CCC1(C)C2CCC34C ,-5.184
Cc1c(F)c(F)c(COC(=O)C2C(C=C(Cl)C(F)(F)F)C2(C)C)c(F)c1F,-7.321000000000001
CC(C)(C)Cc1ccccc1,-4.15
Nc3nc(N)c2nc(c1ccccc1)c(N)nc2n3,-2.404
ClC(Cl)(Cl)C#N,-2.168
Cc1ccc(OP(=O)(Oc2cccc(C)c2)Oc3ccccc3C)cc1,-6.01
ClC(Cl)(Cl)C(NC=O)N1C=CN(C=C1)C(NC=O)C(Cl)(Cl)Cl ,-4.19
CC1(OC(=O)N(C1=O)c2cc(Cl)cc(Cl)c2)C=C,-4.925
CC12CCCC1C1CCC3CC(=O)C(=O)CC3(C)C1CC2,-3.76
CCC(=O)OCC(=O)C1(OC(=O)CC)C(C)CC2C3CCC4=CC(=O)C=CC4(C)C3(F)C(O)CC21C,-3.77
CCCC,-2.95
CC(C)CCCC(C)C1CCC2C3CC=C4CC(O)CCC4(C)C3CCC12C,-7.0
ClC1=C(Cl)C(Cl)=C(OC2=C(Cl)C(Cl)=C(Cl)C(Cl)=C2Cl)C(Cl)=C1Cl,-12.95
BrC1=CC=C(C2=CC=C(Br)C=C2)C=C1,-7.74
FC(F)(Cl)Cl,-1.99
ClC(Cl)COCC(Cl)Cl,-1.12
C=CC=C(C)C=CC=CC,-2.09
ClC1=CC(Cl)=C(Cl)C=C1C1=C(Cl)C(Cl)=CC(Cl)=C1Cl,-8.94
ClC1=CC=C(OC2=CC(Cl)=C(Cl)C(Cl)=C2Cl)C(Cl)=C1Cl,-9.12
ClC1=C(Cl)C(Cl)=C(Cl)C(Cl)=C1Cl,-7.56
ClC1=CC(Cl)=C(Cl)C(C2=CC(Cl)=CC(Cl)=C2Cl)=C1,-8.56
ClC1=CC=C(C2=CC(Cl)=C(Cl)C(Cl)=C2Cl)C(Cl)=C1,-8.32
ClC1=C(Cl)C=C2C(=C1)OC1=C(Cl)C(Cl)=C(Cl)C(Cl)=C21,-10.66
CC(=O)C1CCC2C3CCC4=CC(=O)CC(O)C4(C)C3CCC12C,-3.82
C,-1.53
CCl,-0.88
CC(C)C1(C)CCCC(O)C1,-0.6
CC(C)C1C(C)CCCC1O,-0.29
CC1CCCC(O)(C(C)C)C1,-0.24
CCC(N)=O,-4.23
BrC1=CC=C(Br)C(C2=CC(Br)=CC=C2Br)=C1,-8.06
BrC(Br)C(Br)Br,-2.72
COC1=C(Cl)C(Cl)=C(Cl)C=C1Cl,-5.13
ClC1=CC(Cl)=C(Cl)C=C1Cl,-5.47
CC1=C(Cl)C(CC2=C(Cl)C=CC=C2Cl)=CC=C1Cl,-7.99
CC1=C(Cl)C(CC2=CC=C(Cl)C=C2Cl)=CC=C1Cl,-7.4
CC1=C(Cl)C=C(CC2=CC(Cl)=CC=C2Cl)C(Cl)=C1,-8.03
CC1=C(Cl)C=C(Cl)C(CC2=C(Cl)C=CC=C2Cl)=C1,-8.36
CC1=C(Cl)C=C(Cl)C(CC2=CC=C(Cl)C=C2Cl)=C1,-7.49
CC1=C(Cl)C(Cl)=C(Cl)C(CC2=CC=C(Cl)C=C2)=C1,-8.18
CC1=C(CC2=C(Cl)C=CC=C2)C(Cl)=C(Cl)C(Cl)=C1,-7.24
CC1=C(CC2=CC=C(Cl)C=C2)C(Cl)=C(Cl)C(Cl)=C1,-7.44
ClC1=CC=C(C2=CC=C(Cl)C(Cl)=C2)C=C1Cl,-8.53
ClC1=CC=C(C2=C(Cl)C=C(Cl)C=C2Cl)C=C1,-6.94
ClC1=C(Cl)C(Cl)=C2OC3=CC=CC=C3OC2=C1Cl,-8.77
BrC1=CC(Br)=C(C2=CC=CC=C2)C(Br)=C1,-7.3
OC(O)C(Cl)(Cl)Cl,0.72
COC1=C(Cl)C=C(Cl)C=C1Cl,-4.2
FC(Cl)(Cl)CCl,-3.04
COC1=CC=CC=C1OC,-1.31
CCCSC(=O)N(CCC)CCC,-3.3
ClC(Cl)=C=C(Cl)C(Cl)Cl,-4.23
ClC1=C(Cl)C(Cl)=C(Cl)C(OC2=C(Cl)C(Cl)=C(Cl)C(Cl)=C2Cl)=C1,-10.55
CC1=C(Cl)C=C(Cl)C(CC2=CC(Cl)=CC=C2Cl)=C1,-8.06
CNC(=O)ON=CC(C)(C)SC,-0.71
CCCCC1=C(CCCC)C(C(O)=O)=C(C(O)=O)C=C1,-4.4
CC1OC(OC2C(O)CC(OC3C(O)CC(OC4CCC5(C)C(CCC6C5CC(O)C5(C)C(C7=CC(=O)OC7)CCC65O)C4)OC3C)OC2C)CC(O)C1O,-4.16
O=S1OCC2C(CO1)C1(Cl)C(Cl)=C(Cl)C2(Cl)C1(Cl)Cl,-6.08
CCC1=CC=C(C(C2=CC=C(CC)C=C2)C(Cl)Cl)C=C1,-7.04
