,SMILES,Sol_Literature,Sol_Experiment,VCC_Pred,Sorkun_Pred,MW,LogS,Sol_g_l
0,COC(=O)c1ccc(cc1)O,2.99,2.42,3.64,5.39,152.149,-1.8267214,2.267501995848492
1,COc1cc(C(=O)O)cc(OC)c1OC,2.58,3.1,2.07,1.68,212.20099999999996,-1.8534652,2.9735978738144033
2,CCOC(=O)c1ccc(O)c(O)c1,2.5,2.12,3.55,2.88,182.17499999999998,-1.8943781,2.323328931746073
3,OC(=O)c1cc(O)c(c(c1)O)O,11.9,7.2,4.9,12.61,170.12,-1.1569527,11.8522995531559
4,O=C1OC(=O)c2c1cccc2,6.0,12.0,5.01,2.57,148.117,-1.747418,2.6496399774793535
