,SMILES,Sol_Literature,Sol_Experiment,VCC_Pred,Sorkun_Pred,Predict_logS,Solubility (g/L)
0,COC(=O)c1ccc(cc1)O,2.99,2.42,3.64,5.39,-1.5272967,4.518272708168529
1,COc1cc(C(=O)O)cc(OC)c1OC,2.58,3.1,2.07,1.68,-1.8797244,2.799129832168615
2,CCOC(=O)c1ccc(O)c(O)c1,2.5,2.12,3.55,2.88,-1.9766642,1.9223151676544992
3,OC(=O)c1cc(O)c(c(c1)O)O,11.9,7.2,4.9,12.61,-1.146336,12.145612319872994
4,O=C1OC(=O)c2c1cccc2,6.0,12.0,5.01,2.57,-1.6986504,2.964521108603126
