,C_ID,Name,InChIKey,SMILES,CAS,LogS
0,C-1,,ACTIUHUUMQJHFO-UPTCCGCDSA-N,COC1=C(OC)C(=O)C(=C(C1=O)C/C=C(/CC/C=C(/CC/C=C(/CC/C=C(/CC/C=C(/CC/C=C(/CC/C=C(/CC/C=C(/CC/C=C(/CCC=C(C)C)\C)\C)\C)\C)\C)\C)\C)\C)\C)C,,-18.21769274
1,C-2,,CQISYTXUORWJSX-UHFFFAOYSA-N,CCCCCCCCCCCCCCCCCC(=O)Nc1ccc(cc1)NC(=O)CCCCCCCCCCCCCCCCC,,-17.46845707
2,C-3,,UXPYIAWFQKSHNV-UHFFFAOYSA-N,CCCCCCCCCCCCCCCC(=O)OCCCCOC(=O)CCCCCCCCCCCCCCC,,-16.25939172
3,C-4,,BDIWFCKBPZPBQT-UHFFFAOYSA-N,CCCC[Sn](S[Sn](CCCC)(CCCC)CCCC)(CCCC)CCCC,,-15.67628661
4,C-5,,RNPXCFINMKSQPQ-UHFFFAOYSA-N,CCCCCCCCCCCCCCCCOP(=O)(OCCCCCCCCCCCCCCCC)O,,-15.20512017
5,C-6,,FTQWRYSLUYAIRQ-UHFFFAOYSA-N,CCCCCCCCCCCCCCCCCC(=O)NCNC(=O)CCCCCCCCCCCCCCCCC,,-14.93986516
6,C-7,,YYGNTYWPHWGJRM-AAJYLUCBSA-N,C/C(=C\CC/C=C(/CC/C=C(/CCC=C(C)C)\C)\C)/CC/C=C(/CCC=C(C)C)\C,,-14.59236714
7,C-8,,RYROWNOHCUSOKT-UHFFFAOYSA-N,Brc1ccc(nc1)OCCCCCCCCCCNCCSSCCNCCCCCCCCCCOc1ccc(cn1)Br.Cl.Cl,,-14.5490503
8,C-9,,SPJCRMJCFSJKDE-ZWBUGVOYSA-N,ClCCN(c1ccc(cc1)CC(=O)O[C@H]1CC[C@]2(C(=CC[C@@H]3[C@@H]2CC[C@]2([C@H]3CC[C@@H]2[C@@H](CCCC(C)C)C)C)C1)C)CCCl,,-14.52387178
9,C-10,,MSCCTZZBYHQMQJ-AZAGJHQNSA-N,C[C@@H](CCC[C@]1(C)CCc2c(O1)c(C)c(c(c2C)OC(=O)c1cccnc1)C)CCC[C@@H](CCCC(C)C)C,,-13.79857364
10,C-11,,SYKKEUORZVAILP-XPXLQCACSA-N,CCCCCCCOc1ccc(c2c1cccc2)C(=N)[NH+](CCCCCCCC)CCCCCCCC.[Cl-],,-13.61935865
11,C-12,,XVQDYVLXIXMLOS-UHFFFAOYSA-N,CCCCCCCCCCCCCCCCCOC(=O)c1ccc(c(c1)N(CCCl)CCCl)C,,-13.45141192
12,C-13,,FIAFUQMPZJWCLV-UHFFFAOYSA-N,O=C(Nc1cccc(c1)C(=O)Nc1cc(ccc1C)C(=O)Nc1ccc(c2c1c(cc(c2)S(=O)(=O)O)S(=O)(=O)O)S(=O)(=O)O)Nc1cccc(c1)C(=O)Nc1cc(ccc1C)C(=O)Nc1ccc(c2c1c(cc(c2)S(=O)(=O)O)S(=O)(=O)O)S(=O)(=O)O,,-13.25629814
13,C-14,,NKNPHSJWQZXWIX-DCVDGXQQSA-N,CC[C@@H]1C[C@H]2CC[C@H](O2)[C@H](C)C(=O)O[C@@H](CC)C[C@@H]2CC[C@@H](O2)[C@@H](C)C(=O)O[C@@H](C[C@@H]2O[C@H]([C@@H](C(=O)O[C@H](C[C@H]3O[C@@H]([C@H](C(=O)O1)C)CC3)CC)C)CC2)CC,,-13.1457164
14,C-15,,ZPBNOWWJKRKBEV-YZMZVZPOSA-N,CO[C@H]1/C=C/O[C@@]2(C)Oc3c(C2=O)c2C(=O)/C(=C/NOCCCc4ccccc4)/C(=C(c2c(c3C)O)O)NC(=O)/C(=C\C=C\[C@@H]([C@@H]([C@H]([C@H]([C@H]([C@@H]([C@@H]1C)OC(=O)C)C)O)C)O)C)/C,,-12.83707405
15,C-16,,SKEVFVQMAFMKEM-DYNGLPSQSA-N,CCCCCCCOc1ccc(c2c1cccc2)C(=N)[NH+](CCCCCCC)CCCCCCC.[Cl-],,-12.5769707
16,C-17,,ZAKOWWREFLAJOT-CEFNRUSXSA-N,C[C@@H](CCC[C@]1(C)CCc2c(O1)c(C)c(c(c2C)OC(=O)C)C)CCC[C@@H](CCCC(C)C)C,,-12.55736392
17,C-18,,VFBJXXJYHWLXRM-UHFFFAOYSA-N,O=C(CCc1cc(c(c(c1)C(C)(C)C)O)C(C)(C)C)OCCSCCOC(=O)CCc1cc(c(c(c1)C(C)(C)C)O)C(C)(C)C,,-12.15015633
18,C-19,,GSMFFPAGZVRAPY-VLSXRWFESA-N,CCCCCCCC[NH+](C(=N)c1ccc(c2c1cccc2)OCCCC)CCCCCCCC.[Cl-],,-12.05632873
19,C-20,,GOATZYAVXMPVQD-UHFFFAOYSA-N,Brc1cnc(c(c1)Br)OCCCCCNCCSSCCNCCCCCOc1ncc(cc1Br)Br.Cl.Cl,,-12.00111017
20,C-21,,PZPPOCZWRGNKIR-PNVYSBBASA-N,OC[C@]12SS[C@]3(N(C1=O)[C@H]1Nc4c([C@]1(C3)[C@@]13C[C@]56N([C@H]3Nc3c1cccc3)C(=O)[C@](SS5)(N(C6=O)C)CO)cccc4)C(=O)N2C,,-11.97802288
21,C-22,,MBWXNTAXLNYFJB-NKFFZRIASA-N,C[C@H](CCC[C@@H](CCCC(C)C)C)CCC/C(=C/CC1=C(C)C(=O)c2c(C1=O)cccc2)/C,,-11.96104738
22,C-23,,VWZAGCZUPZKTET-UHFFFAOYSA-N,OS(=O)(=O)O.CCCCN(CCCC)CCCOC(=O)c1ccc(cc1)N.CCCCN(CCCC)CCCOC(=O)c1ccc(cc1)N,,-11.85315733
23,C-24,,BIADSXOKHZFLSN-YEUOVSOVSA-N,C/C(=C\CCC1[C@](C)(O)CCC2[C@]1(C)CCCC2(C)C)/CC[C@@H]1C(=C)CCCC1(C)C,,-11.79334998
24,C-25,,ONXPZLFXDMAPRO-UHFFFAOYSA-N,Clc1c(c2c(Cl)c(Cl)c(c(c2Cl)Cl)Cl)c(Cl)c(c(c1Cl)Cl)Cl,,-11.62
25,C-26,,AVBZMYRNHKNVAW-DSPABWSOSA-N,CCCCCCCOc1ccc(c2c1cccc2)C(=N)[NH+](CCCCCC)CCCCCC.[Cl-],,-11.53413709
26,C-27,,FEQOTXWZPMPKGW-UHFFFAOYSA-N,O=C1c2ccccc2c2c3c1ccc(c3ccc2)c1ccc2c3c1cccc3c1c(C2=O)cccc1,,-11.53102072
27,C-28,,YKSGNOMLAIJTLT-UHFFFAOYSA-N,O=C1c2ccccc2c2c3c1ccc1c3c(cc2)c2c3c1ccc1c3c(cc2)c2c(C1=O)cccc2,,-11.51331275
28,C-29,,ZPACYDRSPFRDHO-ROBAGEODSA-N,C/C(=C\CCC(=O)OC/C=C(/CCC=C(C)C)\C)/CC/C=C(/CCC=C(C)C)\C,,-11.4756571
29,C-30,,FYPMFJGVHOHGLL-UHFFFAOYSA-N,CC(Sc1cc(c(c(c1)C(C)(C)C)O)C(C)(C)C)(Sc1cc(c(c(c1)C(C)(C)C)O)C(C)(C)C)C,,-11.36117614
30,C-31,,VIQCGTZFEYDQMR-UHFFFAOYSA-N,CCCCCCCCCC(=O)OCCN1CCN(CC1)CCCN1c2ccccc2Sc2c1cc(cc2)C(F)(F)F,,-11.35885907
31,C-32,,OYIBHXRZSMTHLW-XIDBHWPPSA-N,Clc1ccc2c(c1)/C(=C/CCN1CCCCC1)/c1c(S2)cccc1.Br,,-11.32225509
32,C-33,,QEFDFGVDVZTFAK-GGXMVOPNSA-N,CCCCCCCCCCCCCCCCCC(=O)OCC(=O)OC[C@H]([C@@H](c1ccc(cc1)[N+](=O)[O-])O)NC(=O)C(Cl)Cl,,-11.31996592
33,C-34,,IDWDXHQLOMJDRU-UHFFFAOYSA-N,CCCCCCCCCCCCCCCCCC(=O)OCC(C(c1ccc(cc1)[N+](=O)[O-])O)NC(=O)C(Cl)Cl,,-11.28911114
34,C-35,,WWVAPFRKZMUPHZ-UHFFFAOYSA-N,O=C(Nc1c(I)cc(c(c1I)C(=O)O)I)CCOCCOCCOCCOCCC(=O)Nc1c(I)cc(c(c1I)C(=O)O)I,,-11.20897751
35,C-36,,RCUAUWPBLXTBGM-UHFFFAOYSA-N,CC(=CCN(CCC(c1cccc2c1cccc2)(C(=O)N)CCN(CC=C(C)C)CC=C(C)C)CC=C(C)C)C,,-11.027901
36,C-37,,DDWKCBUSQTZBMR-UHFFFAOYSA-N,N#CC(c1cccc2c1cccc2)(CCN(CC=C(C)C)CC=C(C)C)CCN(CC=C(C)C)CC=C(C)C,,-11.02187123
37,C-38,,WIYZZHWXZCULNY-DHKWPOFJSA-N,CCCCCCOc1ccc(c2c1cccc2)C(=N)[NH+](CCCCCC)CCCCCC.[Cl-],,-11.01502535
38,C-39,,ZLHXGWFOXJVXPN-DHKWPOFJSA-N,CCCCCCCCCCOc1ccc(c2c1cccc2)C(=N)[NH+](CCCC)CCCC.[Cl-],,-11.01502535
39,C-40,,MNULEGDCPYONBU-ZZTRBZRQSA-N,CC[C@@H]1/C=C/C=C/C[C@H](C)[C@@H](O)[C@](C)(O)C(=O)[C@H](C)[C@@H](O)[C@H](C)C(=O)[C@@H]([C@H]([C@@H](/C=C/C(=O)O[C@H]2[C@H]([C@@H](CC1)O[C@@]1(CC[C@H]([C@H](O1)C[C@@H](O)C)C)[C@H]2C)C)C)O)C,,-10.92140987
40,C-41,,JXMIBUGMYLQZGO-UHFFFAOYSA-N,O=C(Nc1c(I)cc(c(c1I)C(=O)O)I)COCCOCCOCC(=O)Nc1c(I)cc(c(c1I)C(=O)O)I,,-10.9116823
41,C-42,,MYPYJXKWCTUITO-LYRMYLQWSA-N,OC[C@H]1O[C@@H](Oc2c3cc4cc2Oc2ccc(cc2Cl)[C@@H](O)[C@@H]2NC(=O)[C@H](NC(=O)[C@@H]4NC(=O)[C@H](CC(=O)N)NC(=O)[C@@H]([C@@H](c4ccc(O3)c(Cl)c4)O)NC(=O)[C@@H](CC(C)C)NC)c3ccc(c(c3)c3c(O)cc(cc3[C@H](NC2=O)C(=O)O)O)O)[C@@H]([C@H]([C@@H]1O)O)O[C@@H]1O[C@@H](C)[C@H]([C@@](C1)(C)N)O,,-10.8755905
42,C-43,,MQYXUWHLBZFQQO-QGTGJCAVSA-N,CC(=C)[C@@H]1CC[C@]2([C@H]1[C@H]1CC[C@H]3[C@@]([C@]1(C)CC2)(C)CC[C@@H]1[C@]3(C)CC[C@@H](C1(C)C)O)C,,-10.84482232
43,C-44,,FTQDJVZNPJRVPG-XWEVEMRCSA-N,CC(=O)O[C@H]1CC[C@]2([C@H](C1(C)C)CC[C@@]1([C@@H]2C(=O)C=C2[C@@]1(C)CC[C@@]1([C@H]2C[C@](C)(CC1)C(=O)O)C)C)C,,-10.59594624
44,C-45,,USDIZUOMBXWPLQ-FJBFXRHMSA-N,CCCCCCCCCOc1ccc(c2c1cccc2)C(=N)[NH+](CCCC)CCCC.[Cl-],,-10.49356261
45,C-46,,CNYRGVIFIXLHHK-FJBFXRHMSA-N,CCCCCCC[NH+](C(=N)c1ccc(c2c1cccc2)OCCC)CCCCCCC.[Cl-],,-10.49356261
46,C-47,,XIFFTDRFWYFAPO-UHFFFAOYSA-N,Clc1c(Cl)c(Cl)c(c(c1Cl)Cl)c1c(Cl)c(Cl)cc(c1Cl)Cl,,-10.41
47,C-48,,DLVULIKDGUJXMV-UHFFFAOYSA-N,Brc1ccc(nc1)OCCCCCCNCCSSCCNCCCCCCOc1ccc(cn1)Br.Cl.Cl,,-10.38202647
48,C-49,,JMPFSEBWVLAJKM-UHFFFAOYSA-N,N#CC(c1cc(C)c(cc1Cl)NC(=O)c1cc(I)cc(c1O)I)c1ccc(cc1)Cl,,-10.3473464
49,C-50,,OFHCOWSQAMBJIW-AVJTYSNKSA-N,CC(CCC[C@H]([C@H]1CC[C@@H]2[C@]1(C)CCC/C/2=C\C=C/1\C[C@@H](O)C[C@@H](C1=C)O)C)C,,-10.32860405
50,C-51,,JFIMDKGRGPNPRQ-UHFFFAOYSA-N,Clc1cc(c(c(c1Cl)Cl)Cl)c1c(Cl)c(Cl)c(c(c1Cl)Cl)Cl,,-10.26
51,C-52,,UBDWKOZBPSKHMO-UHFFFAOYSA-N,CCC(C(c1ccc(cc1)OCCN(CC)CC)CC)c1ccc(cc1)OCCN(CC)CC,,-10.25096331
52,C-53,,QYIXCDOBOSTCEI-FBVYSKEZSA-N,CC(CCC[C@H]([C@H]1CC[C@@H]2[C@]1(C)CC[C@H]1[C@H]2CC[C@@H]2[C@]1(C)CC[C@H](C2)O)C)C,,-10.05051608
53,C-54,,COQAPWLZSHQTKA-MSDOJSJISA-N,O=C/C(=C\C[C@]12OC([C@H]3[C@]42Oc2c(C(=O)C4=C[C@@H](C1=O)C3)c(O)c1c(c2CC=C(C)C)OC(C=C1)(C)C)(C)C)/C,,-10.05037097
54,C-55,,KQXDHUJYNAXLNZ-XQSDOZFQSA-N,CC[C@H]([C@H]1O[C@]2(C=C[C@H]([C@@]3(O2)CC[C@@](O3)(C)[C@H]2CC[C@]([C@@H](O2)C)(O)CC)O)[C@@H](C[C@@H]1C)C)C(=O)[C@H]([C@H]([C@@H]([C@@H]1O[C@H](CC[C@@H]1C)[C@H](C(=O)O)CC)C)O)C,,-10.00995023
55,C-56,,ZDMXWGVLXYXVTN-XKRXHFONSA-N,C/C(=C/CNCC1CCC(CC1)CNC/C=C(\CCC=C(C)C)/C)/CCC=C(C)C.Cl.Cl,,-10.00056858
56,C-57,,PXBIAYSAZBFYQQ-LXCLTORNSA-N,CCCCCCOc1ccc(c2c1cccc2)C(=N)[NH+](CCCCC)CCCCC.[Cl-],,-9.974630214
57,C-58,,IQOILDYEBKDJQN-LXCLTORNSA-N,CCCCCC[NH+](C(=N)c1ccc(c2c1cccc2)OCCCC)CCCCCC.[Cl-],,-9.974630214
58,C-59,,HWNQHNPAOQSMFI-LXCLTORNSA-N,CCCCCCCCOc1ccc(c2c1cccc2)C(=N)[NH+](CCCC)CCCC.[Cl-],,-9.974630214
59,C-60,,SRGLANFDNQAVFW-LXCLTORNSA-N,CCCCCCC[NH+](C(=N)c1ccc(c2c1cccc2)OCC)CCCCCCC.[Cl-],,-9.974630214
60,C-61,,MIJYXULNPSFWEK-GTOFXWBISA-N,O[C@H]1CC[C@]2([C@H](C1(C)C)CC[C@@]1([C@@H]2CC=C2[C@@]1(C)CC[C@@]1([C@H]2CC(C)(C)CC1)C(=O)O)C)C,,-9.925642185
61,C-62,,BQJJCIYAPLCGJD-UHFFFAOYSA-N,Clc1cnc(c(c1)Cl)OCCCCCNCCSSCCNCCCCCOc1ncc(cc1Cl)Cl.Cl.Cl,,-9.878475187
62,C-63,,RVVVMCHNTQXDPI-UHFFFAOYSA-N,CC(c1cc(Cc2cc(cc(c2O)C(C)(C)C)C(C)C)c(c(c1)C(C)(C)C)O)C,,-9.868394839
63,C-64,,WVTKBKWTSCPRNU-KYJUHHDHSA-N,COc1c(OC)cc2c3c1Oc1cc4c(cc1OC)CCN([C@H]4Cc1ccc(Oc4cc(C[C@@H]3N(CC2)C)ccc4OC)cc1)C,,-9.864392559
64,C-65,,LRWSFOSWNAQHHW-UHFFFAOYSA-N,CCCCCCC(=O)OCCN1CCN(CC1)CCCN1c2ccccc2Sc2c1cc(cc2)C(F)(F)F,,-9.794162679
65,C-66,,HALWUDBBYKMYPW-UHFFFAOYSA-M,O=C1N(Cc2ccccc2)C2C(N1Cc1ccccc1)C[S+]1C2CCC1.O=C1CC2C(C1(CC2)CS(=O)(=O)[O-])(C)C,,-9.791302251
66,C-67,,DDOXROFFXDWGCO-UHFFFAOYSA-N,c1ccc2c(c1)C(NCC2)CC12CCC(CC1)(CC2)CC1NCCc2c1cccc2,,-9.7376178
67,C-68,,KMDLOETUWUPGMB-GSTUHXICSA-N,Cc1cc(ccc1N/N=C/1\C(=O)C=Cc2c1cccc2)/N=N/c1ccccc1C,,-9.733343394
68,C-69,,OBZHEBDUNPOCJG-SMVPYXKTSA-N,O=C(O[C@H]1CC[C@]2(C(C1(C)C)CC[C@@]1([C@@H]2C(=O)C=C2[C@@]1(C)CC[C@@]1([C@@H]2C[C@@](C)(CC1)C(=O)O)C)C)C)CCC(=O)O,,-9.689760328
69,C-70,,ICTGRDPWQUONIY-UHFFFAOYSA-N,OC(c1cccc(n1)C(Cc1ccccc1)(Cc1ccccc1)O)(Cc1ccccc1)Cc1ccccc1,,-9.630483498
70,C-71,,ITPDYQOUSLNIHG-UHFFFAOYSA-N,CCCCc1oc2c(c1C(=O)c1cc(I)c(c(c1)I)OCCN(CC)CC)cccc2.Cl,,-9.578370491
71,C-72,,PPJYSSNKSXAVDB-UHFFFAOYSA-N,OC(=O)Cc1cc(I)c(c(c1)I)Oc1cc(I)c(c(c1)I)O,,-9.508316043
72,C-73,,GUPWKIBOCFKLBR-UHFFFAOYSA-M,CCOc1cc(C[N+]2(CCCCC2)CCOCCC2CCC3CC2C3(C)C)c(cc1OCC)Br.[Br-],,-9.498385828
73,C-74,,QBEFIFWEOSUTKV-UHFFFAOYSA-N,CCCCCC(C(c1cc(O)c2c(c1)OC(C1=C2CC(C)CC1)(C)C)C)C,,-9.471968448
74,C-75,,HFVNWDWLWUCIHC-GUPDPFMOSA-N,ClCCN(c1ccc(cc1)CCCC(=O)OCC(=O)[C@@]1(O)CC[C@@H]2[C@]1(C)C[C@H](O)[C@H]1[C@H]2CCC2=CC(=O)C=C[C@]12C)CCCl,,-9.468243915
75,C-76,,PJGOWSFDWNQUOK-JTHROIFXSA-N,CCCCCCC[NH+](C(=N)c1ccc(c2c1cccc2)OC)CCCCCCC.[Cl-],,-9.454721532
76,C-77,,VCZAWDPRDDWJMS-JTHROIFXSA-N,CCCCCOc1ccc(c2c1cccc2)C(=N)[NH+](CCCCC)CCCCC.[Cl-],,-9.454721532
77,C-78,,NSMHQGXGMBMVIK-JTHROIFXSA-N,CCCCCCCCCOc1ccc(c2c1cccc2)C(=N)[NH+](CCC)CCC.[Cl-],,-9.454721532
78,C-79,,GXFHMHYIPXHRDE-JTHROIFXSA-N,CCCCCCCOc1ccc(c2c1cccc2)C(=N)[NH+](CCCC)CCCC.[Cl-],,-9.454721532
79,C-80,,YCOZIPAWZNQLMR-UHFFFAOYSA-N,CCCCCCCCCCCCCCC,,-9.446383877
80,C-81,,KJSWIAZTEMACJB-UHFFFAOYSA-N,CCC(CCC(C[NH2+]C(CCCCC([NH2+]CC(CCC(CC)C)C)C)C)C)C.[Cl-].[Cl-],,-9.42136727
81,C-82,,IGVGULKYVNFIOV-SPIKMXEPSA-N,c1ccc(cc1)C(c1ccccc1)N1CCN(CC1)CC1COC2(O1)c1ccccc1CCc1c2cccc1.OC(=O)/C=C\C(=O)O.OC(=O)/C=C\C(=O)O,,-9.407515023
82,C-83,,HIYAVKIYRIFSCZ-CYEMHPAKSA-N,CNc1ccc2c(c1C(=O)O)nc(o2)C[C@H]1O[C@@]2(CC[C@H]1C)O[C@@H]([C@@H](C[C@H]2C)C)[C@@H](C(=O)c1ccc[nH]1)C,,-9.405368174
83,C-84,,IYIKLHRQXLHMJQ-UHFFFAOYSA-N,CCCCc1oc2c(c1C(=O)c1cc(I)c(c(c1)I)OCCN(CC)CC)cccc2,,-9.35875668
84,C-85,,NQERQCNWHNKCSA-UHFFFAOYSA-N,Brc1cccnc1OCCCCCNCCSSCCNCCCCCOc1ncccc1Br.Cl.Cl,,-9.34170213
85,C-86,,RJEKQCDPXXLTSK-UHFFFAOYSA-N,Brc1ccc(nc1)OCCCCCNCCSSCCNCCCCCOc1ccc(cn1)Br.Cl.Cl,,-9.34170213
86,C-87,,VPUGDVKSAQVFFS-UHFFFAOYSA-N,c1cc2ccc3c4c2c2c1ccc1c2c2c4c(cc3)ccc2cc1,,-9.3299999
87,C-88,,WYQWZFORYHRFBW-UHFFFAOYSA-N,Clc1ccc(nc1)OCCCCCCNCCSSCCNCCCCCCOc1ccc(cn1)Cl.Cl.Cl,,-9.321997031
88,C-89,,HSTCMJJFYYQQRG-UHFFFAOYSA-N,COc1ccc2c(c1)c(CC(=O)Oc1ccccc1C(=O)Oc1ccccc1C(=O)O)c(n2C(=O)c1ccc(cc1)Cl)C,,-9.267501588
89,C-90,,IWYNVAJACBPVLT-UHFFFAOYSA-N,Nc1cc(C)[n+](c2c1cccc2)CCCCCCCCCC[n+]1c(C)cc(c2c1cccc2)N.[O-]C(=O)C.[O-]C(=O)C,,-9.25298603
90,C-91,,RMIXHJPMNBXMBU-QIIXEHPYSA-N,C[C@@H]1C[C@H]2CC[C@H](O2)[C@H](C)C(=O)O[C@@H](C)C[C@@H]2CC[C@@H](O2)[C@@H](C)C(=O)O[C@@H](C[C@@H]2O[C@H]([C@@H](C(=O)O[C@H](C[C@H]3O[C@@H]([C@H](C(=O)O1)C)CC3)C)C)CC2)C,,-9.24760863
91,C-92,,BQENDLAVTKRQMS-SBBGFIFASA-L,O=C(O[C@H]1CC[C@]2([C@H](C1(C)C)CC[C@@]1([C@@H]2C(=O)C=C2[C@@]1(C)CC[C@@]1([C@H]2C[C@](C)(CC1)C(=O)[O-])C)C)C)CCC(=O)[O-].[Na+].[Na+],,-9.244617084
92,C-93,,JPEOONAIYXUZTI-UHFFFAOYSA-L,CC[N+](CCN1c2ccccc2Sc2c1cccc2)(CCCCCC[N+](CCN1c2ccccc2Sc2c1cccc2)(CC)CC)CC.[Br-].[Br-],,-9.236306986
93,C-94,,SIZXNBZGPPPFHM-UHFFFAOYSA-L,O=C(Nc1c(I)cc(c(c1I)C(=O)[O-])I)CCCCC(=O)Nc1c(I)cc(c(c1I)C(=O)[O-])I.[Na+].[Na+],,-9.219554443
94,C-95,,UWEYRJFJVCLAGH-UHFFFAOYSA-N,FC12C(F)(C(F)(F)C(C(C2(F)F)(F)F)(F)F)C(F)(F)C(C(C1(F)F)(F)F)(F)F,,-9.193426391
95,C-96,,VHVPQPYKVGDNFY-UHFFFAOYSA-N,CCC(n1ncn(c1=O)c1ccc(cc1)N1CCN(CC1)c1ccc(cc1)OCC1COC(O1)(Cn1cncn1)c1ccc(cc1Cl)Cl)C,,-9.174733823
96,C-97,,DTMRKGRREZAYAP-UHFFFAOYSA-N,Clc1cc(c(c(c1Cl)Cl)Cl)c1cc(Cl)c(c(c1Cl)Cl)Cl,,-9.1599998
97,C-98,,JPOPEORRMSDUIP-UHFFFAOYSA-N,Clc1c(Cl)cc(c(c1c1c(Cl)c(Cl)cc(c1Cl)Cl)Cl)Cl,,-9.1499996
98,C-99,,UIFFUZWRFRDZJC-UHFFFAOYSA-N,CCCCCCC1C(=O)OC(C)C(C(=O)OC(C1OC(=O)CC(C)C)C)NC(=O)c1cccc(c1O)NC=O,,-9.117690251
99,C-100,,XZJJDJAXUSQABJ-UHFFFAOYSA-N,N(Cc1cccc2c1cccc2)CC1CCC(CC1)CNCc1cccc2c1cccc2.Cl.Cl,,-9.085477305
100,C-101,,ZPDJJEQOURSXEY-UHFFFAOYSA-N,N(Cc1ccc2c(c1)cccc2)CC1CCC(CC1)CNCc1ccc2c(c1)cccc2.Cl.Cl,,-9.085477305
101,C-102,,VGEBLZDDRJDVDP-AKAIEBDOSA-N,CO[C@H]1/C=C/O[C@@]2(C)Oc3c(C2=O)c2C(=O)/C(=C/NN4CCNCC4)/C(=C(c2c(c3C)O)O)NC(=O)/C(=C/C=C/[C@@H]([C@@H]([C@H]([C@H]([C@H]([C@@H]([C@@H]1C)OC(=O)C)C)O)C)O)C)/C,,-9.067175576
102,C-103,,GYFAGKUZYNFMBN-UHFFFAOYSA-N,c1cc2ccc3c4c2c(c1)c1cccc2c1c4c(cc3)cc2,,-9.0299997
103,C-104,,SJRYSBPDUOVODQ-UHFFFAOYSA-N,COc1ccc(cc1)C(=Cc1ccc(cc1)C(=N)N)c1ccc(cc1)OC.Cl,,-8.967076424
104,C-105,,KISDGNGREAJPQR-OICBGKIFSA-N,OC[C@H]1NC(=O)[C@H](C(C)C)N(c2c3c(C1)c[nH]c3c(cc2)[C@](CCC=C(C)C)(C=C)C)C,,-8.947378142
105,C-106,,RMIVRCBSQPCSCQ-BDANYOJNSA-N,COC(=O)[C@@]1(C)CC[C@]2([C@@H](C1)C1=CC(=O)[C@H]3[C@@]([C@@]1(CC2)C)(C)CC[C@@H]1[C@]3(C)CC[C@@H](C1(C)C)O)C,,-8.94198208
106,C-107,,PYZHTHZEHQHHEN-UHFFFAOYSA-N,Clc1ccc(c(c1)c1c(Cl)c(Cl)c(c(c1Cl)Cl)Cl)Cl,,-8.9399996
107,C-108,,XHMIIRLZSKEDPY-UHFFFAOYSA-N,CC(=CCC(c1cccc2c1cccc2)(C(=O)N)CCN(CC=C(C)C)CC=C(C)C)C,,-8.935435009
108,C-109,,PBYJDHRFPFHVKZ-OQKDUQJOSA-N,CCCCCCOc1ccc(c2c1cccc2)C(=N)N(CCCC)CCCC.Cl,,-8.933846013
109,C-110,,FHKMETBBEHLTJX-OQKDUQJOSA-N,CCCCOc1ccc(c2c1cccc2)C(=N)[NH+](CCCCC)CCCCC.[Cl-],,-8.933846013
110,C-111,,NNKQQOOMOWTHNQ-OQKDUQJOSA-N,CCCCCCCCOc1ccc(c2c1cccc2)C(=N)[NH+](CCC)CCC.[Cl-],,-8.933846013
111,C-112,,ZDTAJBBRWBBHSZ-LVEZLNDCSA-N,OC(=O)/C=C/C(=O)O.OC(=O)/C=C/C(=O)O.COc1cc(cc(c1OC)OC)C(=O)OCCN1CCN(CC1)CCCN1c2ccccc2Sc2c1cc(Cl)cc2,,-8.921848136
112,C-113,,DEZFNHCVIZBHBI-ZHACJKMWSA-N,O=C(c1c(O)c(Cc2c(O)c(C)c(c(c2O)C(=O)C)O)c(c2c1OC(C)(C)C=C2)O)/C=C/c1ccccc1,,-8.88924371
113,C-114,,CMEAGPOJDJVIAH-UHFFFAOYSA-N,OC(C1CCCC(N1)C(Cc1ccccc1)(Cc1ccccc1)O)(Cc1ccccc1)Cc1ccccc1,,-8.883036682
114,C-115,,OWUWCULIKLLRIP-UHFFFAOYSA-N,CCOc1nc(ncc1C(=O)OCC)N1CCN(CC1)CCC(c1ccccc1)(c1ccccc1)c1ccccc1.Cl,,-8.882266484
115,C-116,,JCZYXTVBWHAWLL-UHFFFAOYSA-N,Fc1ccc(cc1)C(c1ccc(cc1)F)CCCN1CCC(CC1)n1c(=O)[nH]c2c1ccc(c2)Cl,,-8.87831222
116,C-117,,RJURFGZVJUQBHK-IIXSONLDSA-N,O=C1N[C@H](C(C)C)C(=O)N2CCC[C@H]2C(=O)N(C)CC(=O)N([C@H](C(=O)O[C@@H]([C@@H]1NC(=O)c1c2nc3c(ccc(c3oc2c(c(=O)c1N)C)C)C(=O)N[C@H]1[C@@H](C)OC(=O)[C@H](C(C)C)N(C)C(=O)CN(C(=O)[C@H]2N(C(=O)[C@H](NC1=O)C(C)C)CCC2)C)C)C(C)C)C,,-8.874521256
117,C-118,,BQUFQLHGCASYAP-BTKVJIOYSA-N,CCCCCCCCOc1ccc(c2c1cccc2)C(=N)[NH+](C(C)C)C(C)C.[Cl-],,-8.808018239
118,C-119,,CSHWQDPOILHKBI-UHFFFAOYSA-N,c1cc2cccc3c2c(c1)c1cccc2c1c3ccc2,,-8.8000002
119,C-120,,UWWYQKBJJBZVHJ-UHFFFAOYSA-N,C(=C\C=[N+]1CCCC1)/C=C/N1CCCC1.C(=C\C=[N+]1CCCC1)/C=C/N1CCCC1.OC(=O)c1cc2ccccc2c(c1O)Cc1c(O)c(cc2c1cccc2)C(=O)O.O.O.O.O,,-8.778692543
120,C-121,,BVWDWBBIQPIAHW-UHFFFAOYSA-N,OC(=O)c1cc2ccccc2c(c1O)Cc1c(O)c(cc2c1cccc2)C(=O)O.C/C(=C\C=C\N1CCCC1)/C=[N+]1CCCC1.C/C(=C\C=C\N1CCCC1)/C=[N+]1CCCC1.O.O,,-8.774697648
121,C-122,,FCKJYANJHNLEEP-SRLFHJKTSA-N,O[C@H]1CCC(=C)/C(=C\C=C\2/CCC[C@]3([C@H]2CC[C@@H]3[C@@H](CCC(C(O)(C)C)O)C)C)/C1,,-8.731026256
122,C-123,,GMRQFYUYWCNGIN-NKMMMXOESA-N,O[C@H]1C[C@H](O)C(=C)/C(=C\C=C\2/CCC[C@]3([C@H]2CC[C@@H]3[C@@H](CCCC(O)(C)C)C)C)/C1,,-8.72489756
123,C-124,,CTVRBEKNQHJPLX-UHFFFAOYSA-N,Clc1cc(Cl)c(c(c1)Cl)c1cc(Cl)cc(c1Cl)Cl,,-8.71
124,C-125,,ICOAEPDGFWLUTI-UHFFFAOYSA-N,Clc1cc(Cl)cc(c1c1c(Cl)cc(cc1Cl)Cl)Cl,,-8.71
125,C-126,,XBZKJGBIPSQKAU-UHFFFAOYSA-N,Brc1ccc2c(c1)C(=O)c1c3c2ccc(c3ccc1)Br,,-8.695689899
126,C-127,,GTWNJZNRBRCACB-UHFFFAOYSA-N,OC(=O)c1cc2ccccc2c(c1O)Cc1c(O)c(cc2c1cccc2)C(=O)O.CCN(CCCC(Nc1cc(OC)cc2c1NCCC2)C)CC,,-8.688584265
127,C-128,,IPPMKVWUPMOGFL-UHFFFAOYSA-N,OC(=O)c1cc2ccccc2c(c1O)Cc1c(O)c(cc2c1cccc2)C(=O)O.CCN(CCCC(Nc1cc(OC)cc2c1nccc2)C)CC,,-8.686103474
128,C-129,,BBMULGJBVDDDNI-OWKLGTHSSA-N,CC[C@@H](C(=O)[C@H]([C@H]([C@@H](CCc1ccc(c(c1C(=O)O)O)C)C)O)C)[C@H]1O[C@](C[C@@H]1C)(CC)[C@H]1CC[C@]([C@@H](O1)C)(O)CC,,-8.679420524
129,C-130,,LHRCREOYAASXPZ-UHFFFAOYSA-N,c1ccc2c(c1)c1cc3ccc4c(c3cc1cc2)cccc4,,-8.6599998
130,C-131,,LEQYZWFWTZQBAZ-UHFFFAOYSA-N,Cc1cc(C)cc(c1CNCC1CCC(CC1)CNCc1c(C)cc(cc1C)C)C.Cl.Cl,,-8.65966634
131,C-132,,LKHLFUVHHXCNJH-UHFFFAOYSA-N,Clc1cc(Cl)c(cc1c1c(Cl)ccc(c1Cl)Cl)Cl,,-8.6499996
132,C-133,,FZFUUSROAHKTTF-UHFFFAOYSA-N,Clc1ccc(c(c1c1c(Cl)ccc(c1Cl)Cl)Cl)Cl,,-8.6499996
133,C-134,,BAYNABZLZVULMV-UHFFFAOYSA-N,Clc1ccccc1CNCCCCCCCCCCCNCc1ccccc1Cl.Cl.Cl,,-8.638013709
134,C-135,,FCFNRCROJUBPLU-UYBNATROSA-N,C[C@@H]1OC(=O)C(NC(=O)[C@H](OC(=O)[C@@H](NC(=O)[C@H](C)OC(=O)[C@H](NC(=O)[C@H](OC(=O)[C@@H](NC(=O)[C@@H](OC(=O)[C@H](NC(=O)[C@H](OC(=O)[C@@H](NC1=O)C(C)C)C(C)C)C(C)C)C)C(C)C)C(C)C)C(C)C)C(C)C)C(C)C)C(C)C,,-8.624900759
135,C-136,,IFLREYGFSNHWGE-UHFFFAOYSA-N,c1ccc2c(c1)cc1c(c2)cc2c(c1)cccc2,,-8.6000004
136,C-137,,BQHCQAQLTCQFJZ-UHFFFAOYSA-N,Clc1cc(Cl)c(c(c1)c1cc(Cl)c(cc1Cl)Cl)Cl,,-8.6000004
137,C-138,,RVWLHPJFOKUPNM-UHFFFAOYSA-N,Clc1cccc(c1Cl)c1c(Cl)c(Cl)cc(c1Cl)Cl,,-8.6000004
138,C-139,,YREQHYQNNWYQCJ-UHFFFAOYSA-N,CCOc1ccc(cc1)C(COCc1cccc(c1)Oc1ccccc1)(C)C,,-8.6000004
139,C-140,,NEQZNVCTZFSAIO-UHFFFAOYSA-N,OC(c1ccccc1)(c1cccc(n1)C(c1ccccc1)(Cc1ccccc1)O)Cc1ccccc1,,-8.587213975
140,C-141,,MOFVSTNWEDAEEK-UHFFFAOYSA-M,[O-]S(=O)(=O)CCCCN1c2ccc3c(c2C(/C/1=C\C=C\C=C\C=C\C1=[N+](CCCCS(=O)(=O)[O-])c2c(C1(C)C)c1ccccc1cc2)(C)C)cccc3.[Na+],,-8.580292169
141,C-142,,MVWHGTYKUMDIHL-UHFFFAOYSA-N,Clc1cc(Cl)c(cc1c1cc(Cl)c(cc1Cl)Cl)Cl,,-8.5600004
142,C-143,,IUUDHOBDQKMUFS-UHFFFAOYSA-N,BrCCN(c1ccc(cc1)OC(=O)c1ccc(cc1)c1ccccc1)CCBr,,-8.552550872
143,C-144,,PXUVKPNONSFCNO-UHFFFAOYSA-N,N#CC(C(C)C)(Cc1cccc2c1cccc2)CC[NH+](CC=C(C)C)CC=C(C)C.[Cl-],,-8.531957912
144,C-145,,HHQKNFDAEDTRJK-LIOWZGMGSA-N,CCC(=O)[C@H]([C@H]([C@@H](C[C@H]([C@H]1OC(=O)C[C@@]2(O)CC=C([C@H](O2)/C(=C/CCC[C@H](/C=C/[C@@H](C[C@H]1C)C)O[C@@H]1O[C@H](C)[C@H]([C@@H](C1)OC(=O)N)O)/C)C)C)C)O)C,,-8.526746539
145,C-146,,MJNIWUJSIGSWKK-UHFFFAOYSA-N,CCCC(=O)OCC(C(C(Cn1c2cc(C)c(cc2nc2c1nc(=O)[nH]c2=O)C)OC(=O)CCC)OC(=O)CCC)OC(=O)CCC,,-8.51203745
146,C-147,,DTUFJJOVXZRLNG-UHFFFAOYSA-L,NC1CCCCCCC1.NC1CCCCCCC1.[Cl-].[Cl-].[Pt+2],,-8.493659187
147,C-148,,HAXBIWFMXWRORI-UHFFFAOYSA-N,c1ccc2c(c1)cc1c(c2)c2c3c1cccc3ccc2,,-8.4899998
148,C-149,,JVKYZPBMZPJNAJ-OQFNDJACSA-N,O[C@H]1CC[C@]2(C(=CC[C@@H]3[C@@H]2CC[C@]2([C@H]3C[C@H]3[C@@H]2[C@H](C)[C@@H]2N3C[C@H](CC2)C)C)C1)C,,-8.481563875
149,C-150,,HKYGTNQCXCKJAW-UHFFFAOYSA-L,CC[N+]1(CCCCCCCCCC[N+]2(CC)CCCCC2)CCCCC1.[Br-].[Br-],,-8.470966841
150,C-151,,ROPXFXOUUANXRR-YPKPFQOOSA-N,CCCCC(COC(=O)/C=C\C(=O)OCC(CCCC)CC)CC,,-8.463936356
151,C-152,,AQJLRRRVSDFMAQ-UHFFFAOYSA-M,COc1cc(C[N+]2(CCCCC2)CCOCCC2CCC3CC2C3(C)C)c(cc1OC)Br.[Br-],,-8.456581962
152,C-153,,SREQLAJQLXPNMC-DXYSAURFSA-N,COC(=O)/C=C(/C=C/C=C(/C=C/C1=C(C)CCCC1(C)C)\C)\C,,-8.444499382
153,C-154,,BXDAOUXDMHXPDI-UHFFFAOYSA-N,CN1CCN(CC1)CCCN1c2ccccc2Sc2c1cc(cc2)C(F)(F)F.Cl.Cl,,-8.443570465
154,C-155,,HTFJZNJYLBRWHS-UHFFFAOYSA-N,Clc1cccc(c1CNCC1CCC(CC1)CNCc1c(Cl)cccc1Cl)Cl.Cl.Cl,,-8.436839231
155,C-156,,WAGUALLVPHOILS-UHFFFAOYSA-N,Clc1ccc(cc1Cl)CNCC1CCC(CC1)CNCc1ccc(c(c1)Cl)Cl.Cl.Cl,,-8.436839231
156,C-157,,ZAWVEQPFRDHWIY-UHFFFAOYSA-N,Clc1ccc(c(c1)Cl)CNCC1CCC(CC1)CNCc1ccc(cc1Cl)Cl.Cl.Cl,,-8.436839231
157,C-158,,VQQKIXKPMJTUMP-UHFFFAOYSA-N,Clc1cccc(c1Cl)c1cc(Cl)c(c(c1Cl)Cl)Cl,,-8.4200001
158,C-159,,IVTJRTIQLPWTJP-BJFQDICYSA-N,CCCCCOc1ccc(c2c1cccc2)C(=N)[NH+](CCCC)CCCC.[Cl-],,-8.414355099
159,C-160,,MZXYOYJKGHWUEO-BJFQDICYSA-N,CCCCCCCOc1ccc(c2c1cccc2)C(=N)[NH+](CCC)CCC.[Cl-],,-8.414355099
160,C-161,,PSICOFASYZDHQP-UHFFFAOYSA-N,C=CCN(CCCN1c2ccccc2Sc2c1cc(cc2)C(F)(F)F)CC=C,,-8.411013505
161,C-162,,LXMQMMSGERCRSU-UHFFFAOYSA-N,FC(c1cccc(c1)C(n1cncn1)(c1ccccc1)c1ccccc1)(F)F,,-8.3999996
162,C-163,,OWZREIFADZCYQD-HBFSDRIKSA-N,N#C[C@@H](c1cccc(c1)Oc1ccccc1)OC(=O)[C@@H]1[C@H](C1(C)C)C=C(Br)Br,,-8.3999996
163,C-164,,DCAYPVUWAIABOU-UHFFFAOYSA-N,CCCCCCCCCCCCCCCC,,-8.3999996
164,C-165,,GLDOVTGHNKAZLK-UHFFFAOYSA-N,CCCCCCCCCCCCCCCCCCO,,-8.3999996
165,C-166,,MDLAAYDRRZXJIF-UHFFFAOYSA-N,Fc1ccc(cc1)C(c1ccc(cc1)F)CCCN1CCC(CC1)(O)c1ccc(c(c1)C(F)(F)F)Cl,,-8.385256623
166,C-167,,LAYLQVBQIBQVLL-UHFFFAOYSA-N,CCOC(=O)CCCCCCCCC(c1ccc(cc1)I)C,,-8.376413208
167,C-168,,BTVYFIMKUHNOBZ-ODRIEIDWSA-N,CO[C@H]1/C=C/O[C@@]2(C)Oc3c(C2=O)c2C(=O)C=C(C(=O)c2c(c3C)O)NC(=O)/C(=C\C=C\[C@@H]([C@@H]([C@H]([C@H]([C@H]([C@@H]([C@@H]1C)OC(=O)C)C)O)C)O)C)/C,,-8.374113388
168,C-169,,CNEOZRIZTKXNDU-UHFFFAOYSA-N,[O-]C(=O)C(=O)[O-].Clc1cccc(c1)C1(CC[NH+](CC1)C(CCC(=O)c1ccccc1)F)C(=O)[NH+]1CCCC1,,-8.372515236
169,C-170,,GAOZTHIDHYLHMS-KEOBGNEYSA-N,CO[C@H]([C@@H]([C@H]1O[C@@]2(CC[C@@](O2)(C)[C@H]2CC[C@@](O2)(CC)[C@@H]2O[C@H](C[C@@H]2C)[C@H]2O[C@@](O)(CO)[C@@H](C[C@@H]2C)C)C[C@@H]([C@H]1C)O)C)[C@@H](C(=O)O)C,,-8.349524225
170,C-171,,JYYFMIOPGOFNPK-AGRJPVHOSA-N,CC/C=C\C/C=C\C/C=C\CCCCCCCC(=O)OCC,,-8.334127951
171,C-172,,HMSWAIKSFDFLKN-UHFFFAOYSA-N,CCCCCCCCCCCCCCCCCCCCCCCCCC,,-8.3299999
172,C-173,,JFJZZMVDLULRGK-URLMMPGGSA-O,COc1cc2CCN([C@@H]3c2cc1Oc1cc(ccc1O)C[C@@H]1c2c(CC[N+]1(C)C)cc(c(c2Oc1ccc(C3)cc1)O)OC)C,,-8.327264912
173,C-174,,RPUMZMSNLZHIGZ-UHFFFAOYSA-N,Clc1cc(Cl)c(cc1c1ccc(c(c1Cl)Cl)Cl)Cl,,-8.3199997
174,C-175,,PZHBZYPUUCYOIA-UHFFFAOYSA-N,CN(c1ccc2c(c1)cccc2)C(=S)Oc1ccc2c(c1)cccc2,,-8.313139462
175,C-176,,IECPWNUMDGFDKC-MZJAQBGESA-N,CC(=O)O[C@H]1C[C@]2([C@H](/C/1=C(/C(=O)O)\CCC=C(C)C)C[C@H]([C@@H]1[C@]2(C)CC[C@@H]2[C@]1(C)CC[C@H]([C@H]2C)O)O)C,,-8.302983458
176,C-177,,TZMHVHLTPWKZCI-UHFFFAOYSA-N,Clc1c(Cl)cc(c(c1Cl)c1ccc(c(c1Cl)Cl)Cl)Cl,,-8.3000002
177,C-178,,ZFFZCBQVQKRBHW-QREUMGABSA-N,CCCCCCCOc1ccc(c2c1cccc2)C(=N)[NH+](C(C)C)C(C)C.[Cl-],,-8.287333411
178,C-179,,PRVPQDZPPCTAMN-UHFFFAOYSA-N,Clc1ccc(nc1)OCCCCCNCCSSCCNCCCCCOc1ccc(cn1)Cl.Cl.Cl,,-8.28220656
179,C-180,,FTOVXSOBNPWTSH-UHFFFAOYSA-N,c1ccc2c(c1)c1cc3ccccc3c3c1c2ccc3,,-8.2299995
180,C-181,,HQVZOORKDNCGCK-UHFFFAOYSA-N,Clc1ccc(c(c1)Cl)Cc1cc(ccc1O)C(CC(C)(C)C)(C)C,,-8.224437629
181,C-182,,KBNIFDASRCWYGC-GXNXWABVSA-J,Cc1cc(ccc1N/N=C/1\C=Cc2c(C1=O)c(N)c(cc2S(=O)(=O)[O-])S(=O)(=O)[O-])c1ccc(c(c1)C)N/N=C/1\C=Cc2c(C1=O)c(N)c(cc2S(=O)(=O)[O-])S(=O)(=O)[O-].[Na+].[Na+].[Na+].[Na+],,-8.212514549
182,C-183,,BNXDKTBMUIPKNM-UHFFFAOYSA-L,CC[N+](C1c2ccccc2c2c1cccc2)(CCCCCCCCCC[N+](C1c2ccccc2c2c1cccc2)(CC)CC)CC.[Br-].[Br-],,-8.198091315
183,C-184,,FIERVDLXKNFTPK-UHFFFAOYSA-N,CC(Nc1ccnc2c1ccc(c2)Cl)CN1CCN(CC1)CC(Nc1ccnc2c1ccc(c2)Cl)C,,-8.19387684
184,C-185,,FMMWHPNWAFZXNH-UHFFFAOYSA-N,c1ccc2c(c1)c1ccc3c4c1c(c2)ccc4ccc3,,-8.1899996
185,C-186,,BRZHTUISXPQTLF-QYEGGRDRSA-N,CC(CCC[C@H]([C@H]1CC[C@@H]2[C@]1(C)CC[C@H]1[C@H]2C[C@H]([C@@]2([C@]1(C)CC[C@@H](C2)OC(=O)CCC(=O)O)O)OC(=O)C)C)C,,-8.180970934
186,C-187,,ZXQYGBMAQZUVMI-XYRWEVSHSA-N,N#C[C@@H](c1cccc(c1)Oc1ccccc1)OC(=O)[C@@H]1[C@H](C1(C)C)/C=C(/C(F)(F)F)\Cl,,-8.1800003
187,C-188,,MRLUSTSQCUMQPV-UHFFFAOYSA-N,N(CC1CCC(CC1)CNCCC1CCCCC1)CCC1CCCCC1.Cl.Cl,,-8.178152151
188,C-189,,MKUZQGZKPPDJFJ-UHFFFAOYSA-N,C1CCCCCC(C1)NCC1CCC(CC1)CNC1CCCCCCC1.Cl.Cl,,-8.178152151
189,C-190,,CBFCDTFDPHXCNY-UHFFFAOYSA-N,CCCCCCCCCCCCCCCCCCCC,,-8.1700001
190,C-191,,QFLRLGOOCOLLPE-UHFFFAOYSA-L,C[N+](C1c2ccccc2c2c1cccc2)(CCCCCCCCCC[N+](C1c2ccccc2c2c1cccc2)(C)C)C.[Br-].[Br-],,-8.165443184
191,C-192,,UDKVBVICMUEIKS-UHFFFAOYSA-N,CCN(CCCC(Nc1c2cc(OC)ccc2nc2c1ccc(c2)Cl)C)CC.Cl.Cl,,-8.15755413
192,C-193,,BLABUAQFKZONEO-UHFFFAOYSA-N,CC(CC(C)(C)C)(NCC1CCC(CC1)CNC(CC(C)(C)C)(C)C)C.Cl.Cl,,-8.144741192
193,C-194,,HWYDUXWJTPHYRD-UHFFFAOYSA-N,Clc1ccc(cc1)c1nc2c(o1)ccc(c2)C(c1n[nH]nn1)C,,-8.14367658
194,C-195,,AHPSBPRPKMMFHX-UHFFFAOYSA-N,C1CCC(CC1)CCNCC1CCC(=CC1)CNCCC1CCCCC1.CC(=O)O.CC(=O)O,,-8.135362184
195,C-196,,UONFEYAYBJCNHL-CAOOACKPSA-N,Clc1ccc2c(c1)/C(=C/CCN1CCCCC1)/c1c(S2)cccc1,,-8.133055994
196,C-197,,JGWRCGHPVAOURY-UHFFFAOYSA-N,CCCCCCCCC=C([NH2+]Cc1ccccc1Cl)[NH2+]Cc1ccccc1Cl.[Cl-].[Cl-],,-8.118242683
197,C-198,,GBRBCGCLXXISRC-MPQAZLLSSA-N,Clc1ccccc1/C=N/CC1CCC(CC1)C/N=C/c1ccccc1Cl.Cl.Cl,,-8.107912568
198,C-199,,CNCOQPXJERKGEX-UHFFFAOYSA-N,CC[NH+](CCOC(=O)C(c1ccc2c(c1)cccc2)c1ccc2c(c1)cccc2)CC.[Cl-],,-8.101052559
199,C-200,,JBCLGHRMQCEPFM-UHFFFAOYSA-N,CCOC(=O)c1c[nH]c2c(c1=O)cc(c(c2)OCC1CC1)OCC1CC1,,-8.094372969
200,C-201,,KFKRXESVMDBTNQ-AMPAVEGJSA-N,OC(=O)CCC1=C(C)/C/2=C/c3[nH]c(c(c3C)C(O)C)/C=c/3\[nH]/c(=C\C4=N/C(=C\C1=N2)/C(=C4C)CCC(=O)O)/c(C(O)C)c3C,,-8.082604066
201,C-202,,NAMVGYMNDWZPDQ-UHFFFAOYSA-N,O=C1N(c2ccccc2)N(C(=O)C1C1(C2C(=O)N(N(C2=O)c2ccccc2)c2ccccc2)C(=O)N(N(C1=O)c1ccccc1)c1ccccc1)c1ccccc1,,-8.063091116
202,C-203,,WDECIBYCCFPHNR-UHFFFAOYSA-N,c1ccc2c(c1)c1ccc3c(c1cc2)cccc3,,-8.0600004
203,C-204,,FBTUMDXHSRTGRV-WKBHQTPHSA-N,COc1cccc2c1C(=O)c1c(O)c3[C@@H](O[C@H]4C[C@H](N)[C@@H]([C@@H](O4)C)O)C[C@](Cc3c(c1C2=O)O)(O)/C(=N\NC(=O)c1ccccc1)/C,,-8.04292561
204,C-205,,PRMOCPYCVSHNMG-UHFFFAOYSA-N,BrCCN(c1ccc(cc1)OC(=O)c1ccccc1C(C)C)CCBr,,-8.040945873
205,C-206,,HAPOJKSPCGLOOD-UHFFFAOYSA-N,c1ccc2c(c1)c1cc3ccccc3cc1C2,,-8.04
206,C-207,,LPGWZGMPDKDHEP-HLTPFJCJSA-N,CC[C@@]12CN3CCc4c([C@@](C[C@@H]([C@H]2O1)C3)(C(=O)OC)c1cc2c(cc1OC)N([C@@H]1[C@@]32CCN2[C@H]3[C@@](CC)(C=CC2)[C@H]([C@]1(O)C(=O)OC)OC(=O)C)C)[nH]c1c4cccc1,,-8.029412242
207,C-208,,DFAXIWKIBAGXSH-UHFFFAOYSA-N,COc1ccc(cc1)CCCC[NH2+]CCSSCC[NH2+]CCCCc1ccc(cc1)OC.[Cl-].[Cl-],,-8.021587696
208,C-209,,KAATUXNTWXVJKI-HBFSDRIKSA-N,N#C[C@@H](c1cccc(c1)Oc1ccccc1)OC(=O)[C@@H]1[C@H](C1(C)C)C=C(Cl)Cl,,-8.0200005
209,C-210,,CZCHIEJNWPNBDE-UHFFFAOYSA-N,CCc1oc2c(c1C(=O)c1cc(I)c(c(c1)I)O)cccc2,,-8.019623727
210,C-211,,OXLHOZMVPXHJLA-UHFFFAOYSA-N,N#CC(c1cccc2c1cccc2)(C(C)C)CC[NH+](CC=C(C)C)CC=C(C)C.[Cl-],,-8.012497131
211,C-212,,BTAGRXWGMYTPBY-UHFFFAOYSA-N,Clc1c(ccc(c1Cl)Cl)c1ccc(c(c1Cl)Cl)Cl,,-8.0100002
212,C-213,,KHNYNFUTFKJLDD-UHFFFAOYSA-N,c1ccc2c(c1)ccc1c2c2cccc3c2c1ccc3,,-8.0
213,C-214,,INISTDXBRIBGOC-BJKOFHAPSA-N,N#C[C@@H](c1cccc(c1)Oc1ccccc1)OC(=O)[C@@H](C(C)C)Nc1ccc(cc1Cl)C(F)(F)F,,-8.0
214,C-215,,GBABOYUKABKIAF-IELIFDKJSA-N,CCC1=C[C@@H]2CN(C1)Cc1c3ccccc3[nH]c1[C@@](C2)(C(=O)OC)c1cc2c(cc1OC)N([C@@H]1[C@@]32CCN2[C@H]3[C@@](CC)(C=CC2)[C@H]([C@]1(O)C(=O)OC)OC(=O)C)C,,-7.968782462
215,C-216,,BGHCVCJVXZWKCC-UHFFFAOYSA-N,CCCCCCCCCCCCCC,,-7.96
216,C-217,,ZTYGXAJTOOFVGB-UHFFFAOYSA-N,CC[NH+](CCCCCCCCCCCC1(c2ccccc2)C(=O)Oc2c1cccc2)CC.[Cl-],,-7.946501933
217,C-218,,ZTACEXAAXMFRGD-UHFFFAOYSA-N,Cc1ccccc1CN1CCN(CC1)CCOC(c1ccccc1Cl)c1ccccc1.Cl.Cl,,-7.945376259
218,C-219,,PPQNQXQZIWHJRB-UHFFFAOYSA-N,Cc1ccc2c3c1CCc3c1c(c2)c2ccccc2cc1,,-7.9200001
219,C-220,,GGMPTLAAIUQMIE-UHFFFAOYSA-N,Clc1c(c2ccccc2)c(Cl)c(c(c1Cl)Cl)Cl,,-7.9200001
220,C-221,,KQBFUDNJKCZEDQ-UHFFFAOYSA-N,Clc1cc(Cl)c(cc1c1c(Cl)cc(c(c1Cl)Cl)Cl)Cl,,-7.9200001
221,C-222,,HVVINGXJHBOTJQ-UHFFFAOYSA-N,Cc1ccc2c(c1)ccc1c2cc2cccc3c2c1CC3,,-7.9200001
222,C-223,,DJEUXBQAKBLKPO-UHFFFAOYSA-N,Clc1ccc(c(c1)Cl)c1c(Cl)c(Cl)c(c(c1Cl)Cl)Cl,,-7.9200001
223,C-224,,OPKYDBFRKPQCBS-UHFFFAOYSA-N,Clc1ccc(c(c1)c1ccc(c(c1Cl)Cl)Cl)Cl,,-7.9099998
224,C-225,,WLCFKPHMRNPAFZ-UHFFFAOYSA-M,CCCCCCCCCCCC[N+](CCCCCCCCCCCC)(C)C.[Cl-],,-7.903704189
225,C-226,,VRNDXFKUQLCBRG-UHFFFAOYSA-N,CCCCCCCCCCCCCC(=O)OCCCN1CCCCC1C,,-7.903584094
226,C-227,,UJFIOYBFWBTUIG-UHFFFAOYSA-N,FC(c1ccccc1C[NH2+]CC12CCC(CC1)(CC2)C[NH2+]Cc1ccccc1C(F)(F)F)(F)F.[Cl-].[Cl-],,-7.901725612
227,C-228,,WPRUOIPXURAXBE-UHFFFAOYSA-N,CN(CCC=C1c2cc(Br)ccc2Sc2c1cc(Br)cc2)C.Cl,,-7.901328682
228,C-229,,AFCKBLSDCKJRLH-UHFFFAOYSA-N,Brc1ccccc1CNCC1CCC(CC1)CNCc1ccccc1Br.Cl.Cl,,-7.899652518
229,C-230,,OYTINQKRJLYRPF-UHFFFAOYSA-N,Brc1ccc(cc1)CNCC1CCC(CC1)CNCc1ccc(cc1)Br.Cl.Cl,,-7.899652518
230,C-231,,MMYHZEDBTMXYAF-UHFFFAOYSA-N,Brc1cc(Br)c(c(c1)c1cc(Br)cc(c1O)Br)OP(=O)(O)O,,-7.895697951
231,C-232,,GGGATFRVOBEKQO-UHFFFAOYSA-N,Brc1cc(O)c(c(c1)Br)c1c(Br)cc(cc1OP(=O)(O)O)Br,,-7.89552185
232,C-233,,DTCVSBBTVQOZPW-DCXSSQDFSA-N,CCCCOc1ccc(c2c1cccc2)C(=N)[NH+](CCCC)CCCC.[Cl-],,-7.894071769
233,C-234,,LAHWLEDBADHJGA-UHFFFAOYSA-N,Clc1ccc(c(c1)c1cc(Cl)c(cc1Cl)Cl)Cl,,-7.8899999
234,C-235,,VRRFWYJFMGDZAJ-UHFFFAOYSA-N,C[NH+](CCOC(C1c2ccccc2c2c1cccc2)C1c2ccccc2c2c1cccc2)C.[Cl-],,-7.884950343
235,C-236,,BJGSKLLZKPRQPU-UHFFFAOYSA-N,CCN(CCN1c2ccccc2Sc2c1cc(cc2)C(C)(C)C)CC.Cl,,-7.874521815
236,C-237,,KDQYKOUUVSPPPI-UHFFFAOYSA-N,CCC(c1ccc2c(c1)N(CCCN(C)C)c1c(S2)cccc1)(C)C.Cl,,-7.874521815
237,C-238,,GBROPGWFBFCKAG-UHFFFAOYSA-N,c1ccc2c(c1)c1ccc3c(c1cc2)ccc1c3cccc1,,-7.8699999
238,C-239,,LALCYSXRFOWHLO-UHFFFAOYSA-N,FC(c1ccccc1CNCC1CCC(CC1)CNCc1ccccc1C(F)(F)F)(F)F.Cl.Cl,,-7.868095608
239,C-240,,VOCBWIIFXDYGNZ-IXKNJLPQSA-N,CCCCCCC(=O)O[C@H]1CC[C@@H]2[C@]1(C)CC[C@H]1[C@H]2CCC2=CC(=O)CC[C@]12C,,-7.867914368
240,C-241,,YMSBKLBNDJAACW-UHFFFAOYSA-N,FC(c1ccc2c(c1)N(CCCNCCN1CCOCC1)c1c(S2)cccc1)(F)F.Cl,,-7.866203051
241,C-242,,KVFJBIQWENJTDM-UHFFFAOYSA-N,c1ccc2c(c1)ccc1c2cc2cccc3c2c1CC3,,-7.8499999
242,C-243,,FNCVZYRPXOZNSM-UHFFFAOYSA-N,O=C(c1ccccc1)Nc1ccc(c2c1C(=O)c1ccccc1C2=O)Cl,,-7.843278409
243,C-244,,MBHNWCYEGXQEIT-UHFFFAOYSA-N,OCCN1CCN(CC1)CCCN1c2ccccc2Sc2c1cc(cc2)C(F)(F)F.Cl.Cl,,-7.829998608
244,C-245,,ICKMASVVMCGZLR-UHFFFAOYSA-N,CC(=O)Oc1c(I)cc(cc1C(=O)Nc1ccc(cc1)Cl)I,,-7.824530476
245,C-246,,XRCJOMAARACHTL-UHFFFAOYSA-N,CCCCCCCC(C(=O)OCC)CCCCCCC,,-7.821600569
246,C-247,,LCXMEXLGMKFLQO-UHFFFAOYSA-N,Clc1ccc(cc1Cl)c1cc(Cl)c(c(c1Cl)Cl)Cl,,-7.8200002
247,C-248,,KEUDYNSIGHFSQH-UHFFFAOYSA-N,BrCCN(c1ccc(cc1)OC(=O)c1cccc(c1)C(F)(F)F)CCBr,,-7.808232024
248,C-249,,JJWKNGOUNQRAIP-UHFFFAOYSA-N,BrCCN(c1ccc(cc1)OC(=O)c1ccc(cc1)C(F)(F)F)CCBr,,-7.808232024
249,C-250,,TXVHTIQJNYSSKO-UHFFFAOYSA-N,c1ccc2c(c1)c1cccc3c1c1c2cccc1cc3,,-7.8000002
250,C-251,,RKLLTEAEZIJBAU-UHFFFAOYSA-N,Clc1ccc(c(c1)Cl)c1ccc(c(c1)Cl)Cl,,-7.8000002
251,C-252,,LACXVZHAJMVESG-UHFFFAOYSA-N,Clc1ccc(c(c1)Cl)c1ccc(c(c1Cl)Cl)Cl,,-7.8000002
252,C-253,,TYUMAYSMJLPFAN-UHFFFAOYSA-N,COc1cc(O)c2c(c1)oc(cc2=O)c1ccc(c(c1)c1c(O)cc(c2c1oc(cc2=O)c1ccc(cc1)O)O)O,,-7.788082722
253,C-254,,YWEZXUNAYVCODW-RBUKOAKNSA-N,CCCCCc1cc(O)cc(c1[C@@H]1C=C(C)CC[C@H]1C(=C)C)O,,-7.756426227
254,C-255,,GGEQGDSOSYWSPU-UHFFFAOYSA-N,FC(c1ccc2c(c1)N(CCCN1CCN(CC1)CCC1OCCCO1)c1c(S2)cccc1)(F)F.OC(=O)CCC(=O)O.OC(=O)CCC(=O)O,,-7.750877566
255,C-256,,WAGUNVVOQBKLDL-UHFFFAOYSA-J,O=S(=O)(c1ccc(cc1)NC(S(=O)(=O)[O-])CC(S(=O)(=O)[O-])c1ccccc1)c1ccc(cc1)NC(S(=O)(=O)[O-])CC(S(=O)(=O)[O-])c1ccccc1.[Na+].[Na+].[Na+].[Na+],,-7.730914114
256,C-257,,QAZKXHSIKKNOHH-UHFFFAOYSA-N,Clc1ccc2c(c1)N(CCCN1CCC(CC1)(C(=O)N)N1CCCCC1)c1ccccc1CC2,,-7.729425753
257,C-258,,OSIAKYRUAHXXOZ-UHFFFAOYSA-N,OC(c1ccccc1)(C1CCCC(N1)C(c1ccccc1)(Cc1ccccc1)O)Cc1ccccc1,,-7.729230269
258,C-259,,ZCTJIMXXSXQXRI-KYJUHHDHSA-N,COc1cc2c(cc1Oc1cc(OC)c(cc1C[C@@H]1N(C)CCc3c1cc(OC)c(c3)OC)OC)C[C@H]1c3c2c(OC)c(OC)cc3CCN1C,,-7.726858108
259,C-260,,OGBUMNBNEWYMNJ-UHFFFAOYSA-N,CCCCCCCCCCCCCCCCCCOCC(CO)O,,-7.720717358
260,C-261,,APTGJECXMIKIET-WOSSHHRXSA-N,CCCCCCC(=O)O[C@@]1(C#C)CC[C@@H]2[C@]1(C)CC[C@H]1[C@H]2CCC2=CC(=O)CC[C@H]12,,-7.701194763
261,C-262,,PYHRZPFZZDCOPH-UHFFFAOYSA-N,OS(=O)(=O)O.CC(Cc1ccccc1)N.CC(Cc1ccccc1)N,,-7.699550249
262,C-263,,AANKDJLVHZQCFG-KVHNBARJSA-N,O[C@H]1CC[C@]2(C(=CC[C@@H]3[C@@H]2C[C@H](O)[C@]2([C@H]3C[C@H]3[C@@H]2[C@H](C)[C@@H]2N3C[C@H](CC2)C)C)C1)C,,-7.695983828
263,C-264,,UCLKLGIYGBLTSM-UHFFFAOYSA-N,Clc1ccc(c(c1)c1cc(Cl)c(c(c1Cl)Cl)Cl)Cl,,-7.6799998
264,C-265,,ZQUPQXINXTWCQR-UHFFFAOYSA-N,Clc1ccc(cc1Cl)c1c(Cl)cc(c(c1Cl)Cl)Cl,,-7.6599998
265,C-266,,IQLOSBYZJUGSKB-UHFFFAOYSA-N,C#CC(c1ccc(cc1)F)(c1ccc(cc1)F)OC(=O)NC1CCCCCC1,,-7.659416997
266,C-267,,QAXVLPXRIUCUMC-UHFFFAOYSA-N,CCCCCCCOc1ccccc1NC(=O)OCC[N+]1(CCCCCC)CCCCC1.[Br-],,-7.639509547
267,C-268,,MCCACAIVAXEFAL-UHFFFAOYSA-N,Clc1ccc(c(c1)Cl)COC(c1ccc(cc1Cl)Cl)Cn1cncc1.[O-][N+](=O)O,,-7.635134927
268,C-269,,PGHIRTGWEUBCPY-UHFFFAOYSA-N,N/C(=[NH+]/CCc1ccc(cc1)SC(C)(C)C)/CSSC/C(=[NH+]/CCc1ccc(cc1)SC(C)(C)C)/N.[Cl-].[Cl-],,-7.633077934
269,C-270,,TZYLXYZBEHLNSG-UHFFFAOYSA-N,BrCCN(c1ccc(cc1)OC(=O)c1c(C)cccc1C)CCBr,,-7.628808935
270,C-271,,KCKFGJBLLWMFIL-UHFFFAOYSA-L,Clc1ccc(c(c1)S(=O)[O-])c1ccc(c(c1)SSSc1cc(ccc1Cl)c1ccc(cc1S(=O)[O-])Cl)Cl.[Na+].[Na+].O.O.O,,-7.624430017
271,C-272,,ZAMACTJOCIFTPJ-UHFFFAOYSA-N,CCOS(=O)(=O)c1cc(cc2c1ccc(c2)C(C)(C)C)C(C)(C)C,,-7.594084617
272,C-273,,IIYFAKIEWZDVMP-UHFFFAOYSA-N,CCCCCCCCCCCCC,,-7.593585331
273,C-274,,RMHWROMEMLMRSO-UHFFFAOYSA-N,BrCCN(c1ccc(cc1)OC(=O)c1ccccc1CC)CCBr,,-7.582645751
274,C-275,,WJNRCWZSQKPZIJ-UHFFFAOYSA-P,Clc1ccccc1C[NH2+]CCCCCCCCC[NH2+]Cc1ccccc1Cl.[Na+].[Na+],,-7.579229909
275,C-276,,BYBLEWFAAKGYCD-UHFFFAOYSA-N,Clc1ccc(c(c1)Cl)COC(c1ccc(cc1Cl)Cl)Cn1cncc1,,-7.57233652
276,C-277,,PVTZHDYDAGYCAX-UHFFFAOYSA-N,Clc1ccc(cc1)C1CCc2c(N(C1)CCCN(C(C)C)C(C)C)cccc2,,-7.567569831
277,C-278,,HEQIUWPGQXVWSO-UHFFFAOYSA-N,Clc1ccc2c(c1)C1(CCC(CC1)N(C)C)c1ccccc1CC2.Cl,,-7.567009046
278,C-279,,RHNRLUFRIWVFOF-UHFFFAOYSA-N,CCC(c1cccc2c1cccc2)(C(=O)N)CCN(CC=C(C)C)CC=C(C)C.Cl,,-7.560620848
279,C-280,,IKXBIIHSAINQQA-UHFFFAOYSA-N,CCC(c1cccc2c1cccc2)(CC[NH+](CC=C(C)C)CC=C(C)C)C#N.[Cl-],,-7.55696867
280,C-281,,ZXWAPCCQSDUJRB-XIDBHWPPSA-N,OS(=O)(=O)O.Clc1ccc2c(c1)/C(=C/CCN1CCCCC1)/c1c(S2)cccc1,,-7.556681481
281,C-282,,ZXWAPCCQSDUJRB-LIUCOPNQSA-N,OS(=O)(=O)O.Clc1ccc2c(c1)/C(=C\CCN1CCCCC1)/c1c(S2)cccc1,,-7.556681481
282,C-283,,RSJKGSCJYJTIGS-UHFFFAOYSA-N,CCCCCCCCCCC,,-7.550542422
283,C-284,,HHVSGZJTRORQKO-RRAKKABASA-M,CCCCCC[N+]12CCC(C(C1)C=C)C[C@@H]2[C@H](c1ccnc2c1cc(OC)cc2)O.[Br-],,-7.546736113
284,C-285,,PESHFZNRQCTMDJ-UHFFFAOYSA-N,S=c1[nH]nc(c(n1)c1ccccc1)c1ccccc1,,-7.544697041
285,C-286,,QITKNQKNNKBEPG-UHFFFAOYSA-N,OC(c1cccc(n1)C(c1ccccc1)(c1ccccc1)O)(c1ccccc1)c1ccccc1,,-7.543134936
286,C-287,,MDFZYGLOIJNNRM-OAJDADRGSA-N,CC(=O)O[C@H]1C[C@]2([C@H](/C/1=C(/C(=O)O)\CCC=C(C)C)CC[C@@H]1[C@]2(C)C(=O)[C@@H](OC(=O)C)[C@@H]2[C@]1(C)C=CC(=O)[C@H]2C)C,,-7.53845872
287,C-288,,VNFPBHJOKIVQEB-UHFFFAOYSA-N,Clc1ccccc1C(n1cncc1)(c1ccccc1)c1ccccc1,,-7.533729002
288,C-289,,ZNBNBTIDJSKEAM-NISBWGIBSA-N,CCC(=O)O[C@@H]([C@@H](C(=O)O)C)[C@@H]([C@H]1O[C@@]2(CC[C@@](O2)(C)[C@H]2CC[C@@](O2)(C)[C@@H]2O[C@H](C[C@@H]2C)[C@H]2O[C@@](O)(CO)[C@@H](C[C@@H]2C)C)C[C@@H]([C@H]1C)O)C,,-7.529068965
289,C-290,,FHAFDHUYIWKBCE-UHFFFAOYSA-N,O=C(C1c2ccccc2c2c1cccc2)OC1CC[NH+](CC1)CCc1ccccc1.[Cl-],,-7.520194427
290,C-291,,NASQQMSTSLFMPB-UHFFFAOYSA-L,C[N+]1(CCCCCCCCCC[N+]2(C)CCCCC2)CCCCC1.[I-].[I-],,-7.514960652
291,C-292,,SQNAAVDKHCRGPU-UHFFFAOYSA-L,C[N+]1(CCCCCCCCCCCC[N+]2(C)CCCC2)CCCC1.[I-].[I-],,-7.514960652
292,C-293,,UFFFQSODDRXNMI-UHFFFAOYSA-N,CCCCOc1ccc(cc1)OCC(=O)N(c1cc(OCC)ccc1OCC)CCN(CC)CC.Cl,,-7.514473886
293,C-294,,ZDZOTLJHXYCWBA-VCVYQWHSSA-N,CC(=O)O[C@@]12CO[C@@H]1C[C@@H]([C@@]1([C@@H]2[C@H](OC(=O)c2ccccc2)[C@]2(O)C[C@H](OC(=O)[C@@H]([C@H](c3ccccc3)NC(=O)OC(C)(C)C)O)C(=C(C2(C)C)[C@H](C1=O)O)C)C)O,,-7.509412229
294,C-295,,NZFNXWQNBYZDAQ-UHFFFAOYSA-N,CSc1ccc2c(c1)N(CCC1CCCCN1C)c1c(S2)cccc1.Cl,,-7.489053566
295,C-296,,CIMQMKORBAJNEC-UHFFFAOYSA-N,CC(=O)OCCN1CCN(CC1)CCCN1c2ccccc2Sc2c1cc(cc2)C(F)(F)F.Cl.Cl,,-7.487042507
296,C-297,,MOPIFNSMNXBREW-UHFFFAOYSA-N,CCCCCCCNc1c2ccccc2nc2c1cccc2,,-7.477457012
297,C-298,,CKHJPWQVLKHBIH-ZDSKVHJSSA-N,O=CN(/C(=C(\SS/C(=C(\N(Cc1cnc(nc1N)C)C=O)/C)/CCOC(=O)C(C)C)/CCOC(=O)C(C)C)/C)Cc1cnc(nc1N)C,,-7.466676129
298,C-299,,NAPSCFZYZVSQHF-UHFFFAOYSA-N,CCCCCCCCCCCCCCCCCCN(C)C,,-7.455306311
299,C-300,,ICQVNPHZLORXIG-UHFFFAOYSA-N,Clc1ccc(cc1)C1CCc2c(N(C1=O)CCCN(C(C)C)C(C)C)cccc2,,-7.45159931
300,C-301,,BWYQRNCUKAFTOU-UHFFFAOYSA-N,Clc1ccc(c(c1)Sc1ccc(cc1)Cl)NCCCN1CCCC1.Clc1ccc(c(c1)Sc1ccc(cc1)Cl)NCCCN1CCCC1.Cl.Cl.O,,-7.449836702
301,C-302,,IWXAZSAGYJHXPX-LYWFMZLMSA-N,O=CN(/C(=C(\SS/C(=C(\N(Cc1cnc(nc1N)C)C=O)/C)/CCOC(=O)c1ccccc1)/CCOC(=O)c1ccccc1)/C)Cc1cnc(nc1N)C,,-7.430949347
302,C-303,,QGDKRLQRLFUJPP-UHFFFAOYSA-N,Clc1cc(Cl)c(c(c1c1ccccc1Cl)Cl)Cl,,-7.4299998
303,C-304,,CXKIGWXPPVZSQK-UHFFFAOYSA-N,Clc1ccc(c(c1)Cl)c1c(Cl)ccc(c1Cl)Cl,,-7.4299998
304,C-305,,UHCLFIWDCYOTOL-UHFFFAOYSA-N,Clc1ccc(c(c1)c1c(Cl)c(Cl)cc(c1Cl)Cl)Cl,,-7.4200001
305,C-306,,IUILSTHMSGDSHQ-UHFFFAOYSA-N,c1ccc2c(c1)c1[nH]c3c(c1cc2)ccc1c3cccc1,,-7.4200001
306,C-307,,QHMBSVQNZZTUGM-ZWKOTPCHSA-N,CCCCCc1cc(O)c(c(c1)O)[C@@H]1C=C(C)CC[C@H]1C(=C)C,,-7.412287248
307,C-308,,VMPAHPDCSQOZIS-UHFFFAOYSA-N,CCCC(c1nc2c(s1)nc(s2)C(CCC)(C)C)(C)C,,-7.402181683
308,C-309,,SBDHCUZETSWOAX-UHFFFAOYSA-N,CCCCCc1cc(O)cc2c1C1C=C(C)CCC1C(O2)(C)C,,-7.400667813
309,C-310,,FJAQNRBDVKIIKK-LFLQOBSNSA-N,CO[C@@H]1[C@@H](OC(=O)c2ccc([nH]2)C)[C@@H](O)[C@@H](OC1(C)C)Oc1ccc2c(c1Cl)oc(=O)c(c2O)NC(=O)c1ccc(c(c1)CC=C(C)C)O,,-7.39152981
310,C-311,,PXAGFNRKXSYIHU-UHFFFAOYSA-N,Clc1cccc(c1c1c(Cl)cccc1Cl)Cl,,-7.3899999
311,C-312,,IUTPYMGCWINGEY-UHFFFAOYSA-N,Clc1cc(Cl)c(cc1c1ccc(c(c1)Cl)Cl)Cl,,-7.3899999
312,C-313,,CKLLRBPBZLTGDJ-UHFFFAOYSA-N,Clc1ccc(c(c1)Cl)c1cc(Cl)c(c(c1Cl)Cl)Cl,,-7.3899999
313,C-314,,KFXRYHOEBZEYSV-UHFFFAOYSA-N,C=CCNc1cnnc(c1)N1CCN(CC1)CCC(c1ccccc1)(c1ccccc1)c1ccccc1.Cl.Cl,,-7.384698627
314,C-315,,BDCBHVZKPKPCIE-UHFFFAOYSA-N,OC(=O)C(CC(=O)O)(CC(=O)O)O.Clc1ccc2c(c1)C1(OCC(O1)CN1CCCCCC1)c1ccccc1CO2,,-7.38141449
315,C-316,,XWNZVGDZWLLXSJ-UHFFFAOYSA-N,OCC(CC(c1nc2c(s1)nc(s2)C(CC(CO)(C)C)(C)C)(C)C)(C)C,,-7.37525415
316,C-317,,XQDSMZHQEGMUCW-CYBPKNTASA-N,CN(CC/C=C/1\c2cc(Cl)ccc2Sc2c1cc(Br)cc2)C.Cl,,-7.372240766
317,C-318,,RMDLIKZXAIGBEJ-UHFFFAOYSA-N,Clc1ccc2c(c1)C1(CCC(CC1)N(C)C)c1ccccc1C=C2.Cl,,-7.369156695
318,C-319,,WVECFEIAZAKUNF-UHFFFAOYSA-N,O=C1c2ccccc2c2c3c1cccc3c(cc2)Br,,-7.359852326
319,C-320,,MOKBCQAPOUEXMW-UHFFFAOYSA-N,CN(CCCN1c2ccccc2Sc2c1cc(cc2)C(C)(C)C)C.Cl,,-7.353609903
320,C-321,,QQODLKZGRKWIFG-ZAAXVRCTSA-N,N#C[C@@H](c1ccc(c(c1)Oc1ccccc1)F)OC(=O)[C@H]1[C@@H](C1(C)C)C=C(Cl)Cl,,-7.3400002
321,C-322,,QBYJBZPUGVGKQQ-WBJAICTJSA-N,ClC1=C(Cl)[C@@]2(C([C@@]1(Cl)[C@H]1[C@@H]2[C@H]2C[C@@H]1C=C2)(Cl)Cl)Cl,,-7.3299999
322,C-323,,CUVMRUIWQBLBEX-UHFFFAOYSA-N,CN(CCC=C1c2cc(Cl)ccc2Sc2c1cc(Cl)cc2)C.Cl,,-7.324989339
323,C-324,,FFRDTEGDTSKBIT-UHFFFAOYSA-N,C=CCNc1cnc(nc1)N1CCN(CC1)CCC(c1ccccc1)(c1ccccc1)c1ccccc1,,-7.324412843
324,C-325,,MTCPZNVSDFCBBE-UHFFFAOYSA-N,Clc1cc(Cl)c(c(c1)Cl)c1c(Cl)cccc1Cl,,-7.3200002
325,C-326,,WQLVFSAGQJTQCK-MIRLUMJSSA-N,C[C@H]1CC[C@@]2(OC1)O[C@@H]1[C@H]([C@@H]2C)[C@@]2([C@@H](C1)[C@@H]1CC=C3[C@]([C@H]1CC2)(C)CC[C@@H](C3)O)C,,-7.3200002
326,C-327,,ZFHGXWPMULPQSE-OVGMLNDJSA-N,O=C([C@@H]1[C@H](C1(C)C)/C=C(/C(F)(F)F)\Cl)OCc1c(F)c(F)c(c(c1F)F)C,,-7.3200002
327,C-328,,CPMZWWWXIWHTMU-IAWOBFGDSA-N,C[C@H]1CO[C@H]2[C@H](C1)O[C@H]1[C@@](C2)(C)[C@@]2([C@@H](C1)[C@@H]1C=C3C[C@H](O)CC[C@]3(C[C@H]1CC2)C)C,,-7.3200002
328,C-329,,KDQAABAKXDWYSZ-JKDPCDLQSA-N,OS(=O)(=O)O.COc1cc2N(C)[C@@H]3[C@@]4(c2cc1[C@]1(C[C@@H]2CN(CCc5c1[nH]c1c5cccc1)C[C@](C2)(O)CC)C(=O)OC)CCN1[C@H]4[C@@]([C@H]([C@]3(O)C(=O)OC)OC(=O)C)(CC)C=CC1,,-7.309258153
329,C-330,,SFVFIFLLYFPGHH-UHFFFAOYSA-M,CCCCCCCCCCCCCCCCCC[N+](Cc1ccccc1)(C)C.[Cl-],,-7.309042832
330,C-331,,CXMMLPJDUMSKBJ-UHFFFAOYSA-N,OC(=O)C(=O)[O-].COc1cc2c(cc1OC)CC[NH+](C2CCc1ccc(cc1)Cl)CCc1ccccc1,,-7.294495949
331,C-332,,OYFJQPXVCSSHAI-QFPUQLAESA-N,OC(=O)/C=C\C(=O)O.CCOC(=O)[C@@H](N[C@H](C(=O)N1CCC[C@H]1C(=O)O)C)CCc1ccccc1,,-7.294488262
332,C-333,,NAXCZPWMFMOBLL-UHFFFAOYSA-N,BrCCN(c1ccc(cc1)OC(=O)c1cccc(c1)Cl)CCBr,,-7.291333098
333,C-334,,AVCQZLIKYAQLME-UHFFFAOYSA-N,BrCCN(c1ccc(cc1)OC(=O)c1ccc(cc1)Cl)CCBr,,-7.291333098
334,C-335,,VTLYHLREPCPDKX-UHFFFAOYSA-N,Clc1c(Cl)cccc1c1cccc(c1Cl)Cl,,-7.2800002
335,C-336,,LWLJUMBEZJHXHV-UHFFFAOYSA-N,ClC1=C(Cl)C(=C([C@]1(Cl)[C@]1(Cl)C(=C(C(=C1Cl)Cl)Cl)Cl)Cl)Cl,,-7.2800002
336,C-337,,CJDWRQLODFKPEL-UHFFFAOYSA-N,O=C(NC(=O)c1c(F)cccc1F)Nc1cc(Cl)c(c(c1F)Cl)F,,-7.2800002
337,C-338,,KQUFNWNGQCSKFH-UHFFFAOYSA-N,CN1CCC(CC1)OC(=O)C1CCc2c1ccc(c2)C1CCCCC1.Cl,,-7.267807629
338,C-339,,WBWUPLAUZIIRBV-UHFFFAOYSA-N,CC(N(C(C)C)CCSCCOC(=O)N1c2ccccc2Sc2c1nccc2)C.Cl,,-7.267191223
339,C-340,,OWMPDOOBDJGPDB-UHFFFAOYSA-N,Brc1ccc(nc1)OCCCNCCSSCCNCCCOc1ccc(cn1)Br.Cl.Cl,,-7.260027536
340,C-341,,BXWNKGSJHAJOGX-UHFFFAOYSA-N,CCCCCCCCCCCCCCCCO,,-7.2600002
341,C-342,,JXLYSJRDGCGARV-XQKSVPLYSA-N,COc1cc2N(C)[C@@H]3[C@@]4(c2cc1[C@]1(C[C@@H]2CN(CCc5c1[nH]c1c5cccc1)C[C@](C2)(O)CC)C(=O)OC)CCN1[C@H]4[C@@]([C@H]([C@]3(O)C(=O)OC)OC(=O)C)(CC)C=CC1,,-7.259874905
342,C-343,,FYXWDSGGZAMYFZ-UHFFFAOYSA-N,CC[n+]1c(/C=C/C=C/C=c\2/sc3c(n2CC)cccc3)sc2c1cccc2,,-7.252366416
343,C-344,,KENZYIHFBRWMOD-UHFFFAOYSA-N,Clc1ccc(c(c1)c1ccc(c(c1)Cl)Cl)Cl,,-7.25
344,C-345,,SZEGKVHRCLBFKJ-UHFFFAOYSA-N,CCCCCCCCCCCCCCCCCCNC,,-7.243105463
345,C-346,,OPFTUNCRGUEPRZ-QLFBSQMISA-N,C=C[C@]1(C)CC[C@H](C[C@H]1C(=C)C)C(=C)C,,-7.242203636
346,C-347,,HCAWPGARWVBULJ-IAGOWNOFSA-N,CCCCCc1cc(O)c2c(c1)OC([C@H]1[C@H]2CC(=CC1)C)(C)C,,-7.241582099
347,C-348,,KSZBMSJSJFZGRF-UHFFFAOYSA-N,OC(=O)Cc1cc(I)c(c(c1)I)Oc1ccc(c(c1)C(C)C)O,,-7.23256858
348,C-349,,UFDCSHQNNVQXAS-UHFFFAOYSA-N,CSc1ccc2c(c1)N(CCC1CCCCN1)c1c(S2)cccc1,,-7.227833101
349,C-350,,WSABIMDRSAVSKO-LFMIJCLESA-N,CN(CC/C=C\1/c2ccccc2C(c2c1cc(cc2)C(F)(F)F)(C)C)C.Cl,,-7.226511069
350,C-351,,GXDALQBWZGODGZ-UHFFFAOYSA-N,COc1ccc(cc1)CCN1CCC(CC1)Nc1nc2c(n1Cc1ccc(cc1)F)cccc2,,-7.22414125
351,C-352,,MMDHGCAJSAUDDC-UHFFFAOYSA-N,CCOc1nc(ncc1C(=O)O)N1CCN(CC1)CCC(c1ccccc1)(c1ccccc1)c1ccccc1,,-7.222665778
352,C-353,,AIURIRUDHVDRFQ-UHFFFAOYSA-N,Clc1ccccc1c1cc(Cl)c(c(c1Cl)Cl)Cl,,-7.21
353,C-354,,JTUSORDQZVOEAZ-UHFFFAOYSA-N,Clc1cc(Cl)c(cc1c1cccc(c1Cl)Cl)Cl,,-7.21
354,C-355,,AHJKRLASYNVKDZ-UHFFFAOYSA-N,ClC(C(c1ccc(cc1)Cl)c1ccc(cc1)Cl)Cl,,-7.1999998
355,C-356,,LPLVUJXQOOQHMX-QWBHMCJMSA-N,O[C@@H]1[C@@H](O[C@@H]2O[C@H](C(=O)O)[C@H]([C@@H]([C@H]2O)O)O)[C@H](O[C@@H]([C@H]1O)C(=O)O)O[C@H]1CC[C@]2([C@H](C1(C)C)CC[C@@]1([C@@H]2C(=O)C=C2[C@@]1(C)CC[C@@]1([C@H]2C[C@](C)(CC1)C(=O)O)C)C)C,,-7.191257284
356,C-357,,KWDNTYRMVNFPGJ-UHFFFAOYSA-N,C1CCC(CC1)CCNC1CCC(CC1)NCCC1CCCCC1.CC(=O)O.CC(=O)O,,-7.189373813
357,C-358,,JLRNKCZRCMIVKA-UHFFFAOYSA-N,O=C(C(Oc1ccc(cc1)Cl)(C)C)OCCCOC(=O)C(Oc1ccc(cc1)Cl)(C)C,,-7.182668824
358,C-359,,XMVQWNRDPAAMJB-QGZVFWFLSA-N,OC(=O)CCCCCCCCCCCC[C@@H]1C=CCC1,,-7.179514628
359,C-360,,CANCCLAKQQHLNK-UHFFFAOYSA-N,Cc1cccc(c1)N(C(=S)Oc1ccc2c(c1)C1CCC2C1)C,,-7.17737408
360,C-361,,LWXUPCAADQWXRE-HZSDWAELSA-N,C/C=C\C=C\[C@@H]1O[C@@](O)([C@H]([C@@H](C1(C)C)O)O)[C@@H](C(=O)NC/C=C/C=C(/[C@H]([C@H]([C@@H]1O[C@@H]([C@@H]([C@@H]1O)O)/C=C/C=C/C=C(/C(=C/1\C(=O)NC=CC1=O)/O)\C)C)OC)\C)CC,,-7.17633929
361,C-362,,BAYSQTBAJQRACX-UHFFFAOYSA-N,CCCCCCCCCCCCOC(=O)c1ccc(cc1)O,,-7.172486751
362,C-363,,LNMLHGDTVHDNQV-UHFFFAOYSA-N,[NH2+](CC1CCCCC1)CC1CC2CCC1CC2C[NH2+]CC1CCCCC1.[Cl-].[Cl-],,-7.171652322
363,C-364,,OEAIWCFLDKVTJA-UHFFFAOYSA-N,Clc1ccc2c(c1)C1(CCC(C=C1)N(C)C)c1ccccc1C=C2.Cl,,-7.17125782
364,C-365,,RIQFAHOGTLRWSQ-UHFFFAOYSA-N,CC[NH+](CCOC(=O)c1c2ccccc2cc2c1cccc2)CC.[Cl-],,-7.168128716
365,C-366,,HLQDGCWIOSOMDP-UHFFFAOYSA-N,Clc1cc(c2ccccc2)c(c(c1Cl)Cl)Cl,,-7.1599998
366,C-367,,UBGHFEFTDIQMFK-UHFFFAOYSA-N,Clc1ccccc1CNCC1CCC21CCC2CNCc1ccccc1Cl.Cl.Cl,,-7.159373033
367,C-368,,OMCKLQRQFUWZOA-UHFFFAOYSA-N,CCCC(COC(=O)NC(C(Cl)(Cl)Cl)O)(COC(=O)NC(C(Cl)(Cl)Cl)O)C,,-7.15503222
368,C-369,,RHPGONJTJILALS-UHFFFAOYSA-N,CC(C(c1ccccc1)(c1ccccc1)c1ccccc1)CN1CCN(CC1)c1ncccn1.COS(=O)(=O)O.COS(=O)(=O)O,,-7.151200126
369,C-370,,YVGGHNCTFXOJCH-UHFFFAOYSA-N,ClC(C(c1ccc(cc1)Cl)c1ccc(cc1)Cl)(Cl)Cl,,-7.1500001
370,C-371,,GGJLCOPSTSMTDX-FJUODKGNSA-N,CN(CC/C=C/1\c2ccccc2Sc2c1cc(I)cc2)C.Cl,,-7.148848364
371,C-372,,RYMZZMVNJRMUDD-HGQWONQESA-N,CCC(C(=O)O[C@H]1C[C@@H](C)C=C2[C@H]1[C@@H](CC[C@@H]1C[C@@H](O)CC(=O)O1)[C@H](C=C2)C)(C)C,,-7.144651004
372,C-373,,PUEDRVOCLLHKQK-UHFFFAOYSA-N,N(CC1CCCCC1)CC1CCC(CC1)CNCC1CCCCC1.Cl.Cl,,-7.141788809
373,C-374,,DTNBCRXQERFIGT-UHFFFAOYSA-N,C1CCCCC(C1)NCC1CCC(CC1)CNC1CCCCCC1.Cl.Cl,,-7.141788809
374,C-375,,ZMZGFLUUZLELNE-UHFFFAOYSA-N,Ic1cc(I)c(c(c1)C(=O)O)I,,-7.141299486
375,C-376,,CVRALZAYCYJELZ-UHFFFAOYSA-N,COP(=S)(c1ccccc1)Oc1cc(Cl)c(cc1Cl)Br,,-7.137838139
376,C-377,,NOYYDDKJNWKCEQ-UHFFFAOYSA-N,OC(C(C(=O)O)O)C(=O)O.CCCCOc1ccc(cc1)OCC(=O)N(C(N1CCCCC1)C)c1ccc(cc1)OC,,-7.135861152
377,C-378,,WFLPPJLXJCKEGI-QOVZSLTQSA-N,CCN(CC/C=C/1\c2ccccc2Sc2c1cc(Cl)cc2)CC.Br,,-7.134055482
378,C-379,,JQIYNMYZKRGDFK-RUFWAXPRSA-N,CCC(=O)Oc1ccc2c(c1)CC[C@@H]1[C@@H]2CC[C@]2([C@H]1CC[C@@H]2OC(=O)CC)C,,-7.133127969
379,C-380,,GPKJTRJOBQGKQK-UHFFFAOYSA-N,CCN(CCCC(Nc1c2cc(OC)ccc2nc2c1ccc(c2)Cl)C)CC,,-7.131315398
380,C-381,,YQNFBOJPTAXAKV-OMCISZLKSA-N,OC(=O)CCc1c(I)cc(c(c1I)/N=C/N(C)C)I,,-7.128996546
381,C-382,,ANLDLZZUCDUNDH-UHFFFAOYSA-N,N(CC1CC2CC1CC2)CC1CCC(CC1)CNCC1CC2CC1CC2.Cl.Cl,,-7.121793393
382,C-383,,WDRFFJWBUDTUCA-UHFFFAOYSA-N,N/C(=N\CCCCCC/N=C(/N=C(/Nc1ccc(cc1)Cl)\N)\N)/N=C(/Nc1ccc(cc1)Cl)\N.CC(=O)O.CC(=O)O,,-7.119572605
383,C-384,,ONNOFKFOZAJDHT-UHFFFAOYSA-N,OC(=O)CCCCCCNC1c2ccccc2CCc2c1cccc2,,-7.113587029
384,C-385,,VTMUHKQETIHHIO-UHFFFAOYSA-N,c1ccc2c(c1)C(CC2)[NH2+]CC12CCC(CC1)(CC2)C[NH2+]C1CCc2c1cccc2.[Cl-].[Cl-],,-7.113050965
385,C-386,,SYHDSBBKRLVLFF-UHFFFAOYSA-N,CCN(CCOc1ccc(cc1)C(c1ccc(cc1)C)(Cc1ccc(cc1)Cl)O)CC,,-7.112180045
386,C-387,,XJKSTNDFUHDPQJ-UHFFFAOYSA-N,c1ccc(cc1)c1ccc(cc1)c1ccccc1,,-7.1100001
387,C-388,,JYWIYHUXVMAGLG-UHFFFAOYSA-N,Clc1cc(NC(=O)c2c(O)c(Cl)cc(c2Cl)Cl)c(c(c1)Cl)O,,-7.106005414
388,C-389,,XAZLLTCLHJFEHD-UHFFFAOYSA-N,C1CCC(CC1)CNCC1CCC(=CC1)CNCC1CCCCC1.CC(=O)O.CC(=O)O,,-7.101908271
389,C-390,,VZLSHAUEBAEMHM-UHFFFAOYSA-N,COc1cc(NC(CCCN(C)C)C)c2c(c1)cc1c(n2)ccc(c1)Cl,,-7.099144977
390,C-391,,XXQMDKCWUYZXOF-UHFFFAOYSA-N,CCN(CCCN1c2ccccc2Sc2c1cc(Cl)cc2)CC.Cl,,-7.092262095
391,C-392,,NBEALWAVEGMZQY-UHFFFAOYSA-N,C#CC(c1ccccc1)(c1ccccc1)OC(=O)NC1CCCCC1,,-7.088437071
392,C-393,,WJLVQTJZDCGNJN-UHFFFAOYSA-N,N/C(=N\CCCCCC/N=C(/N=C(/Nc1ccc(cc1)Cl)\N)\N)/N=C(/Nc1ccc(cc1)Cl)\N.Cl.Cl,,-7.085510632
393,C-394,,VHBUILOKMFUWPN-UHFFFAOYSA-N,Clc1ccccc1CNCCCCCCCCNCc1ccccc1Cl.Cl.Cl,,-7.082089296
394,C-395,,YTSPICCNZMNDQT-UHFFFAOYSA-M,CC[N+](CCSC1=Nc2ccccc2N=C(C1)c1ccc(cc1)Sc1ccccc1)(CC)C.[I-],,-7.076539254
395,C-396,,PYTMYKVIJXPNBD-OQKDUQJOSA-N,OC(=O)C(CC(=O)O)(CC(=O)O)O.CCN(CCOc1ccc(cc1)/C(=C(/c1ccccc1)\Cl)/c1ccccc1)CC,,-7.074335271
396,C-397,,RDOIQAHITMMDAJ-UHFFFAOYSA-N,Clc1ccc(cc1)C1(O)CCN(CC1)CCC(C(=O)N(C)C)(c1ccccc1)c1ccccc1,,-7.070889921
397,C-398,,CJMJLDQKTOJACI-BGQAIRJTSA-N,O[C@H]([C@H](C(=O)O)O)C(=O)O.O=C([C@H]1CN(C)[C@H]2C(=C1)c1cccc3c1c(C2)c[nH]3)N[C@]1(C)O[C@@]2(N(C1=O)[C@@H](Cc1ccccc1)C(=O)N1[C@H]2CCC1)O.O=C([C@H]1CN(C)[C@H]2C(=C1)c1cccc3c1c(C2)c[nH]3)N[C@]1(C)O[C@@]2(N(C1=O)[C@@H](Cc1ccccc1)C(=O)N1[C@H]2CCC1)O,,-7.06532915
398,C-399,,XNWKPZJCRBUXIU-UHFFFAOYSA-N,CC1CCCC(C1)NCC1CCC(CC1)CNC1CCCC(C1)C.CC(=O)O.CC(=O)O,,-7.063328593
399,C-400,,YYLJRENQBJIZGV-UHFFFAOYSA-N,BrCCN(c1ccc(cc1)OC(=O)c1ccccc1C)CCBr,,-7.060267847
400,C-401,,GWEJBHPUPOEHFW-UHFFFAOYSA-N,BrCCN(c1ccc(cc1)OC(=O)c1cccc(c1)C)CCBr,,-7.060267847
401,C-402,,HETTWOPRDUZXMX-UHFFFAOYSA-N,BrCCN(c1ccc(cc1)OC(=O)c1ccc(cc1)C)CCBr,,-7.060267847
402,C-403,,RDBVETSHLDWOJK-UHFFFAOYSA-N,BrCCN(c1ccc(cc1)OC(=O)c1cccc(c1)[N+](=O)[O-])CCBr,,-7.052888075
403,C-404,,SDAIMQSEPQFQJY-UHFFFAOYSA-N,BrCCN(c1ccc(cc1)OC(=O)c1ccc(cc1)[N+](=O)[O-])CCBr,,-7.052888075
404,C-405,,WIDHRBRBACOVOY-UHFFFAOYSA-N,Clc1ccc(cc1Cl)c1ccc(c(c1Cl)Cl)Cl,,-7.0500002
405,C-406,,AUGNBQPSMWGAJE-UHFFFAOYSA-N,Clc1ccc(c(c1Cl)Cl)c1cccc(c1Cl)Cl,,-7.0500002
406,C-407,,AXISYYRBXTVTFY-UHFFFAOYSA-N,CCCCCCCCCCCCCC(=O)OC(C)C,,-7.0447084
407,C-408,,UEGLUMKTWJPXEP-OYXUYBEVSA-N,OS(=O)(=O)O.Clc1ccc2c(c1)/C(=C/CCN1CCCC1)/c1c(S2)cccc1,,-7.040277695
408,C-409,,UEGLUMKTWJPXEP-GBKTVRHWSA-N,OS(=O)(=O)O.Clc1ccc2c(c1)/C(=C\CCN1CCCC1)/c1c(S2)cccc1,,-7.040277695
409,C-410,,CIPKTKYIACDNOR-UHFFFAOYSA-N,CC(=CCN(CCC(c1cccc2c1cccc2)(C(=O)N)C)CC=C(C)C)C.Cl,,-7.039427734
410,C-411,,MPNVQOYJNGVWGN-UHFFFAOYSA-N,N#CC(c1cccc2c1cccc2)(CC[NH+](CC=C(C)C)CC=C(C)C)C.[Cl-],,-7.035312692
411,C-412,,RVBRTNPNFYFDMZ-SPIKMXEPSA-N,OC(=O)/C=C\C(=O)O.OC(=O)/C=C\C(=O)O.CCSc1ccc2c(c1)N(CCCN1CCN(CC1)C)c1c(S2)cccc1,,-7.03413857
412,C-413,,ZPIZOEMTEYVDGD-UHFFFAOYSA-N,CCCCCCCCCCCCCCCCCCNCCSS(=O)(=O)O,,-7.03038987
413,C-414,,SUZZKNCPUCQBBP-UHFFFAOYSA-N,ClCCN(c1ccc(cc1)OC(=O)c1cccc(c1)Br)CCCl,,-7.025872618
414,C-415,,VSZDJZWCVDOADP-UHFFFAOYSA-N,ClCCN(c1ccc(cc1)OC(=O)c1ccc(cc1)Br)CCCl,,-7.025872618
415,C-416,,UWFYSQMTEOIJJG-FDTZYFLXSA-N,CC(=O)O[C@@]1(CC[C@@H]2[C@]1(C)CC[C@H]1[C@H]2C=C(C2=CC(=O)[C@H]3[C@@H]([C@]12C)C3)Cl)C(=O)C,,-7.025683085
416,C-417,,ZQWBGSZBBGYKNV-UHFFFAOYSA-N,CCOc1ccc(cc1)N=C(Nc1ccc(cc1)OC)Nc1ccc(cc1)OC.Cl,,-7.024990344
417,C-418,,YWYQTGBBEZQBGO-BERLURQNSA-N,O[C@@H]1CC[C@]2([C@@H](C1)CC[C@@H]1[C@@H]2CC[C@]2([C@H]1CC[C@@H]2[C@@H](O)C)C)C,,-7.020271592
418,C-419,,ARSRBNBHOADGJU-UHFFFAOYSA-N,Cc1c2ccc3c(c2c(c2c1cccc2)C)cccc3,,-7.02
419,C-420,,DFBQRUOKBUEDCF-UHFFFAOYSA-N,C1CCC(=CC1)CNCC1CCC(CC1)CNCC1=CCCCC1.CC(=O)O.CC(=O)O,,-7.01536361
420,C-421,,UBCDCHSRDTZLLP-UHFFFAOYSA-N,CCCCOc1ccc(cc1)OCC(=O)N(c1c(C)cccc1C)CCN(C)C.Cl,,-7.012153881
421,C-422,,SDOJHDGZFOGOFD-UHFFFAOYSA-N,Cc1c2ccccc2c2c(c1C)c1ccccc1cc2,,-7.0100002
422,C-423,,IWGXWWNPWMLNMY-UHFFFAOYSA-N,ClCC[NH+](C(COc1ccccc1C(C)C)C)Cc1ccccc1.[Cl-],,-7.003843454
423,C-424,,HCWZEPKLWVAEOV-UHFFFAOYSA-N,Clc1ccc(cc1c1cc(Cl)ccc1Cl)Cl,,-7.0
424,C-425,,GUTINEQUFDFTSC-UHFFFAOYSA-N,c1ccc2c(c1)C(NCC1CCC(=CC1)CNC1CCc3c1cccc3)CC2.Cl.Cl,,-6.99464385
425,C-426,,LQUVLNWIUORBDJ-UHFFFAOYSA-N,Clc1ccccc1CNCC1CCC(CC1)CNCC1CCCCC1.Cl.Cl,,-6.992985145
426,C-427,,RIGPVBUAGOURJC-UHFFFAOYSA-N,O=C(N1c2ccccc2Sc2c1nccc2)OCCOCCCN1CCCCC1.Cl,,-6.987625722
427,C-428,,YZXBAPSDXZZRGB-DOFZRALJSA-N,CCCCC/C=C\C/C=C\C/C=C\C/C=C\CCCC(=O)O,,-6.986482276
428,C-429,,PWZUUYSISTUNDW-VAFBSOEGSA-N,C#C[C@]1(O)CC[C@@H]2[C@]1(C)CC[C@H]1[C@H]2CCc2c1ccc(c2)OC1CCCC1,,-6.983895731
429,C-430,,AXVBJXVSFUOBFI-UHFFFAOYSA-N,CN(c1ccnc(n1)N1CCN(CC1)CCC(c1ccccc1)(c1ccccc1)c1ccccc1)C,,-6.981014701
430,C-431,,QCKHVNQHBOGZER-UHFFFAOYSA-N,Brc1cc(Br)c(cc1Br)Br,,-6.98
431,C-432,,OLEYTRFQBFZKGQ-SPIKMXEPSA-N,Clc1ccccc1CNCC1CCCC(C1)CNCc1ccccc1Cl.OC(=O)/C=C\C(=O)O.OC(=O)/C=C\C(=O)O,,-6.973995178
432,C-433,,YWQGBCXVCXMSLJ-UHFFFAOYSA-N,CCOC(=O)C(Oc1ccc(cc1)Cc1ccc(cc1)Cl)(CC)C,,-6.968201328
433,C-434,,KQNVLZYYDYGQMY-LBCIAOCBSA-M,C=CC1C[N+]2(CCC(C)C)CCC1C[C@@H]2[C@H](c1ccnc2c1cc(OC)cc2)O.[Br-],,-6.9636335
434,C-435,,SPUNGTZJGMXOMY-UHFFFAOYSA-N,Clc1cnc(c(c1)Cl)SCCCCCCCCCCN1CSCC1.Cl,,-6.963351711
435,C-436,,GYMFBYTZOGMSQJ-UHFFFAOYSA-N,Cc1ccc2c(c1)cc1c(c2)cccc1,,-6.96
436,C-437,,BJQHLKABXJIVAM-PMACEKPBSA-N,CCCC[C@@H](COC(=O)c1ccccc1C(=O)OC[C@H](CCCC)CC)CC,,-6.96
437,C-438,,DLQDGZNPWADSOS-UHFFFAOYSA-N,Clc1ccccc1C[NH2+]C(CCCCC([NH2+]Cc1ccccc1Cl)C)C.[Cl-].[Cl-],,-6.956026899
438,C-439,,SDSMMBWQNDFCEX-UHFFFAOYSA-N,CN(CCCNc1nc(nc(n1)c1cccc(c1)C(Cl)(Cl)Cl)C(Cl)(Cl)Cl)C,,-6.93995814
439,C-440,,QPICYTZKVGZMQW-UHFFFAOYSA-L,O=C(c1ccc(cc1)c1ccc(cc1)C(=O)C[n+]1ccc(cc1)C)C[n+]1ccc(cc1)C.[Br-].[Br-],,-6.939747521
440,C-441,,XGWXRNKYSJHAJB-UHFFFAOYSA-N,CSc1ccccc1CNCC1CCC(CC1)CNCc1ccccc1SC.Cl.Cl,,-6.936772123
441,C-442,,PGTFQVODURFDDZ-UHFFFAOYSA-N,CCN(CCOC(=O)C(c1cccc2c1cccc2)(c1cccc2c1cccc2)O)CC.Cl,,-6.932520575
442,C-443,,LKNZBZWIVXNDBF-UHFFFAOYSA-N,CCN(CCOC(=O)C(c1ccc2c(c1)cccc2)(c1ccc2c(c1)cccc2)O)CC.Cl,,-6.932520575
443,C-444,,LAVQJQXAUQINRC-UHFFFAOYSA-N,CCCCc1c(=O)n(n(c1OC(=O)c1cc(OC)c(c(c1)OC)OC)c1ccccc1)c1ccccc1,,-6.928139266
444,C-445,,FQVHOULQCKDUCY-OGHXVOSASA-N,O=CC[C@H]1C[C@@H](C)C(=O)/C=C/[C@@H]2O[C@H]2C[C@H](OC(=O)C[C@H]([C@@H]([C@H]1O[C@@H]1O[C@H](C)[C@H]([C@@H]([C@H]1O)N(C)C)O[C@@H]1O[C@@H](C)[C@@H]([C@](C1)(C)O)OC(=O)CC(C)C)OC)OC(=O)C)C,,-6.921845891
445,C-446,,CGJVQYXNMYLDBV-UHFFFAOYSA-N,CCC(C(c1ccccc1)(c1ccccc1)CC([NH+](C)C)C)OC(=O)c1ccccc1.[Cl-],,-6.913232985
446,C-447,,MNEFHXBPYCMINU-UHFFFAOYSA-N,CCC(C(c1ccccc1)(c1ccccc1)C(C[NH+](C)C)C)OC(=O)c1ccccc1.[Cl-],,-6.913232985
447,C-448,,IEMOYEITSSERMC-UHFFFAOYSA-N,O=C(N1c2ccccc2Sc2c1nccc2)OCCCN1CCCCC1.Cl,,-6.906032391
448,C-449,,UCNVFOCBFJOQAL-UHFFFAOYSA-N,ClC(=C(c1ccc(cc1)Cl)c1ccc(cc1)Cl)Cl,,-6.9000001
449,C-450,,UYIFTLBWAOGQBI-BZDYCCQFSA-N,O=C(c1ccccc1)Oc1ccc2c(c1)CC[C@@H]1[C@@H]2CC[C@]2([C@H]1CC[C@@H]2O)C,,-6.894428661
450,C-451,,ZXAGXLDEMUNQSH-UHFFFAOYSA-N,CCc1ccc2c(c1)cc1c(c2)cccc1,,-6.8899999
451,C-452,,IAKOZHOLGAGEJT-UHFFFAOYSA-N,COc1ccc(cc1)C(C(Cl)(Cl)Cl)c1ccc(cc1)OC,,-6.8899999
452,C-453,,IKGXLCMLVINENI-UHFFFAOYSA-M,COc1cc(C[N+]2(CCOCCC3CCC4CC3C4(C)C)CCOCC2)c(cc1OC)Br.[Br-],,-6.889545925
453,C-454,,SLKLQAMVBKKGMQ-UHFFFAOYSA-N,C=CCc1cc(cc(c1O)CN(CC)CC)c1cc(CC=C)c(c(c1)CN(CC)CC)O.Cl.Cl,,-6.885678391
454,C-455,,GBIHOLCMZGAKNG-ZEQRLZLVSA-N,N#C[C@@H](c1cccc(c1)Oc1ccccc1)OC(=O)[C@H](c1ccc(cc1)OC(F)F)C(C)C,,-6.8800001
455,C-456,,BWHXHUIEBAPNLG-UHFFFAOYSA-N,Clc1ccccc1C[NH2+]CC12CCC(CC1)(CC2)C[NH2+]Cc1ccccc1Cl.[Cl-].[Cl-],,-6.878247321
456,C-457,,ZKURGBYDCVNWKH-UHFFFAOYSA-N,O=C(N1c2ccc(cc2Sc2c1ccc(c2)N(C)C)N(C)C)c1ccccc1,,-6.876196657
457,C-458,,TTZGKMBLWUVGJV-UHFFFAOYSA-N,[O-]S(=O)(=O)C.CC[NH+](CCn1nc2c3c1ccc(c3sc1c2ccc(c1)Cl)C)CC,,-6.8743909
458,C-459,,XYHDHXBLSLSXSR-UHFFFAOYSA-N,Nc1ccc(cc1)C(c1ccccc1)(c1ccccc1)c1ccccc1,,-6.872415295
459,C-460,,CYQFCXCEBYINGO-DLBZAZTESA-N,CCCCCc1cc(O)c2c(c1)OC([C@H]1[C@@H]2C=C(C)CC1)(C)C,,-6.866134057
460,C-461,,LQBRFFKRJLTQIJ-UHFFFAOYSA-N,CCCCCC1=CC=C(C2C1OC(C)(C)C1C2C=C(C=C1)C)O,,-6.865728364
461,C-462,,BIWJNBZANLAXMG-GPTKHRSPSA-N,Cl[C@@H]1C[C@H]2[C@@H]([C@H]1Cl)[C@]1(C([C@]2(Cl)C(=C1Cl)Cl)(Cl)Cl)Cl,,-6.8600001
462,C-463,,IZZWHVDZJOINFQ-UHFFFAOYSA-N,COC(=O)c1ccccc1Nc1c(Cl)ccc(c1Cl)C,,-6.856121658
463,C-464,,VYWWNRMSAPEJLS-MDWYKHENSA-N,O=CC[C@H]1C[C@@H](C)[C@@H](O)/C=C/C=C/C[C@H](OC(=O)C[C@H]([C@@H]([C@H]1O[C@@H]1O[C@H](C)[C@H]([C@@H]([C@H]1O)N(C)C)O[C@@H]1O[C@@H](C)[C@@H]([C@](C1)(C)OC(=O)CC)OC(=O)CCC)OC)O)C,,-6.854324914
464,C-465,,CDJOTXFFSDDYFI-SVXKRPBISA-N,CCCC[NH+](C(=N)c1ccc(c2c1cccc2)OCC)CCCC.[Cl-],,-6.853973504
465,C-466,,GRVZGPLWLJJPKF-UHFFFAOYSA-N,CCCC(=O)c1ccc2c(c1)N(CCCN(C)C)c1c(S2)cccc1,,-6.852401585
466,C-467,,NRVIEWRSGDDWHP-UHFFFAOYSA-N,Clc1ccccc1CNCC1CCC(CC1)CNCc1ccccc1Cl.Cl.Cl,,-6.845936943
467,C-468,,KFDCKHFUEWIBFZ-UHFFFAOYSA-N,Clc1ccc(cc1)CNCC1CCC(CC1)CNCc1ccc(cc1)Cl.Cl.Cl,,-6.845936943
468,C-469,,RSCWQVUKFNSOHT-UHFFFAOYSA-N,Clc1cccc(c1)CNCC1CCC(CC1)CNCc1cccc(c1)Cl.Cl.Cl,,-6.845936943
469,C-470,,VQWCWQHJLVFEAI-QYVXJREKSA-N,Oc1ccc2c(c1)[C@]13CCCC[C@H]3[C@@H](C2)N(CC1)CCc1ccc(cc1)c1ccccc1.Cl,,-6.839338367
470,C-471,,XCTYLCDETUVOIP-UHFFFAOYSA-N,CCSc1ccc2c(c1)N(CCCN1CCN(CC1)C)c1c(S2)cccc1,,-6.83537768
471,C-472,,JIFUOEWLEDAAJC-UHFFFAOYSA-N,CN(CCN1c2cc(ccc2Sc2c1cccc2)C(C)(C)C)C.Cl,,-6.834764233
472,C-473,,VYAGDYWTCWDKIS-UHFFFAOYSA-N,CCC(C(=O)O)Oc1c(I)cc(cc1I)I,,-6.833160214
473,C-474,,TZLVOSZIPXICJI-UHFFFAOYSA-N,ClCCN(c1ccc(cc1)OC(=O)c1c(C)cccc1C)CCCl,,-6.829816302
474,C-475,,UPHWVVKYDQHTCF-UHFFFAOYSA-N,CC(=O)O.CCCCCCCCCCCCCCCCCCN,,-6.829526532
475,C-476,,TUTHZCGVRIGJOK-HABIVSBTSA-N,OCCN1CCN(CC1)CC/C=C/1\c2cc(Cl)ccc2Sc2c1cc(Br)cc2.Cl.Cl,,-6.828206792
476,C-477,,KSOHFVDMHBOJLF-UHFFFAOYSA-N,CC(Cc1ccccc1)NCC1CCC(CC1)CNC(Cc1ccccc1)C.Cl.Cl,,-6.826017086
477,C-478,,JMTNOKRGERWNME-UHFFFAOYSA-L,CC1CCCC(C1CCC([N+](CCCCCC[N+](C(CCC1C(C)CCCC1(C)C)C)(C)C)(C)C)C)(C)C.[Cl-].[Cl-],,-6.818048442
478,C-479,,NRFGEDASJHBPPN-UHFFFAOYSA-N,CC(=O)Oc1c(Br)cc(cc1C(=S)Nc1ccc(cc1)Br)Cl,,-6.815467205
479,C-480,,IPCSVZSSVZVIGE-UHFFFAOYSA-N,CCCCCCCCCCCCCCCC(=O)O,,-6.8099999
480,C-481,,KETJZVQYVUKNHG-UHFFFAOYSA-N,Clc1ccc(c(c1)Sc1ccc(cc1)Cl)NCCCN1CCCCC1.Cl,,-6.807957607
481,C-482,,GJFGPQLNCBQNPS-UHFFFAOYSA-N,COc1cc2c(cc1OC)CCN(C2CCc1ccc(cc1)Cl)CC=C(C)C,,-6.804055841
482,C-483,,SFTUSTXGTCCSHX-UHFFFAOYSA-N,Clc1ccc(c(c1)c1c(Cl)cccc1Cl)Cl,,-6.8000002
483,C-484,,GVYLCNUFSHDAAW-DYXRAMCBSA-N,Cl[C@]12C(Cl)(Cl)[C@@]3([C@@]4([C@@]1(Cl)[C@@]1([C@@]2(Cl)[C@]3([C@]4(C1(Cl)Cl)Cl)Cl)Cl)Cl)Cl,,-6.8000002
484,C-485,,APZDIQXJAZNFJM-UHFFFAOYSA-N,CC(OC(=O)N1c2ccccc2Sc2c1nccc2)CN(C(C)C)C(C)C.Cl,,-6.799869877
485,C-486,,DNFFUBYXDRGKLH-UHFFFAOYSA-N,[O-][N+](=O)c1cc([N+](=O)[O-])c(c(c1)[N+](=O)[O-])O.CCCCOc1ccc(cc1)OCC(=O)N(c1ccc(cc1)OC)C(CN(CC)CC)C,,-6.793754166
486,C-487,,QZUCYFDJFTZLNK-UHFFFAOYSA-N,OC(=O)COc1c(I)cc(cc1I)I,,-6.790655823
487,C-488,,UIFFUZWRFRDZJC-WTGSLCBHSA-N,CCCCCC[C@H]1C(=O)O[C@H](C)[C@@H](C(=O)O[C@H]([C@H]1OC(=O)CC(C)C)C)NC(=O)c1cccc(c1O)NC=O,,-6.78989192
488,C-489,,SRYJGFZDCPAKOC-LFYAFSDUSA-N,Clc1ccc2c(c1)/C(=C\CCN(C1CCCC1)C)/c1c(S2)cccc1.Cl,,-6.788105327
489,C-490,,XMAYWYJOQHXEEK-OZXSUGGESA-N,Clc1ccc(c(c1)Cl)[C@]1(OC[C@@H](O1)COc1ccc(cc1)N1CCN(CC1)C(=O)C)Cn1cncc1,,-6.787781038
490,C-491,,LFTDPULWBZMYIZ-UHFFFAOYSA-N,O=C(Nc1cc(Cl)ccc1Sc1ccc(cc1)Cl)CCN1CCCCC1,,-6.784745668
491,C-492,,KCGUXDJRVTZQAT-UHFFFAOYSA-N,O=C(Nc1ccc(cc1Sc1ccc(cc1)Cl)Cl)CCN1CCCCC1,,-6.784745668
492,C-493,,QGQNYQWNUGSMAB-UHFFFAOYSA-N,C1CCC(CC1)Nc1c2ccccc2nc2c1cccc2,,-6.782546484
493,C-494,,PWNAWOCHVWERAR-UHFFFAOYSA-N,CCN(c1c(cc(cc1[N+](=O)[O-])C(F)(F)F)[N+](=O)[O-])Cc1c(F)cccc1Cl,,-6.7800002
494,C-495,,LDPFAJVAGABIAZ-MKNSLJMYSA-N,O[C@H]([C@H](C(=O)O)O)C(=O)O.CCC(CCN1CC[C@@]23[C@H]([C@H]1Cc1c3cc(cc1)OC)CCCC2)CC,,-6.779572452
495,C-496,,FZDWNMZVOSEQPI-UHFFFAOYSA-N,BrCCN(c1ccc(cc1)OC(=O)c1ccc(cc1)OC)CCBr,,-6.778685458
496,C-497,,GWQUZVAKPOUIRG-UHFFFAOYSA-N,BrCCN(c1ccc(cc1)OC(=O)c1cccc(c1)OC)CCBr,,-6.778685458
497,C-498,,NDYMQXYDSVBNLL-MUYMLXPFSA-N,CC(=O)OC(/C=C/C(=O)[C@@]([C@H]1[C@H](O)C[C@@]2([C@]1(C)CC(=O)[C@@]1([C@H]2CC=C2[C@H]1C=C(O)C(=O)C2(C)C)C)C)(O)C)(C)C,,-6.777602371
498,C-499,,VDNJCIPRRIYXKZ-UHFFFAOYSA-N,CN(C1CCC2(CC1)c1ccccc1CCc1c2cccc1)C.Cl,,-6.770500322
499,C-500,,JRTCJQVKTRTCOO-LVEZLNDCSA-N,OC(=O)/C=C/C(=O)O.OC(=O)/C=C/C(=O)O.CCCNC(=O)CN1CCN(CC1)CC1COC2(O1)c1ccccc1C=Cc1c2cccc1,,-6.767873989
500,C-501,,BBFQZRXNYIEMAW-UHFFFAOYSA-N,COc1cccc2c1cc([N+](=O)[O-])c1c2c2OCOc2cc1C(=O)O,,-6.764096592
501,C-502,,YGRPUMAHIJPCOE-UHFFFAOYSA-N,Clc1ccccc1CNCC1CCC(=CC1)CNCc1ccccc1Cl.Cl.Cl,,-6.758570063
502,C-503,,HLPPSQPFFGNHHE-HKUYNNGSSA-N,CCN([C@H]1CCN(C1)[C@H]1Cc2ccccc2Sc2c1cc(Cl)cc2)C,,-6.755415122
503,C-504,,HLPPSQPFFGNHHE-MJGOQNOKSA-N,CCN([C@@H]1CCN(C1)[C@H]1Cc2ccccc2Sc2c1cc(Cl)cc2)C,,-6.755415122
504,C-505,,HLPPSQPFFGNHHE-IEBWSBKVSA-N,CCN([C@@H]1CCN(C1)[C@@H]1Cc2ccccc2Sc2c1cc(Cl)cc2)C,,-6.755415122
505,C-506,,HLPPSQPFFGNHHE-PKOBYXMFSA-N,CCN([C@H]1CCN(C1)[C@@H]1Cc2ccccc2Sc2c1cc(Cl)cc2)C,,-6.755415122
506,C-507,,WSPOMRSOLSGNFJ-AUWJEWJLSA-N,CN(CC/C=C\1/c2ccccc2Sc2c1cc(Cl)cc2)C	,,-6.75
507,C-508,,FQNNIZDWNAHSKK-UHFFFAOYSA-N,N(CC1CCCC=C1)CC1CCC(CC1)CNCC1CCCC=C1.Cl.Cl,,-6.745479711
508,C-509,,VBGLYOIFKLUMQG-UHFFFAOYSA-N,CCCCCc1cc(O)c2c(c1)OC(c1c2cc(C)cc1)(C)C,,-6.741542243
509,C-510,,SLGBZMMZGDRARJ-UHFFFAOYSA-N,c1ccc2c(c1)c1ccccc1c1c2cccc1,,-6.7399998
510,C-511,,DRLLEHPFGRESBT-UHFFFAOYSA-N,CC(=O)OCCN1CCN(CC1)CCCN1c2ccccc2Sc2c1cc(Cl)cc2.Cl.Cl,,-6.736009183
511,C-512,,NKJOXAZJBOMXID-UHFFFAOYSA-N,CCCCCCCCOCCCCCCCC,,-6.732951229
512,C-513,,IBVBFSLPVBAYSV-SRJUEMFDSA-N,C[NH+](CC/C=C\1/c2ccccc2CCc2c1cc(Cl)cc2)C.[Cl-],,-6.730392184
513,C-514,,FLKWNFFCSSJANB-UHFFFAOYSA-N,CCC(=O)n1c(=O)n(c2c1cccc2)C1CCN(CC1)CCC(c1ccccc1)(c1ccccc1)C#N,,-6.73005063
514,C-515,,BXHWNSFNMHETHT-UHFFFAOYSA-N,CS(=O)(=O)O.CS(=O)(=O)O.Nc1nccnc1N1CCN(CC1)CCC(c1ccccc1)(c1ccccc1)c1ccccc1,,-6.72821982
515,C-516,,TZWQBGUNOCNPLF-UHFFFAOYSA-N,Brc1ccc(nc1)SCCCCCCCCCCN1CSCC1.Cl.Cl,,-6.728166956
516,C-517,,NYVYQBXTIUYRRP-UHFFFAOYSA-N,N(CC1CC2CC1C=C2)CC1CCC(CC1)CNCC1CC2CC1C=C2.Cl.Cl,,-6.726759709
517,C-518,,TXVGQCHMEAUKDG-YGICXTQQSA-N,Oc1ccc2c(c1)[C@]13CCCC[C@H]3[C@@H](C2)N(CC1)CCC1=CCCCC1.Cl,,-6.725499911
518,C-519,,QETMIYRHIXHGJK-MHTZHOPKSA-N,CCN(CC/N=c/1\cc2c(cc1Nc1ccc(cc1)Cl)nc1c(n2c2ccc(cc2)Cl)cccc1)CC,,-6.712689826
519,C-520,,DDZPFBBCIRKVTQ-UHFFFAOYSA-N,CCCCOc1ccc(cc1)OCC(=O)N(c1cccc(c1)OC)CCC[NH+](CC)CC.[Cl-],,-6.708185268
520,C-521,,KRWCIQBJZIARTN-UHFFFAOYSA-N,CCCCOc1ccc(cc1)OCC(=O)N(c1cccc(c1)OCC)CC[NH+](CC)CC.[Cl-],,-6.708185268
521,C-522,,RUCMWNQXNTYTFC-LVEZLNDCSA-N,CC(NC(=O)CN1CCN(CC1)CC1COC2(O1)c1ccccc1C=Cc1c2cccc1)C.OC(=O)/C=C/C(=O)O.OC(=O)/C=C/C(=O)O,,-6.70522718
522,C-523,,YJDYCULVYZDESB-HKQXQEGQSA-N,O=C1CC[C@@H]2[C@]1(C)CC[C@H]1[C@H]2CC[C@@H]2[C@]1(C)CCCC2,,-6.6999998
523,C-524,,JVHMUUUYNIPCPF-GDLZYMKVSA-N,Oc1ccc(c(c1)C)O[P@@](=O)(Oc1c(C)cccc1O)Oc1cc(O)ccc1C,,-6.6999998
524,C-525,,JIOPMQJPYHJGJA-UHFFFAOYSA-N,CCCCC1=CC(N(C(C1)(C)C)C(=O)CN(Cc1ccccc1)C)(C)C,,-6.699645307
525,C-526,,JCKOFFJWBOVAAV-UHFFFAOYSA-N,Cc1oc(c(c1)C(=O)c1cc(I)c(c(c1)I)O)C,,-6.698996906
526,C-527,,BSVYJQAWONIOOU-UHFFFAOYSA-N,CCN(CCOc1ccc2c(c1)C(=O)c1c2ccc(c1)OCCN(CC)CC)CC.Cl.Cl,,-6.696706859
527,C-528,,GUGOEEXESWIERI-UHFFFAOYSA-N,OC(c1ccc(cc1)C(C)(C)C)CCCN1CCC(CC1)C(c1ccccc1)(c1ccccc1)O,,-6.690025778
528,C-529,,WBERNRVMJQYKKR-UHFFFAOYSA-N,CN(c1ccc(cc1)Nc1c2ccccc2nc2c1cccc2)C,,-6.689924547
529,C-530,,JFGXCMKVTZAJMD-UHFFFAOYSA-N,OC(c1ccccc1)(c1ccccc1)C1CCCC(N1)C(c1ccccc1)(c1ccccc1)O,,-6.68620951
530,C-531,,HATPKJUIWSKCJI-UHFFFAOYSA-M,CCCCC(C(=O)n1c2ccccc2[nH]c(=O)c2c1cccc2)C(=O)[O-].[Na+],,-6.682323774
531,C-532,,HKMTVMBEALTRRR-UHFFFAOYSA-N,c1ccc2c(c1)c1ccc3c(c1C2)cccc3,,-6.6799998
532,C-533,,SHTAFWKOISOCBI-UHFFFAOYSA-N,CCOC(=O)C1(CCN(CC1)CCC(c1ccccc1)(c1ccccc1)C#N)c1ccccc1.Cl,,-6.676521367
533,C-534,,KVNCMNVGQHEHGC-UHFFFAOYSA-N,CC(N(C(C)C)CCSC(=O)N1c2cccnc2Sc2c1cccc2C(F)(F)F)C,,-6.674466653
534,C-535,,FRQSLQPWXFAJFO-UHFFFAOYSA-N,CCOCOC(=O)c1ccccc1Nc1c(Cl)ccc(c1Cl)C,,-6.665790559
535,C-536,,ZOWYFYXTIWQBEP-UHFFFAOYSA-N,CCOc1ccc(cc1OCC)Cc1nccc2c1cc(OCC)c(c2)OCC,,-6.664874603
536,C-537,,CFAPPJQXJQUYNZ-AUUXLREUSA-N,COC(=O)CCN1CCN(CC1)CC/C=C/1\c2ccccc2Sc2c1cc(Cl)cc2.Cl.Cl,,-6.663362683
537,C-538,,LCIYPQCPCSHMJD-UHFFFAOYSA-N,CCCCC1=CC(N(C(C1)(C)C)C(=O)CN1CCCCCC1)(C)C,,-6.662327059
538,C-539,,RSXZRFHNNTTWCB-UHFFFAOYSA-N,CN1CCCC(C1)CC1c2ccccc2Sc2c1cccc2.Cl,,-6.661040007
539,C-540,,LFYKIVVWZIBLAT-UHFFFAOYSA-L,C[N+]1(CCCCCCCCCCCC[N+]2(C)CCOCC2)CCOCC1.[I-].[I-],,-6.652469676
540,C-541,,IHUNBGSDBOWDMA-AQFIFDHZSA-N,COc1cc(C)c(c(c1C)C)/C=C/C(=C/C=C/C(=C/C(=O)O)/C)/C,,-6.651070519
541,C-542,,FUSNMLFNXJSCDI-UHFFFAOYSA-N,Cc1cccc(c1)N(C(=S)Oc1ccc2c(c1)cccc2)C,,-6.641629837
542,C-543,,IJFPVINAQGWBRJ-UHFFFAOYSA-N,CC(CCCCCOC(=O)c1ccccc1C(=O)OCCCCCC(C)C)C,,-6.6399999
543,C-544,,WHQCHUCQKNIQEC-UHFFFAOYSA-N,CCc1oc2c(c1C(=O)c1cc(Br)c(c(c1)Br)O)cccc2,,-6.626588273
544,C-545,,RILGWRDUQRNRJM-LBCIAOCBSA-M,CCCCC[N+]12CCC(C(C1)C=C)C[C@@H]2[C@H](c1ccnc2c1cc(OC)cc2)O.[Cl-],,-6.625894228
545,C-546,,GVOUFPWUYJWQSK-UHFFFAOYSA-N,CC(=O)Oc1ccc(cc1)C(=C1CCCCC1)c1ccc(cc1)OC(=O)C,,-6.62420966
546,C-547,,HWLKAQICMUZYAG-UHFFFAOYSA-N,C1CCC(CC1)NCC1CCC(CC1)CNCC1CCCCC1.Cl.Cl,,-6.623184165
547,C-548,,CVUGPAFCQJIYDT-CYBMUJFWSA-N,Clc1ccc(cc1)[C@@H](C(Cl)(Cl)Cl)c1ccccc1Cl,,-6.6199999
548,C-549,,LFVLUOAHQIVABZ-UHFFFAOYSA-N,COP(=S)(Oc1cc(Cl)c(cc1Cl)I)OC,,-6.6199999
549,C-550,,DTVMSQHPXIPLED-BTJKTKAUSA-N,C1CCN(CC1)CC1COC2(O1)c1ccccc1C=Cc1c2cccc1.OC(=O)/C=C\C(=O)O,,-6.616859825
550,C-551,,BTFMCMVEUCGQDX-UHFFFAOYSA-N,OCCC1CCN(CC1)CCCN1c2ccccc2Sc2c1cc(cc2)C(=O)C,,-6.603942653
551,C-552,,XSGIUPVGODDVRD-MONHGIHASA-N,OCCN1CCN(CC1)CC/C=C/1\c2ccccc2Sc2c1ccc(c2)I.Cl.Cl,,-6.603086776
552,C-553,,YRPPIMNBOSCROA-UHFFFAOYSA-L,[O-]S(=O)(=O)[O-].CCCCN(C(=O)OCC[N+](CC)(C)C)CCCC.CCCCN(C(=O)OCC[N+](CC)(C)C)CCCC,,-6.600804051
553,C-554,,NYFGFEHEOLLIMX-UHFFFAOYSA-N,CCCCOc1ccc(cc1)OCC(=O)N(c1cccc(c1)OC)CCN1CCCCC1.Cl,,-6.595771238
554,C-555,,GOHBXWHNJHENRX-UHFFFAOYSA-N,Cc1cc2ccccc2c2c1c1ccccc1cc2,,-6.5900002
555,C-556,,WVYWSPZQGQMPKW-SPIKMXEPSA-N,OC(=O)/C=C\C(=O)O.OC(=O)/C=C\C(=O)O.CCCC(=O)c1ccc2c(c1)N(CCCN1CCN(CC1)C)c1c(S2)cccc1,,-6.589872472
556,C-557,,BANLNYYTSYHBAP-UHFFFAOYSA-N,CCCCOC(=O)CC(=CC(=O)OCCCC)C(=O)OCCCC,,-6.58275132
557,C-558,,XMLGEAMAMPIBRC-UHFFFAOYSA-N,Nc1ccc(nn1)N1CCN(CC1)CCC(c1ccccc1)(c1ccccc1)c1ccccc1,,-6.573646979
558,C-559,,XQEPSRGXVQDHMK-FJUODKGNSA-N,CN(CC/C=C/1\c2ccccc2Sc2c1cc(Br)cc2)C.Cl,,-6.573234057
559,C-560,,XQEPSRGXVQDHMK-KIUKIJHYSA-N,CN(CC/C=C\1/c2ccccc2Sc2c1cc(Br)cc2)C.Cl,,-6.573234057
560,C-561,,ZSZDLICNXAEVQW-UHFFFAOYSA-N,CCC1=NCCC1(c1ccccc1)c1ccccc1,,-6.570746744
561,C-562,,JTGMTYWYUZDRBK-UHFFFAOYSA-N,Cc1c2ccccc2c(c2c1cccc2)C,,-6.5700002
562,C-563,,ZWPVHELAQPIZHO-UHFFFAOYSA-N,Clc1ccc(c(c1)Cl)c1cc(Cl)ccc1Cl,,-6.5700002
563,C-564,,ASVDRLYVNFOSCI-UHFFFAOYSA-N,Cc1cc2c(c3c1cccc3)ccc1c2cccc1,,-6.5700002
564,C-565,,FTNWXGFYRHWUKG-UHFFFAOYSA-N,CN(CCCN1c2ccccc2Sc2c1cc(cc2)C(F)(F)F)C.Cl,,-6.564506404
565,C-566,,YTBRNEUEFCNVHC-UHFFFAOYSA-N,Clc1ccc(cc1)c1ccc(cc1)Cl,,-6.5599999
566,C-567,,FOPVWIQJESKKKW-UHFFFAOYSA-N,OC(=O)C(=O)O.CCC(NCC1COC2(O1)c1ccccc1CCc1c2cccc1)C,,-6.559051074
567,C-568,,YSMRWXYRXBRSND-UHFFFAOYSA-N,Cc1ccccc1OP(=O)(Oc1ccccc1C)Oc1ccccc1C,,-6.557682892
568,C-569,,BOAAOVKNVJHBAN-ZXDBEMHSSA-N,CN(CC/C=C\1/c2ccccc2Sc2c1c(ccc2)C(F)(F)F)C.Cl,,-6.557060603
569,C-570,,KAKFVUQHGXFCIM-FJUODKGNSA-N,CN(CC/C=C/1\c2ccccc2Sc2c1cc(cc2)C(F)(F)F)C.Cl,,-6.557060603
570,C-571,,KAKFVUQHGXFCIM-KIUKIJHYSA-N,CN(CC/C=C\1/c2ccccc2Sc2c1cc(cc2)C(F)(F)F)C.Cl,,-6.557060603
571,C-572,,PURWGRLHMWOIRC-UHFFFAOYSA-N,Clc1ccc2c(c1)N(CCCN1CCN(CC1)C(=O)N)c1c(S2)cccc1,,-6.556023448
572,C-573,,PNUYXAYDWHIMEC-UHFFFAOYSA-N,BrCCSCCCCC(=O)NCCNC(=O)CCCCSCCBr,,-6.555236839
573,C-574,,NOZSPKHARJALMX-UHFFFAOYSA-N,N#CC(c1cccc2c1cccc2)(CC=C(C)C)CCN1CCCCC1.Cl,,-6.553787792
574,C-575,,AQTQHPDCURKLKT-JKDPCDLQSA-N,OS(=O)(=O)O.O=CN1c2cc(OC)c(cc2[C@]23[C@@H]1[C@@](O)(C(=O)OC)[C@H](OC(=O)C)[C@]1([C@@H]3N(CC2)CC=C1)CC)[C@]1(C[C@@H]2CN(CCc3c1[nH]c1c3cccc1)C[C@](C2)(O)CC)C(=O)OC,,-6.55091772
575,C-576,,GOIQOQCNFWYSTQ-UHFFFAOYSA-N,CCC(C(=O)O)Cc1c(I)cc(c(c1I)O)I,,-6.549162006
576,C-577,,YGGWVLPESBDDGW-UHFFFAOYSA-N,CN(CCCN1c2cc(Cl)ccc2Sc2c1cc(O)c(c2)O)C.Cl,,-6.538850779
577,C-578,,ZPANWZBSGMDWON-UHFFFAOYSA-N,Oc1ccc2c(c1Cc1c(O)ccc3c1cccc3)cccc2,,-6.538118491
578,C-579,,URXQDXAVUYKSCK-UHFFFAOYSA-N,CCCCCCCCCCCCCCCC[NH+](C)C.[Cl-],,-6.537272992
579,C-580,,LUWRORGRVIUPSU-RFAYYOGSSA-N,Cc1ccc(cc1)N/N=C/1\C(=O)CC(C\C1=N/NC(=O)c1cnc([nH]c1=O)C)(C)C,,-6.535604709
580,C-581,,BPLUKJNHPBNVQL-UHFFFAOYSA-N,c1ccc(cc1)[As](c1ccccc1)c1ccccc1,,-6.532688851
581,C-582,,IMNYNMDGLNYDIY-SRJUEMFDSA-N,C[NH+](CC/C=C\1/c2ccccc2C=Cc2c1cc(Cl)cc2)C.[Cl-],,-6.530846062
582,C-583,,IYJMSDVSVHDVGT-PEQKVOOWSA-N,CO[C@H]1[C@@H](O)C[C@@H](O[C@@H]1C)O[C@H]1[C@@H](O)C[C@@H](O[C@@H]1C)O[C@H]1[C@@H](O)C[C@@H](O[C@@H]1C)O[C@H]1CC[C@]2([C@@H](C1)CC[C@@H]1[C@@H]2C[C@@H](O)[C@]2([C@]1(O)CC[C@@H]2C1=CC(=O)OC1)C)C,,-6.528732096
583,C-584,,QSHDDOUJBYECFT-UHFFFAOYSA-N,[Hg],,-6.524162358
584,C-585,,IDZYLIZKJFAXAS-UHFFFAOYSA-N,CCCCCCCC(=O)OCN1C(=O)NC(C1=O)(c1ccccc1)c1ccccc1,,-6.52
585,C-586,,LSVAHJRFSZHOBF-UHFFFAOYSA-N,c1ccc(cc1)C(c1ccccc1)(c1ccccc1)CCN1CCN(CC1)c1ncccn1,,-6.51750281
586,C-587,,BYTVUZSLDOOEOJ-UHFFFAOYSA-N,c1ccc(cc1)C(c1ccccc1)(c1ccccc1)CCN1CCN(CC1)c1cnccn1,,-6.51750281
587,C-588,,DRQHMYYWGQFHOV-UHFFFAOYSA-N,CC(=CCC(c1cccc2c1cccc2)(C(=O)N)CCN1CCCCC1)C,,-6.516413859
588,C-589,,NOAOISNWUKHGKB-UHFFFAOYSA-N,CCCCCCCCCCCCCCCCCNCCSS(=O)(=O)O,,-6.510963425
589,C-590,,QORAVNMWUNPXAO-UHFFFAOYSA-N,Clc1ccc(c(c1)Cl)c1ccc(cc1Cl)Cl,,-6.5100002
590,C-591,,JWBOIMRXGHLCPP-CYBMUJFWSA-N,ClC([C@@H](c1ccccc1Cl)c1ccc(cc1)Cl)Cl,,-6.5100002
591,C-592,,OLGVYMCHLGYBAQ-UHFFFAOYSA-N,CC(=CCN(CC=C(C)C)CCC(c1cccc2c1cccc2)C(=O)N)C,,-6.508658394
592,C-593,,VRBJICNRMCPYFG-UHFFFAOYSA-N,COc1cc2CC[NH+](C(c2cc1OC)CCc1cc(Cl)c(c(c1)Cl)Cl)C.[Cl-],,-6.508249728
593,C-594,,KJTKQMGARPGBEV-UHFFFAOYSA-N,Clc1ccccc1CCNC1CCC(CC1)NCCc1ccccc1Cl.CC(=O)O.CC(=O)O,,-6.507434937
594,C-595,,JWBOIMRXGHLCPP-UHFFFAOYSA-N,ClC(C(c1ccccc1Cl)c1ccc(cc1)Cl)Cl,,-6.50519612
595,C-596,,XCPGHVQEEXUHNC-UHFFFAOYSA-N,COc1cc(ccc1Nc1c2ccccc2nc2c1cccc2)NS(=O)(=O)C,,-6.502883221
596,C-597,,SXYLQUYLIISZOT-UHFFFAOYSA-N,ClCCN(c1ccc(cc1)OC(=O)c1cccc(c1)Cl)CCCl,,-6.492143199
597,C-598,,SWPGGPQCAMUQDY-UHFFFAOYSA-N,BrCCN(c1ccc(cc1)OC(=O)c1ccccc1)CCBr,,-6.49068708
598,C-599,,NEKOXWSIMFDGMA-UHFFFAOYSA-N,CCCN(c1c(cc(cc1[N+](=O)[O-])C(C)C)[N+](=O)[O-])CCC,,-6.4899998
599,C-600,,XURCMZMFZXXQDJ-UKNJCJGYSA-N,CCCCCC(=O)O[C@@]1(CC[C@@H]2[C@]1(C)CC[C@H]1[C@H]2CCC2=CC(=O)CC[C@H]12)C(=O)C,,-6.488247037
600,C-601,,CAQICVDDBQWJMA-UHFFFAOYSA-L,C[N+]1(CCCCCCCCCC[N+]2(C)CCCC2)CCCC1.[I-].[I-],,-6.486753046
601,C-602,,OZKQKNRORLBWRX-UHFFFAOYSA-L,CC[N+]1(CCCCCC[N+]2(CC)CCCCC2)CCCCC1.[I-].[I-],,-6.486753046
602,C-603,,NHLUVTZJQOJKCC-UHFFFAOYSA-N,CCCCCCCCCCCCCCCCN(C)C,,-6.482173198
603,C-604,,QIFHNTOKFMLIEO-UHFFFAOYSA-N,OCCN1CCN(CC1)CCC=C1c2cc(Cl)ccc2Sc2c1cc(Cl)cc2.Cl.Cl,,-6.475690839
604,C-605,,COUZOQKUCIBMSF-UHFFFAOYSA-N,Clc1ccccc1CNCC1CCC(CC1)CNC1CCCCC1.Cl.Cl,,-6.472895446
605,C-606,,POAXZLNEIRHMQK-UHFFFAOYSA-N,CCCCOc1ccc(cc1)OCC(=O)N(c1ccc(cc1OC)OC)CCN(CC)CC.Cl,,-6.471938743
606,C-607,,FPKXTKCPROWUMS-UHFFFAOYSA-N,CCCCOc1ccc(cc1)OCC(=O)N(c1cc(OC)ccc1OC)CCN(CC)CC.Cl,,-6.471938743
607,C-608,,WZUMCRQKXQMYEY-UHFFFAOYSA-N,COc1cc2c(cc1OC)CCN(C2CCc1ccc(c(c1Cl)Cl)Cl)C,,-6.471659417
608,C-609,,IJLARBWXSSXHNL-UHFFFAOYSA-N,COc1cc2CCN(C(c2cc1OC)CCc1cc(Cl)c(cc1Cl)Cl)C,,-6.471659417
609,C-610,,VXJXLPVDCAXFRR-BTJKTKAUSA-N,OC(=O)/C=C\C(=O)O.CCCC(=O)c1ccc2c(c1)N(CCCN(C)C)c1c(S2)cccc1,,-6.471240042
610,C-611,,ALDJIKXAHSDLLB-UHFFFAOYSA-N,Clc1ccc(c(c1)c1cccc(c1Cl)Cl)Cl,,-6.4699998
611,C-612,,ZYMUNTZVOUBQAI-JSAVKQRWSA-N,COc1ccc(cc1)/C=C/1\CCC/C(=C\c2ccc(cc2)OC)/C1=O,,-6.467380911
612,C-613,,FEUBUXUFKHXRKO-UHFFFAOYSA-N,O=C(N1c2ccccc2Sc2c1nccc2)OCCOCCN1CCCCC1.Cl,,-6.466267359
613,C-614,,ITYHHDFUDHMOMP-UHFFFAOYSA-N,COC1(CCC(CC1)NCCCC(=O)c1ccc(cc1)F)c1cccc(c1)C(F)(F)F.Cl,,-6.46620561
614,C-615,,NAVVOYFFGOHKJL-UHFFFAOYSA-N,C1CCN(CC1)c1nc(c(o1)c1ccccc1)c1ccccc1,,-6.45812881
615,C-616,,OCAPBUJLXMYKEJ-UHFFFAOYSA-N,c1ccc(cc1)c1ccc(cc1)C(n1ccnc1)c1ccccc1,,-6.452507579
616,C-617,,CLOMYZFHNHFSIQ-UHFFFAOYSA-N,OC(=O)c1cccnc1Nc1cccc(c1C)Cl,,-6.450685436
617,C-618,,QTRALMGDQMIVFF-UHFFFAOYSA-N,CCOCCN(C(=O)C(Cl)Cl)Cc1ccc(cc1)Oc1ccc(cc1)[N+](=O)[O-],,-6.448866965
618,C-619,,JAYAGJDXJIDEKI-PTGWOZRBSA-N,OC[C@H]1O[C@@H](O[C@@H]2[C@@H](C)O[C@H](C[C@@H]2OC(=O)C)O[C@H]2[C@@H](O)C[C@@H](O[C@@H]2C)O[C@H]2[C@@H](O)C[C@@H](O[C@@H]2C)O[C@H]2CC[C@]3([C@@H](C2)CC[C@@H]2[C@@H]3C[C@@H](O)[C@]3([C@]2(O)CC[C@@H]3C2=CC(=O)OC2)C)C)[C@@H]([C@H]([C@@H]1O)O)O,,-6.435624265
619,C-620,,FOQGDCBIMVXYSR-UHFFFAOYSA-N,CCN(CCOC(=O)N1c2ccccc2Sc2c1cccc2)CC.Cl,,-6.435527009
620,C-621,,PFKRTWCFCOUBHS-UHFFFAOYSA-N,CCCCCCCCCCCCCCCCCCN(C)C.Cl,,-6.433879049
621,C-622,,QTKBGOFNZQTOTA-UHFFFAOYSA-N,CN(CCCC1c2ccccc2Sc2c1cc(Cl)cc2)C.Br,,-6.430479266
622,C-623,,DTVJXCOMJLLMAK-UHFFFAOYSA-N,O=C(N1c2ccccc2Sc2c1nccc2)OCCOCCN1CCCCC1,,-6.429800114
623,C-624,,CHQGYMXXKZPWOI-UHFFFAOYSA-N,OC(=O)C(CC(=O)O)(CC(=O)O)O.CN1C2CCC1CC(C2)OC1c2ccccc2CCc2c1cccc2,,-6.428397649
624,C-625,,XVXVYISMBXFBHS-UHFFFAOYSA-N,O=C(C(c1ccccc1)c1ccccc1)OC1CC[NH+](CC1)CCc1ccccc1.[Cl-],,-6.424634672
625,C-626,,JPNGOBZOWYGRFR-BTJKTKAUSA-N,CN1CCN(CC1)C1Cc2ccccc2Sc2c1cccc2Br.OC(=O)/C=C\C(=O)O,,-6.42035721
626,C-627,,GEXJJXJFZFVTFV-UHFFFAOYSA-N,COC(=O)C(CCc1nc2c(s1)nc(s2)CCC(C(=O)OC)(C)C)(C)C,,-6.418623981
627,C-628,,ZDJJYFKGWFWSON-UHFFFAOYSA-N,CNc1ccnc(n1)N1CCN(CC1)CCC(c1ccccc1)(c1ccccc1)c1ccccc1,,-6.410898088
628,C-629,,SGAJOYBPLOZFGE-UHFFFAOYSA-N,CCCCCCCCOc1ccccc1NC(=O)OCC[NH+]1CCCCC1.[Cl-],,-6.408853449
629,C-630,,BWIOFDGLPHIMAP-BTJKTKAUSA-N,OC(=O)/C=C\C(=O)O.CCN(CC1COC2(O1)c1ccccc1CCc1c2cccc1)CC,,-6.408637542
630,C-631,,DSKIOWHQLUWFLG-SPIKMXEPSA-N,CN1CCN(CC1)CCCN1c2ccccc2Sc2c1cc(Cl)cc2.OC(=O)/C=C\C(=O)O.OC(=O)/C=C\C(=O)O,,-6.405957998
631,C-632,,BQHBRMFSBVLTGL-UHFFFAOYSA-M,ClCCN(c1cc(ccc1C)C(=O)NC(C(=O)[O-])Cc1ccccc1)CCCl.[Na+],,-6.40563026
632,C-633,,LAOOXBLMIJHMFO-UHFFFAOYSA-N,CCN(CCNc1ccc(c2c1c(=O)c1c(s2)cccc1)C)CC.Cl,,-6.401925074
633,C-634,,ULLNJSBQMBKOJH-VIVFLBMVSA-N,CCOC1O[C@@H]([C@@H]([C@H]1O)OCc1ccccc1)[C@H](OCc1ccccc1)COCc1ccccc1,,-6.399380703
634,C-635,,LCRXWIKBUJLRRR-UHFFFAOYSA-N,COc1cc2c(cc1OC)CCN(C2CCc1cc(Cl)cc(c1OC)Cl)C,,-6.398294704
635,C-636,,DVLBYTMYSMAKHP-UHFFFAOYSA-N,CCCC(=O)c1ccc2c(c1)N(CCCN1CCN(CC1)C)c1c(S2)cccc1,,-6.394867532
636,C-637,,MCWAFEJHLHEFOD-UHFFFAOYSA-N,CN(CC(CC1c2ccccc2CCc2c1cccc2)C)C.Cl,,-6.394546458
637,C-638,,DEVDLFIOPPCXAW-UHFFFAOYSA-N,Cc1ccccc1CNCC1CCC(CC1)CNCc1ccccc1C.Cl.Cl,,-6.3912901
638,C-639,,KCCCWBMAYXETHM-UHFFFAOYSA-N,Cc1ccc(cc1)CNCC1CCC(CC1)CNCc1ccc(cc1)C.Cl.Cl,,-6.3912901
639,C-640,,ZGHQUYZPMWMLBM-UHFFFAOYSA-N,Clc1ccc(cc1Cl)c1ccccc1,,-6.3899999
640,C-641,,RFIXURDMUINBMD-UHFFFAOYSA-N,CC(NC(C(c1cc(I)c(c(c1)I)O)O)C)CCc1ccccc1,,-6.378267106
641,C-642,,SHGAZHPCJJPHSC-XFYACQKRSA-N,C/C(=C\C=C\C(=C/C(=O)O)\C)/C=C/C1=C(C)CCCC1(C)C,,-6.377390085
642,C-643,,XMNLGWOTBAOGKU-UHFFFAOYSA-N,C[NH+]1C(C)Cc2c(C1CCc1ccc(cc1)Cl)cc(c(c2)C)C.[Cl-],,-6.376832111
643,C-644,,SHGAZHPCJJPHSC-YCNIQYBTSA-N,C/C(=C\C=C\C(=C\C(=O)O)\C)/C=C/C1=C(C)CCCC1(C)C,,-6.376357279
644,C-645,,LOEQGPPJCCUXEJ-UHFFFAOYSA-N,CS(=O)(=O)O.CCN(CCNc1ccc(c2c1c(=O)c1c(s2)cccc1)CO)CC,,-6.372397977
645,C-646,,SISNUVGPTCCAFS-UHFFFAOYSA-N,OC(=O)C(=O)O.CCN(CC1COC2(O1)c1cc(Cl)ccc1OCc1c2cccc1)CC,,-6.371968454
646,C-647,,IMTAXJFNNPTBMW-UHFFFAOYSA-N,Brc1ccc2c(c1)c(=O)n(c(n2)C)CCCNC1CCCCC1.Cl,,-6.369836164
647,C-648,,ZDYJWDIWLRZXDB-UHFFFAOYSA-N,Clc1ccc(cc1)C(=C(Cl)Cl)c1ccccc1Cl,,-6.3600001
648,C-649,,AMHPDAAVNPTIAH-UHFFFAOYSA-N,CCN(CCSCCOC(=O)N1c2ccccc2Sc2c1nccc2)CC.Cl,,-6.353434844
649,C-650,,JBMWOJWZSMCBJJ-QZQOTICOSA-N,CCOC(=O)c1ccc(cc1)/N=N/C1C(=NN(C1=O)c1ccccc1)C,,-6.351412219
650,C-651,,MWPLVEDNUUSJAV-UHFFFAOYSA-N,c1ccc2c(c1)cc1c(c2)cccc1,,-6.3499999
651,C-652,,REIUXOLGHVXAEO-UHFFFAOYSA-N,CCCCCCCCCCCCCCCO,,-6.3499999
652,C-653,,DEGBQQPZHARPFX-UHFFFAOYSA-N,CNC(CC12CC3(C)CC(C2c2ccccc2)CC(C1)(C3)C)C.Cl,,-6.348418465
653,C-654,,NKANXQFJJICGDU-QPLCGJKRSA-N,CC/C(=C(\c1ccccc1)/c1ccc(cc1)OCCN(C)C)/c1ccccc1,,-6.348311865
654,C-655,,BVWRBIHNYFOGFB-UHFFFAOYSA-N,C1CCC(CC1)NCC1Cc2c(C1)c1Cc2cc1CNC1CCCCC1.Cl.Cl,,-6.345579953
655,C-656,,HVZBLYFIPJDENZ-UHFFFAOYSA-N,CC1CCCCN1CCCOC(=O)c1ccc(cc1)C1CCCCC1,,-6.342816038
656,C-657,,VWZPIJGXYWHBOW-UHFFFAOYSA-N,CCCCCCCCOc1ccccc1C(=O)Nc1ccc(cc1)C(=O)OCC[N+](CC)(CC)C.[Br-],,-6.342713319
657,C-658,,MUMQYXACQUZOFP-GFCCVEGCSA-N,ClC[C@H](N1C(=O)c2c(C1=O)cccc2)SP(=S)(OCC)OCC,,-6.3400002
658,C-659,,AGOYDEPGAOXOCK-KCBOHYOISA-N,CC[C@H]1OC(=O)[C@H](C)[C@@H](O[C@H]2C[C@@](C)(OC)[C@H]([C@@H](O2)C)O)[C@H](C)[C@@H](O[C@@H]2O[C@H](C)C[C@@H]([C@H]2O)N(C)C)[C@](C[C@H](C(=O)[C@@H]([C@H]([C@]1(C)O)O)C)C)(C)OC,,-6.339854584
659,C-660,,GTKDEBRRAOOCCY-UHFFFAOYSA-N,ClCCN(C(=O)NC1CCCCCCCCCCC1)N=O,,-6.334620474
660,C-661,,FPKATRSBAJEXMW-UHFFFAOYSA-M,COc1cc(C[N+](CCOCCC2CCC3CC2C3(C)C)(CC)CC)c(cc1OC)Br.[Br-],,-6.33337359
661,C-662,,VGLITONBHLMDKO-UHFFFAOYSA-M,CCOc1cc(C[N+](CCOCCC2CCC3CC2C3(C)C)(C)C)c(cc1OCC)Br.[Br-],,-6.33337359
662,C-663,,HBFZMCOXWWZMGL-UHFFFAOYSA-N,CCCCCOc1ccc2c(c1)[nH]c1c2ccnc1C.Cl,,-6.331752251
663,C-664,,UFIVBRCCIRTJTN-UHFFFAOYSA-N,N#CC(c1ccccc1)(c1ccccc1)CCN1CCC(CC1)(C(=O)O)c1ccccc1,,-6.33169643
664,C-665,,FRTVWNBCUKELQF-UHFFFAOYSA-N,OC(=O)C(=O)O.CCC(=O)N(C(CN1CCC(CC1)c1ccccc1)C)Cc1ccccc1.CCC(=O)N(C(CN1CCC(CC1)c1ccccc1)C)Cc1ccccc1,,-6.329005691
665,C-666,,AJCAAYFLWRSTJO-UHFFFAOYSA-N,OC(=O)C(=O)O.CCC(=O)N(CC(N1CCC(CC1)c1ccccc1)C)Cc1ccccc1.CCC(=O)N(CC(N1CCC(CC1)c1ccccc1)C)Cc1ccccc1,,-6.329005691
666,C-667,,VRHXTJPSLYPTOW-YAKHFBBESA-N,Clc1ccc2c(c1)/C(=C/CCCN1CCNCC1)/c1c(S2)cccc1.Cl,,-6.324460518
667,C-668,,WDQPAMHFFCXSNU-BGABXYSRSA-N,Clc1ccc(cc1)Nc1cc2nc3ccccc3n(c2c/c/1=N\C(C)C)c1ccc(cc1)Cl,,-6.322660785
668,C-669,,FRCCEHPWNOQAEU-BRXBUPTESA-N,Cl[C@H]1C=C[C@H]2[C@@H]1[C@]1(Cl)C(=C([C@]2(C1(Cl)Cl)Cl)Cl)Cl,,-6.3200002
669,C-670,,XKZLLDQKULUMEB-UHFFFAOYSA-N,O=C(C1CCC(CC1)C(=O)NCc1ccccc1Cl)NCc1ccccc1Cl.Cl.Cl,,-6.3192843
670,C-671,,XRPBPWMZJXTYTJ-UHFFFAOYSA-N,Clc1ccccc1C[NH2+]C12CCC(CC1)(CC2)[NH2+]Cc1ccccc1Cl.[Cl-].[Cl-],,-6.31855213
671,C-672,,OHEKTOKJOFXXFV-UHFFFAOYSA-N,CNC(CC12CC3CC(C1)CC(C2C1CCCCC1)C3)C.Cl,,-6.317271318
672,C-673,,BGQDCDRDPCVLJE-UHFFFAOYSA-N,COc1ccc2c3c1cccc3C(=O)c1c2cccc1,,-6.315090259
673,C-674,,OJLOPKGSLYJEMD-URPKTTJQSA-N,CCCCC(C/C=C/[C@H]1[C@H](O)CC(=O)[C@@H]1CCCCCCC(=O)OC)(O)C,,-6.313866074
674,C-675,,YNIVVSNZEPMJMD-UHFFFAOYSA-N,c1ccc(cc1)CNCC1CCC(CC1)CSCc1ccccc1.Cl.Cl,,-6.310027309
675,C-676,,AFYNWNWCDBFAJL-UHFFFAOYSA-N,Nc1cc2nc3cc(N)c(cc3c(c2cc1C)c1ccccc1)C,,-6.305772823
676,C-677,,IVFHUYCFFOSCLM-UHFFFAOYSA-N,CCN(CCCn1c2ccccc2[nH]c(=O)c2c1cccc2)CC,,-6.300278714
677,C-678,,FFGKFDRZZAJYCH-UHFFFAOYSA-N,CCCCCCC(=O)OCN1C(=O)NC(C1=O)(c1ccccc1)c1ccccc1,,-6.3000002
678,C-679,,TWLNPRLUHNFDCS-UHFFFAOYSA-N,OC(=O)C(=O)[O-].CC[NH+](CCn1c2cc(Cl)ccc2c2c1cc(OC)cc2)CC,,-6.297832757
679,C-680,,WLFCZUKGFJNFQY-UHFFFAOYSA-N,CS(=O)(=O)O.CN1CCN(CC1)CCCN1c2ccccc2Sc2c1cc(Cl)cc2,,-6.295560632
680,C-681,,WGOLRGXJPQEOEH-UHFFFAOYSA-N,CNCC1CCC2(C1)c1ccccc1C=Cc1c2cccc1.Cl,,-6.29294962
681,C-682,,LQCLVBQBTUVCEQ-QTFUVMRISA-N,CO[C@H]1C[C@@H](O[C@H]([C@@H]1OC(=O)C)C)O[C@H]1[C@H](C)[C@@H](O[C@@H]2O[C@H](C)C[C@@H]([C@H]2OC(=O)C)N(C)C)[C@@H](C)C[C@]2(OC2)C(=O)[C@@H]([C@H]([C@H]([C@H](OC(=O)[C@@H]1C)C)C)OC(=O)C)C,,-6.292460467
682,C-683,,DFBKLUNHFCTMDC-CRWCAAKDSA-N,ClC1=C(Cl)[C@@]2(C([C@@]1(Cl)[C@H]1[C@@H]2[C@H]2C[C@@H]1[C@@H]1[C@H]2O1)(Cl)Cl)Cl,,-6.29
683,C-684,,ZXFXBSWRVIQKOD-CFKMXOCQSA-N,Cl[C@@H]1[C@@H]2O[C@@H]2[C@@H]2[C@H]1[C@]1(Cl)C(=C([C@]2(C1(Cl)Cl)Cl)Cl)Cl,,-6.29
684,C-685,,LVROLHVSYNLFBE-UHFFFAOYSA-N,Clc1ccc(c(c1c1ccccc1)Cl)Cl,,-6.29
685,C-686,,RIMXLXBUOQMDHV-UHFFFAOYSA-N,Clc1cc(ccc1Cl)c1ccccc1Cl,,-6.29
686,C-687,,RLLPVAHGXHCWKJ-MJGOQNOKSA-N,ClC(=C[C@@H]1[C@H](C1(C)C)C(=O)OCc1cccc(c1)Oc1ccccc1)Cl,,-6.29
687,C-688,,PCZFVTPRFQOIND-UHFFFAOYSA-M,[O-]C(=O)CCCCCCCCCCC1CCC=C1.[Na+],,-6.286064107
688,C-689,,DICMPTSIFYQYRL-UHFFFAOYSA-N,CCCCN(C(=O)N1CCCCC1)CCN(C(=O)N1CCCCC1)CCCC,,-6.282294263
689,C-690,,NEGMMKYAVYNLCG-UHFFFAOYSA-N,CCC1(C(=O)NC(=O)N1C)c1ccccc1,,-6.28206134
690,C-691,,GFUKPDBFDRKRRO-YXLFCKQPSA-N,c1cc(/C=C/c2ccccc2)nc(c1)/C=C/c1ccccc1,,-6.276268726
691,C-692,,JVUWHIGJTFNRNT-UHFFFAOYSA-N,CC[NH+](CCCOC(=O)n1c2ccccc2c2c1cccc2)CC.[Cl-],,-6.2718079
692,C-693,,NSYZCCDSJNWWJL-YXOIYICCSA-N,CCOC(=O)CCC(=O)O[C@H]1[C@@H](O[C@@H](C[C@@H]1N(C)C)C)O[C@@H]1[C@@H](C)[C@H](O[C@@H]2O[C@@H](C)[C@@H]([C@](C2)(C)OC)O)[C@@H](C)C(=O)O[C@H](CC)[C@@]([C@@H]([C@H](C(=O)[C@@H](C[C@@]1(C)O)C)C)O)(C)O,,-6.270897549
693,C-694,,VGVIKVCCUATMNG-UHFFFAOYSA-N,Clc1cc(Cl)c(cc1c1ccccc1)Cl,,-6.27
694,C-695,,BKRMCDAOAQWNTG-UHFFFAOYSA-N,COc1ccc2c(c1)c1c(C)c3cnccc3c(c1[nH]2)C,,-6.268255898
695,C-696,,HVHVTGIAAGQNOB-UHFFFAOYSA-N,NC(=O)Nc1ccc(cc1)[As](Sc1ccccc1C(=O)O)Sc1ccccc1C(=O)O,,-6.267864428
696,C-697,,IATJMLPKUHHHKY-HYMTUZTBSA-N,O[C@H]([C@H](C(=O)O)O)C(=O)O.CCC(CCN1CC[C@@]23[C@H]([C@H]1Cc1c3cc(cc1)OC)CCCC2)C,,-6.263499165
697,C-698,,YMSBFNUBFGRJNW-UHFFFAOYSA-N,C=CC[NH+]1CCc2c(C1CCc1ccc(cc1)Cl)cc(c(c2)OC)OC.[Cl-],,-6.262741533
698,C-699,,JLZIDTSPQVEYJQ-UHFFFAOYSA-N,SCCNCCCCCCCCCCOc1ccc(cn1)Br.Cl,,-6.26190481
699,C-700,,KRRMOOMFGMSJHJ-UHFFFAOYSA-N,ClCCN(c1ccc(cc1)OC(=O)c1ccccc1C)CCCl,,-6.261299857
700,C-701,,ZBGALQUZONQCFB-UHFFFAOYSA-N,ClCCN(c1ccc(cc1)OC(=O)c1ccc(cc1)C)CCCl,,-6.261299857
701,C-702,,HGHUDOBKZDREKS-UHFFFAOYSA-N,CCC1(CC)OC(c2c1cccc2)(CCCN(C)C)c1ccccc1C.Cl,,-6.260443168
702,C-703,,ZMHWQAHZKUPENF-UHFFFAOYSA-N,Clc1ccc(cc1)c1cccc(c1Cl)Cl,,-6.2600002
703,C-704,,JCDADBBKUHSPFI-UHFFFAOYSA-N,COC1CCN(CC1)CCCN1c2ccccc2Sc2c1cc(cc2)C(=O)C,,-6.259840376
704,C-705,,NGGMYCMLYOUNGM-CSDLUJIJSA-N,CO[C@@H]1[C@@H](CC[C@@]2([C@H]1[C@@]1(C)O[C@@H]1CC=C(C)C)CO2)OC(=O)/C=C/C=C/C=C/C=C/C(=O)O,,-6.254336821
705,C-706,,OTCCTHBQSGSBNA-UHFFFAOYSA-N,ClCCN(c1ccc(cc1)OC(=O)c1cccc(c1)[N+](=O)[O-])CCCl,,-6.253040071
706,C-707,,SZLXDDJXOGZPON-RZWQWLLSSA-N,CSc1ccc(cc1)C(=O)CN1CC[C@@]23[C@H]([C@H]1Cc1c3cc(cc1)O)CCCC2.Cl,,-6.252960633
707,C-708,,VAHKBZSAUKPEOV-UHFFFAOYSA-N,Clc1ccc(cc1)c1cc(Cl)ccc1Cl,,-6.25
708,C-709,,WWJZWCUNLNYYAU-UHFFFAOYSA-N,COP(=S)(Oc1ccc(cc1)Sc1ccc(cc1)OP(=S)(OC)OC)OC,,-6.2399998
709,C-710,,QFVDKARCPMTZCS-UHFFFAOYSA-N,CN(c1ccc(cc1)C(c1ccc(cc1)N(C)C)(c1ccc(cc1)N(C)C)O)C,,-6.234529547
710,C-711,,QAQQSUVDOHQMHB-UHFFFAOYSA-N,CCCCCCOc1ccc(cc1)C(=O)OCCCN1CCCCC1C,,-6.233857081
711,C-712,,QXMJKFZFEVGIQU-UHFFFAOYSA-N,CN(c1ccc(cc1)CNCC1CCC(CC1)CNCc1ccc(cc1)N(C)C)C.Cl.Cl.Cl.Cl,,-6.231991559
712,C-713,,ZIIRLGTXQOPAQY-LIXABZRUSA-N,COc1ccc(cc1)CCN1CC[C@@]23[C@H]([C@H]1Cc1c3cc(cc1)OC)CCCC2.Cl,,-6.230056419
713,C-714,,KBPCUJVKCFELBB-UHFFFAOYSA-N,Ic1ccc(nc1)SCCCCCCCCN1CCSC1.Cl,,-6.229139405
714,C-715,,LNVQBBHYPGFSMX-UHFFFAOYSA-N,c1ccc(cc1)Nc1c2ccccc2nc2c1cccc2,,-6.225076385
715,C-716,,OSQHGAXCVAYZPZ-UHFFFAOYSA-K,[O-]C(=O)c1ccccc1Nc1cccc(c1)C(F)(F)F.[O-]C(=O)c1ccccc1Nc1cccc(c1)C(F)(F)F.[O-]C(=O)c1ccccc1Nc1cccc(c1)C(F)(F)F.[Al+3],,-6.224019802
716,C-717,,RXTQHQMDNHGEEW-UHFFFAOYSA-N,Brc1ccc(nc1)OCCNCCSSCCNCCOc1ccc(cn1)Br.Cl.Cl,,-6.218568853
717,C-718,,ZYFPOJDYNPQXHJ-ZPMIJRNTSA-N,[O-][N+](=O)c1ccc(cc1)CCN1CC[C@@]23[C@H]([C@H]1Cc1c3cccc1)CCCC2.Cl,,-6.217965886
718,C-719,,AXTGDCSMTYGJND-UHFFFAOYSA-N,CCCCCCCCCCCCN1CCCCCC1=O,,-6.217729346
719,C-720,,KTFMYEBLIXUAHY-HDPAMLMOSA-N,CC/C(=N\C(=O)C)/C(c1ccccc1)(c1ccccc1)CC(N(C)C)C.Cl,,-6.212922206
720,C-721,,XQCPFIQSRCZCMP-HDPAMLMOSA-N,CC/C(=N\C(=O)C)/C(c1ccccc1)(c1ccccc1)C(CN(C)C)C.Cl,,-6.212922206
721,C-722,,BZTYNSQSZHARAZ-UHFFFAOYSA-N,Clc1ccc(cc1)c1ccc(cc1Cl)Cl,,-6.21
722,C-723,,CTSPAMFJBXKSOY-UHFFFAOYSA-N,Cc1c2cnccc2c(c2c1c1ccccc1[nH]2)C,,-6.206228569
723,C-724,,XCXKZBWAKKPFCJ-UHFFFAOYSA-N,CCCCCCCCCCCCCCC(=O)C,,-6.204899204
724,C-725,,JPPQVFOALJMRFH-UHFFFAOYSA-N,Clc1ccc(nc1)SCCCCCCCCCCN1CSCC1.Cl.Cl,,-6.202108649
725,C-726,,ZDLVTABGUOVWRV-UHFFFAOYSA-N,Clc1ccc(nc1)OCCCNCCSSCCNCCCOc1ccc(cn1)Cl.Cl.Cl,,-6.201363277
726,C-727,,KIVUHCNVDWYUNP-UHFFFAOYSA-N,Nc1cc2c(c3c1cccc3)ccc1c2cccc1,,-6.1999998
727,C-728,,FVJXQULTXSAVRF-UHFFFAOYSA-N,Clc1cnc2c(c1)N(C(=O)SCCN(C(C)C)C(C)C)c1c(S2)cccc1.Cl,,-6.19443382
728,C-729,,PYTDDYLZYYKESK-UHFFFAOYSA-N,CCCCCCCCCCSCCCCCN1CSCC1.Cl,,-6.193029049
729,C-730,,YNAKDCXETKZUAM-UHFFFAOYSA-N,CCCCCCCCCSCCCCCCN1CCSC1.Cl,,-6.193029049
730,C-731,,IOVDQEIIMOZNNA-MHKBYHAFSA-N,OCCN1CCN(CC1)CC/C=C\1/c2ccccc2Sc2c1cc(cc2)C(F)(F)F.Cl.Cl,,-6.192164539
731,C-732,,BEHGHYQVNYVAMD-UHFFFAOYSA-N,NC(=O)C(c1cccc2c1cccc2)(CCN1CCCCC1)CCN1CCCCC1,,-6.191935004
732,C-733,,HUCJFAOMUPXHDK-UHFFFAOYSA-N,Cc1cc(cc(c1CC1=NCCN1)C)C(C)(C)C,,-6.190513002
733,C-734,,BBEAQIROQSPTKN-UHFFFAOYSA-N,c1cc2ccc3c4c2c(c1)ccc4ccc3,,-6.1900001
734,C-735,,RSHDGEKIBABJND-UHFFFAOYSA-N,CC(CNC12CC3CC(C2)CC(C1)C3)C.Cl,,-6.188410459
735,C-736,,RLCFKYRNUBRPIK-UHFFFAOYSA-N,CN1CCCC(C1)CN1c2ccccc2Sc2c1cccc2.Cl,,-6.188043051
736,C-737,,FFWNQTREFJXEEJ-UHFFFAOYSA-N,CCCCOc1ccc(cc1)OCC(=O)N(c1ccc(cc1)OC)CCN(CC)CC.Cl,,-6.187474971
737,C-738,,MCZDSVGBUYVFMC-UHFFFAOYSA-N,CCCCOc1ccc(cc1)OCC(=O)N(c1cccc(c1)OC)CCN(CC)CC.Cl,,-6.187474971
738,C-739,,HRQSJRDRVTZESR-UHFFFAOYSA-N,CCCCOc1ccc(cc1)OCC(=O)N(c1ccccc1OC)CCN(CC)CC.Cl,,-6.187474971
739,C-740,,RSCFQUYOMSFUAW-UHFFFAOYSA-N,CC(N(CC(=O)c1ccc(cc1)Cl)C)CC12CC3CC(C2)CC(C1)C3.Cl,,-6.183155915
740,C-741,,RNRHMQWZFJXKLZ-XUWXXGDYSA-N,Oc1cc(C)c(cc1[C@@H]1C[C@@H]2C([C@@]1(C)CC2)(C)C)C,,-6.17425481
741,C-742,,IHTNSEAIRWVJJI-UHFFFAOYSA-N,CCCCC(Oc1ccc(cc1)C(=O)OCCCN1CCCCC1C)C,,-6.172533262
742,C-743,,JIKBYFBMUAUPJS-UHFFFAOYSA-N,C[NH+](CCON=C1c2ccccc2CCc2c1cccc2)C.[Cl-],,-6.171334139
743,C-744,,ZJYIVGNBYBGBFS-UHFFFAOYSA-N,CCOC(=O)N1CCN(CC1)c1nc(c(o1)c1ccccc1)c1ccccc1,,-6.170312346
744,C-745,,NOTIQUSPUUHHEH-UXOVVSIBSA-N,CCC(=O)O[C@H]1CC[C@@H]2[C@]1(C)CC[C@H]1[C@H]2CC[C@@H]2[C@]1(C)C[C@@H](C)C(=O)C2,,-6.167430567
745,C-746,,FIFASUIQVWVKCG-BTJKTKAUSA-N,CN1CC[NH+](CC1)C1Cc2ccccc2Sc2c1cc(cc2)[N+](=O)[O-].[O-]C(=O)/C=C\C(=O)O,,-6.162962495
746,C-747,,CPIRVEAKCHZXJX-UHFFFAOYSA-N,O=C(n1c2ccccc2c2c1cccc2)OCC[NH+]1CCCCC1.[Cl-],,-6.160480633
747,C-748,,CEUUNELRXHVARR-UHFFFAOYSA-N,C1CCC(CC1)CNC1CCC(CC1)NCC1CCCCC1.CC(=O)O.CC(=O)O,,-6.155847342
748,C-749,,OEPQVKRTPFTHNA-UHFFFAOYSA-N,Oc1c(CN2CCCCC2)cc(cc1CN1CCCCC1)C(c1ccccc1)(C)C.Br.Br,,-6.146157062
749,C-750,,FGRDQLLXKJFDOQ-UHFFFAOYSA-N,N#CC(c1cccc2c1cccc2)(CC[NH+](CC)CC)CC=C(C)C.[Cl-],,-6.146087063
750,C-751,,BSMUOLWVMZUZON-MUCZFFFMSA-N,CCCCCOc1cccc(c1)NC(=O)O[C@@H]1CCCC[C@H]1[NH+]1CCCC1.[Cl-],,-6.145476528
751,C-752,,YURJSTAIMNSZAE-HHNZYBFYSA-N,OC[C@H]1O[C@@H](O[C@H]2C[C@]3(C)[C@@H]([C@@]4([C@@H]2C(C)(C)[C@@H](O)CC4)C)C[C@H]([C@H]2[C@@]3(C)CC[C@@H]2[C@@](O[C@@H]2O[C@H](CO)[C@H]([C@@H]([C@H]2O)O)O)(CCC=C(C)C)C)O)[C@@H]([C@H]([C@@H]1O)O)O,,-6.144733631
752,C-753,,CLZXREZAEIUCGG-UHFFFAOYSA-N,ClCCN(c1cc(C)c(c2c1cccc2)OC)CCCl,,-6.144232188
753,C-754,,YDOWCNBJMHAORA-UHFFFAOYSA-N,COc1cc2c(cc1OC)CCN(C2CCc1ccc(cc1)Cl)CC[NH+](CC)CC.[Br-],,-6.143361905
754,C-755,,LCUQUQYVCIRRJK-UHFFFAOYSA-N,CCCCC1=CC(N(C(C1)(C)C)C(=O)CN1CCCCC1)(C)C,,-6.140368504
755,C-756,,MTLMVEWEYZFYTH-UHFFFAOYSA-N,Clc1cc(Cl)c(c(c1)Cl)c1ccccc1,,-6.1399999
756,C-757,,IHIDFKLAWYPTKB-UHFFFAOYSA-N,Clc1cccc(c1c1ccc(cc1)Cl)Cl,,-6.1399999
757,C-758,,KCXZNSGUUQJJTR-UHFFFAOYSA-N,CCCCCCOC(=O)c1ccccc1C(=O)OCCCCCC,,-6.1399999
758,C-759,,LBVWPKTYUAVUEG-UHFFFAOYSA-N,OS(=O)(=O)SCCNc1c2ccccc2nc2c1cccc2,,-6.136886819
759,C-760,,QAMAVRZEFVPISR-UHFFFAOYSA-N,C1CCC(CC1)[NH2+]CC12CCC(CC1)(CC2)C[NH2+]C1CCCCC1.[Cl-].[Cl-],,-6.135225841
760,C-761,,TZZYWZRIMDHLAL-UHFFFAOYSA-N,Brc1ccc(nc1)OCCCCCCCCCCN1CSCC1.Cl,,-6.13483519
761,C-762,,KXGYVTYDPUHCRZ-UHFFFAOYSA-N,CCCCOc1ccc(cc1)OCC(=O)N(c1cc(OC)c(c(c1)OC)OC)CCN(CC)CC.Cl,,-6.133640661
762,C-763,,TXIBUQJIDAECIO-UHFFFAOYSA-N,COc1ccc2c(c1)n(CC[NH+]1CCCC1)c1c2ccc(c1)Cl.[Cl-],,-6.12807839
763,C-764,,VCTHNOIYJIXQLV-UHFFFAOYSA-N,Clc1ccc(cc1)C(c1ccccc1)N1CCN(CC1)Cc1cccc(c1)C.Cl.Cl,,-6.124817978
764,C-765,,SZLZWPPUNLXJEA-QEGASFHISA-N,COc1ccc2c(c1)[nH]c1c2CCN2[C@@H]1C[C@H]1[C@@H](C2)C[C@H]([C@@H]([C@H]1C(=O)OC)OC)OC(=O)/C=C/c1cc(OC)c(c(c1)OC)OC,,-6.124341143
765,C-766,,XEEHZVDPOLUQNX-WPZRWFQASA-N,O[C@H]([C@H](C(=O)O)O)C(=O)O.Oc1ccc2c(c1)[C@]13CCCC[C@H]3[C@@H](C2)N(CC1)CCCCc1ccccc1,,-6.121899577
766,C-767,,IHXOCADAVBSZJN-UHFFFAOYSA-L,CC[N+](C1c2ccccc2c2c1cccc2)(CCCCCC[N+](C1c2ccccc2c2c1cccc2)(CC)CC)CC.[Br-].[Br-],,-6.120925776
767,C-768,,MXLCXWPNZGESLV-UHFFFAOYSA-N,CN(Cc1ccccc1)CCC(c1cccc2c1cccc2)(C(=O)N)C(C)C,,-6.120165975
768,C-769,,PTFJIKYUEPWBMS-UHFFFAOYSA-N,CCN(c1c(cc(cc1[N+](=O)[O-])C(F)(F)F)[N+](=O)[O-])CC(=C)C,,-6.1199999
769,C-770,,VRBKIVRKKCLPHA-UHFFFAOYSA-N,CCc1nn(c(=O)n1CCOc1ccccc1)CCCN1CCN(CC1)c1cccc(c1)Cl,,-6.117258369
770,C-771,,XCLJRCAJSCMIND-JCTYMORFSA-N,CC[C@H]1OC(=O)[C@H](C)[C@@H](O[C@@H]2O[C@@H](C)[C@@H]([C@](C2)(C)OC)O)[C@H](C)[C@@H](O[C@@H]2O[C@H](C)C[C@@H]([C@H]2O)N(C)C)[C@](C[C@H]([C@@H]([C@@H]([C@H]([C@]1(C)O)O)C)N)C)(C)O,,-6.10864527
771,C-772,,GZRNICQZQQPNQD-CNAYQSEPSA-N,O[C@H]([C@H](C(=O)O)O)C(=O)O.CC(=CCN1CC[C@@]23[C@H]([C@H]1Cc1c3cc(cc1)OC(=O)c1ccccn1)CCCC2)C,,-6.106911933
772,C-773,,MPEKZXIZMHBUPD-UHFFFAOYSA-N,CCN(CCC(c1cccc2c1cccc2)(C(=O)N)CC=C(C)C)CC,,-6.106277143
773,C-774,,WRWBCPJQPDHXTJ-DTMQFJJTSA-N,O[C@H]1CC[C@]2(C(=CC[C@@H]3[C@@H]2CC[C@]2([C@H]3CC[C@]2(C)O)C)C1)C,,-6.106061829
774,C-775,,DMNGQHXPFKCWOC-HPABIPFQSA-M,CCCC[N+]12CCC(C(C1)C=C)C[C@@H]2[C@H](c1ccnc2c1cc(OC)cc2)O.[Cl-],,-6.105577877
775,C-776,,YXUJYFMPMLQKNJ-UHFFFAOYSA-N,C1CCC(CC1)NCC1CCC(CC1)CNC1CCCCC1.Cl.Cl,,-6.104942883
776,C-777,,VLFMJVSCBCADEJ-UHFFFAOYSA-N,N(CC1CCCC1)CC1CCC(CC1)CNCC1CCCC1.Cl.Cl,,-6.104942883
777,C-778,,UFWWXJRCWHOHOQ-UHFFFAOYSA-N,CC1CCCCN1CCCOC(=O)c1ccc(cc1)OC1CCCCC1.Cl,,-6.103505485
778,C-779,,GGLQKLQQWQDYAR-UHFFFAOYSA-N,Clc1ccc2c(c1)n(CCC[NH+](C)C)c1ccccc1[nH]c2=O.[Cl-],,-6.102922489
779,C-780,,IYBPCWPWORICBI-UHFFFAOYSA-N,CN(CCC(=O)Nc1ccc(cc1Sc1ccc(cc1)Cl)Cl)C,,-6.102001148
780,C-781,,AVQUSBNDWUJYRJ-BTJKTKAUSA-N,C1CCN(C1)CC1COC2(O1)c1ccccc1C=Cc1c2cccc1.OC(=O)/C=C\C(=O)O,,-6.101282587
781,C-782,,JWRMHDSINXPDHB-OJAGFMMFSA-N,O=C1C=C[C@]2(C(=C1)[C@@H](F)C[C@@H]1[C@]2(F)[C@@H](O)C[C@]2([C@H]1C[C@H]([C@]2(O)C(=O)COC(=O)C(C)(C)C)C)C)C,,-6.100946962
782,C-783,,LBFGUYIPERWUIL-UHFFFAOYSA-N,O=C(C1c2ccccc2c2c1cccc2)OC1CC(C)[NH+](C(C1)C)C.[Cl-],,-6.100610001
783,C-784,,NJMYODHXAKYRHW-BLLMUTORSA-N,OCCN1CCN(CC1)CC/C=C/1\c2ccccc2Sc2c1cc(cc2)C(F)(F)F,,-6.098809171
784,C-785,,QMBJSIBWORFWQT-DFXBJWIESA-N,O=C1CC[C@]2(C(=C1)C(=C[C@@H]1[C@@H]2CC[C@]2([C@H]1CC[C@]2(OC(=O)C)C(=O)C)C)Cl)C,,-6.096970078
785,C-786,,UQYAKSUWIJOUJG-UHFFFAOYSA-N,CNC1CCC2(C=C1)c1ccccc1C=Cc1c2cccc1.Cl,,-6.093722182
786,C-787,,VVQAGLMWVDPLLF-UHFFFAOYSA-N,COc1cc(cc(c1OC)OC)C(=O)OCCOCCN1CCN(CC1)C(c1ccc(cc1)Cl)c1ccccc1.Cl.Cl,,-6.092375105
787,C-788,,FIGNDHCQIMVMAZ-UHFFFAOYSA-N,CCCCCCCCOc1ccc(cc1)C(=O)CCN1CCCCC1.Cl,,-6.092087818
788,C-789,,QBISHGLLUNDCHP-UHFFFAOYSA-N,CCC(C(c1ccccc1)(c1ccccc1)CCN1CCOCC1)OC(=O)c1ccc(cc1)N.Cl,,-6.091513465
789,C-790,,NYQDCVLCJXRDSK-UHFFFAOYSA-N,COP(=S)(Oc1cc(Cl)c(cc1Cl)Br)OC,,-6.0900002
790,C-791,,BXCRLBBIZJSWNS-UHFFFAOYSA-N,CCCCCCCCCCCCCCCC(=O)OCCO,,-6.089541043
791,C-792,,GJNMJOHYRWHJQB-UHFFFAOYSA-N,Clc1ccc(cc1)C(c1ccccc1)N1CCN(CC1)Cc1cccc(c1)C.Cl,,-6.089268473
792,C-793,,RBDRSDNCAYGHIW-UHFFFAOYSA-N,ClCCN(c1cc(ccc1C)C(=O)OC(C)C)CCCl,,-6.087778702
793,C-794,,IDRYSCOQVVUBIJ-PPGFLMPOSA-N,CC[C@H]1OC(=O)[C@H](C)[C@@H](O[C@H]2C[C@@](C)(OC)[C@H]([C@@H](O2)C)O)[C@H](C)[C@@H](O[C@@H]2O[C@H](C)C[C@@H]([C@H]2O)N(C)C)[C@](C[C@H](C(=O)[C@@H]([C@H]([C@H]1C)O)C)C)(C)O,,-6.087152993
794,C-795,,JWRCUYLINWYGMN-UHFFFAOYSA-N,C1CC(CCC1CNC1CC2CC1CC2)CNC1CC2CC1CC2.Cl.Cl,,-6.085989724
795,C-796,,HPQURZRDYMUHJI-UHFFFAOYSA-N,CCCCCC1CCCC1,,-6.0799999
796,C-797,,OKHORWCUMZIORR-UHFFFAOYSA-N,COC(=O)Cc1c2cc(OC)ccc2n(c1C)C(=O)c1ccc(cc1)Cl,,-6.077568842
797,C-798,,YWKRLOSRDGPEJR-KIUKIJHYSA-N,CN(CC/C=C\1/c2ccccc2Sc2c1cc(Cl)cc2)C.Cl,,-6.077111571
798,C-799,,SMANXXCATUTDDT-QPJJXVBHSA-N,Fc1ccc(cc1)C(c1ccc(cc1)F)N1CCN(CC1)C/C=C/c1ccccc1,,-6.076980493
799,C-800,,OMPPEMJDJUYBCE-UHFFFAOYSA-N,CCCCOc1ccc(cc1)OCC(=O)N(c1cccc(c1)OC)CCN1CCCC1.Cl,,-6.076763345
800,C-801,,DHXFICREWVJWEG-UHFFFAOYSA-N,CCCCOc1ccc(cc1)OCC(=O)N(c1ccccc1OC)CCN1CCCC1.Cl,,-6.076763345
801,C-802,,HUOVSPHZAQPRFC-UHFFFAOYSA-N,ClCC[NH+](Cc1ccccc1)CCOc1cc(C)ccc1C(C)C.[Cl-],,-6.075977631
802,C-803,,JMOLZNNXZPAGBH-UHFFFAOYSA-N,CCCCCCCCC(C(=O)O)CCCCCC,,-6.075320059
803,C-804,,YAPSKXXWJVKWBA-UHFFFAOYSA-N,C1CCC(CC1)NCC1CCC(=CC1)CNC1CCCCC1.CC(=O)O.CC(=O)O,,-6.069298022
804,C-805,,JANJEPMDLDHTLL-UHFFFAOYSA-N,Ic1ccc2c(c1)c(=O)n(c(n2)C)c1ccccc1,,-6.067550791
805,C-806,,GBSIBTZJMPWWAV-UHFFFAOYSA-N,CN1CCC(CC1)(OC(=O)C(c1ccccc1)c1ccccc1)c1ccccc1.Cl,,-6.061795344
806,C-807,,MGVXLAPXABNABN-UHFFFAOYSA-N,CCCN(CCOc1c(cc(cc1c1ccccc1)Br)C(=O)N)CCC,,-6.059109035
807,C-808,,FHKYKCHMWGFEQE-UHFFFAOYSA-N,OCCOCCN1CCN(CC1)CCCN1c2ccccc2Sc2c1cc(cc2)C(F)(F)F.Cl.Cl,,-6.059051505
808,C-809,,JYGLAHSAISAEAL-UHFFFAOYSA-N,O=C(C1C(=O)c2c(C1=O)cccc2)C(c1ccccc1)c1ccccc1,,-6.054840215
809,C-810,,GIZKPGCNANMOKF-CZPWWGKQSA-N,O[C@H]([C@H](C(=O)O)O)C(=O)O.COc1ccc2c(c1)[C@]13CCCC[C@H]3[C@@H](C2)N(CC1)CCc1ccccc1,,-6.054766719
810,C-811,,GIZKPGCNANMOKF-VAVKUECISA-N,O[C@H]([C@H](C(=O)O)O)C(=O)O.COc1ccc2c(c1)[C@@]13CCCC[C@@H]3[C@H](C2)N(CC1)CCc1ccccc1,,-6.054766719
811,C-812,,QEORVDCGZONWCJ-QURGRASLSA-N,N#CCCN(c1ccc(cc1)/N=N/c1ccc(cc1C#N)[N+](=O)[O-])CC,,-6.053485045
812,C-813,,ODYKCPYPRCJXLY-PZORDLPLSA-N,O[C@@H]1C[C@@H]2[C@]([C@H]1O)(C)CC[C@H]1[C@H]2CCc2c1ccc(c2)OC1CCCC1,,-6.051830381
813,C-814,,OCJYIGYOJCODJL-UHFFFAOYSA-N,Clc1ccc(cc1)C(c1ccccc1)N1CCN(CC1)Cc1cccc(c1)C,,-6.05092207
814,C-815,,HLZKNKRTKFSKGZ-UHFFFAOYSA-N,CCCCCCCCCCCCCCO,,-6.0500002
815,C-816,,FBSMERQALIEGJT-UHFFFAOYSA-N,CN(CCCN1c2ccccc2Sc2c1cc(Cl)cc2)C.Cl,,-6.049561626
816,C-817,,XHOJAWVAWFHGHL-UHFFFAOYSA-N,CC(N1CCC(CC1)N(c1ccc(cc1)Cl)C(=O)Cc1ccccc1)C,,-6.046185572
817,C-818,,YMCXHQCNURJAPH-UHFFFAOYSA-N,Clc1ccccc1C[NH2+]CCCCCC[NH2+]Cc1ccccc1Cl.[Cl-].[Cl-],,-6.044034667
818,C-819,,XMRKEVYDRNKBOR-CAKYRVLISA-N,COc1ccc2c(c1)[C@]13CCCC[C@H]3[C@@H](C2)N(CC1)CCc1ccc(c(c1)OC)OC,,-6.038293715
819,C-820,,RKWPZPDLTYBKCL-RVZGXXANSA-N,CO[C@H]1[C@H](C)O[C@H]([C@@H]([C@@H]1O)O)O[C@H]1CC[C@]2(C(=C1)CC[C@@H]1[C@@H]2CC[C@]2([C@]1(O)CC[C@@H]2c1ccc(=O)oc1)C)C,,-6.03630769
820,C-821,,JKESDNYEZGICTN-UHFFFAOYSA-N,N#CC(c1cccc2c1cccc2)(CC=C(C)C)CCN1CCCC1.Cl,,-6.035487432
821,C-822,,WWOFPCHIWHXPBF-UHFFFAOYSA-N,COC1(CCC(CC1)NCCCC(=O)c1ccc(cc1)F)c1ccccc1C.COC1(CCC(CC1)NCCCC(=O)c1ccc(cc1)F)c1ccccc1C.Cl.Cl.O,,-6.034186756
822,C-823,,AQSRVUPXTRIBEU-UHFFFAOYSA-N,COC1(CCC(CC1)NCCCC(=O)c1ccc(cc1)F)c1ccc(cc1)C.COC1(CCC(CC1)NCCCC(=O)c1ccc(cc1)F)c1ccc(cc1)C.Cl.Cl.O,,-6.034186756
823,C-824,,YXTRQSJMIXMKRY-UHFFFAOYSA-N,CCCCOc1ccc(cc1)OCC(=O)N(c1ccc(c(c1)OC)OC)CCN(CC)CC.Cl,,-6.031897383
824,C-825,,GDLIGKIOYRNHDA-UHFFFAOYSA-N,CN(CCCN1c2ccccc2CCc2c1cc(Cl)cc2)C,,-6.030505234
825,C-826,,XQUXKZZNEFRCAW-SFHVURJKSA-N,N#C[C@@H](c1cccc(c1)Oc1ccccc1)OC(=O)C1C(C1(C)C)(C)C,,-6.0300002
826,C-827,,WSPOMRSOLSGNFJ-VGOFMYFVSA-N,CN(CC/C=C/1\c2ccccc2Sc2c1cc(Cl)cc2)C,,-6.029671254
827,C-828,,NPXVUKFDUUECTA-UHFFFAOYSA-N,C=CC[NH+]1CCc2c(C1CCc1ccc(cc1)[N+](=O)[O-])cc(c(c2)OC)OC.[Cl-],,-6.022245949
828,C-829,,OYVFJKVYVDYPFV-UHFFFAOYSA-M,CC[n+]1c(/C=C/C=C/C=C/C=c/2\sc3c(n2CC)cccc3)sc2c1cccc2.[I-],,-6.021678493
829,C-830,,RWYQWCPUSSPSER-LVEZLNDCSA-N,OC(=O)/C=C/C(=O)O.OC(=O)/C=C/C(=O)O.CCOC(=O)CN1CCN(CC1)CC1COC2(O1)c1ccccc1CCc1c2cccc1,,-6.020408034
830,C-831,,DCMURXAZTZQAFB-UHFFFAOYSA-N,Clc1ccc(c(c1)c1ccccc1Cl)Cl,,-6.02
831,C-832,,QQQYTWIFVNKMRW-UHFFFAOYSA-N,O=C(NC(=O)c1c(F)cccc1F)Nc1ccc(cc1)Cl,,-6.02
832,C-833,,KBOBGSLTWZFGEJ-KSBRXOFISA-N,Fc1ccc2c(c1)N(C(=O)SCCN(C(C)C)C(C)C)c1c(S2)cccn1.Fc1ccc2c(c1)N(C(=O)SCCN(C(C)C)C(C)C)c1c(S2)cccn1.OC(=O)/C=C\C(=O)O,,-6.018259001
833,C-834,,YZKZXTBSUSEYQZ-UHFFFAOYSA-N,OP(=O)(O)O.CCOc1ccc(cc1OC)Cc1nc(C)cc2c1cc(OC)c(c2)OC,,-6.017555248
834,C-835,,LUEYGEDBAGAETN-UHFFFAOYSA-N,CCCCCOc1ccc(cc1)C(=O)OCCCN1CCCCC1C,,-6.01590874
835,C-836,,IMSSROKUHAOUJS-MJCUULBUSA-N,C#C[C@]1(O)CC[C@@H]2[C@]1(C)CC[C@H]1[C@H]2CCc2c1ccc(c2)OC,,-6.014852237
836,C-837,,WHNRZMDIPJNSTO-WLHGVMLRSA-N,C1CCN(CC1)CC1COC2(O1)c1ccccc1OCc1c2cccc1.OC(=O)/C=C/C(=O)O,,-6.011786949
837,C-838,,ONNCPBRWFSKDMQ-UHFFFAOYSA-N,Clc1ccc(c(c1)c1cccc(c1)Cl)Cl,,-6.0100002
838,C-839,,PCZOHLXUXFIOCF-CRNKPSAOSA-N,CC[C@H](C(=O)O[C@@H]1C[C@H](C)C=C2[C@H]1[C@@H](CC[C@H]1C[C@@H](O)CC(=O)O1)[C@@H](C=C2)C)C,,-6.0100002
839,C-840,,FSNFYCPCXFQJSI-AREMUKBSSA-N,Cc1ccc(cc1)O[P@@](=O)(Oc1ccccc1C)Oc1cccc(c1)C,,-6.0100002
840,C-841,,IIBYAHWJQTYFKB-UHFFFAOYSA-N,Clc1ccc(cc1)C(=O)NCCc1ccc(cc1)OC(C(=O)O)(C)C,,-6.00789975
841,C-842,,VCWVDELCRZSGGD-UHFFFAOYSA-N,OC(=O)C(=O)[O-].CCOc1cc2c(cc1OCC)CC[NH+](C2CCc1ccc(cc1)Cl)C,,-6.004663165
842,C-843,,ILEKKZUHFYUQIE-BTJKTKAUSA-N,OC(=O)/C=C\C(=O)O.CCC(=O)c1ccc2c(c1)N(CC(N(C)C)C)c1c(S2)cccc1,,-6.002439162
843,C-844,,GVEPBJHOBDJJJI-UHFFFAOYSA-N,c1ccc2c(c1)c1cccc3c1c2ccc3,,-6.0
844,C-845,,HOCKJJPTFSEXEJ-UHFFFAOYSA-N,CC(=CCC(c1cccc2c1cccc2)(C(=O)N)CCN1CCCC1)C,,-5.995692207
845,C-846,,CPBGSLIVFJMDAK-UHFFFAOYSA-N,COC(=O)C1CCc2c1ccc(c2)C1CCCCC1,,-5.995586433
846,C-847,,WNHQFWFQAJPQMC-UHFFFAOYSA-N,ClCCN(c1ccc(cc1)OC(=O)c1cccc(c1)F)CCCl,,-5.993007278
847,C-848,,DFINKRRPZPLYKC-UHFFFAOYSA-N,ClCCN(c1ccc(cc1)OC(=O)c1ccc(cc1)F)CCCl,,-5.993007278
848,C-849,,HJHVQCXHVMGZNC-JCJNLNMISA-M,CC(=O)O[C@H]1C[C@]2([C@H](/C/1=C(/C(=O)[O-])\CCC=C(C)C)C[C@H]([C@@H]1[C@]2(C)CC[C@@H]2[C@]1(C)CC[C@H]([C@H]2C)O)O)C.[Na+],,-5.990985084
849,C-850,,STOJUOWCDNPDIQ-UHFFFAOYSA-N,CCN(CCCN(c1c(C)cccc1C)C(=O)Cc1ccccc1)CC,,-5.989077924
850,C-851,,NDCVPWSONNZYKP-UHFFFAOYSA-N,CCCCCCCCCCCCCCCCNCCSS(=O)(=O)O,,-5.988360992
851,C-852,,DOQPXTMNIUCOSY-UHFFFAOYSA-N,COc1ccc(cc1OC)CCN(CCCC(c1ccc(c(c1)OC)OC)(C(C)C)C#N)C.Cl,,-5.98613456
852,C-853,,DSXBQRQLQMPKOA-XJXJHPFJSA-M,CCC[N+]12CCC(C(C1)C=C)C[C@@H]2[C@H](c1ccnc2c1cc(OC)cc2)O.[Br-],,-5.983259519
853,C-854,,MMNICIJVQJJHHF-UHFFFAOYSA-N,O=C(C(c1ccsc1)C1CCCCC1)OCCN1CCCCCC1,,-5.982029001
854,C-855,,IEISBKIVLDXSMZ-UHFFFAOYSA-N,CN1CCC(C1)CN1c2ccccc2Sc2c1cccc2.Cl,,-5.980721518
855,C-856,,MUAYIAAIKPJCDG-UHFFFAOYSA-N,CCOC(=O)C(c1ccc2c(c1)nc(o2)c1ccc(cc1)Cl)C,,-5.980405219
856,C-857,,HYSSJKYEXPISGA-UHFFFAOYSA-N,ClCCN(c1ccc(cc1)OC(=O)c1ccc(cc1)OC)CCCl,,-5.978436508
857,C-858,,BGXJPPYIDPNUQX-UHFFFAOYSA-N,OC(=O)C(=O)O.CCC(=O)N(c1ccccc1)C(CN1CCC(CC1)c1ccccc1)C.CCC(=O)N(c1ccccc1)C(CN1CCC(CC1)c1ccccc1)C,,-5.975995472
858,C-859,,LWSXRFQDNPVXIU-UHFFFAOYSA-N,OC(=O)C(=O)O.CCC(=O)N(c1ccccc1)CC(N1CCC(CC1)c1ccccc1)C.CCC(=O)N(c1ccccc1)CC(N1CCC(CC1)c1ccccc1)C,,-5.975995472
859,C-860,,NXLIEUOZIPULBY-UHFFFAOYSA-L,C[N+]1(CCCCCCC[N+]2(C)CCCCC2)CCCCC1.[I-].[I-],,-5.974971986
860,C-861,,FUBVWMNBEHXPSU-UHFFFAOYSA-N,CCOC(=O)Nc1ccc2c(c1)N(C(=O)CCN1CCOCC1)c1c(S2)cccc1,,-5.971229336
861,C-862,,IZLPZXSZLLELBJ-UHFFFAOYSA-N,CCCCSc1ccc(cc1)C(c1ccccc1)SCCN(C)C,,-5.965858004
862,C-863,,LMBIKHIZFDMXHT-UHFFFAOYSA-N,O=C1CC(C)(C)CC(=NNC(=O)c2cnc([nH]c2=O)C)C1=NNc1ccccc1,,-5.964531676
863,C-864,,QCTMYNGDIBTNSK-XEAAVONHSA-N,OC[C@H]1O[C@@H](O[C@H]2CC[C@]3(C(=CC[C@@H]4[C@@H]3CC[C@]3([C@H]4C[C@H]4[C@@H]3[C@H](C)[C@]3(O4)CC[C@H](CN3)C)C)C2)C)[C@@H]([C@H]([C@H]1O)O[C@@H]1O[C@H](CO)[C@H]([C@@H]([C@H]1O)O)O)O[C@@H]1O[C@@H](C)[C@@H]([C@H]([C@H]1O)O)O,,-5.962995687
864,C-865,,VZDUQCJRCXCFKK-UHFFFAOYSA-N,CN(CCCC1(OC(c2c1cccc2)(C)C)c1ccc(cc1)C(F)(F)F)C.Cl,,-5.961766435
865,C-866,,MBAIEZXRGAOPKH-UHFFFAOYSA-N,C1Cc2ccc3c4c2c(C1)ccc4CCC3,,-5.96
866,C-867,,MJBCABRMQNZIRC-UHFFFAOYSA-N,CCOc1ccc(cc1OC)Cc1[nH+]c(C)cc2c1cc(OC)c(c2)OC.[Cl-],,-5.955969577
867,C-868,,GKQPCPXONLDCMU-CCEZHUSRSA-N,CCOC(=O)C1=C(C)NC(=C(C1c1ccccc1/C=C/C(=O)OC(C)(C)C)C(=O)OCC)C,,-5.953272132
868,C-869,,PSIFNNKUMBGKDQ-UHFFFAOYSA-N,CCCCc1nc(c(n1Cc1ccc(cc1)c1ccccc1c1n[nH]nn1)CO)Cl,,-5.95166953
869,C-870,,POYVBLZDHNJRJS-UHFFFAOYSA-N,CCCCCCCCOc1cccc(c1)NC(=O)OCC[NH+]1CCCCC1.[Cl-],,-5.947656279
870,C-871,,DTNVIQYPPCCDBY-UHFFFAOYSA-N,CCCCCCC1CCCCN1CCCOC(=O)c1ccccc1,,-5.947611931
871,C-872,,IWDBEHWZGDSFHR-BTJKTKAUSA-N,OC(=O)/C=C\C(=O)O.CSc1ccc2c(c1)C(Cc1c(S2)cccc1)N1CCN(CC1)C,,-5.944535982
872,C-873,,IHEHEFLXQFOQJO-UHFFFAOYSA-N,N#CC(c1ccccc1)(c1ccccc1)CCN1CCC(CC1)(N1CCCCC1)C(=O)N,,-5.942900067
873,C-874,,WKPWGQKGSOKKOO-RSFHAFMBSA-N,CO[C@@H]1/C=C/C=C(\C)/Cc2cc(OC)c(c(c2)N(C(=O)C[C@@H]([C@]2([C@H]([C@@H]([C@@H]3C[C@@]1(O)NC(=O)O3)C)O2)C)OC(=O)[C@@H](N(C(=O)C)C)C)C)Cl,,-5.942771339
874,C-875,,IQCZDPRPOLRNQX-UHFFFAOYSA-N,CCCCSc1ccc(cc1)C(c1ccccc1)SCCN(C)C.Cl,,-5.94260939
875,C-876,,BFLXOMFFVWQPAZ-CEEVVQPDSA-N,CC[C@H](C(=O)O[C@H]1[C@H](O)[C@H]2[C@H]([C@H]3[C@]1(O)[C@@H]1[C@H](OC(=O)C)[C@H](OC(=O)C)[C@H]4[C@]5([C@]1(C3)O[C@]4(O)[C@H](CC5)OC(=O)[C@@]([C@H](O)C)(O)C)C)CN1[C@H]([C@@]2(C)O)CC[C@@H](C1)C)C,,-5.9390407
876,C-877,,NPQXZJGCNCIZRO-UHFFFAOYSA-N,C[NH+](CCCC1c2ccccc2CCc2c1cccc2)C.[Cl-],,-5.937236153
877,C-878,,YMTINGFKWWXKFG-UHFFFAOYSA-N,CC(OC(=O)C(Oc1ccc(cc1)C(=O)c1ccc(cc1)Cl)(C)C)C,,-5.9358196
878,C-879,,LTIQDBREXPREBY-BTJKTKAUSA-N,OC(=O)/C=C\C(=O)O.CCCNCC1COC2(O1)c1ccccc1C=Cc1c2cccc1,,-5.93339994
879,C-880,,SVWGJWSFYJTBFL-UHFFFAOYSA-N,CC(CCc1ccc(cc1)C(=O)OCCCN1CCCCC1C)C,,-5.932772568
880,C-881,,HTMIBDQKFHUPSX-UHFFFAOYSA-N,CN1CCC(C1)CN1c2ccccc2Sc2c1cccc2,,-5.93047067
881,C-882,,KUCQYCKVKVOKAY-OTVXOJSOSA-N,Clc1ccc(cc1)[C@@H]1CC[C@@H](CC1)C1=C(O)C(=O)c2c(C1=O)cccc2,,-5.9299998
882,C-883,,JYCBKPOKWDDOOV-UHFFFAOYSA-N,CCCCOc1ccc(cc1)NC(=S)Nc1ccc(cc1)N(C)C,,-5.927386813
883,C-884,,QDWJJTJNXAKQKD-UHFFFAOYSA-N,OC(c1ccccc1)(C1CCCCC1)CCN1CCCCC1.Cl,,-5.923847702
884,C-885,,MAYVLFIUCRDJPJ-UHFFFAOYSA-N,C[NH+](CCCC1c2ccccc2C(c2c1cccc2)(C)C)C.[Cl-],,-5.920702913
885,C-886,,JDJRKRKGKINSID-UHFFFAOYSA-N,Cc1nc(Cc2ccc3c(c2)OCO3)c2c(c1)cc1c(c2)OCO1.Cl,,-5.91915094
886,C-887,,JJGAIWGZQREFFO-UHFFFAOYSA-N,N(CC1CCC(CC1)CNCCc1ccccc1)CCc1ccccc1.Cl.Cl,,-5.914168845
887,C-888,,TXMIBOAQLCETRU-UHFFFAOYSA-N,OCC(C(=O)O)(C(=O)O)CC(=O)[O-].CC[NH+](CCOC(=O)n1c2ccccc2c2c1cccc2)CC,,-5.912278227
888,C-889,,OGYFATSSENRIKG-UHFFFAOYSA-N,Clc1ccc(cc1)CN(C(=O)Nc1ccccc1)C1CCCC1,,-5.9099998
889,C-890,,JBWMXRJDMMPGCX-UHFFFAOYSA-N,CCCCCCCOc1ccccc1NC(=O)OC(C[NH+](CC)CC)C.[Cl-],,-5.909404438
890,C-891,,KHJRUGPUYSZNEP-UHFFFAOYSA-N,OC(=O)C(=O)[O-].Clc1ccc2c(c1)n(CC[NH+]1CCCC1)c1c2cccc1,,-5.908538621
891,C-892,,KKBASWQAOUMPNG-UHFFFAOYSA-N,COc1c(OC)cc(cc1OC)C(=O)OC1N=C(c2ccccc2)c2c(NC1=O)ccc(c2)Cl,,-5.907538714
892,C-893,,JGTYANSBOIVAMH-UHFFFAOYSA-N,OCCN1CCN(CC1)CCCN1c2ccccc2Sc2c1cc(Cl)cc2.Cl.Cl,,-5.906091965
893,C-894,,FBRAWBYQGRLCEK-AVVSTMBFSA-N,CCCC(=O)O[C@@]1([C@@H](C)C[C@@H]2[C@]1(C)CC(=O)[C@]1([C@H]2CCC2=CC(=O)C=C[C@]12C)F)C(=O)CCl,,-5.902098277
894,C-895,,GWKBZIADWSOIQV-BTJKTKAUSA-N,CN1CCN(CC1)C1Cc2ccccc2Sc2c1cc(Cl)cc2.OC(=O)/C=C\C(=O)O,,-5.900996916
895,C-896,,FIADGNVRKBPQEU-UHFFFAOYSA-N,CN1CCC(=C2c3ccsc3CCc3c2cccc3)CC1,,-5.900867207
896,C-897,,VKHAHZOOUSRJNA-GCNJZUOMSA-N,CC#C[C@]1(O)CC[C@@H]2[C@]1(C)C[C@H](c1ccc(cc1)N(C)C)C1=C3CCC(=O)C=C3CC[C@@H]21	,,-5.9
897,C-898,,OEVLSXWDRPDGPK-UHFFFAOYSA-N,CN1CCN(CC1)CCCC1c2ccccc2Sc2c1cccc2.Cl.Cl,,-5.89996513
898,C-899,,AJZJIYUOOJLBAU-CEAXSRTFSA-N,O[C@H]([C@H](C(=O)O)O)C(=O)O.CN(CC(CN1c2ccccc2Sc2c1cccc2)C)C.CN(CC(CN1c2ccccc2Sc2c1cccc2)C)C,,-5.899259228
899,C-900,,PKKDWPSOOQBWFB-UHFFFAOYSA-N,Clc1cc(Cc2cc(Cl)cc(c2O)Cl)c(c(c1)Cl)O,,-5.895454669
900,C-901,,SBEQUPBZKBGVHE-UHFFFAOYSA-N,CCCCNCC(=O)N1C(C)(C)CC(=CC1(C)C)c1ccccc1,,-5.895359092
901,C-902,,XEOKALCMOZKIBM-UHFFFAOYSA-N,CN(CCCN1c2ccc(cc2Sc2c1cc(Cl)c(c2)O)O)C,,-5.894827561
902,C-903,,KDKMJRJRONOCSH-UHFFFAOYSA-N,OC(=O)c1ccc2c(c1)CCc1c2cccc1,,-5.892867985
903,C-904,,CJUTVOCZKIFELY-UHFFFAOYSA-M,Nc1ccc(cc1)C(c1ccccc1)(C(=O)OC1CC2CCC(C1)[N+]2(C)Cc1ccc(cc1)Cl)O.[Br-],,-5.891063132
904,C-905,,CPGPAVAKSZHMBP-UHFFFAOYSA-N,Cc1c2ccccc2cc2c1cccc2,,-5.8899999
905,C-906,,OLWXRKNZPGNRLT-UHFFFAOYSA-N,CCCCCC(=O)OCN1C(=O)NC(C1=O)(c1ccccc1)c1ccccc1,,-5.8899999
906,C-907,,LVZBMEOGPGFHKB-UHFFFAOYSA-N,CCCCCCCOc1ccc(cc1)NC(=O)OCC[NH+]1CCCCC1.[Cl-],,-5.889725872
907,C-908,,BOFKYYWJAOZDPB-FZNHGJLXSA-N,CCCCC(=O)O[C@@]1(CC[C@@H]2[C@]1(C)C[C@H](O)[C@H]1[C@H]2CCC2=CC(=O)C=C[C@]12C)C(=O)CO,,-5.889026297
908,C-909,,HOKDBMAJZXIPGC-UHFFFAOYSA-N,c1ccc2c(c1)N(CC1CN3CCC1CC3)c1c(S2)cccc1,,-5.887624842
909,C-910,,NZZWSEZHSXKDLZ-UHFFFAOYSA-N,OC(CN1CCN(CC1)c1ccc(c(c1)C)C)COc1cc(C)ccc1C(C)C.Cl.Cl,,-5.886297436
910,C-911,,XQRUOHZMMIUQSB-UHFFFAOYSA-N,[O-]S(=O)(=O)C.CN1CC[NH+](CC1)C1Cc2ccccc2Sc2c1cc(Cl)cc2,,-5.88176102
911,C-912,,XULACPAEUUWKFX-UHFFFAOYSA-N,Clc1cc(c2cc(Cl)cc(c2O)[N+](=O)[O-])c(c(c1)[N+](=O)[O-])O,,-5.880778368
912,C-913,,BKIMMITUMNQMOS-UHFFFAOYSA-N,CCCCCCCCC,,-5.8800001
913,C-914,,KUVIULQEHSCUHY-XYWKZLDCSA-N,CCC(=O)O[C@@]1([C@@H](C)C[C@@H]2[C@]1(C)C[C@H](O)[C@]1([C@H]2CCC2=CC(=O)C=C[C@]12C)Cl)C(=O)COC(=O)CC,,-5.879920163
914,C-915,,UREZNYTWGJKWBI-UHFFFAOYSA-M,CC(CC(c1ccc(cc1)OCCOCC[N+](Cc1ccccc1)(C)C)(C)C)(C)C.[Cl-],,-5.879555444
915,C-916,,WZBSJWUNLSNPMJ-UHFFFAOYSA-N,CC[NH+](CCCOC(=O)C1c2ccccc2c2c1cccc2)CC.[Cl-],,-5.879481009
916,C-917,,NWZBFJYXRGSRGD-UHFFFAOYSA-M,CCCCCCCCCCCCCCCCCCOS(=O)(=O)[O-].[Na+],,-5.877445973
917,C-918,,JWEWVPITHISXGZ-BTJKTKAUSA-N,CC(NCC1COC2(O1)c1ccccc1C=Cc1c2cccc1)C.OC(=O)/C=C\C(=O)O,,-5.870854821
918,C-919,,QVPASGIYEYGKJR-LAGKVDDESA-N,O[C@H]([C@H](C(=O)O)O)C(=O)O.CCC(c1ccccc1)CN1CC[C@@]23[C@H]([C@H]1Cc1c3cc(cc1)O)CCCC2,,-5.869431735
919,C-920,,RXZUBOUSPZRJLZ-UHFFFAOYSA-N,C[NH+](CCOC(c1ccccc1)c1ccc(cc1)C1CCCCC1)C.[Cl-],,-5.866967245
920,C-921,,XEMGXBYFCSCENA-NMMAEDQESA-N,COc1cc2c(cc1Br)C[C@H]1[C@@H]3[C@]2(CCCC3)CCN1C.Br,,-5.866052747
921,C-922,,DWYCPPAVBIZSHC-UHFFFAOYSA-N,CCCC[NH+](CCCC1(c2ccccc2)C(=O)Oc2c1cccc2)CCCC.[Cl-],,-5.86551237
922,C-923,,WFJKULNGRMDNJG-FJZULJNHSA-N,CC[NH+](CCO/[NH+]=C(/c1nccc2c1cc(OC)c(c2)OC)\c1ccc(c(c1)OC)OC)CC.[Cl-].[Cl-],,-5.855986251
923,C-924,,UJEGHEMJVNQWOJ-UHFFFAOYSA-N,CCCCCCCOCCCCCCC,,-5.854813795
924,C-925,,QIFFMXMEBPAKMS-BTJKTKAUSA-N,CN1CCC(CC1)OC1c2ccccc2CCc2c1cccc2.OC(=O)/C=C\C(=O)O,,-5.854540937
925,C-926,,AFCLFDKFCDBXOH-UHFFFAOYSA-N,Fc1ccccc1CNCC1CCC(CC1)CNCc1ccccc1F.Cl.Cl,,-5.853836165
926,C-927,,GHOXUIXRTCVANK-UHFFFAOYSA-N,O=C(Nc1ccc(cc1Sc1ccc(cc1)Cl)Cl)CCN1CCCC1,,-5.852679983
927,C-928,,LWUYTXFIYUOZGE-UHFFFAOYSA-N,Clc1ccccc1CNC1CCC(CC1)NCc1ccccc1Cl.CC(=O)O.CC(=O)O,,-5.852463814
928,C-929,,UURAUHCOJAIIRQ-QGLSALSOSA-N,CCN(CCSCC(=O)O[C@@H]1C[C@@](C)(C=C)[C@@H](O)[C@@H]([C@]23[C@H]([C@@]1(C)[C@H](C)CC2)C(=O)CC3)C)CC,,-5.851082475
929,C-930,,DOWJXOHBNXRUOD-UHFFFAOYSA-N,Cc1cccc2c1ccc1c2cccc1,,-5.8499999
930,C-931,,UMFDOKHYNFURFT-LEEZJRHMSA-N,COc1ccc2c(c1)Sc1c(/C/2=C\CCN2CCN(CC2)C)cccc1.Cl.Cl,,-5.849806998
931,C-932,,QPOFIDVRLWJICD-UHFFFAOYSA-N,OC(=O)C(O)C.CC(Cc1ccccc1)NCCC(c1ccccc1)c1ccccc1,,-5.849012807
932,C-933,,BUYJXXRXCHMFDZ-UHFFFAOYSA-N,COc1cc2Sc3ccc(cc3N(c2cc1O)CCCN(C)C)Cl,,-5.847829821
933,C-934,,LGLLXTFYYXSARU-GFOWMXPYSA-N,ClCCN(c1ccc(cc1)CC(C(=O)N[C@@H](C(=O)OCC)C(C)C)NC(=O)C)CCCl,,-5.846861963
934,C-935,,AURYFRZDONQWIG-UHFFFAOYSA-N,C[NH+](CCn1c2ccc(cc2[nH]c2c(c1=O)cccc2)Cl)C.[Cl-],,-5.846158381
935,C-936,,GJTSLVYVRWSGKK-UHFFFAOYSA-N,Clc1ccc2c(c1)n(CC[NH+]1CCCC1)c1c2cccc1.[Cl-],,-5.844156048
936,C-937,,XBQZDVPAJGHARN-CEFNGPBASA-N,Clc1ccc2c(c1)/C(=C/CCN1CCNCC1)/c1c(S2)cccc1.Cl.Cl,,-5.843713991
937,C-938,,QAGGLICGAXHMIZ-BTJKTKAUSA-N,OC(=O)/C=C\C(=O)O.CCCCNCC1COC2(O1)c1ccccc1OCc1c2cccc1,,-5.843581865
938,C-939,,OGHNVEJMJSYVRP-UHFFFAOYSA-N,COc1ccccc1OCCNCC(COc1cccc2c1c1ccccc1[nH]2)O,,-5.843447253
939,C-940,,CIWBQSYVNNPZIQ-XYWKZLDCSA-N,CCC(=O)O[C@@]1([C@@H](C)C[C@@H]2[C@]1(C)C[C@H](O)[C@]1([C@H]2CCC2=CC(=O)C=C[C@]12C)F)C(=O)COC(=O)CC,,-5.843264366
940,C-941,,SSHUEVNEGPWTJB-UHFFFAOYSA-N,Nc1ccnc(n1)N1CCN(CC1)CCC(c1ccccc1)(c1ccccc1)c1ccccc1,,-5.842595707
941,C-942,,SNUOZYUMIBOGNS-UHFFFAOYSA-N,CN(CCN1c2ccccc2N=C(c2c1ccc(c2)Cl)c1ccccc1)C,,-5.841875049
942,C-943,,KANLOADZXMMCQA-UHFFFAOYSA-N,Cc1ccc2c(c1)ccc1c2cccc1,,-5.8400002
943,C-944,,DEKWZWCFHUABHE-HNNXBMFYSA-N,CC(=O)C[C@H](c1c(=O)oc2c(c1O)cccc2)c1ccc(cc1)Cl,,-5.8400002
944,C-945,,YHGAGMNSWODGFY-UHFFFAOYSA-N,Nc1c2cc(ccc2nc2c1cccc2)c1ccccc1,,-5.839725504
945,C-946,,YWWZVTFZBXVKRM-UHFFFAOYSA-N,Nc1c2cccc(c2nc2c1cccc2)c1ccccc1,,-5.839725504
946,C-947,,DEKWZWCFHUABHE-UHFFFAOYSA-N,CC(=O)CC(c1c(=O)oc2c(c1O)cccc2)c1ccc(cc1)Cl,,-5.836039123
947,C-948,,MUDUBLGOHBPCKH-LLINQDLYSA-N,ClCCN([C@H]1CC[C@@H]2[C@]1(C)CC[C@H]1[C@H]2CCC2=CC(=O)CC[C@]12C)CCCl,,-5.835763234
948,C-949,,PXDBZSCGSQSKST-UHFFFAOYSA-N,CCOc1ccc(cc1)Cc1nc2c(n1CCN(CC)CC)ccc(c2)[N+](=O)[O-],,-5.833086544
949,C-950,,YGIILZUAYFBBMZ-UHFFFAOYSA-N,ClCCSCC[NH+](c1ccccc1)CCSCCCl.[Cl-],,-5.824844844
950,C-951,,MKXYHEQCWDIQHQ-PSXQHBSSSA-N,COc1cc(ccc1OC)/C(=[NH+]\OCC(=O)N(c1ccccc1)CC[NH+]1CCOCC1)/c1nccc2c1cc(OC)c(c2)OC.[Cl-].[Cl-],,-5.824508111
951,C-952,,LCCVYZLUEHOBDC-UHFFFAOYSA-N,COC(=O)c1ccccc1Nc1cccc(c1C)C,,-5.823880959
952,C-953,,WLSWIPXQPOWVGX-UHFFFAOYSA-N,CCCC(COC(=O)NN=C(C)C)(COC(=O)NN=C(C)C)C,,-5.823573408
953,C-954,,KLBQZWRITKRQQV-UHFFFAOYSA-N,CSc1ccc2c(c1)N(CCC1CCCCN1C)c1c(S2)cccc1,,-5.820685746
954,C-955,,QMQFFHSJUJDRPG-UHFFFAOYSA-N,OC(=O)c1c(I)cc(c(c1I)N)I,,-5.820681744
955,C-956,,AHVIRXLYZVRAIR-UHFFFAOYSA-N,COc1ccccc1CNCC1CCC(CC1)CNCc1ccccc1OC.Cl.Cl,,-5.820234824
956,C-957,,LKPLKUMXSAEKID-UHFFFAOYSA-N,Clc1c(Cl)c([N+](=O)[O-])c(c(c1Cl)Cl)Cl,,-5.8200002
957,C-958,,LVNOZUPADRTWMK-UHFFFAOYSA-N,CC[NH+](CCOC(=O)CC1c2ccccc2c2c1cccc2)CC.[Cl-],,-5.816602274
958,C-959,,HDLBXIMVKQPNNL-UHFFFAOYSA-N,CC[NH+](C(COC(=O)C1c2ccccc2c2c1cccc2)C)CC.[Cl-],,-5.816602274
959,C-960,,AFVPBHIGQFTYLE-UHFFFAOYSA-N,CN(Cc1ccccc1)CC1CCC(CC1)CN(Cc1ccccc1)C.Cl.Cl,,-5.815914266
960,C-961,,BAINIUMDFURPJM-UHFFFAOYSA-N,O=c1[nH]c2c(n1CCCN1CCN(CC1)C(c1ccccc1)c1ccccc1)cccc2,,-5.810177136
961,C-962,,CYJIYXOBSGOMLD-UHFFFAOYSA-N,Clc1ccccc1CNC1CCC(CC1)NCc1ccccc1Cl.Cl.Cl,,-5.807857701
962,C-963,,QEEBRPGZBVVINN-BMPKRDENSA-N,O[C@H]1CC[C@]2([C@@H](C1)CC[C@@H]1[C@@H]2CC[C@]2([C@]1(O)CC[C@@H]2c1ccc(=O)oc1)C)C,,-5.801144255
963,C-964,,KTXUOWUHFLBZPW-UHFFFAOYSA-N,Clc1cccc(c1)c1cccc(c1)Cl,,-5.8000002
964,C-965,,VEPSYABRBFXYIB-PWXDFCLTSA-M,CC(=O)O[C@H]1C[C@@H]2CC[C@@H]3[C@@H]([C@]2(C[C@@H]1N1CCCCC1)C)CC[C@]1([C@H]3C[C@@H]([C@@H]1OC(=O)C)[N+]1(C)CCCCC1)C.[Br-],,-5.799895239
965,C-966,,ZGVSETXHNHBTRK-UDJLNJFBSA-N,OC[C@H]1O[C@@H](O[C@H]2CC[C@]3(C(=CC[C@@H]4[C@@H]3CC[C@]3([C@H]4C[C@H]4[C@@H]3[C@H](C)[C@@H]3N4C[C@H](CC3)C)C)C2)C)[C@@H]([C@H]([C@H]1O)O[C@@H]1O[C@H](CO)[C@H]([C@@H]([C@H]1O)O)O)O[C@@H]1O[C@@H](C)[C@@H]([C@H]([C@H]1O)O)O,,-5.798990972
966,C-967,,IDWVKNARDDZONS-UHFFFAOYSA-N,CN(CCn1c2ccc(cc2[nH]c2c(c1=O)cccc2)Cl)C,,-5.798450309
967,C-968,,ZIXNZOBDFKSQTC-UHFFFAOYSA-N,O=C1Nc2ccc(cc2C2(N(C1)CCO2)c1ccccc1Cl)Cl,,-5.796142506
968,C-969,,QGFGZTLOUOJUQB-UHFFFAOYSA-N,ClCCN(c1cc(ccc1C)C(=O)Nc1nccs1)CCCl,,-5.796069168
969,C-970,,FHIKZROVIDCMJA-UHFFFAOYSA-N,CCCC(c1ccccc1)(c1ccccc1)C(=O)OCCN(CC)CC.Cl,,-5.790995146
970,C-971,,PJANXHGTPQOBST-VAWYXSNFSA-N,c1ccc(cc1)/C=C/c1ccccc1,,-5.790492422
971,C-972,,SLFGIOIONGJGRT-UHFFFAOYSA-N,N#Cc1ccc2c(c1)N(CC(CN(C)C)C)c1c(S2)cccc1,,-5.790155227
972,C-973,,IIYKUJVECNNTEY-LREBCSMRSA-N,O[C@H]([C@H](C(=O)O)O)C(=O)O.CN(CCCN1c2ccccc2C(c2c1cccc2)(C)C)C,,-5.789963876
973,C-974,,SMPZPKRDRQOOHT-UHFFFAOYSA-N,COc1cc2OC(C)(C)C=Cc2c2c1c(=O)c1c(n2C)cccc1,,-5.78784796
974,C-975,,RJUUDPCLWNXKQZ-UHFFFAOYSA-N,O=C(C(c1ccccc1)c1ccccc1)OCCCN1CCCCC1C,,-5.783234398
975,C-976,,CFBQYWXPZVQQTN-QPTUXGOLSA-N,Oc1ccc2c(c1)[C@]13CCCC[C@H]3[C@@H](C2)N(CC1)CCc1ccccc1,,-5.781894133
976,C-977,,ZNAAXXGCHCCLDM-BTJKTKAUSA-N,OC(=O)/C=C\C(=O)O.CC(CNCC1COC2(O1)c1ccccc1OCc1c2cccc1)C,,-5.7811237
977,C-978,,BRABPYPSZVCCLR-UHFFFAOYSA-N,COc1ccc2c(c1)N(CCCN(C)C)c1c(S2)cccc1,,-5.779793749
978,C-979,,AAZHUVOGSCDTKW-UHFFFAOYSA-N,OC(=O)C(=O)[O-].COc1ccc2c(c1)n(CCC[NH+](C)C)c1c2ccc(c1)Cl,,-5.779501512
979,C-980,,AMORDSNWJXKHMV-UHFFFAOYSA-N,CCN(CCn1c2ccccc2[nH]c(=O)c2c1cccc2)CC,,-5.777888841
980,C-981,,MKXWZVYEVYAFOZ-UHFFFAOYSA-N,O=C(COc1c(ccc(c1C(=O)OC(C)C)C)C(C)C)OCCN1CCCCC1,,-5.776798648
981,C-982,,LQZPJQKYAOYUJS-UHFFFAOYSA-N,CCN(CCN1c2ccccc2Sc2c1cccc2)CC.Cl,,-5.769810675
982,C-983,,RCYTWTBFGNSMQC-VHEBQXMUSA-N,CC1=NN(C(=O)C1/N=N/c1ccc(cc1)C(=O)O)c1ccccc1,,-5.767141059
983,C-984,,NQBIIZCLITWWOH-UHFFFAOYSA-N,COc1cc(O)cc2c1N(CCCN(C)C)c1c(S2)ccc(c1)Cl,,-5.766279564
984,C-985,,GFBKORZTTCHDGY-UWVJOHFNSA-N,CN1CCN(CC1)CC/C=C\1/c2ccccc2Sc2c1cc(cc2)S(=O)(=O)N(C)C,,-5.766201431
985,C-986,,GFBKORZTTCHDGY-UFWORHAWSA-N,CN1CCN(CC1)CC/C=C/1\c2ccccc2Sc2c1cc(cc2)S(=O)(=O)N(C)C,,-5.763921665
986,C-987,,BRSBHYWFYBOUGG-UHFFFAOYSA-N,CC[NH+](CC(OC(=O)C(c1ccccc1)c1ccccc1)C)CC.[Cl-],,-5.759949938
987,C-988,,JUSNIEPCJNWQRR-UHFFFAOYSA-N,C1CCCCN(C1)CC1CCC(CC1)CN1CCCCCC1.Cl.Cl,,-5.752436627
988,C-989,,NRSAHUUHMMVYTD-UHFFFAOYSA-N,CC[NH+](CCOC(=O)n1c2ccccc2c2c1cccc2)CC.[Cl-],,-5.751272856
989,C-990,,ANIAQSUBRGXWLS-MRXNPFEDSA-N,CC[P@@](=S)(OCC)Oc1cc(Cl)c(cc1Cl)Cl,,-5.75
990,C-991,,SNTQPLDRUZOSDP-UHFFFAOYSA-N,CCCC(c1ccccc1)(c1ccccc1)C(=O)OCCN(CC)CC,,-5.748367442
991,C-992,,FDOGNTWNJXHXNZ-MZIRSVLISA-N,O[C@H]([C@H](C(=O)O)O)C(=O)O.COc1ccc2c(c1)[C@]13CCCC[C@H]3[C@@H](C2)N(CC1)CCC(C)C,,-5.74760462
992,C-993,,WGUWGLFTDRGBSR-UHFFFAOYSA-N,CCC(C(C(C[NH+](C)C)C)(c1ccccc1)c1ccccc1)OC(=O)CC.[Cl-],,-5.745435069
993,C-994,,MARGMYHNEQURTE-UHFFFAOYSA-N,CCC(C(c1ccccc1)(c1ccccc1)CC([NH+](C)C)C)OC(=O)CC.[Cl-],,-5.745435069
994,C-995,,OIRAEJWYWSAQNG-LBPRGKRZSA-N,OC(=O)[C@H]1CCc2c1cc(Cl)c(c2)C1CCCCC1,,-5.742824846
995,C-996,,VEDTXTNSFWUXGQ-UHFFFAOYSA-N,CCOP(=S)(OCC)SCSc1ccc(cc1)Cl,,-5.7399998
996,C-997,,ODLGFPIWRAEFAN-PFEQFJNWSA-N,COc1ccc2c(c1)N(C[C@@H](CN(C)C)C)c1c(S2)cccc1.Cl,,-5.739390314
997,C-998,,VBKNNJQOMLOXQL-UHFFFAOYSA-N,C[NH+](CCCC1c2ccccc2C=Cc2c1cccc2)C.[Cl-],,-5.739352381
998,C-999,,REYUZOLYIOQRIG-UHFFFAOYSA-N,CCCCCCCCCCOc1c(OC)cc(cc1OC)C(=O)N,,-5.736671984
999,C-1000,,XMBJPJHCAJZCLU-UHFFFAOYSA-N,[O-]S(=O)(=O)C.OCc1ccc2c3c1sc1cc(Cl)ccc1c3nn2CC[NH+](CC)CC,,-5.73596693
1000,C-1001,,RZQROJIKNQDWGX-LVEZLNDCSA-N,OC(=O)/C=C/C(=O)O.OC(=O)/C=C/C(=O)O.CNC(=O)CN1CCN(CC1)CC1COC2(O1)c1ccccc1C=Cc1c2cccc1,,-5.734845823
1001,C-1002,,CNGNQNHWZQZZPC-LIXABZRUSA-N,CC(=O)Oc1ccc2c(c1)[C@]13CCCC[C@H]3[C@@H](C2)N(CC1)CCc1ccccc1.Cl,,-5.733984005
1002,C-1003,,VDOLRBJLUIFCGO-UHFFFAOYSA-N,C1CCN(C1)CCN1c2ccccc2Sc2c1cccc2.Cl,,-5.732015598
1003,C-1004,,PHQBGRRDAYJMCR-UHFFFAOYSA-N,CCCCC1=CC(N(C(C1)(C)C)C(=O)CN(CC)CC)(C)C,,-5.730357367
1004,C-1005,,ISNMCLQAHBYOKS-UHFFFAOYSA-N,CN1c2ccccc2CN(c2c1cccc2)C,,-5.728628823
1005,C-1006,,ZCDNRPPFBQDQHR-SSYATKPKSA-N,CCOC(=O)Oc1c(OC)cc(cc1OC)C(=O)O[C@@H]1C[C@@H]2CN3CCc4c([C@H]3C[C@@H]2[C@@H]([C@H]1OC)C(=O)OC)[nH]c1c4ccc(c1)OC,,-5.726688779
1006,C-1007,,NFCRBQADEGXVDL-UHFFFAOYSA-M,CCCCCCCCCCCCCCCC[n+]1ccccc1.[Cl-].O,,-5.72523161
1007,C-1008,,SIZQOZWQHVSXMC-UHFFFAOYSA-N,COC1(CCC(CC1)NCCCC(=O)c1ccc(cc1)F)c1ccc(cc1)F.Cl,,-5.724203129
1008,C-1009,,VRCHGIBAGWCXID-UHFFFAOYSA-N,COC1(CCC(CC1)NCCCC(=O)c1ccc(cc1)F)c1ccc(cc1)C.Cl,,-5.72393991
1009,C-1010,,VNTDJZPKDTVRQN-UHFFFAOYSA-N,COC1(CCC(CC1)NCCCC(=O)c1ccc(cc1)F)c1cccc(c1)C.Cl,,-5.72393991
1010,C-1011,,DDLIGBOFAVUZHB-UHFFFAOYSA-N,Clc1ccc2c(c1)C(=NCc1n2c(C)nc1)c1ccccc1F,,-5.72094122
1011,C-1012,,JHJOOSLFWRRSGU-UHFFFAOYSA-N,COP(=S)(Oc1cc(Cl)c(cc1Cl)Cl)OC,,-5.7199998
1012,C-1013,,YFEPHJVWLFGWKH-CQSZACIVSA-N,COc1cc2c(cc1OC)c1C[C@H]3CCCN3Cc1c1c2c(OC)c(OC)cc1,,-5.719691027
1013,C-1014,,TYQXKHPOXXXCTP-CSLYCKPJSA-N,CCC(=O)O[C@H]1[C@@H](O[C@@H](C[C@@H]1N(C)C)C)O[C@@H]1[C@@H](C)[C@H](O[C@@H]2O[C@@H](C)[C@@H]([C@](C2)(C)OC)O)[C@@H](C)C(=O)O[C@H](CC)[C@@]([C@@H]([C@H](C(=O)[C@@H](C[C@@]1(C)O)C)C)O)(C)O,,-5.719226289
1014,C-1015,,DULRAWOLASLZFF-UHFFFAOYSA-N,CN(C(CC12CC3CC(C2)CC(C1)C3)C)Cc1ccccc1.Cl,,-5.718172787
1015,C-1016,,OLNLBYCEMYGFIP-UHFFFAOYSA-N,CN(CCCC12CC3CC(C1)CC(C2c1ccccc1)C3)C.Cl,,-5.718172787
1016,C-1017,,IKYIXZSIKOYSLD-UHFFFAOYSA-N,OC(=O)C(c1ccccc1)Cc1cc(I)c(c(c1)I)O,,-5.717848796
1017,C-1018,,KRTPZDITOONUEW-UHFFFAOYSA-N,CCC(C(=O)OCC(Br)(Br)Br)CC,,-5.716895887
1018,C-1019,,REXWOFSLUVLBDP-QNGOZBTKSA-N,CCC(=O)N1C2CCC1CN(C2)C/C(=C/c1ccccc1)/c1ccccc1,,-5.716173251
1019,C-1020,,QNXUUBBKHBYRFW-QWAPGEGQSA-N,ClCCOC1=CC2=C(C=O)C[C@@H]3[C@]([C@]2(CC1)C)(F)[C@@H](O)C[C@]1([C@H]3C[C@@H]2[C@]1(OC(O2)(C)C)C(=O)COC(=O)C)C,,-5.715746222
1020,C-1021,,YWYQTGBBEZQBGO-OQOYYRQQSA-N,O[C@@H]1CC[C@]2([C@@H](C1)CC[C@@H]1[C@@H]2CC[C@]2([C@H]1CC[C@@H]2[C@H](O)C)C)C,,-5.715565905
1021,C-1022,,JJYCENBZIMIWTM-HYFMXHDLSA-N,CO[C@@H]1[C@@H](OC(=O)N)[C@@H](O)[C@H](OC1(C)C)Oc1ccc2c(c1C)oc(=O)c(c2O)NC(=O)c1ccc(c(c1)CCC(C)C)O,,-5.713079518
1022,C-1023,,YILXLSNWYXRHLU-UHFFFAOYSA-N,Ic1ccc(nc1)SCCCCCCCN1CCSC1.Cl,,-5.708873561
1023,C-1024,,ULGZDMOVFRHVEP-RWJQBGPGSA-N,CC[C@H]1OC(=O)[C@H](C)[C@@H](O[C@@H]2O[C@@H](C)[C@@H]([C@](C2)(C)OC)O)[C@H](C)[C@@H](O[C@@H]2O[C@H](C)C[C@@H]([C@H]2O)N(C)C)[C@](C[C@H](C(=O)[C@@H]([C@H]([C@]1(C)O)O)C)C)(C)O,,-5.70820202
1024,C-1025,,OHXVNPLQCLJGEX-UHFFFAOYSA-N,CCCCCCCCCCCCCCCCCCCCCCCCCCCCCCOC(=O)CCCCCCCCCCCCCCCCCCCCCCCCC,,-5.702978065
1025,C-1026,,ODMDVXBFLZLMOV-UHFFFAOYSA-N,O=CC(c1ccc2c(c1)ccc1c2cccc1)C,,-5.701382665
1026,C-1027,,VYVKHNNGDFVQGA-UHFFFAOYSA-N,COc1ccc(cc1)CC(N(CCCCOC(=O)c1ccc(c(c1)OC)OC)CC)C,,-5.694401029
1027,C-1028,,YDUVNCVFHOFCBV-UHFFFAOYSA-N,O=C(N1c2ccccc2CCc2c1cccc2)C[NH2+]C(C)(C)C.[Cl-],,-5.693816365
1028,C-1029,,APUSEOXZOIWVBF-RZWQWLLSSA-N,COc1ccc(cc1)C(=O)CN1CC[C@@]23[C@H]([C@H]1Cc1c3cc(cc1)O)CCCC2.Cl,,-5.692892577
1029,C-1030,,IABNRFKGIGJEFF-UHFFFAOYSA-N,CCC1(CC)OC(c2c1cccc2)(CCCN(C)C)c1ccccc1.Cl,,-5.692017365
1030,C-1031,,MAFMQEKGGFWBAB-UHFFFAOYSA-N,COCCOCCOCCOCCOCCOCCOCCOCCOCCOC(=O)c1ccc(cc1)NCCCC,,-5.691658777
1031,C-1032,,DCKXNKRUGUYEPS-UHFFFAOYSA-N,ClCCN(c1ccc(cc1)OC(=O)c1ccccc1)CCCl,,-5.690990336
1032,C-1033,,XHSHZRTUPHMFMW-UHFFFAOYSA-N,CN(CCCC1(CC(c2c1cccc2)(C)C)c1ccccc1)C.Cl,,-5.690763406
1033,C-1034,,CHNUNORXWHYHNE-UHFFFAOYSA-N,CC(Oc1cc(c(cc1Cl)Cl)n1nc(oc1=O)C(C)(C)C)C,,-5.6900001
1034,C-1035,,YVBGGZGCBWNVDX-UHFFFAOYSA-N,CN(CCCC1c2ccccc2C=Cc2c1cccc2)C,,-5.685727665
1035,C-1036,,OJTXPGCWXBTARX-UHFFFAOYSA-N,CCN(CCCn1c(=O)c2ccccc2[nH]c2c1cccc2)CC,,-5.684367611
1036,C-1037,,PQYGSSYFJIJDFK-UHFFFAOYSA-N,CCCCCCCC(=O)CCCCCCC,,-5.684359957
1037,C-1038,,CTVUQTJFCOUSCI-UHFFFAOYSA-N,CCCCN1CCC(CC1)(OC(=O)Cc1ccccc1)c1ccccc1.Cl,,-5.680824996
1038,C-1039,,FZMYJEWPAHFZNM-UHFFFAOYSA-N,CCN(CCOC(=O)C1c2ccccc2Cc2c1cccc2)CC.Cl,,-5.680534681
1039,C-1040,,ZSDSQXJSNMTJDA-UHFFFAOYSA-N,CCCN(c1c(cc(cc1[N+](=O)[O-])C(F)(F)F)[N+](=O)[O-])CCC,,-5.6799998
1040,C-1041,,QIQXTHQIDYTFRH-UHFFFAOYSA-N,CCCCCCCCCCCCCCCCCC(=O)O,,-5.6799998
1041,C-1042,,YDLQKLWVKKFPII-UHFFFAOYSA-N,Fc1ccc(cc1)C(=O)CCCN1CCC(CC1)n1c(=S)[nH]c2c1cccc2,,-5.679018161
1042,C-1043,,SQSNGPIVSCOKRR-UHFFFAOYSA-N,CNCCCN1c2cc(Cl)ccc2Sc2c1ccc(c2)O,,-5.678912453
1043,C-1044,,QLPNZYZWDNTQFD-UHFFFAOYSA-N,OC(=O)C(c1ccc2c(c1)CCc1c2cccc1)C,,-5.677663758
1044,C-1045,,FPPCQURAUSZVBZ-UHFFFAOYSA-N,CCCCCCCOc1ccccc1NC(=O)OCCN1CCCCC1.Cl,,-5.676198044
1045,C-1046,,XAXZRLRPMYYALI-UHFFFAOYSA-N,Clc1ccc2c(c1)c(C)cc(n2)SCCCCCN1CSCC1.Cl.Cl,,-5.672989305
1046,C-1047,,JYNMKSDVPCAZCM-UHFFFAOYSA-N,CCCCCCCCSCCCCCCN1CSCC1.Cl,,-5.672849211
1047,C-1048,,SBPBAQFWLVIOKP-UHFFFAOYSA-N,CCOP(=S)(Oc1nc(Cl)c(cc1Cl)Cl)OCC,,-5.6700001
1048,C-1049,,UOAMTSKGCBMZTC-UHFFFAOYSA-N,OC(C(Cl)(Cl)Cl)(c1ccc(cc1)Cl)c1ccc(cc1)Cl,,-5.6700001
1049,C-1050,,KQNZDYYTLMIZCT-KQPMLPITSA-N,O[C@@H]1C[C@@H]2[C@@H](C1)/C=C/CCC[C@@H](OC(=O)/C=C/[C@H]2O)C,,-5.669571013
1050,C-1051,,VGQBGHMODQMJEJ-UHFFFAOYSA-N,COc1cc2c(cc1OC)CCN(C2CCc1cccc(c1Cl)Cl)C,,-5.669512187
1051,C-1052,,LXGKFCALTYIGBW-UHFFFAOYSA-N,COc1cc2c(cc1OC)CCN(C2CCc1c(Cl)cccc1Cl)C,,-5.669512187
1052,C-1053,,HRNKLYSRKFRIQO-UHFFFAOYSA-N,CCCCOc1ccc(cc1)OCC(=O)N(c1cccc(c1)OCC)CCN(C)C.Cl,,-5.667408659
1053,C-1054,,HDGAKKHUALYJSA-UHFFFAOYSA-N,CCC(C(c1ccccc1)(c1ccccc1)CC([NH+](C)C)C)Cl.[Cl-],,-5.665743421
1054,C-1055,,CERUVRSAHAFOLZ-LAWPZHMJSA-N,O=C1OCC(=C1)[C@H]1CC[C@]2([C@]1(C)CCC1C2CC[C@H]2[C@]1(C)CC[C@@H](C2)O[C@H]1C[C@H](O)[C@@H]([C@H](O1)C)O[C@H]1C[C@H](O)[C@@H]([C@H](O1)C)O)O,,-5.661505624
1055,C-1056,,VVPAATLHWUDQMI-MZIRSVLISA-N,O[C@H]([C@H](C(=O)O)O)C(=O)O.COc1ccc2c(c1)[C@]13CCCC[C@H]3[C@@H](C2)N(CC1)CC=C(C)C,,-5.66019207
1056,C-1057,,CHNXZKVNWQUJIB-VPXZLSIOSA-N,C#C[C@@]1(O)CC[C@@H]2[C@]1(C)CC[C@H]1[C@H]2CCC2=CC(=O)CC[C@]12C,,-5.6599998
1057,C-1058,,YTCSKUDULFDUDD-UHFFFAOYSA-N,NCCCN1c2ccc(cc2Sc2c1cc(Cl)cc2)O,,-5.659497421
1058,C-1059,,LXRLABSDZUKVGP-UHFFFAOYSA-N,C[NH2+]CCCC1c2ccccc2CCc2c1cccc2.[Cl-],,-5.656981045
1059,C-1060,,DTTVBSRGHJKBOQ-UHFFFAOYSA-N,CCN(CC(=O)N1C(C)(C)CC(=CC1(C)C)c1ccccc1)CC,,-5.656796808
1060,C-1061,,ADLUXTSNZSZRQU-UHFFFAOYSA-N,OC(=O)C(=O)O.CN(CCCC1(OC(c2c1cccc2)(C)C)C1CCCCC1)C,,-5.656205307
1061,C-1062,,CDOZDBSBBXSXLB-UHFFFAOYSA-N,CCN(C(CN1c2ccccc2Sc2c1cccc2)C)CC,,-5.654395513
1062,C-1063,,LMYNSXURIAOYIR-UHFFFAOYSA-N,c1ccc2c(c1)CCC1N2CCN(C1)CCc1cccc2c1cccc2.Cl,,-5.652232588
1063,C-1064,,XTSSXTWGEJTWBM-FQEVSTJZSA-N,COc1ccc2c(cc1=O)[C@H](CCc1c2c(OC)c(c(c1)OC)OC)NC(=O)c1ccccc1,,-5.651347665
1064,C-1065,,VQNAFOJXHZEXDE-UHFFFAOYSA-N,CCCC[NH+]1CCC(CC1)OC(=O)C(c1ccccc1)c1ccccc1.[Cl-],,-5.650253792
1065,C-1066,,CEOCDNVZRAIOQZ-UHFFFAOYSA-N,Clc1cc(Cl)c(c(c1Cl)Cl)Cl,,-5.6500001
1066,C-1067,,XXLZPUYGHQWHRN-RPBOFIJWSA-N,CCC1=C(C[C@H]2NCCc3c2cc(OC)c(c3)OC)C[C@@H]2N(C1)CCc1c2cc(c(c1)OC)OC,,-5.645775378
1067,C-1068,,TXNPKAZVKAHXGK-UHFFFAOYSA-N,OC(=O)C(c1ccc2c(c1)nc(o2)c1ccc(cc1)C(C)(C)C)C,,-5.642261784
1068,C-1069,,HVFCLQQFFYUROM-XJQFHKDFSA-N,COc1ccc(cc1[N+](=O)[O-])C(=O)CN1CC[C@@]23[C@H]([C@H]1Cc1c3cc(cc1)O)CCCC2.Cl,,-5.641406166
1069,C-1070,,XCJXQCUJXDUNDN-OZUNKVAOSA-N,ClC1=C(Cl)[C@]2(C([C@]1(Cl)[C@H]1[C@@H]2CC=C1)(Cl)Cl)Cl,,-5.6399999
1070,C-1071,,CRQQGFGUEAVUIL-UHFFFAOYSA-N,N#Cc1c(Cl)c(C#N)c(c(c1Cl)Cl)Cl,,-5.6399999
1071,C-1072,,IRIAEXORFWYRCZ-UHFFFAOYSA-N,CCCCOC(=O)c1ccccc1C(=O)OCc1ccccc1,,-5.6399999
1072,C-1073,,ZCUZNOKYZBDPMI-LIXABZRUSA-N,COc1ccc(c(c1)C)CCN1CC[C@@]23[C@H]([C@H]1Cc1c3cc(cc1)O)CCCC2.Cl,,-5.638903442
1073,C-1074,,VLTOCQFUFACJGC-UHFFFAOYSA-N,CNCCC=C1c2ccccc2C(c2c1cccc2)(C)C.Cl,,-5.638211212
1074,C-1075,,UOXWPQGDEPCZDZ-BNXVUDNTSA-N,O[C@H]([C@H](C(=O)O)O)C(=O)O.COc1ccc2c(c1)[C@]13CCCC[C@H]3[C@@H](C2)N(CC1)CCc1ccco1,,-5.63587875
1075,C-1076,,FGXWKSZFVQUSTL-UHFFFAOYSA-N,Clc1ccc2c(c1)[nH]c(=O)n2C1CCN(CC1)CCCn1c(=O)[nH]c2c1cccc2,,-5.635315931
1076,C-1077,,RUEYJJXJQYFCCU-UHFFFAOYSA-N,N#CC(c1cccc2c1cccc2)(CC[NH+](CC)C)CC=C(C)C.[Cl-],,-5.626250327
1077,C-1078,,QIGRLMYLFKLTOE-UHFFFAOYSA-N,N#CC(Cc1cccc2c1cccc2)(CC[NH+](C)C)CC=C(C)C.[Cl-],,-5.626250327
1078,C-1079,,JHKAMWMWNMZLLS-UHFFFAOYSA-N,CC(CN(c1cc(ccc1C)C(=O)O)CC(Cl)C)Cl,,-5.624637716
1079,C-1080,,SDJZXAABVIWCNW-BNXVUDNTSA-N,O[C@H]([C@H](C(=O)O)O)C(=O)O.CCC(CCN1CC[C@@]23[C@H]([C@H]1Cc1c3cc(cc1)O)CCCC2)CC,,-5.623448098
1080,C-1081,,AWNQCMDYKBCHAH-UHFFFAOYSA-L,C[N+]1(CCCCCCCCCC[N+]2(C)CCOCC2)CCOCC1.[I-].[I-],,-5.623232549
1081,C-1082,,ZAGQHNDTRBHZTO-UHFFFAOYSA-N,CCCC(COC(=O)N(CC)CC)(COC(=O)N(CC)CC)C,,-5.62205371
1082,C-1083,,SNUBBWAURMSPJZ-UHFFFAOYSA-N,CCN(C(=O)OCC(COC(=O)N(CC)CC)(CC)CC)CC,,-5.62205371
1083,C-1084,,GXGJIOMUZAGVEH-UHFFFAOYSA-N,CCc1ccc(c2c(c1)c(C)cc2)C,,-5.619864179
1084,C-1085,,ZUJCXSRZZWIJLY-UHFFFAOYSA-N,CCCCC1=CC(N(C(C1)(C)C)C(=O)CN1CCCC1)(C)C,,-5.619544149
1085,C-1086,,WBNPMYJLGASBPI-UHFFFAOYSA-N,OC(=O)CCN1c2ccc(cc2Sc2c1cc(Cl)cc2)O,,-5.618250583
1086,C-1087,,GFTHYQRJEOORHK-UHFFFAOYSA-N,CN(CC(CC1(O)c2ccccc2CCc2c1cccc2)C)C,,-5.616693099
1087,C-1088,,RYQOGSFEJBUZBX-UHFFFAOYSA-N,CN(CCCN1c2ccccc2C(c2c1cccc2)(C)C)C,,-5.611365759
1088,C-1089,,WXURHACBFYSXBI-NRIXXJGXSA-N,OCC(=O)[C@@]1(O)[C@H](C)C[C@@H]2[C@]1(C)C[C@@H](O)[C@]1([C@H]2C[C@@H](C2=CC(=O)C=C[C@]12C)F)F,,-5.6100001
1089,C-1090,,OMHUKXIIJPBUIP-FJUODKGNSA-N,CN(CC/C=C/1\c2ccccc2Sc2c1cc(F)cc2)C.Br,,-5.603798043
1090,C-1091,,OMHUKXIIJPBUIP-KIUKIJHYSA-N,CN(CC/C=C\1/c2ccccc2Sc2c1cc(F)cc2)C.Br,,-5.603798043
1091,C-1092,,XZZXIYZZBJDEEP-UHFFFAOYSA-N,CN(CCCN1c2ccccc2CCc2c1cccc2)C.Cl,,-5.602708738
1092,C-1093,,URSRSKSNFPUKGH-UHFFFAOYSA-N,CN(CCOC(c1ccc(cc1)Br)(c1ccccc1)C)C,,-5.602663937
1093,C-1094,,POPFMWWJOGLOIF-XWCQMRHXSA-N,OCC(=O)[C@@]12OC(O[C@@H]1C[C@@H]1[C@]2(C)C[C@H](O)[C@H]2[C@H]1C[C@@H](C1=CC(=O)CC[C@]21C)F)(C)C,,-5.601781498
1094,C-1095,,SIEYZYONZYIIJH-AGSMNRHJSA-N,CC[C@H]1CN2CC[C@H]1C[C@H]2[C@@H](c1ccnc2c1cc(OCCC(C)C)cc2)O.Cl.Cl,,-5.601549195
1095,C-1096,,SUQGLJRNDJRARS-UHFFFAOYSA-N,O=C(c1ccccc1)Oc1cccc(c1)OC(=O)c1ccccc1,,-5.600871949
1096,C-1097,,YWDUZLFWHVQCHY-UHFFFAOYSA-N,Brc1cc(Br)cc(c1)Br,,-5.5999999
1097,C-1098,,FWXCTXLSDFLQJC-UHFFFAOYSA-N,CCCCCCCOc1cccc(c1)NC(=O)OCC[NH+]1CCCCC1.[Cl-],,-5.599208683
1098,C-1099,,PWQRTIDMAHIZSV-UHFFFAOYSA-N,CC(CCC=C(C)C)CCN1CCN(CC1)CC(=O)NN=Cc1ccc(o1)[N+](=O)[O-],,-5.593375104
1099,C-1100,,ZDGVLDKCQRCCKI-ICDZXHCJSA-N,CSc1ccc(cc1)CCN1CC[C@@]23[C@H]([C@H]1Cc1c3cc(cc1)O)CCCC2,,-5.590721567
1100,C-1101,,GEHQTKKHEHGIJB-UHFFFAOYSA-N,COc1c(O)ccc2c1N(CCCN(C)C)c1c(S2)ccc(c1)Cl.Cl,,-5.590681725
1101,C-1102,,NZBSAAMEZYOGBA-UHFFFAOYSA-N,O=c1c2cccc3c2c(c2n1c1ccccc1n2)ccc3,,-5.590472099
1102,C-1103,,WCMMILVIRZAPLE-UHFFFAOYSA-M,O[Sn](C1CCCCC1)(C1CCCCC1)C1CCCCC1,,-5.5900002
1103,C-1104,,WQDGKJKVSWEERW-UHFFFAOYSA-N,Brc1ccc(cc1)C(c1ccccc1)OCC[NH2+]N1CCCC1.[Cl-],,-5.589346738
1104,C-1105,,VXFJYXUZANRPDJ-MQBSTWLZSA-N,CCOC(=O)[C@@H](N[C@H](C(=O)N1[C@H]2CCCC[C@H]2C[C@H]1C(=O)O)C)CCc1ccccc1,,-5.588695581
1105,C-1106,,RRGUKTPIGVIEKM-UHFFFAOYSA-N,O=C1CCc2c(N1)ccc(c2)OCCCCc1nnnn1C1CCCCC1,,-5.586303161
1106,C-1107,,NJVOZLGKTAPUTQ-UHFFFAOYSA-M,Cl[Sn](c1ccccc1)(c1ccccc1)c1ccccc1,,-5.585999597
1107,C-1108,,BJFPXELCDQCHFX-UHFFFAOYSA-N,CCN(CCC(c1cccc2c1cccc2)(C(=O)N)CC=C(C)C)C,,-5.585069586
1108,C-1109,,WWMPOSZANYFKNP-XJXJHPFJSA-M,CCC[N+]12CCC(C(C1)C=C)C[C@@H]2[C@H](c1ccnc2c1cc(OC)cc2)O.[Cl-],,-5.584075883
1109,C-1110,,WBGKWQHBNHJJPZ-LECWWXJVSA-N,OCC(=O)[C@@]12OC(O[C@@H]1C[C@@H]1[C@]2(C)C[C@H](O)[C@H]2[C@H]1CCC1=CC(=O)C=C[C@]21C)(C)C,,-5.582203116
1110,C-1111,,XJGBDJOMWKAZJS-UHFFFAOYSA-N,OC(=O)C(Oc1ccc(cc1)C1CCCc2c1cccc2)(C)C,,-5.579689876
1111,C-1112,,FAYONKYSJFJACM-GEEYTBSJSA-M,CC[N+](Cc1ccccc1)(CCOc1ccc(cc1)/C=C/c1ccccc1)CC.[Br-],,-5.578912099
1112,C-1113,,NJNXVQXOUUIOBZ-UHFFFAOYSA-N,OCC(c1ccc2c(c1)CCc1c2cccc1)C,,-5.578528068
1113,C-1114,,ILKJAFIWWBXGDU-MOGDOJJUSA-N,CC(=O)OCC(=O)[C@@]12OC3(O[C@@H]1C[C@@H]1[C@]2(C)C[C@H](O)[C@]2([C@H]1CCC1=CC(=O)C=C[C@]21C)F)CCCC3,,-5.577679366
1114,C-1115,,QQWVCTZTGVJUCK-UHFFFAOYSA-N,CCCCCCCOc1ccc(cc1)C(=O)CCN1CCCCC1.Cl,,-5.572803163
1115,C-1116,,SXHWIUYWGJFLKB-UHFFFAOYSA-N,C#CC(c1ccccc1)(c1ccc(cc1)Cl)OC(=O)N,,-5.571722496
1116,C-1117,,QMJPDCOTBLUFHJ-UHFFFAOYSA-N,Oc1ccccc1C(=O)N(C1CCCCC1)C1CCCCC1,,-5.570165605
1117,C-1118,,YNVGQYHLRCDXFQ-XGXHKTLJSA-N,C#C[C@]1(O)CC[C@@H]2[C@]1(C)CC[C@H]1[C@H]2CCC2=CCCC[C@H]12,,-5.568747127
1118,C-1119,,OHBLHFXKSYTWQO-UHFFFAOYSA-N,CN1CCN(CC1)CCC=C1c2ccccc2Sc2c1cccc2.Cl.Cl,,-5.566838639
1119,C-1120,,WDRYRZXSPDWGEB-UHFFFAOYSA-N,Clc1ccc(c(c1)Cl)Cn1nc(c2c1cccc2)C(=O)O,,-5.565553946
1120,C-1121,,UMSGKTJDUHERQW-UHFFFAOYSA-N,Brc1cc2c(s1)n1c(CN=C2c2ccccc2Cl)nnc1C,,-5.562532324
1121,C-1122,,RTNXNRZZXYBWJZ-UHFFFAOYSA-N,CC(C(c1cccc2c1cccc2)(C(=O)N)CCN1CCCCC1)C,,-5.562004282
1122,C-1123,,DIFUVRDFPAVFKW-GOOHIXEASA-N,[O-][N+](=O)O.CCC(=O)N([C@H]1CCN(C[C@H]1C)CCc1ccccc1)c1ccccc1.CCCO,,-5.561481188
1123,C-1124,,OGWKCGZFUXNPDA-XQKSVPLYSA-N,O=CN1c2cc(OC)c(cc2[C@]23[C@@H]1[C@@](O)(C(=O)OC)[C@H](OC(=O)C)[C@]1([C@@H]3N(CC2)CC=C1)CC)[C@]1(C[C@@H]2CN(CCc3c1[nH]c1c3cccc1)C[C@](C2)(O)CC)C(=O)OC,,-5.560604702
1124,C-1125,,JHBKHLUZVFWLAG-UHFFFAOYSA-N,Clc1cc(Cl)c(cc1Cl)Cl,,-5.5599999
1125,C-1126,,PYSOHOOUXFWCFF-UHFFFAOYSA-N,COc1ccc2c(c1CN1CCCCC1)oc1c(c2=O)cccc1,,-5.558537514
1126,C-1127,,XUNAJGRWRKIEPV-ISLYRVAYSA-N,Clc1ccc(cc1)CN(/N=N/c1ccc(cc1)C(=O)O)C,,-5.557198476
1127,C-1128,,ZCBJDQBSLZREAA-UHFFFAOYSA-N,CC(=O)Oc1ccc(cc1)C1(Oc2ccccc2NC1=O)c1ccc(cc1)OC(=O)C,,-5.555737902
1128,C-1129,,WYRBITQXPQGTBL-UHFFFAOYSA-N,O=C(c1ccccc1)CC(c1ccccc1)c1ccccc1,,-5.55113769
1129,C-1130,,MKLLVYALIHGMKY-UHFFFAOYSA-N,O=C1CC2(C(=O)N1C)c1ccccc1CCc1c2cccc1,,-5.54954322
1130,C-1131,,SMPOXMYVWIXCMT-UHFFFAOYSA-N,COc1c(O)ccc2c1N(CCCN(C)C)c1c(S2)ccc(c1)Cl,,-5.549322356
1131,C-1132,,JXZZEXZZKAWDSP-UHFFFAOYSA-N,O=C(c1ccccc1)NC1CCN(CC1)CCc1c[nH]c2c1cccc2,,-5.548840068
1132,C-1133,,XURNBUIOYGQEST-UHFFFAOYSA-N,O=C1NC(=O)C2(N1)c1ccccc1CCCc1c2cccc1,,-5.546284263
1133,C-1134,,GXEUNRBWEAIPCN-UHFFFAOYSA-N,OC(=O)C(c1ccc(c(c1)Cl)C1CCCCC1)Cl,,-5.542226964
1134,C-1135,,QESYWDIVVXFNFE-AQFVONAPSA-N,Oc1ccc2c(c1)[C@]13CCCC[C@H]3[C@@H](C2)N(CC1)CCCc1ccccc1.Br,,-5.542051654
1135,C-1136,,WYQIVZKSGGKUAX-UHFFFAOYSA-N,OC(=O)c1ccc2c(c1)c1ccccc1cc2,,-5.541327233
1136,C-1137,,CIZZXSRPHLRRDJ-OSMRDGEFSA-N,C=CCO/[NH+]=C(/c1nccc2c1cc(OC)c(c2)OC)\c1ccc(c(c1)OC)OC.[Cl-],,-5.54106414
1137,C-1138,,NKPPORKKCMYYTO-DHZHZOJOSA-N,COc1ccc2c(c1)c(CC(=O)O)c(n2C(=O)/C=C/c1ccccc1)C,,-5.54
1138,C-1139,,RIZMRRKBZQXFOY-UHFFFAOYSA-N,CCOP(=S)(OCC)SCSP(=S)(OCC)OCC,,-5.54
1139,C-1140,,HYTGGNIMZXFORS-MGYKWWNKSA-N,CC[C@H](C(=O)O[C@H]1[C@H](O)[C@H]2[C@H]([C@H]3[C@]1(O)[C@@H]1[C@H](OC(=O)C)[C@H](OC(=O)C)[C@H]4[C@]5([C@]1(C3)O[C@]4(O)[C@H](CC5)OC(=O)[C@](CC)(O)C)C)CN1[C@H]([C@@]2(C)O)CC[C@@H](C1)C)C,,-5.538064223
1140,C-1141,,GWWLWDURRGNSRS-UHFFFAOYSA-N,CN(CCC=C1c2ccccc2C(c2c1cccc2)(C)C)C,,-5.537895086
1141,C-1142,,IJTPQQVCKPZIMV-UHFFFAOYSA-N,OC(=O)CCC(=O)c1ccc(c(c1)Cl)C1CCCCC1,,-5.537372161
1142,C-1143,,IXBBCDAOBKUSMR-UHFFFAOYSA-N,CCC([NH2+]CCOC(=O)C1c2ccccc2c2c1cccc2)C.[Cl-],,-5.534587753
1143,C-1144,,GCUAMEPHMLSQKS-TWNLEINFSA-N,COc1ccc2c(c1)/C(=C/CCN(C)C)/c1c(S2)cccc1.Cl,,-5.532855505
1144,C-1145,,GCUAMEPHMLSQKS-ZTXYIFKNSA-N,COc1ccc2c(c1)/C(=C\CCN(C)C)/c1c(S2)cccc1.Cl,,-5.532855505
1145,C-1146,,NZHGWWWHIYHZNX-CSKARUKUSA-N,COc1cc(/C=C/C(=O)Nc2ccccc2C(=O)O)ccc1OC,,-5.531502799
1146,C-1147,,KSODCNQBMBVLAJ-FERBBOLQSA-M,ClCCN(c1cc(ccc1C)C(=O)N[C@H](C(=O)[O-])Cc1ccc(cc1)O)CCCl.[Na+],,-5.530458668
1147,C-1148,,SMDHCQAYESWHAE-UHFFFAOYSA-N,CCCCN(c1c(cc(cc1[N+](=O)[O-])C(F)(F)F)[N+](=O)[O-])CC,,-5.5300002
1148,C-1149,,KAIFALFPMBMXPL-CHHCPSLASA-N,CN(C/C=C\1/c2ccccc2Sc2c1cc(Cl)cc2)C.Cl,,-5.524967799
1149,C-1150,,KAIFALFPMBMXPL-KJEVSKRMSA-N,CN(C/C=C/1\c2ccccc2Sc2c1cc(Cl)cc2)C.Cl,,-5.524967799
1150,C-1151,,YEZNLOUZAIOMLT-UHFFFAOYSA-N,OC(=O)c1ccccc1Nc1cccc(c1C)Cl,,-5.524438673
1151,C-1152,,JNUQEHHAXSHUMD-WVLIHFOGSA-M,CCCC(=O)Nc1c(I)cc(c(c1I)/C=C(/C(=O)[O-])\CC)I.[Na+],,-5.523092553
1152,C-1153,,IQHTWFLGOPQPHD-XJXJHPFJSA-M,C=CC1C[N+]2(CCC1C[C@@H]2[C@H](c1ccnc2c1cc(OC)cc2)O)C(C)C.[Cl-],,-5.518905351
1153,C-1154,,PWNAWGHHNQQCAK-UHFFFAOYSA-N,O=C(N1c2ccccc2Sc2c1cccc2)CCNC(C)(C)C.Cl,,-5.518413418
1154,C-1155,,DQPNQXUUCWOWCK-UHFFFAOYSA-N,CCOC(C(=O)N(CCN(CCc1ccccc1)C)C)(c1ccccc1)c1ccccc1.Cl,,-5.517075023
1155,C-1156,,RHILVRBEZGPKBY-UHFFFAOYSA-N,OC(=O)C(c1ccc2c(c1)nc(o2)c1ccc(cc1)I)C,,-5.515410161
1156,C-1157,,UCLGZUJDUNXHRN-UHFFFAOYSA-N,C1CCC2(CN1)c1ccccc1CCc1c2cccc1.Cl,,-5.514997007
1157,C-1158,,DZVPGIORVGSQMC-UHFFFAOYSA-N,COc1nc(c(c(c1Cl)OC)Cl)C(Cl)(Cl)Cl,,-5.512405523
1158,C-1159,,WMIAQXWVZFAYQL-UHFFFAOYSA-N,O=C1NC(=O)C(N1S(=O)(=O)c1ccccc1)(c1ccccc1)c1ccccc1,,-5.510975712
1159,C-1160,,RFCPBHVDIXXSGT-UHFFFAOYSA-N,OCCN1CC2CCC(C1)N2CCCN1c2ccccc2Sc2c1cccc2,,-5.510858027
1160,C-1161,,RGIKAFNNDOGWCB-UHFFFAOYSA-N,CCOC(=O)Cc1ccc2c(c1)nc(s2)c1ccc(cc1)OC,,-5.510754662
1161,C-1162,,HHJOQUFREITNNC-UHFFFAOYSA-N,COc1ccc(cc1)CN1CCc2c(C1)cccc2NC(=O)c1cc(OC)c(c(c1)OC)OC.Cl,,-5.510583306
1162,C-1163,,FJPQFRXOQNVROM-UUOKLVDSSA-N,[O-]C(=O)/C=C\C(=O)O.C[NH+](CCOC1C=CC2=C(Cc3c1cccc3)CCC=C2)C,,-5.510563997
1163,C-1164,,FNFPHNZQOKBKHN-GFLPKIQLSA-N,O=C(CC(C)(C)C)OCC(=O)[C@@]1(O)CC[C@@H]2[C@]1(C)C[C@@H](O)[C@H]1[C@H]2CCC2=CC(=O)CC[C@]12C,,-5.5100002
1164,C-1165,,AFFLGGQVNFXPEV-UHFFFAOYSA-N,CCCCCCCCC=C,,-5.5100002
1165,C-1166,,POZRVZJJTULAOH-JLTYPPDJSA-N,C#C[C@@]1(O)CC[C@@H]2[C@]1(C)CC[C@H]1[C@H]2CCC2=Cc3c(C[C@]12C)cno3,,-5.5100002
1166,C-1167,,XQCFHQBGMWUEMY-ZPUQHVIOSA-N,NC(=N/N=C(/C=C/c1ccc(o1)[N+](=O)[O-])\C=C\c1ccc(o1)[N+](=O)[O-])N,,-5.509762208
1167,C-1168,,PSGAAPLEWMOORI-PEINSRQWSA-N,O=C1CC[C@]2(C(=C1)[C@@H](C)C[C@@H]1[C@@H]2CC[C@]2([C@H]1CC[C@]2(OC(=O)C)C(=O)C)C)C,,-5.508004219
1168,C-1169,,YCISZOVUHXIOFY-HKXOFBAYSA-N,CC(=O)O[C@@]1(CC[C@@H]2[C@]1(C)C[C@H](O)[C@]1([C@H]2C[C@H](C2=CC(=O)C(=C[C@]12C)Br)F)F)C(=O)COC(=O)C,,-5.506425851
1169,C-1170,,VBEZUCAXMREMFB-UHFFFAOYSA-N,O=C(N(C)C)COC1c2ccccc2CCc2c1cccc2,,-5.505653091
1170,C-1171,,LPWNZMIBFHMYMX-MONHGIHASA-N,OCCN1CCN(CC1)CC/C=C/1\c2ccccc2Sc2c1cc(Cl)cc2.Cl.Cl,,-5.50540759
1171,C-1172,,GUJKBBOGALTPCN-UHFFFAOYSA-N,O=C(CN1CCN(CC1)CC=C(CCC=C(C)C)C)NN=Cc1ccc(o1)[N+](=O)[O-],,-5.503395597
1172,C-1173,,CCDDAZAJRNNGBK-UHFFFAOYSA-N,COc1c(CNCC2CCC(CC2)CNCc2cccc(c2OC)OC)cccc1OC.Cl.Cl,,-5.502727126
1173,C-1174,,ZZHLYYDVIOPZBE-UHFFFAOYSA-N,CN(CC(CN1c2ccccc2Sc2c1cccc2)C)C,,-5.501048349
1174,C-1175,,ZBCOWAGFAVHZHK-UHFFFAOYSA-N,OC(=O)C(=O)[O-].C[NH+](CCCn1c2ccc(cc2c2c1cccc2)Cl)C,,-5.500606588
1175,C-1176,,VZWXXKDFACOXNT-UHFFFAOYSA-N,CCCOCCOC(=O)C1=C(C)NC(=C(C1c1cccc(c1)[N+](=O)[O-])C(=O)OCCOCCC)C,,-5.500354247
1176,C-1177,,HSTXHXGDIVZVPT-UHFFFAOYSA-N,C[S+](Cc1ccccc1)Cc1ccccc1.[O-][N+](=O)[O-],,-5.49782638
1177,C-1178,,MHPZZZZLAQGTHT-UHFFFAOYSA-N,OC(=O)CN(CC(=O)Nc1c(C)cc(c(c1C)Br)C)CC(=O)O,,-5.497005931
1178,C-1179,,WGZDVOJTOGXGTK-LVEZLNDCSA-N,CN1CCN(CC1)CC1COC2(O1)c1ccccc1CCc1c2cccc1.OC(=O)/C=C/C(=O)O.OC(=O)/C=C/C(=O)O,,-5.49695367
1179,C-1180,,ITJJTERMXJOUEE-UHFFFAOYSA-N,CCOC(=O)COc1cc(OCC(=O)OCC)c2c(c1)oc(cc2=O)c1ccccc1,,-5.496299666
1180,C-1181,,SLLVSPMAIZWWJN-WLHGVMLRSA-N,C1CCN(C1)CC1COC2(O1)c1ccccc1OCc1c2cccc1.OC(=O)/C=C/C(=O)O,,-5.49520067
1181,C-1182,,SVWFQLTYQIKJRN-UHFFFAOYSA-N,Clc1ccc2c(c1)C(=O)c1cccnc1CC2,,-5.494743105
1182,C-1183,,QNHULNOOWAGJSS-UHFFFAOYSA-N,CCN(CCOC(=O)C(c1cccc2c1cccc2)Cc1ccco1)CC,,-5.494669425
1183,C-1184,,FRFKVIFCSZBCCB-UHFFFAOYSA-N,Cc1nc(nc(n1)N1CCCCC1)N1CCCCC1,,-5.493498745
1184,C-1185,,ZJJXGWJIGJFDTL-UHFFFAOYSA-N,Cc1ncc(nc1)C(=O)NCCc1ccc(cc1)S(=O)(=O)NC(=O)NC1CCCCC1	,,-5.49
1185,C-1186,,VPVJXWSPNRIXTI-UHFFFAOYSA-N,Brc1ccc2c(c1)c(=O)n(c(n2)C)c1ccccc1,,-5.489944714
1186,C-1187,,KGWDUNBJIMUFAP-KVVVOXFISA-N,CCCCCCCC/C=C\CCCCCCCC(=O)O.NCCO,,-5.486774458
1187,C-1188,,FENPQSUAZFQQSO-UHFFFAOYSA-L,CC[N+]1(CCOCC[N+]2(CC)CCCCC2)CCCCC1.[Br-].[Br-],,-5.482194705
1188,C-1189,,XJIPTXOGXDLVDY-UHFFFAOYSA-N,CCCCCCOc1cccc(c1)NC(=O)OCC[NH+]1CCCCC1.[Cl-],,-5.481594973
1189,C-1190,,RTARBDNVQPTOHY-UHFFFAOYSA-N,CCCCOc1ccc(cc1C)CC(=O)N,,-5.481064037
1190,C-1191,,MFZCIDXOLLEMOO-UHFFFAOYSA-N,O=C(c1cccnc1)OC1C(OC(=O)c2cccnc2)C(OC(=O)c2cccnc2)C(C(C1OC(=O)c1cccnc1)OC(=O)c1cccnc1)OC(=O)c1cccnc1,,-5.479771301
1191,C-1192,,HICFFJZGXWEIHN-UHFFFAOYSA-N,CN(CCCN1c2cc(Cl)ccc2Sc2c1ccc(c2)O)C,,-5.479542888
1192,C-1193,,BTFSCJCNYHKTAH-UHFFFAOYSA-N,COc1cc2c(cc1OC)CC[NH+](C2CCCc1ccc(cc1)Cl)C.[Br-],,-5.476930163
1193,C-1194,,ZJRHNNNACBPWEB-UHFFFAOYSA-N,CN(CCOCCOC(=O)N1c2ccccc2Sc2c1cccc2)C.Cl,,-5.475928599
1194,C-1195,,BIFSHLDUWCDEME-WLHGVMLRSA-N,[O-]C(=O)/C=C/C(=O)O.COc1cc2C[NH+](CCCc3ccc(cc3)Cl)CCc2cc1OC,,-5.471460032
1195,C-1196,,YRKLNGSPBGWYKJ-TYMHPWAKSA-N,CCC(=CCN1CC[C@@]23[C@H]([C@H]1Cc1c3cc(cc1)O)CCCC2)CC.Br,,-5.471410518
1196,C-1197,,OFDYMSKSGFSLLM-UHFFFAOYSA-N,CCN(c1c(cc(c(c1[N+](=O)[O-])N)C(F)(F)F)[N+](=O)[O-])CC,,-5.4699998
1197,C-1198,,QXAITBQSYVNQDR-ZIOPAAQOSA-N,CN(/C=N/c1ccc(cc1C)C)/C=N/c1ccc(cc1C)C,,-5.4699998
1198,C-1199,,VUFOSBDICLTFMS-UHFFFAOYSA-M,CCCCCCCCCCCCCCCC[N+](CC)(C)C.[Br-],,-5.468805409
1199,C-1200,,LQLQDKBJAIILIQ-UHFFFAOYSA-N,CCCCOC(=O)c1ccc(cc1)C(=O)OCCCC,,-5.466864484
1200,C-1201,,KUDPDOZAPFSKPG-UHFFFAOYSA-N,CCCCCCCCCCCCCCCNCCSS(=O)(=O)O,,-5.465013216
1201,C-1202,,UDDCJZOJJDNAFF-UHFFFAOYSA-L,C[N+]1(CCCCCC[N+]2(C)CCCCC2)CCCCC1.[I-].[I-],,-5.462256321
1202,C-1203,,XRWZTKSYDDGGAQ-UHFFFAOYSA-N,CN1CCC2=C(C1CCc1ccc(cc1)Cl)CCCC2,,-5.46216878
1203,C-1204,,IKMPWMZBZSAONZ-UHFFFAOYSA-N,Clc1ccc2c(c1)C(=NCC(=S)N2CC(F)(F)F)c1ccccc1F,,-5.461347199
1204,C-1205,,BFCDFTHTSVTWOG-YLJYHZDGSA-N,CCCCCCCCN[C@@H]([C@H](c1ccc(cc1)SC(C)C)O)C,,-5.460172849
1205,C-1206,,YQWCIPIEEBVRNY-BRXBUPTESA-N,O[C@H]1C=C[C@H]2[C@@H]1[C@]1(Cl)C(=C([C@]2(C1(Cl)Cl)Cl)Cl)Cl,,-5.46
1206,C-1207,,XITQUSLLOSKDTB-UHFFFAOYSA-N,Clc1ccc(c(c1)Cl)Oc1ccc(cc1)[N+](=O)[O-],,-5.46
1207,C-1208,,DCOPUUMXTXDBNB-UHFFFAOYSA-N,OC(=O)Cc1ccccc1Nc1c(Cl)cccc1Cl	,,-5.46
1208,C-1209,,OGQDIIKRQRZXJH-UHFFFAOYSA-N,CNCCCC1c2ccccc2C=Cc2c1cccc2.Cl,,-5.459859141
1209,C-1210,,PFYTUXBMXIBUQI-UHFFFAOYSA-N,CN1CCN(CC1)CCCOC(=O)N1c2ccccc2Sc2c1nccc2,,-5.457789275
1210,C-1211,,GPXLMGHLHQJAGZ-JTDSTZFVSA-N,CCOc1ccc2c(c1C(=O)N[C@@H]1C(=O)N3[C@@H]1SC([C@@H]3C(=O)O)(C)C)cccc2,,-5.456131396
1211,C-1212,,BEZGENOGGHDVMM-UHFFFAOYSA-N,Cc1ccc(cc1)N(C(=O)c1ccccc1N(C(=O)CN1CCCCC1)C)C,,-5.455364717
1212,C-1213,,VJKVHUZOVAWKEB-UHFFFAOYSA-N,CCC1=C(CCC(C1C)C(=O)O)c1ccc(cc1)OC,,-5.454243744
1213,C-1214,,ZPMVNZLARAEGHB-UHFFFAOYSA-N,CN1CCC(=C2c3ccccc3C=Cc3c2cccc3)CC1.Cl,,-5.453457838
1214,C-1215,,NCCJZRNBNATXBI-UHFFFAOYSA-N,CN(CCCC1(OC(c2c1cc(Cl)cc2)(C)C)c1ccccc1)C.Cl,,-5.449853078
1215,C-1216,,AKHXXQAIVSMYIS-UHFFFAOYSA-N,CCCCCC1Nc2cc(c(cc2S(=O)(=O)N1)S(=O)(=O)N)C(F)(F)F,,-5.448869728
1216,C-1217,,QFUYDAGNUJWBSM-UHFFFAOYSA-N,Ic1ccccc1c1ccccc1,,-5.448630354
1217,C-1218,,ACAOEWIACGUWHC-UHFFFAOYSA-N,CC[NH+](CCNC(=O)C1c2ccccc2c2c1cccc2)CC.[Cl-],,-5.447766676
1218,C-1219,,LIXTXPYJKYXISW-UHFFFAOYSA-N,OC(=O)C(CC(=O)O)(CC(=O)O)O.CN(CC1COC2(O1)c1ccccc1CCc1c2cccc1)C,,-5.447445626
1219,C-1220,,GPLGAQQQNWMVMM-MYAJQUOBSA-N,CN([C@H]1CC[C@]2(C(=CC[C@@H]3[C@@H]2CC[C@]24[C@H]3CC[C@@H]4[C@@H](N(C2)C)C)C1)C)C,,-5.446668706
1220,C-1221,,LTCPODHLAKFBTK-UHFFFAOYSA-N,Cc1ccc2c(c1)c(C)cc(n2)SCCCCCN1CSCC1.Cl.Cl,,-5.446606551
1221,C-1222,,LSUJEOLKHABULX-UHFFFAOYSA-N,N/C(=[NH+]/CCCC1CCCCC1)/CSSC/C(=[NH+]/CCCC1CCCCC1)/N.[Cl-].[Cl-],,-5.445805907
1222,C-1223,,YMUSDEONEHBNSI-UHFFFAOYSA-N,N/C(=[NH+]/CCC1CCCCCC1)/CSSC/C(=[NH+]/CCC1CCCCCC1)/N.[Cl-].[Cl-],,-5.445805907
1223,C-1224,,NQXRQSRTZHDMKI-UHFFFAOYSA-N,N/C(=[NH+]/CC1CCCCCCC1)/CSSC/C(=[NH+]/CC1CCCCCCC1)/N.[Cl-].[Cl-],,-5.445805907
1224,C-1225,,QPMDKXBBAVQDCB-UHFFFAOYSA-N,CS(=O)(=O)O.CS(=O)(=O)O.CN1CCN(CC1)CCCN1c2ccccc2Sc2c1cc(cc2)S(=O)(=O)N(C)C,,-5.445548461
1225,C-1226,,ZDYPMKZEUSYJQI-LZYBPNLTSA-N,CN(CC/C=C\1/c2ccsc2CCc2c1cccc2)C,,-5.443850257
1226,C-1227,,CPFJLLXFNPCTDW-UHFFFAOYSA-N,CS(=O)(=O)O.CN1C2CCC1CC(C2)OC(c1ccccc1)c1ccccc1,,-5.443020357
1227,C-1228,,OVBPIULPVIDEAO-LBPRGKRZSA-N,OC(=O)CC[C@@H](C(=O)O)NC(=O)c1ccc(cc1)NCc1cnc2c(n1)c(=O)nc([nH]2)N,,-5.440716272
1228,C-1229,,PVEVXUMVNWSNIG-ZEIJNTJCSA-N,CCCC[C@H]1C(=O)O[C@H](C)[C@@H](C(=O)O[C@H]([C@H]1OC(=O)CC(C)C)C)NC(=O)c1cccc(c1O)NC=O,,-5.439795099
1229,C-1230,,PYCJDIVWRGIZJB-UHFFFAOYSA-N,C(NCc1ccccc1)CCC12CC3CC(C2)CC(C1)C3.Cl,,-5.436851443
1230,C-1231,,DDRGWEZDDZXEBZ-UHFFFAOYSA-N,CNCCCC12CC3CC(C1)CC(C2c1ccccc1)C3.Cl,,-5.436851443
1231,C-1232,,FQRHOOHLUYHMGG-BTJKTKAUSA-N,OC(=O)/C=C\C(=O)O.CN(CCCN1c2ccccc2Sc2c1cc(cc2)C(=O)C)C,,-5.436427703
1232,C-1233,,XJAVWLZVPIYJOX-VEIFNGETSA-N,Oc1c(O)ccc2c1c1cccc3c1[C@@H](C2)N(CCc1ccccc1)CC3.Cl,,-5.434030117
1233,C-1234,,AJGPJHWDEKEBDM-UHFFFAOYSA-N,CNCCCC1(OC(c2c1cccc2)(C)C)c1ccc(cc1)Cl.Cl,,-5.433533963
1234,C-1235,,NHTGQOXRZFUGJX-UHFFFAOYSA-N,Clc1c(Cl)c(Cl)c(c2c1nccn2)Cl,,-5.4299998
1235,C-1236,,OTEKOJQFKOIXMU-UHFFFAOYSA-N,ClC(c1ccc(cc1)C(Cl)(Cl)Cl)(Cl)Cl,,-5.426737631
1236,C-1237,,SRZOHCZNOHUVHY-UHFFFAOYSA-N,CCCCCC1CCCCN1CCCOC(=O)c1ccccc1,,-5.426159821
1237,C-1238,,RGPLEAOEZZZMJF-UHFFFAOYSA-N,c1ccc(cc1)CNCC1CCC(CC1)COCc1ccccc1.Cl,,-5.425893919
1238,C-1239,,KAERBVZTGPZZHW-UHFFFAOYSA-N,COc1ccc(cc1)Nc1cc(Cl)ccc1C(=O)O,,-5.418276286
1239,C-1240,,YLRCAHBRRAUPEB-BTJKTKAUSA-N,OC(=O)/C=C\C(=O)O.CCNCC1COC2(O1)c1ccccc1C=Cc1c2cccc1,,-5.417302507
1240,C-1241,,SYARWWXCNNFEHU-UHFFFAOYSA-N,O=C1NC(=O)C2(O1)c1ccccc1CCc1c2cccc1,,-5.416679399
1241,C-1242,,OEAROORILQLHRU-UHFFFAOYSA-N,COc1cc2c(cc1OC)CC[NH+](C2C(Cc1ccc(cc1)Cl)C)C.[Br-],,-5.416360793
1242,C-1243,,OPLUFIYYYJLGSI-UHFFFAOYSA-N,COc1cc2c(cc1OC)CC([NH+](C2CCc1ccc(cc1)Cl)C)C.[Br-],,-5.416360793
1243,C-1244,,RZELHTMTJHHEPE-UHFFFAOYSA-N,OC(=O)C(=O)[O-].Fc1ccc2c(c1)c1ccccc1n2CC[NH+]1CCCC1,,-5.41566897
1244,C-1245,,INOCOTXEWBJWKF-UHFFFAOYSA-N,COc1ccc(cc1OC)C(=O)Nc1cccc2c1CCN(C2)CCc1ccccc1,,-5.41551692
1245,C-1246,,ZXBLMXOUGVRCCH-BUHFOSPRSA-N,O=N/C(=C(\c1ccccc1)/NO)/c1ccccc1,,-5.413043506
1246,C-1247,,XVDWCNBDFUXCCB-UHFFFAOYSA-N,CNCCCC1(CC(c2c1cccc2)(C)C)c1ccccc1.Cl,,-5.41118813
1247,C-1248,,OBMLHUPNRURLOK-VHUAIRPZSA-N,O[C@@H]1CC[C@@H]2[C@@]1(C)CC[C@@H]1[C@H]2CC[C@@H]2[C@@]1(C)C[C@@H]1S[C@@H]1C2,,-5.4099998
1248,C-1249,,HODDWHIBEKCKAV-WHQQXFAUSA-N,Oc1ccc2c(c1)[C@]13CCCC[C@H]3[C@@H](C2)N(CC1)CC(=O)c1ccccc1.Cl,,-5.409489161
1249,C-1250,,FNDMLHFDPXQFNX-BTJKTKAUSA-N,CN1CCN(CC1)C1Cc2ccccc2Sc2c1cccc2F.OC(=O)/C=C\C(=O)O,,-5.407343034
1250,C-1251,,BWPIARFWQZKAIA-UHFFFAOYSA-N,CNCCCC1c2ccccc2C=Cc2c1cccc2,,-5.40355605
1251,C-1252,,JJCFRYNCJDLXIK-UHFFFAOYSA-N,CN1CCC(=C2c3ccccc3C=Cc3c2cccc3)CC1,,-5.403499984
1252,C-1253,,RKMAZEUAOKHEOX-UHFFFAOYSA-N,Clc1cnc(c(c1)Cl)SCCCCCCCN1CCSC1.Cl,,-5.402648486
1253,C-1254,,JURKNVYFZMSNLP-UHFFFAOYSA-N,CN(CC/C=C/1\c2ccccc2C=Cc2c1cccc2)C,,-5.401335873
1254,C-1255,,NYUMGRCHKCJLBG-UHFFFAOYSA-N,CC[NH+](CCN1Cc2ccccc2Nc2c1cccc2)CC.[Cl-],,-5.400417619
1255,C-1256,,JHRWWRDRBPCWTF-OLQVQODUSA-N,ClC(C(SN1C(=O)[C@@H]2[C@H](C1=O)CC=CC2)(Cl)Cl)Cl,,-5.4000001
1256,C-1257,,WPTCSQBWLUUYDV-UHFFFAOYSA-N,c1ccc2c(c1)nc(cc2)c1ccc2c(n1)cccc2,,-5.4000001
1257,C-1258,,XOEUGELJHSUYGP-UHFFFAOYSA-N,CCCCCCCCOC(=O)c1ccc(cc1)N,,-5.4000001
1258,C-1259,,PYYFLHVYSVCZBS-UHFFFAOYSA-N,CCCCCCOc1ccc(cc1)NC(=O)OCC[NH+]1CCCCC1.[Cl-],,-5.396470211
1259,C-1260,,GDKGOXUWEBGZBY-WQTURIIHSA-N,OC[C@@H](CCC(=O)[C@H]([C@H]1C(=O)C[C@@H]2[C@]1(C)CC[C@H]1[C@H]2CC=C2[C@]1(C)CC[C@@H](C2)O)C)C,,-5.39605717
1260,C-1261,,PVVOWFXFXMECMS-UHFFFAOYSA-N,OS(=O)(=O)SCCNCCCCCCCCCCCc1ccccc1,,-5.392480732
1261,C-1262,,PJWPNDMDCLXCOM-UHFFFAOYSA-N,COc1ccc(cc1)C(=O)Nc1ccccc1CCC1CCCCN1C,,-5.391492382
1262,C-1263,,BPICBUSOMSTKRF-UHFFFAOYSA-N,Cc1cccc(c1NC1=NCCCS1)C,,-5.391452625
1263,C-1264,,KIBVWPFAMGQHER-UHFFFAOYSA-N,OC(=O)CCC(=O)Nc1cc(c2c1c(C)ccc(c2)C(C)C)C,,-5.388884865
1264,C-1265,,SNYIPZNSOUVGTP-UHFFFAOYSA-N,CCN1CCc2c(C1CCc1ccc(cc1)Cl)cc(c(c2)OC)OC,,-5.388857284
1265,C-1266,,OPNGZXISEXVYBU-BTJKTKAUSA-N,OC(=O)/C=C\C(=O)O.COc1ccc2c(c1)C(Cc1c(S2)cccc1)N1CCN(CC1)C,,-5.387653409
1266,C-1267,,TUZIOXPOHMWNKY-UHFFFAOYSA-N,CCCC1(CCN(C1)CCc1ccc(cc1)OC(=O)C)c1cccc(c1)OC(=O)C,,-5.384394775
1267,C-1268,,NHVQLOCTXSMKIX-UHFFFAOYSA-N,CCCC(=O)C1=C(O)C(=C(C(C1=O)(C)C)O)Cc1c(O)c(C)c(c(c1O)C(=O)CCC)O,,-5.383115606
1268,C-1269,,AZLQWGYNKLHVJM-UHFFFAOYSA-N,Brc1cnc(c(c1)Br)OCCCCCCN1CSCC1.Cl,,-5.382340555
1269,C-1270,,ZTISJNYJBMXWHV-AQFVONAPSA-N,O=C1CC2C(C1(CC2)CS(=O)(=O)O)(C)C.Oc1ccc2c(c1)[C@]13CCCC[C@H]3[C@@H](C2)N(CC1)CCCOc1ccccc1,,-5.380369386
1270,C-1271,,RUDUXQPKMFPBKF-UHFFFAOYSA-N,ClCCN(c1cc(ccc1C)C(=O)N1CCCCC1)CCCl,,-5.380327633
1271,C-1272,,BXNANOICGRISHX-UHFFFAOYSA-N,CCOP(=S)(Oc1ccc2c(c1)oc(=O)c(c2C)Cl)OCC,,-5.3800001
1272,C-1273,,SJNIEBAPMPLYAB-UHFFFAOYSA-N,CCOP(=S)(Oc1ccc2c(c1)c(C)c(c(=O)o2)Cl)OCC,,-5.3800001
1273,C-1274,,ZUCOHTQQOAJHNH-UHFFFAOYSA-L,CC[N+]1(CCCCCC[N+]2(CC)CCCC2)CCCC1.[Br-].[Br-],,-5.378568786
1274,C-1275,,OMWQUXGVXQELIX-UHFFFAOYSA-N,S=C=Nc1ccc(cc1)N=C=S,,-5.375229546
1275,C-1276,,DREPSSCSPHCHTF-UHFFFAOYSA-N,CNC(CC12CC3CC(C2c2ccccc2)CC(C1)C3)C.Cl,,-5.374703537
1276,C-1277,,PVNIQBQSYATKKL-UHFFFAOYSA-N,CCCCCCCCCCCCCCCC(=O)OC(COC(=O)CCCCCCCCCCCCCCC)COC(=O)CCCCCCCCCCCCCCC,,-5.373538065
1277,C-1278,,IZKCXJLBEGEZTQ-UHFFFAOYSA-N,COc1ccc(cc1)CN1CCc2c(C1)cccc2NC(=O)c1ccc(c(c1)OC)OC,,-5.371188361
1278,C-1279,,PDMMFKSKQVNJMI-RCJFSGHNSA-N,CCC(=O)O[C@H]1CC[C@@H]2[C@]1(C)CC[C@H]1[C@H]2CCC2=CC(=O)CC[C@]12C,,-5.3699999
1279,C-1280,,XILVEPYQJIOVNB-UHFFFAOYSA-N,OCCOCCOC(=O)c1ccccc1Nc1cccc(c1)C(F)(F)F,,-5.363306362
1280,C-1281,,AHPNNQWLCKYVLJ-UHFFFAOYSA-N,CCN(CC(=O)N1C(C)(C)CC(CC1(C)C)c1ccccc1)CC,,-5.360829983
1281,C-1282,,ZSFUDSWIVAQKEN-UHFFFAOYSA-N,CCn1c2cc(Cl)ccc2[nH]c(=O)c2c1nccc2,,-5.3600001
1282,C-1283,,TYFLIJAGRULBIS-UHFFFAOYSA-N,CCN(CCOC(=O)C1c2ccccc2c2c1cccc2)CC.Cl,,-5.35993218
1283,C-1284,,AJADKUBPAXMBLU-AQFVONAPSA-N,Cc1ccc(cc1)CCN1CC[C@@]23[C@H]([C@H]1Cc1c3cc(cc1)O)CCCC2.Cl,,-5.354356219
1284,C-1285,,KTUXEHNBBHDTPH-UHFFFAOYSA-N,COc1ccc2c(c1)c(cc[nH+]2)C(Cc1[nH+]ccc2c1cccc2)O.[Cl-].[Cl-],,-5.352778432
1285,C-1286,,ZILPIBYANAFGMS-UHFFFAOYSA-N,CCC(N(C(CC)C)CC(c1cccn1Cc1ccccc1Cl)O)C,,-5.350858699
1286,C-1287,,RQZAXGRLVPAYTJ-MPKFUAGISA-N,O=C1CC[C@]2(C(=C1)C(=C[C@@H]1[C@@H]2CC[C@]2([C@H]1CC[C@@]2(OC(=O)C)C(=O)C)C)C)C,,-5.3499999
1287,C-1288,,MAIFJEXJCJPOCM-UHFFFAOYSA-N,CCCC[NH+](CCC1(c2ccccc2)C(=O)Oc2c1cccc2)CCCC.[Cl-],,-5.34652048
1288,C-1289,,YVBOFDGPWVOQBW-UHFFFAOYSA-N,O=C(c1ccccc1)NC(c1ccccc1)CCN1CCCCC1.Cl,,-5.345470544
1289,C-1290,,JWKFZZGSPJAEOR-JQRUBDMOSA-N,Oc1ccc2c(c1)[C@]13CCCC[C@H]3[C@@H](C2)N(CC1)C/C=C/c1ccccc1.Br,,-5.345018877
1290,C-1291,,CIXDQQGMRYRUQA-JXMROGBWSA-N,CN(c1ccc(cc1)/C=C/c1ccnc2c1cccc2)C,,-5.344910189
1291,C-1292,,BMRIMRMSWCLJIU-YGICXTQQSA-N,Oc1ccc2c(c1)[C@]13CCCC[C@H]3[C@@H](C2)N(CC1)CCc1ccc(cc1)[N+](=O)[O-].Cl,,-5.344612029
1292,C-1293,,XDIZFCKCCMUFFG-UHFFFAOYSA-N,CCCC(=O)C1=C(O)C(=C(C(C1=O)(C)C)O)Cc1c(OC)cc(c(c1O)C(=O)CCC)O,,-5.341039799
1293,C-1294,,XCSUFOWHYVRFSD-UHFFFAOYSA-N,ClCCN(c1cc(ccc1C)C(=O)OCCN(CC)CC)CCCl.Cl,,-5.340520045
1294,C-1295,,ZBBHBTPTTSWHBA-UHFFFAOYSA-N,COC(=O)C1=C(C)NC(=C(C1c1cccc(c1)[N+](=O)[O-])C(=O)OCCN(Cc1ccccc1)C)C,,-5.339383966
1295,C-1296,,RGLLOUBXMOGLDQ-IVEVATEUSA-N,C[C@]12Cc3nonc3C[C@@H]1CC[C@@H]1[C@@H]2CC[C@]2([C@H]1CC[C@]2(C)O)C,,-5.33872201
1296,C-1297,,HQKZCEXAHDXKGB-UHFFFAOYSA-N,O=C(N1c2ccccc2Sc2c1cccc2)CNC(C)(C)C.Cl,,-5.338567307
1297,C-1298,,GQVUYVZMHLQIRT-UHFFFAOYSA-N,O=C1CCC2(C(=S)N1)c1ccccc1CCc1c2cccc1,,-5.338500305
1298,C-1299,,ZTDIPPQFTNXLID-UHFFFAOYSA-N,OC(=O)C(=O)O.CN(CC1COC2(O1)c1cc(Cl)ccc1OCc1c2cccc1)C,,-5.336147958
1299,C-1300,,BAAURVHPYJEDOO-UHFFFAOYSA-N,ClCC[NH+](CCOc1ccc(cc1)C)CCOc1ccc(cc1)C.[Cl-],,-5.334296713
1300,C-1301,,NXWWSYGSSAHNRR-UHFFFAOYSA-N,O=C(N1CC=Cc2c1cccc2)OCc1ccccc1,,-5.333851798
1301,C-1302,,UAIFZXAZKMISDC-HTXNQAPBSA-N,CCCCC/C(=C\c1ccccc1)/C(=O)NCCN(CC)CC,,-5.333041299
1302,C-1303,,YGZNQARMJUWNCM-UHFFFAOYSA-N,COc1ccc2c(c1)n(CC[NH+]1CCCC1)c1c2cccc1.[Cl-],,-5.332118281
1303,C-1304,,TUNFSRHWOTWDNC-UHFFFAOYSA-N,CCCCCCCCCCCCCC(=O)O,,-5.3299999
1304,C-1305,,MUQNGPZZQDCDFT-JNQJZLCISA-N,ClCC(=O)[C@@]12OC(O[C@@H]1C[C@@H]1[C@]2(C)C[C@H](O)[C@]2([C@H]1CCC1=CC(=O)CC[C@]21C)F)(C)C,,-5.327968388
1305,C-1306,,BQZRLLBUGAVTNV-BTJKTKAUSA-N,OC(=O)/C=C\C(=O)O.CCCNCC1COC2(O1)c1ccccc1OCc1c2cccc1,,-5.326847709
1306,C-1307,,JZLURVIGARJQHZ-UHFFFAOYSA-N,OC(=O)C(c1ccc2c(c1)ccc1c2cccc1)C,,-5.326573637
1307,C-1308,,KDSPHRIFRARIST-UHFFFAOYSA-N,OC(=O)C(c1cc2ccccc2c2c1cccc2)C,,-5.326573637
1308,C-1309,,BQGDBXHKMJKCKX-UHFFFAOYSA-N,CC(c1ccc2c(c1)c1ccccc1cc2)C(=O)O,,-5.326573637
1309,C-1310,,MQJPEILRVHPFGH-UHFFFAOYSA-N,CN(CCOc1c(C(=O)OCc2ccccc2)c(C)ccc1C(C)C)C,,-5.325503446
1310,C-1311,,WQUKDBHBKGMTDS-WUKNDPDISA-N,CN(Cc1ccc(cc1)[N+](=O)[O-])/N=N/c1ccc(cc1)C(=O)O,,-5.323868106
1311,C-1312,,UZYAHEMKIISOPE-ISLYRVAYSA-N,Cc1ccc(cc1)CN(/N=N/c1ccc(cc1)C(=O)O)C,,-5.323249019
1312,C-1313,,FEBOTPHFXYHVPL-UHFFFAOYSA-N,Fc1ccc(cc1)C(=O)CCCN1CCC(CC1)n1c(=O)[nH]c2c1cccc2,,-5.320175878
1313,C-1314,,AABQVBFXZKSBOW-UHFFFAOYSA-N,CCOC(=O)c1c(C)ccc(c1OCC(=O)OCCN1CCCCC1)C(C)C,,-5.318582792
1314,C-1315,,WNGYDTQZWXGHTI-UHFFFAOYSA-N,N#CCCC(c1nc2c(s1)nc(s2)C(CCC#N)(C)C)(C)C,,-5.317650781
1315,C-1316,,QDADJNJFPRLXTP-UHFFFAOYSA-M,CCCCCc1cc[n+](cc1)C(c1ccccc1)c1ccccc1.[Br-],,-5.31254567
1316,C-1317,,NMJZLJAMPZSVAN-UHFFFAOYSA-N,O1CCN(CC1)CC1COC2(O1)c1ccccc1CCc1c2cccc1.OC(=O)C(=O)O,,-5.312472584
1317,C-1318,,XOEVKNFZUQEERE-UHFFFAOYSA-N,O=C(c1cccc2c1oc(c1ccccc1)c(c2=O)C)OCCN1CCCCC1.Cl,,-5.311221363
1318,C-1319,,BSNKHEKTRWNNAC-UHFFFAOYSA-N,[O-][N+](=O)c1ccc(cc1)CCc1ccc(cc1)[N+](=O)[O-],,-5.311132215
1319,C-1320,,NFBOHOGPQUYFRF-UHFFFAOYSA-N,c1ccc2c(c1)Oc1c(O2)cccc1,,-5.3099999
1320,C-1321,,VSUWLJBAVIYETB-UHFFFAOYSA-N,COC1C=Cc2c(N1C(=O)OCc1ccccc1)cccc2,,-5.305966488
1321,C-1322,,QDEJGEWHMAYDSI-UHFFFAOYSA-N,[O-][N+](=O)c1cc([N+](=O)[O-])c(c(c1)[N+](=O)[O-])O.CCCCOc1ccc(cc1)OCC(=O)N(c1ccc(cc1)OC)CCN(C)C,,-5.304925983
1322,C-1323,,VMPGAQLGAMYZMS-UHFFFAOYSA-N,Brc1ccc(nc1)OCCCCCCCCCCNCCSS(=O)(=O)O,,-5.304236198
1323,C-1324,,XCGSFFUVFURLIX-VFGNJEKYSA-N,O=C([C@H]1CN(C)[C@H]2C(=C1)c1cccc3c1c(C2)c[nH]3)N[C@]1(C)O[C@@]2(N(C1=O)[C@@H](Cc1ccccc1)C(=O)N1[C@H]2CCC1)O,,-5.300636677
1324,C-1325,,UEECHQPWQHYEDE-UHFFFAOYSA-N,CC(COCC(N1CCCC1)CN(c1ccccc1)Cc1ccccc1)C.Cl.O,,-5.300022335
1325,C-1326,,ZCSKNHZKNUEWOG-LVEZLNDCSA-N,CN1CCN(CC1)CC1COC2(O1)c1ccccc1C=Cc1c2cccc1.OC(=O)/C=C/C(=O)O.OC(=O)/C=C/C(=O)O,,-5.300021057
1326,C-1327,,XSCGXQMFQXDFCW-UHFFFAOYSA-N,CN(CCCN1c2ccccc2Sc2c1cc(cc2)C(F)(F)F)C,,-5.3000002
1327,C-1328,,WEFMOIXWHANDPP-UHFFFAOYSA-N,CCCCCCCC(=O)OC1C2C(CC1(C)C)C(=O)C13C2(C)C2(CO2)C(=O)C3O1,,-5.299425698
1328,C-1329,,VULLGYXKPUCSEU-UHFFFAOYSA-N,CNC(CC12CC3(C)CC(C1)(C)CC(C2Cl)(C3)C)C.Cl,,-5.29878802
1329,C-1330,,YIYGVJMEXPKRPL-UHFFFAOYSA-N,NC(=N)CCCCCCCCCCCC(=N)N.Cl.Cl,,-5.294578518
1330,C-1331,,CDCHDCWJMGXXRH-UHFFFAOYSA-N,Clc1ccc2c(c1)C(=NCc1n2cnn1)c1ccccc1,,-5.294510433
1331,C-1332,,CTJVKQQQPGIGRS-UHFFFAOYSA-N,CCCCCCOc1ccccc1NC(=O)OCC[NH+]1CCCCC1.[Cl-],,-5.293807869
1332,C-1333,,WDJUZGPOPHTGOT-XUDUSOBPSA-N,O=C1OCC(=C1)[C@H]1CC[C@]2([C@]1(C)CC[C@H]1[C@H]2CC[C@H]2[C@]1(C)CC[C@@H](C2)O[C@H]1C[C@H](O)[C@@H]([C@H](O1)C)O[C@H]1C[C@H](O)[C@@H]([C@H](O1)C)O[C@H]1C[C@H](O)[C@@H]([C@H](O1)C)O)O,,-5.292568448
1333,C-1334,,VOZHMAYHYHEWBW-NVOOAVKYSA-N,O[C@H]1CC[C@]2([C@@H](C1)CC[C@@H]1[C@@H]2CC[C@]2([C@]1(O)C[C@@H]([C@@H]2c1ccc(=O)oc1)OC(=O)C)C)C,,-5.292486669
1334,C-1335,,MPMDMUROZIYIIM-UHFFFAOYSA-N,Cc1ccc(c(c1)C)n1c(C)nc2c(c1=O)cccc2,,-5.291809401
1335,C-1336,,PHTUQLWOUWZIMZ-BOPFTXTBSA-N,CN(CC/C=C/1\c2ccccc2SCc2c1cccc2)C,,-5.29121071
1336,C-1337,,OSGHSYGGTOXWEY-UHFFFAOYSA-N,CC(CCNCC1CCC(CC1)CNCCC(C)C)C.Cl.Cl,,-5.29068515
1337,C-1338,,WDJUZGPOPHTGOT-IUTQCQAUSA-N,O=C1OCC(=C1)[C@H]1CC[C@@]2([C@]1(C)CC[C@H]1[C@H]2CC[C@@H]2[C@]1(C)CC[C@@H](C2)O[C@@H]1C[C@H](O)[C@H]([C@@H](O1)C)O[C@@H]1C[C@H](O)[C@H]([C@@H](O1)C)O[C@@H]1C[C@H](O)[C@H]([C@@H](O1)C)O)O,,-5.29
1338,C-1339,,CVBMAZKKCSYWQR-WCGOZPBSSA-N,COC(=O)[C@@H]1[C@@H](OC)[C@@H](C[C@H]2[C@@H]1C[C@H]1N(C2)CCc2c1[nH]c1c2cccc1)OC(=O)c1cc(OC)c(c(c1)OC)OC,,-5.289376151
1339,C-1340,,JEPRBUKYZNSROP-UHFFFAOYSA-N,OC(=O)c1cc(ccc1O)S(=O)(=O)[O-].COc1cc2c(cc1OC)CC[NH+](C2C(Cc1ccc(cc1)[N+](=O)[O-])C)C,,-5.288398281
1340,C-1341,,PBHIEANRWCQSNC-UHFFFAOYSA-N,CCC(C(c1ccccc1)(c1ccccc1)CCC[NH+](C)C)OC(=O)C.[Cl-],,-5.287828448
1341,C-1342,,XCDXSSFOJZZGQC-UHFFFAOYSA-N,ClCCN(c1ccc2c(c1)cccc2)CCCl,,-5.286978232
1342,C-1343,,ACRMUSVWIFZVSM-JTHHODAVSA-N,C[C@@H](C(C(=O)N1CCCC1)(c1ccccc1)c1ccccc1)CN1CCOCC1.O[C@H]([C@H](C(=O)O)O)C(=O)O,,-5.285796704
1343,C-1344,,ZIQFOGAGKMHTRM-UHFFFAOYSA-N,CCS(=O)(=O)c1ccc2c(c1)n(CCN(C)C)c(=O)c1c(n2C)cccc1,,-5.285073397
1344,C-1345,,UFNIBRDIUNVOMX-UHFFFAOYSA-N,Clc1ccc(cc1)c1ccccc1Cl,,-5.2800002
1345,C-1346,,WKRLQDKEXYKHJB-HFTRVMKXSA-N,Oc1ccc2c(c1)CC=C1[C@@H]2CC[C@]2([C@H]1CCC2=O)C,,-5.2800002
1346,C-1347,,RLIONZRKXHAVFB-INUFXIKQSA-N,O=C1CC[C@]2(C(=C1)CC[C@@H]1[C@@H]2CC[C@]2([C@H]1CC[C@]2(C)OC(=O)C)C)C,,-5.2800002
1347,C-1348,,WKRLQDKEXYKHJB-HFTRVMKXSA-N ,Oc1ccc2c(c1)CC=C1[C@@H]2CC[C@]2([C@H]1CCC2=O)C	,,-5.28
1348,C-1349,,DYJUIQICMYDPOM-UHFFFAOYSA-N,[O-]C(=O)C(CC(=O)O)(CC(=O)O)O.COc1c2occc(c2c(=O)c2c1oc(c2)C)OCC(C[NH+](C(C)C)Cc1ccccc1)O,,-5.279727696
1349,C-1350,,RAPZEAPATHNIPO-UHFFFAOYSA-N,Fc1ccc2c(c1)onc2C1CCN(CC1)CCc1c(C)nc2n(c1=O)CCCC2,,-5.279254326
1350,C-1351,,LYXOWKPVTCPORE-UHFFFAOYSA-N,O=C(c1ccccc1)c1ccc(cc1)c1ccccc1,,-5.27861914
1351,C-1352,,WYWIFABBXFUGLM-UHFFFAOYSA-N,Cc1cc(c(c(c1CC1=NCCN1)C)O)C(C)(C)C,,-5.278571852
1352,C-1353,,DWUQNHFGCISCNR-OHGISNTKSA-N,C[NH+](CC/C=C/1\c2ccccc2Sc2c1cc(cc2)C(=O)C)C.[Cl-],,-5.277442714
1353,C-1354,,PCZOHLXUXFIOCF-BXMDZJJMSA-N,CC[C@@H](C(=O)O[C@H]1C[C@@H](C)C=C2[C@H]1[C@@H](CC[C@@H]1C[C@@H](O)CC(=O)O1)[C@H](C=C2)C)C,,-5.277164463
1354,C-1355,,QKFLGVMNZNYMOH-UHFFFAOYSA-N,NC1CCC2(C1)c1ccccc1C=Cc1c2cccc1.Cl,,-5.275305507
1355,C-1356,,MPCILJQVDVSLSZ-UHFFFAOYSA-N,COP(=S)(Oc1ccc(c(c1)C(C)C)[N+](=O)[O-])OC,,-5.275190451
1356,C-1357,,LYXITZQJPFABBF-ZZAMHKPASA-N,CCC(C(/C=C/C=C(/CCC=C(C)C)\C)O)(O)C,,-5.274981094
1357,C-1358,,JKRRVZFDRHWMMB-UHFFFAOYSA-N,FCCCCCCCCCCCl,,-5.272372761
1358,C-1359,,JAYCNKDKIKZTAF-UHFFFAOYSA-N,Clc1ccccc1c1ccccc1Cl,,-5.27
1359,C-1360,,HCFSGRMEEXUOSS-JXEXPEPMSA-N,O=C1CC[C@]2(C(=C1)C(=C[C@@H]1[C@@H]2CC[C@]2([C@H]1CC[C@]2(C)C(=O)C)C)C)C,,-5.27
1360,C-1361,,PHVGLTMQBUFIQQ-UHFFFAOYSA-N,CNCCC=C1c2ccccc2CCc2c1cccc2,,-5.269219539
1361,C-1362,,ZPXSCAKFGYXMGA-UHFFFAOYSA-N,Clc1ccc(cc1)C1(O)c2ccccc2C2=NCCN12,,-5.267496736
1362,C-1363,,SWXGTCKIGMOVFI-UHFFFAOYSA-N,O=C1NC(=O)C2(C1)c1ccccc1CCc1c2cccc1,,-5.266894631
1363,C-1364,,BLJZBCPEUMJBTG-UHFFFAOYSA-N,C[NH+](CCCC1(CCCc2c1cccc2)c1ccccc1)C.[Cl-],,-5.265545068
1364,C-1365,,HHJIUUAMYGBVSD-YTFFSALGSA-N,CCCCC(=O)OCC(=O)[C@H]1[C@H](C)C[C@@H]2[C@]1(C)C[C@H](O)[C@]1([C@H]2C[C@@H](C2=CC(=O)C=C[C@]12C)F)F,,-5.264978475
1365,C-1366,,NXNSCUZKMVYAJQ-UHFFFAOYSA-N,CC(NCCCC1(C(=O)N)c2ccccc2c2c1cccc2)C.Cl,,-5.263513938
1366,C-1367,,GKQYGRWQCWWSHN-UHFFFAOYSA-N,O=C(Nc1ccc2c(c1)c(N)cc(n2)C)Nc1ccc2c(c1)c(N)cc(n2)C.Cl.Cl,,-5.26130967
1367,C-1368,,RISCHQYUHLQSBU-UHFFFAOYSA-N,CN(CC(N1c2ccccc2Sc2c1cccc2)C)C.Cl,,-5.260828628
1368,C-1369,,KAJKCHGGCRPQLG-UHFFFAOYSA-N,CCOC(=O)N1Cc2ccccc2c2c1cccc2,,-5.260622087
1369,C-1370,,QCXZULAOFRNEFL-UHFFFAOYSA-M,O=C(c1cccc(c1O)c1ccccc1)Nc1ccc(cc1)C(=O)[O-].[Na+],,-5.260591166
1370,C-1371,,YNPNZTXNASCQKK-UHFFFAOYSA-N,c1ccc2c(c1)c1ccccc1cc2,,-5.2600002
1371,C-1372,,LHHGDZSESBACKH-RCJZDJILSA-N,O=C1[C@]2(Cl)[C@@]3([C@@]4([C@@]1(Cl)[C@@]1([C@]2([C@@]3(Cl)C([C@]41Cl)(Cl)Cl)Cl)Cl)Cl)Cl,,-5.2600002
1372,C-1373,,XUWCEPTXFCXEEX-UHFFFAOYSA-N,CC(C(C(=O)OC(C(Cl)(Cl)Cl)C)Br)C,,-5.258525542
1373,C-1374,,AURFZBICLPNKBZ-FZCSVUEKSA-N,O[C@H]1CC[C@]2([C@H](C1)CC[C@@H]1[C@@H]2CC[C@]2([C@H]1CC[C@@H]2C(=O)C)C)C,,-5.258091943
1374,C-1375,,IPVVZYZTTKHXKK-UHFFFAOYSA-N,OC(C(Cl)(Cl)Cl)OC(COc1ccccc1C)COC(C(Cl)(Cl)Cl)O,,-5.256893502
1375,C-1376,,SUKRRJYMPHOCIP-UHFFFAOYSA-N,CN(CCCn1c2ccccc2[nH]c(=O)c2c1cccc2)C,,-5.255546045
1376,C-1377,,HNGOYPWMJBELHN-FJUODKGNSA-N,CNCC/C=C/1\c2ccccc2Sc2c1cc(OC)cc2.Cl,,-5.254069643
1377,C-1378,,CYJRWJOMFVGVDK-UHFFFAOYSA-N,CC1CCCCN1CCCOC(=O)c1ccccc1I,,-5.25355
1378,C-1379,,BLAAWVPMHICNCQ-UHFFFAOYSA-N,Ic1ccc(cc1)C(=O)OCCCN1CCCCC1C,,-5.25355
1379,C-1380,,HXZJRRMZYWUPDU-DMAAICPESA-N,O=C1C[C@@H]2C([C@]1(CC2)CS(=O)(=O)O)(C)C.COc1ccc2c(c1)[C@]13CCCC[C@H]3[C@@H](C2)N(CC1)CCc1ccco1,,-5.253034588
1380,C-1381,,GJCOSYZMQJWQCA-UHFFFAOYSA-N,c1ccc2c(c1)Oc1c(C2)cccc1,,-5.252853031
1381,C-1382,,DHDVOXBKOXIIBW-UHFFFAOYSA-N,C=CCc1ccccc1OCC(CN1CCN(CC1)c1ccc(c(c1)C)C)O.Cl.Cl,,-5.251693774
1382,C-1383,,WEJZHZJJXPXXMU-UHFFFAOYSA-N,Clc1ccc(c(c1)Cl)c1ccccc1,,-5.25
1383,C-1384,,CXWWSOPNZQPTJX-UHFFFAOYSA-N,CN(CCC=C1c2ccccc2Sc2c1cccc2)C.Cl,,-5.249403342
1384,C-1385,,CPEUVMUXAHMANV-UHFFFAOYSA-N,COC(=O)Nc1nc2c([nH]1)cc(cc2)C(=O)c1ccc(cc1)F,,-5.243819194
1385,C-1386,,PUADUYHPJCGDTM-UHFFFAOYSA-N,CCN(CCn1c2ccccc2n(c(=O)c2c1cccc2)O)CC,,-5.242920607
1386,C-1387,,XLOQNFNTQIRSOX-UHFFFAOYSA-N,CC(N(C)C)CN1c2cc(ccc2Sc2c1cccc2)C(=O)C,,-5.241985722
1387,C-1388,,WKOSARRKKYFXDJ-UHFFFAOYSA-N,Cc1ccc(cc1)C(c1ccccc1)OCCN[NH+]1CCCCC1.[Cl-],,-5.241447811
1388,C-1389,,FAYHFDMHIOTESQ-UHFFFAOYSA-L,C[N+](CCC1c2ccccc2c2c1cccc2)(CCCCCC[N+](CCC1c2ccccc2c2c1cccc2)(C)C)C.[Br-].[Br-],,-5.240574624
1389,C-1390,,TVMXDCGIABBOFY-UHFFFAOYSA-N,CCCCCCCC,,-5.2399998
1390,C-1391,,SBNFWQZLDJGRLK-LEWJYISDSA-N,CC(=C[C@H]1[C@@H](C1(C)C)C(=O)OCc1cccc(c1)Oc1ccccc1)C,,-5.2399998
1391,C-1392,,PDRGHUMCVRDZLQ-SJLPKXTDSA-N,Oc1ccc2c(c1)ccc1c2CC[C@@]2([C@@H]1CCC2=O)C,,-5.2399998
1392,C-1393,,IUNBSQBAZSNEOK-UHFFFAOYSA-N,CCCC(=O)c1ccc(cc1)OCC(CN1CCN(CC1)c1ccccc1)O,,-5.238243707
1393,C-1394,,HWDPSQSTOIACSI-AQTBWJFISA-N,CCCCCN(CC(=O)N/N=C\c1ccc(o1)[N+](=O)[O-])CCCCC,,-5.237448864
1394,C-1395,,FPHIGGMDBMWPDB-UHFFFAOYSA-N,c1ccc(cc1)C[NH+]1C=C(c2c1cccc2)CCc1ccncc1.[Cl-],,-5.237317223
1395,C-1396,,DCSUBABJRXZOMT-UHFFFAOYSA-N,COC1CN(CCCOc2ccc(cc2)F)CCC1NC(=O)c1cc(Cl)c(cc1OC)N,,-5.23585107
1396,C-1397,,XMRPGKVKISIQBV-BJMCWZGWSA-N,O=C1CC[C@]2([C@H](C1)CC[C@@H]1[C@@H]2CC[C@]2([C@H]1CC[C@@H]2C(=O)C)C)C,,-5.235535294
1397,C-1398,,BQMDGYJPLNFICG-UHFFFAOYSA-N,CCN(CCOc1ccc(cc1C(=O)Nc1ccccc1)Cl)CC,,-5.234796602
1398,C-1399,,OVAZLWZUJJDABM-CCEZHUSRSA-N,CN(CCCN(c1c(C)cccc1C)C(=O)/C=C/c1ccccc1)C,,-5.234701893
1399,C-1400,,USKAVCMWCUTATL-UHFFFAOYSA-N,O=C1C(C(=O)N(N1c1ccccc1)c1ccccc1)C1C(=O)N(N(C1=O)c1ccccc1)c1ccccc1,,-5.232814663
1400,C-1401,,YUWFEBAXEOLKSG-UHFFFAOYSA-N,Cc1c(C)c(C)c(c(c1C)C)C,,-5.23
1401,C-1402,,IOUNQDKNJZEDEP-UHFFFAOYSA-N,CCOP(=S)(SCn1c(=O)oc2c1ccc(c2)Cl)OCC,,-5.23
1402,C-1403,,SYFLVOYYHASAMF-UHFFFAOYSA-N,C1CCN(CC1)CCCC12CC3CC(C2)CC(C1)C3.Cl,,-5.228573886
1403,C-1404,,RMMMEPSVCACSHE-UHFFFAOYSA-N,OCC(c1ccc2c(c1)ccc1c2cccc1)C,,-5.227361416
1404,C-1405,,ZLAMOIIYVOQQBW-NSCUHMNNSA-N,C/C=C/CCC1CCCCN1CCCOC(=O)c1ccccc1,,-5.227098562
1405,C-1406,,BVGLIYRKPOITBQ-ANPZCEIESA-N,N(Cc1ccccc1)CCNCc1ccccc1.O=C(Cc1ccccc1)N[C@@H]1C(=O)N2[C@@H]1SC([C@@H]2C(=O)O)(C)C.O=C(Cc1ccccc1)N[C@@H]1C(=O)N2[C@@H]1SC([C@@H]2C(=O)O)(C)C,,-5.225428724
1406,C-1407,,RBBWCVQDXDFISW-UHFFFAOYSA-N,CC(=CCC1C(=O)N(N(C1=O)c1ccccc1)c1ccccc1)C,,-5.224193776
1407,C-1408,,KDOPUKOTJDLFQA-UHFFFAOYSA-N,CCOC(=O)Cc1ccc2c(c1)nc(s2)c1ccccc1,,-5.222880086
1408,C-1409,,MFBGBDQKGVVUET-UHFFFAOYSA-N,CN1CCC2=C(C1CCc1ccccc1[N+](=O)[O-])CCCC2,,-5.222430329
1409,C-1410,,XQUJIUXPLNHJMQ-UHFFFAOYSA-N,CN1CCC2=C(C1CCc1cccc(c1)[N+](=O)[O-])CCCC2,,-5.222430329
1410,C-1411,,NHZSGFPRDZNUNP-UHFFFAOYSA-N,CN1CCC2=C(C1CCc1ccc(cc1)[N+](=O)[O-])CCCC2,,-5.222430329
1411,C-1412,,GKEUODMJRFDLJY-UHFFFAOYSA-N,Cc1cccc2c1Cc1c2cccc1,,-5.2199998
1412,C-1413,,AUYYCJSJGJYCDS-GFCCVEGCSA-N,OC(=O)[C@@H](Cc1cc(I)c(c(c1)I)Oc1ccc(c(c1)I)O)N,,-5.2199998
1413,C-1414,,YGRZMQRQQAWFAK-UHFFFAOYSA-N,CN(CCCC1(OC(c2c1cccc2)(C)C)c1ccc(cc1)C)C.Cl,,-5.219767953
1414,C-1415,,NNTDPGZVKDQKLS-UHFFFAOYSA-N,CCN(CCCN1c2ccccc2NCc2c1cccc2)CC,,-5.216442462
1415,C-1416,,AUYYCJSJGJYCDS-LBPRGKRZSA-N,OC(=O)[C@H](Cc1cc(I)c(c(c1)I)Oc1ccc(c(c1)I)O)N,,-5.216089848
1416,C-1417,,KNIVGGRCJWRCDV-UHFFFAOYSA-N,CC(N(C(C)C)CCC(c1ccccc1)(c1ccccc1)C(=O)N)C,,-5.211488923
1417,C-1418,,SUGBVZMJIRBHEZ-UHFFFAOYSA-N,CCCCN1CCCC(C1)OC(=O)Nc1c(C)cccc1Cl,,-5.210651539
1418,C-1419,,LTEQMZWBSYACLV-UHFFFAOYSA-N,CCCCCCc1ccccc1,,-5.21
1419,C-1420,,IYZWUWBAFUBNCH-UHFFFAOYSA-N,Clc1cccc(c1c1ccccc1)Cl,,-5.21
1420,C-1421,,YAIARBNHRVQQRT-SKBVVQJISA-N,Oc1ccc2c(c1)[C@]13CCCC[C@H]3[C@@H](C2)N(CC1)CCc1ccc(cc1)N(C)C,,-5.207884639
1421,C-1422,,IESVGUSNDICIGM-UHFFFAOYSA-N,OC(=O)C(c1ccc2c(c1)nc(o2)c1ccc(c(c1)Cl)Cl)C,,-5.206410084
1422,C-1423,,BNWXPOSRRBVXAD-UHFFFAOYSA-N,OC(=O)C(c1ccc2c(c1)nc(o2)c1ccc(cc1Cl)Cl)C,,-5.206410084
1423,C-1424,,WQDLJCDVQLHYOK-UHFFFAOYSA-N,OC(=O)C(c1ccc2c(c1)nc(o2)c1cc(Cl)cc(c1)Cl)C,,-5.206410084
1424,C-1425,,GQUAGNLRQXBIPW-UHFFFAOYSA-N,CCC(C(=O)c1cc(C)c(c(c1)C(=O)O)O)c1ccccc1,,-5.205195644
1425,C-1426,,SBWLAHWQJBFTFW-UHFFFAOYSA-N,CN(CCCC1CC(c2c1cccc2)(C)c1ccccc1)C.Cl,,-5.202427754
1426,C-1427,,HWHLPVGTWGOCJO-UHFFFAOYSA-N,OC(c1ccccc1)(C1CCCCC1)CCN1CCCCC1	,,-5.2
1427,C-1428,,FPWNLURCHDRMHC-UHFFFAOYSA-N,Clc1ccc(cc1)c1ccccc1,,-5.1999998
1428,C-1429,,RUKQAPJWMOAWKA-UHFFFAOYSA-N,CN(CCC12CC3CC(C2c2ccccc2)CC(C1)C3)C.Cl,,-5.199685936
1429,C-1430,,WBJWBGGFIDYPPO-UHFFFAOYSA-N,COc1ccc2c(c1)n(CC[NH+](C)C)c1c2ccc(c1)Cl.[Cl-],,-5.198094211
1430,C-1431,,RBULJSNVVSSVKH-UHFFFAOYSA-N,OC(=O)Cc1ccc2c(c1)nc(s2)c1ccc(cc1)C(C)C,,-5.196652009
1431,C-1432,,NZDASSHFKWDBBU-KVMCETHSSA-N,O=C(C(C(=O)Oc1ccccc1)c1ccccc1)N[C@@H]1C(=O)N2[C@@H]1SC([C@@H]2C(=O)O)(C)C,,-5.193638041
1432,C-1433,,WEYVCQFUGFRXOM-UHFFFAOYSA-N,CN1CCN(CC1)CCCN1c2ccccc2Sc2c1cccc2,,-5.193581531
1433,C-1434,,PGDPFMRYKOURHD-UHFFFAOYSA-N,CCCCOc1ccc(cc1)C(=O)OCCCN1CCCCC1C,,-5.192645575
1434,C-1435,,RFIBDMCPIREZKC-UHFFFAOYSA-N,Ic1cc(I)c(c(c1)C(=O)O)N,,-5.191932552
1435,C-1436,,AXIPKWBIXSFROG-UHFFFAOYSA-N,CCCCCCCC[Sn](S[Sn](CCCCCCCC)(CCCCCCCC)CCCCCCCC)(CCCCCCCC)CCCCCCCC,,-5.191144437
1436,C-1437,,BOCUKUHCLICSIY-UHFFFAOYSA-N,Clc1cc2NC(NS(=O)(=O)c2cc1S(=O)(=O)N)C1CC2CC1C=C2,,-5.19107198
1437,C-1438,,RZVHIXYEVGDQDX-UHFFFAOYSA-N,O=C1c2ccccc2C(=O)c2c1cccc2,,-5.1900001
1438,C-1439,,NFGXHKASABOEEW-UQHDCKCOSA-N,COC(CCC[C@H](C/C=C/C(=C/C(=O)OC(C)C)/C)C)(C)C,,-5.1900001
1439,C-1440,,NNBZCPXTIHJBJL-AOOOYVTPSA-N,C1CC[C@H]2[C@@H](C1)CCCC2,,-5.1900001
1440,C-1441,,QBPFLULOKWLNNW-UHFFFAOYSA-N,Oc1cccc2c1C(=O)c1c(C2=O)cccc1O	,,-5.19
1441,C-1442,,UJEWTUDSLQGTOA-UHFFFAOYSA-N,OC(=O)c1cc(N2CCCC2)c(c(c1)S(=O)(=O)N)Oc1ccccc1,,-5.18997232
1442,C-1443,,PLZVEHJLHYMBBY-UHFFFAOYSA-N,CCCCCCCCCCCCCCN,,-5.189648465
1443,C-1444,,IRBYNKOJMGCYPA-UHFFFAOYSA-N,Ic1ccc(nc1)SCCCCCCN1CSCC1.Cl,,-5.188789856
1444,C-1445,,VAYOSLLFUXYJDT-RDTXWAMCSA-N,CCN(C(=O)[C@H]1CN(C)[C@H]2C(=C1)c1cccc3c1c(C2)c[nH]3)CC,,-5.187988244
1445,C-1446,,XXPDBLUZJRXNNZ-UHFFFAOYSA-N,CN(C(CN1c2ccccc2Sc2c1cccc2)C)C.Cl,,-5.186195009
1446,C-1447,,JULCZKIUTDDDRV-UHFFFAOYSA-N,C[NH+]1CCC(CC1)OC(=O)C1c2ccccc2c2c1cccc2.[Cl-],,-5.186122286
1447,C-1448,,NGZOZDKXUPYDFY-UHFFFAOYSA-N,Clc1ccc(cc1)C(=O)C(c1ccc(cc1)Cl)CN1CCCC1.Cl,,-5.183749879
1448,C-1449,,WWYNJERNGUHSAO-XUDSTZEESA-N,C#C[C@]1(O)CC[C@@H]2[C@]1(CC)CC[C@H]1[C@H]2CCC2=CC(=O)CC[C@H]12,,-5.183030838
1449,C-1450,,VWNWVCJGUMZDIU-UHFFFAOYSA-N,CC(N(C)C)CN1c2cc(ccc2Sc2c1cccc2)S(=O)(=O)N(C)C,,-5.180828772
1450,C-1451,,YJQPYGGHQPGBLI-KGSXXDOSSA-N,CO[C@@H]1[C@@H](OC(=O)N)[C@@H](O)[C@@H](OC1(C)C)Oc1ccc2c(c1C)oc(=O)c(c2O)NC(=O)c1ccc(c(c1)CC=C(C)C)O,,-5.180495951
1451,C-1452,,UUFIZWJFMXMPSW-UHFFFAOYSA-N,CN(C(CC12CC3(C)CC(C2)(CC(C1)(C3)C)C)C)C.Cl,,-5.180350373
1452,C-1453,,VUNCWTMEJYMOOR-UHFFFAOYSA-N,ClC1=C(Cl)C(C(=C1Cl)Cl)(Cl)Cl,,-5.1799998
1453,C-1454,,DJPZSBANTAQNFN-LDZURRIXSA-N,CC(=O)O[C@H]1CC[C@@H]2[C@]1(C)CC[C@H]1[C@H]2CCC2=CC(=O)CC[C@]12C,,-5.1799998
1454,C-1455,,NFHMMNLSDVYWAP-UHFFFAOYSA-N,O=C1NCC2(C1)c1ccccc1CCc1c2cccc1,,-5.179967583
1455,C-1456,,MIUUNYUUEFHIHM-UHFFFAOYSA-N,CC(COc1ccc(cc1)C(c1ccc(cc1)OCC(O)C)(C)C)O,,-5.17919259
1456,C-1457,,QQLKRSPNTCETDX-BTJKTKAUSA-N,CN(CC1COC2(O1)c1ccccc1C=Cc1c2cccc1)C.OC(=O)/C=C\C(=O)O,,-5.178111201
1457,C-1458,,QFVAWNPSRQWSDU-UHFFFAOYSA-N,S=C1SCN(CN1Cc1ccccc1)Cc1ccccc1,,-5.176388288
1458,C-1459,,YYRAOUMHYSDVJT-CZPWWGKQSA-N,O[C@H]([C@H](C(=O)O)O)C(=O)O.COc1ccc(cc1)CCN1CC[C@@]23[C@H]([C@H]1Cc1c3cc(cc1)O)CCCC2,,-5.175773656
1459,C-1460,,YNXOHEFIGBHBPG-UHFFFAOYSA-N,Brc1ccc(nc1)SCCCCCCCN1CCSC1.Cl.Cl,,-5.171564712
1460,C-1461,,PMATZTZNYRCHOR-CGLBZJNRSA-N,C/C=C/C[C@H]([C@H]([C@H]1C(=O)N[C@@H](CC)C(=O)N(C)CC(=O)N(C)[C@@H](CC(C)C)C(=O)N[C@@H](C(C)C)C(=O)N(C)[C@@H](CC(C)C)C(=O)N[C@H](C(=O)N[C@@H](C(=O)N([C@H](C(=O)N([C@H](C(=O)N([C@H](C(=O)N1C)C(C)C)C)CC(C)C)C)CC(C)C)C)C)C)O)C,,-5.170310469
1461,C-1462,,YCSBALJAGZKWFF-UHFFFAOYSA-N,Nc1ccc2c(c1)cc1c(c2)cccc1,,-5.1700001
1462,C-1463,,DSKLAYUHVDHXSH-ISLYRVAYSA-N,COc1ccc(cc1)CN(/N=N/c1ccc(cc1)C(=O)O)C,,-5.166307226
1463,C-1464,,PLIGPBGDXASWPX-UHFFFAOYSA-N,CN(CCCn1c2CCCCCCc2c2c1cccc2)C,,-5.166199613
1464,C-1465,,WYCLKVQLVUQKNZ-UHFFFAOYSA-N,Clc1ccc2c(c1)C(=NCC(=O)N2CC(F)(F)F)c1ccccc1,,-5.165438899
1465,C-1466,,UPUDZFFFZRSNAE-UHFFFAOYSA-N,Nc1ccc(cc1)c1c2ccccc2nc2c1ccc(c2)N,,-5.165343281
1466,C-1467,,OYMOPEYQIAFWSQ-UHFFFAOYSA-N,CCN(CCn1c(=O)c2ccccc2[nH]c2c1cccc2)CC,,-5.162158939
1467,C-1468,,CZGLGDWLDZFFRP-UHFFFAOYSA-N,O=C(Nc1c(C)cccc1Cl)OC1CCC[NH+](C1)C(C)(C)C.[Cl-],,-5.161677041
1468,C-1469,,CGDSFZBQGDHARN-UHFFFAOYSA-N,OC(=O)C(=O)O.CCC(=O)N(CC(N1CCC(CC1)(O)c1ccccc1)C)Cc1ccccc1.CCC(=O)N(CC(N1CCC(CC1)(O)c1ccccc1)C)Cc1ccccc1,,-5.160602254
1469,C-1470,,UNAHYJYOSSSJHH-UHFFFAOYSA-N,CCCN(c1c(cc(cc1[N+](=O)[O-])S(=O)(=O)N)[N+](=O)[O-])CCC,,-5.1599998
1470,C-1471,,LAIUFBWHERIJIH-MRVPVSSYSA-N,CCCC[C@@H](CC)C,,-5.1599998
1471,C-1472,,IMHQERYPRJWDBY-UHFFFAOYSA-N,COc1c2occc(c2c(=O)c2c1oc(c2)C)OCC(C[NH+](C(C)C)Cc1ccccc1)O.[Cl-],,-5.159482644
1472,C-1473,,ONSQUXZPOPTSQF-UHFFFAOYSA-N,CN(CCCC1(O)c2ccccc2CCc2c1cccc2)C,,-5.158694839
1473,C-1474,,GGGDNPWHMNJRFN-UHFFFAOYSA-N,CC(=O)Nc1c(I)c(N(C(=O)C)C)c(c(c1I)C(=O)O)I,,-5.158433727
1474,C-1475,,PBTJOTZZTRRCSV-UHFFFAOYSA-N,OS(=O)(=O)SCCNCCCCCOc1cccc(n1)OCCCCCNCCSS(=O)(=O)O,,-5.154040674
1475,C-1476,,VNONOKVNCRGYBP-UHFFFAOYSA-N,CCCCCCCCSCCCCCN1CSCC1.Cl,,-5.153112936
1476,C-1477,,JUIYSFPOULFJDP-UHFFFAOYSA-N,CCCCCCCSCCCCCCN1CCSC1.Cl,,-5.153112936
1477,C-1478,,ZWPNVVQXUQWXEY-UHFFFAOYSA-N,ClCCN(c1cc(ccc1C)[N+](=O)[O-])CCCl,,-5.152672421
1478,C-1479,,RPVBPDPLQFCQRB-UHFFFAOYSA-N,CCN(CCC(c1cccc2c1cccc2)(C(=O)N)C(C)C)CC,,-5.15213408
1479,C-1480,,ZTYVMAQSHCZXLF-UHFFFAOYSA-N,COC(=O)c1ccccc1S(=O)(=O)NC(=O)Nc1nc(OC(F)F)cc(n1)OC(F)F,,-5.152043602
1480,C-1481,,RFDAIACWWDREDC-NMLLGMEWSA-N,O[C@H]1CC[C@]2([C@H](C1)C[C@@H]([C@@H]1[C@@H]2C[C@@H](O)[C@]2([C@H]1CC[C@@H]2[C@H](CCC(=O)NCC(=O)O)C)C)O)C,,-5.1500001
1481,C-1482,,PVVKNINYCJVIFZ-UHFFFAOYSA-N,COc1cc(C)c2c(c1)n(CC)c1ncccc1c(=O)[nH]2,,-5.1500001
1482,C-1483,,HNVNYBVNGAOPDJ-UHFFFAOYSA-N,Ic1ccc(nc1)OCCCCCCCN1CCSC1.Cl,,-5.149262271
1483,C-1484,,NDKYICANXPTKKC-UHFFFAOYSA-N,CCOc1ccc2c(c1)c(N)c1c(n2)cc(cc1)[N+](=O)[O-],,-5.149030573
1484,C-1485,,SIGZQNJITOWQEF-VICXVTCVSA-M,[O-]C(=O)[C@@H]1N2C(=O)[C@H]([C@H]2SC1(C)C)NC(=O)c1c(C)onc1c1c(Cl)cccc1Cl.[Na+].O,,-5.147934254
1485,C-1486,,BPGOVPPTXCAFFA-UHFFFAOYSA-N,CCN(CCCNc1nc(c(o1)c1ccccc1)c1ccccc1)CC,,-5.147220495
1486,C-1487,,BPWOKDWTZDTHNX-UHFFFAOYSA-N,CCN(CC(=O)N1c2ccccc2Sc2c1cccc2)CC,,-5.146449256
1487,C-1488,,YLSRNLBJYQACQD-UHFFFAOYSA-N,CCCCCCc1ccc2c(c1)ccc(c2)O,,-5.146384901
1488,C-1489,,CNFNOTBBFIIERQ-UHFFFAOYSA-N,CCCCOc1ccc(cc1)OCC(=O)N(c1cccc(c1)OC)CCN(C)C.Cl,,-5.146303975
1489,C-1490,,INUNXTSAACVKJS-NRFANRHFSA-N,C[C@H](C(C(=O)N1CCCC1)(c1ccccc1)c1ccccc1)CN1CCOCC1,,-5.145180917
1490,C-1491,,INUNXTSAACVKJS-OAQYLSRUSA-N,C[C@@H](C(C(=O)N1CCCC1)(c1ccccc1)c1ccccc1)CN1CCOCC1,,-5.144717505
1491,C-1492,,YJQUNKOOBWNEAQ-UHFFFAOYSA-N,CN(C(=O)C(CCc1nc2c(s1)nc(s2)CCC(C(=O)N(C)C)(C)C)(C)C)C,,-5.143702662
1492,C-1493,,OSVIDGCVOGPEOK-UHFFFAOYSA-N,CCC1(CC(C)C)C(=O)NC(=O)NC1=O,,-5.142154201
1493,C-1494,,VTYCSDLQJCTYFO-UHFFFAOYSA-N,CCCCN1CCC(CC1)(OC(=O)CC)C1CCCCC1.Cl,,-5.140828709
1494,C-1495,,ZOKXUAHZSKEQSS-UHFFFAOYSA-N,CCCCSP(=O)(SCCCC)SCCCC,,-5.1399999
1495,C-1496,,BIBTUTRXEHVQBZ-BTJKTKAUSA-N,O1CCN(CC1)CC1COC2(O1)c1ccccc1C=Cc1c2cccc1.OC(=O)/C=C\C(=O)O,,-5.13900486
1496,C-1497,,PXGPLTODNUVGFL-YNNPMVKQSA-N,CCCCC[C@@H](/C=C/[C@H]1[C@H](O)C[C@@H]([C@@H]1C/C=C\CCCC(=O)O)O)O,,-5.13882308
1497,C-1498,,JCUYNWANICHYHR-UHFFFAOYSA-N,ClCC[NH+](Cc1ccccc1)CC=Cc1ccccc1C.[Cl-],,-5.13756077
1498,C-1499,,YAVUZDCXTCRATB-UHFFFAOYSA-N,O=C(c1ccc(c(c1)I)F)OCCCN1CCCCC1.Cl,,-5.13557766
1499,C-1500,,OXCMYAYHXIHQOA-UHFFFAOYSA-N,CCCCc1nc(c(n1Cc1ccc(cc1)c1ccccc1c1[n-]nnn1)CO)Cl.[K+],,-5.13479081
1500,C-1501,,QJBZDBLBQWFTPZ-UHFFFAOYSA-N,Clc1c[nH]cc1c1cccc(c1[N+](=O)[O-])Cl,,-5.134049424
1501,C-1502,,UXZFQZANDVDGMM-UHFFFAOYSA-N,Ic1cc(I)c2c(c1O)nccc2,,-5.131428131
1502,C-1503,,NNADEMKNXDZEKW-UHFFFAOYSA-N,C[NH+]1C2CCC1CC(C2)OC(=O)C(=C)c1ccc(cc1)C(C)(C)C.[Cl-],,-5.131260792
1503,C-1504,,MHNSPTUQQIYJOT-SJDTYFKWSA-N,CN(CC/C=C\1/c2ccccc2OCc2c1cccc2)C.Cl,,-5.130252649
1504,C-1505,,MHMTXDMLQZHXRZ-UHFFFAOYSA-N,Clc1ccc(cc1)Cn1c(C)nc2c1cccc2.Cl,,-5.128694156
1505,C-1506,,VVFLDPAQGSOAKR-UHFFFAOYSA-N,CCC(Oc1ccc(cc1)C(=O)OCCCN1CCCCC1C)C,,-5.128607667
1506,C-1507,,LDHRPGPXSCBURF-UHFFFAOYSA-N,CC(COc1ccc(cc1)C(=O)OCCCN1CCCCC1C)C,,-5.128607667
1507,C-1508,,DJYRKMZXPCJMMA-UHFFFAOYSA-N,CCC(C1=CCC(CC1)CC(C)C)C(=O)O,,-5.128197968
1508,C-1509,,RBOSJXRXKKJKDN-UHFFFAOYSA-N,CCCCCc1ccccc1OCC[NH+](CCCl)CC.[Cl-],,-5.127969519
1509,C-1510,,UZMPCPFDZYTEJG-UHFFFAOYSA-N,CNCC/C=C/1\c2ccccc2C=Cc2c1cccc2.Cl,,-5.12760962
1510,C-1511,,WIILDCMHDCIZQR-UHFFFAOYSA-N,Clc1ccc(nc1)SCCCCCCCCN1CCSC1.Cl,,-5.125035151
1511,C-1512,,CAANODYIPBBLNZ-UHFFFAOYSA-N,OC(=O)COc1ccc(c(c1Cl)Cl)Cc1cccs1,,-5.124728824
1512,C-1513,,ODCUSWJXZDHLKV-UHFFFAOYSA-N,OCCN(C(=O)C(Cl)Cl)Cc1ccc(cc1)Oc1ccc(cc1)[N+](=O)[O-],,-5.124095387
1513,C-1514,,NDDAHWYSQHTHNT-UHFFFAOYSA-N,CC1Cc2c(N1NC(=O)c1ccc(c(c1)S(=O)(=O)N)Cl)cccc2,,-5.121586556
1514,C-1515,,GUONCCKKHBMVAF-UHFFFAOYSA-N,CCCCOc1ccc(cc1)OCC(=O)N(c1cccc(c1)OC)CCN1CCOCC1.Cl,,-5.119246832
1515,C-1516,,CRDAMVZIKSXKFV-YFVJMOTDSA-N,OC/C=C(/CC/C=C(/CCC=C(C)C)\C)\C,,-5.11739824
1516,C-1517,,WDIZLVLUDKKQLC-UHFFFAOYSA-N,Cc1cccc(c1C(c1c(C)cccc1C)OCCOCC[NH+](C)C)C.[Cl-],,-5.114697424
1517,C-1518,,JOBYFSLGKZGUKV-UHFFFAOYSA-N,Cc1ccc(cc1)NC(=O)c1ccccc1N(C(=O)CN1CCCCC1)C,,-5.11415372
1518,C-1519,,INVGWHRKADIJHF-UHFFFAOYSA-N,C[n+]1cc2c3OCOc3ccc2c2c1c1cc3OCOc3cc1cc2,,-5.111811964
1519,C-1520,,BGLOCPBIEZYELI-BTJKTKAUSA-N,CN1CCN(CC1)C1Cc2ccccc2Sc2c1cccc2.OC(=O)/C=C\C(=O)O,,-5.111436671
1520,C-1521,,MQIUGAXCHLFZKX-UHFFFAOYSA-N,CCCCCCCCOC(=O)c1ccccc1C(=O)OCCCCCCCC,,-5.1100001
1521,C-1522,,GGOYNTDJWDKZSC-UHFFFAOYSA-N,CC(N(C)C)CC12CC3(C)CC(C1)(C)CC(C2Cl)(C3)C.Cl,,-5.109252645
1522,C-1523,,XWLWYHOJUYRRQO-UHFFFAOYSA-L,C[N+]1(CCCCCCCCC[N+]2(C)CCOCC2)CCOCC1.[I-].[I-],,-5.109085863
1523,C-1524,,ZQMBKJWVFPOZHQ-UHFFFAOYSA-N,CN(CC(CC1(OC(c2c1cccc2)(C)C)c1ccccc1)C)C.Cl,,-5.109069656
1524,C-1525,,WFPKGPHTXIOMFI-UHFFFAOYSA-N,CN(CCCN1c2ccccc2NCc2c1cc(Cl)cc2)C,,-5.108538899
1525,C-1526,,WRJIIPWMHJEZHX-UHFFFAOYSA-N,CCCCC(C(=O)Nc1c(C)cccc1C)N(CC)CC.Cl,,-5.107886697
1526,C-1527,,XTMMHYGQTNDKST-SNISIANXSA-N,O[C@H]([C@H](C(=O)O)O)C(=O)O.CCC(CCN1CC[C@@]23[C@H]([C@H]1Cc1c3cc(cc1)O)CCCC2)C,,-5.107353659
1527,C-1528,,HQZMBBVUXLTMFX-UHFFFAOYSA-N,N#CC(c1cccc2c1cccc2)(CC[NH+](C)C)CC=C(C)C.[Cl-],,-5.107046635
1528,C-1529,,OEEHXSFHUNVJJI-UHFFFAOYSA-N,N#CC(c1ccc2c(c1)cccc2)(CC=C(C)C)CCN(C)C.Cl,,-5.107046635
1529,C-1530,,RMYQWYZCXZASAT-UHFFFAOYSA-N,ClCCN(c1cc(ccc1C)C(=O)OC)CCCl,,-5.106647591
1530,C-1531,,CKHYRHIDMKNIGY-QMGGKDRNSA-N,OC(=O)C(=O)[O-].CCCCOc1c(OC)cccc1C(=O)NCC/[NH+]=C(/CCC)\C,,-5.105427312
1531,C-1532,,XQKDTERCKFKPDY-UHFFFAOYSA-N,Clc1ccc(cc1)C1CCc2c(N(C1=O)CC1=NCCN1)cccc2,,-5.103215009
1532,C-1533,,QNZBHXVTDNAOEC-UHFFFAOYSA-N,CCC(c1cccc2c1cccc2)(C(=O)N)CCN1CCCCC1,,-5.102931893
1533,C-1534,,NSCLRALYUOMPCL-UHFFFAOYSA-N,C=CCc1ccc(c(c1)OC)OCc1ccccc1,,-5.102199809
1534,C-1535,,BLBSCAYCUDWNQZ-BTJKTKAUSA-N,OC(=O)/C=C\C(=O)O.CNCC1COC2(O1)c1ccccc1CCc1c2cccc1,,-5.098447456
1535,C-1536,,WJFKNYWRSNBZNX-UHFFFAOYSA-N,c1ccc2c(c1)Sc1c(N2)cccc1,,-5.098046976
1536,C-1537,,AURFZBICLPNKBZ-SYBPFIFISA-N,O[C@@H]1CC[C@]2([C@H](C1)CC[C@@H]1[C@@H]2CC[C@]2([C@H]1CC[C@@H]2C(=O)C)C)C,,-5.097081869
1537,C-1538,,AUILENMSDXFKBX-UHFFFAOYSA-N,Brc1ccc(nc1)OCCCCCCCCN1CCSC1.Cl,,-5.095387713
1538,C-1539,,FSQKKOOTNAMONP-UHFFFAOYSA-N,COc1ccc2c(c1)c(CC(=O)OCC(=O)O)c(n2C(=O)c1ccc(cc1)Cl)C,,-5.094905185
1539,C-1540,,KVHHOCOKABIPJM-UHFFFAOYSA-M,Nc1ccc(cc1)C(c1ccccc1)(C(=O)OC1CC2CCC(C1)[N+]2(C)Cc1ccccc1)O.[Br-],,-5.094893098
1540,C-1541,,LAYVFLWAVIGDLK-UHFFFAOYSA-N,COc1ccc2c(c1)C(O)(CCCN(C)C)c1c(S2)cccc1,,-5.09128881
1541,C-1542,,ZNNLBTZKUZBEKO-UHFFFAOYSA-N,COc1ccc(cc1C(=O)NCCc1ccc(cc1)S(=O)(=O)NC(=O)NC1CCCCC1)Cl,,-5.0900002
1542,C-1543,,IDUMOVRJNBNOTR-BIZLIJPVSA-N,O=C(c1ccc(s1)[N+](=O)[O-])N/N=C/C=C/c1ccc(o1)[N+](=O)[O-],,-5.08327902
1543,C-1544,,CBGUOGMQLZIXBE-XGQKBEPLSA-N,CCC(=O)O[C@@]1([C@@H](C)C[C@@H]2[C@]1(C)C[C@H](O)[C@]1([C@H]2CCC2=CC(=O)C=C[C@]12C)F)C(=O)CCl,,-5.082592899
1544,C-1545,,JVSWJIKNEAIKJW-UHFFFAOYSA-N,CCCCCC(C)C,,-5.0799999
1545,C-1546,,CYLWJCABXYDINA-UHFFFAOYSA-N,CN1C(CSCC(F)(F)F)Nc2c(S1(=O)=O)cc(c(c2)Cl)S(=O)(=O)N,,-5.079840296
1546,C-1547,,QITYSCXABSQPCC-UHFFFAOYSA-N,Clc1cccc2c1nc(OCCCCCN1CSCC1)cc2C.Cl,,-5.076234786
1547,C-1548,,LZSHSTGCCZALGE-UHFFFAOYSA-N,CC[NH+](CCOC(=O)n1c2ccc(cc2c2c1cccc2)N)CC.[Cl-],,-5.075678997
1548,C-1549,,HGUGVPVTKBLXPA-UHFFFAOYSA-N,CC(N(C(C)C)CCCN1CCCCc2c1cccc2)C,,-5.072724378
1549,C-1550,,VYGQXRZAHIZHQV-UHFFFAOYSA-N,Fc1ccc(cc1)C(=O)CCCN1CCC(CC1)(O)c1cccc(c1)C(F)(F)F.Cl,,-5.071729115
1550,C-1551,,NVYNAVAAFURMOU-UHFFFAOYSA-N,Cc1ccc(cc1)S(=O)(=O)N1CC=Cc2c1cccc2,,-5.071579237
1551,C-1552,,IDKAXRLETRCXKS-UHFFFAOYSA-N,OC(=O)Cc1ccccc1Oc1ccc(cc1Cl)Cl,,-5.071375134
1552,C-1553,,WKBWEUKBTUIKJX-AQFVONAPSA-N,COc1cccc(c1)CCN1CC[C@@]23[C@H]([C@H]1Cc1c3cc(cc1)O)CCCC2.Cl,,-5.070442981
1553,C-1554,,VSBQZCIWVWNXFK-AQFVONAPSA-N,COc1ccc(cc1)CCN1CC[C@@]23[C@H]([C@H]1Cc1c3cc(cc1)O)CCCC2.Cl,,-5.070442981
1554,C-1555,,IVFYLRMMHVYGJH-PVPPCFLZSA-N,O=C1CC[C@]2(C(=C1)C[C@@H]([C@@H]1[C@@H]2CC[C@]2([C@H]1CC[C@]2(C)O)C)C)C,,-5.07043942
1555,C-1556,,XIYZPVVABJHQTA-UHFFFAOYSA-N,C1CCC(C1)NCC1CCC(CC1)CNC1CCCC1.Cl.Cl,,-5.070130556
1556,C-1557,,UPQWMVAELITTGQ-UHFFFAOYSA-N,CCCC(=O)OCN1C(=O)NC(C1=O)(c1ccccc1)c1ccccc1,,-5.0700002
1557,C-1558,,OTIVPWAWDWVOBT-UHFFFAOYSA-N,COc1ccc2c(c1)CC[NH+](C2CCc1ccc(cc1)Cl)C.[Cl-],,-5.069790168
1558,C-1559,,YZNQMPPBWQTLFJ-TUFAYURCSA-N,CCCC(=O)OCC(=O)[C@@]1(O)CC[C@@H]2[C@]1(C)C[C@H](O)[C@H]1[C@H]2CCC2=CC(=O)CC[C@]12C,,-5.068781662
1559,C-1560,,BMCQMVFGOVHVNG-TUFAYURCSA-N,CCCC(=O)O[C@@]1(CC[C@@H]2[C@]1(C)C[C@H](O)[C@H]1[C@H]2CCC2=CC(=O)CC[C@]12C)C(=O)CO,,-5.068781662
1560,C-1561,,VMTAWEDBJXZUHA-SYRJXDITSA-N,C/C=C/C(c1ccccc1)(c1ccccc1)CC([NH+](C)C)C.[Cl-],,-5.068148991
1561,C-1562,,GNUXVOXXWGNPIV-UHFFFAOYSA-N,CC(N(Cc1c(C(C)C)c(=O)n(n1C)c1ccccc1)C)Cc1ccccc1,,-5.067751258
1562,C-1563,,HDXLZRWEZZFDKA-UHFFFAOYSA-N,ClCC(=O)Nc1ccc(cc1C(=O)c1ccccc1)Cl,,-5.067169506
1563,C-1564,,KZFFWZXBTUJVSG-UHFFFAOYSA-N,Clc1ccc2c(c1)Nc1ccccc1[NH+](C2)CCC[NH+](C)C.[Cl-].[Cl-],,-5.064637872
1564,C-1565,,GNFSPFYMMKMHOG-UHFFFAOYSA-N,CN(CCC(c1cccc2c1cccc2)(C(=O)N)CC=C(C)C)C,,-5.064013827
1565,C-1566,,LANDSJLNLKENGO-UHFFFAOYSA-N,CN(CCC(c1ccc2c(c1)cccc2)(C(=O)N)CC=C(C)C)C,,-5.064013827
1566,C-1567,,VMKOFRJSULQZRM-UHFFFAOYSA-N,CCCCCCCCBr,,-5.0599999
1567,C-1568,,ZPAKPRAICRBAOD-UHFFFAOYSA-N,O=C(c1ccc(cc1)c1ccccc1)CCC(=O)O,,-5.0599999
1568,C-1569,,CNWUDWCPTYHKSL-UHFFFAOYSA-N,COc1c(OC)c(OC)cc2c1C(CCc1ccc(cc1)Cl)[NH+](CC2)C.[Br-],,-5.057670848
1569,C-1570,,URBVIISFALGUAB-LZWUXPCZSA-N,OCCN1CCN(CC1)CC/C=C/1\c2cc(Cl)ccc2OCc2c1cccc2.Cl.Cl,,-5.055753083
1570,C-1571,,UBAJTZKNDCEGKL-UHFFFAOYSA-N,O=C(N1c2ccccc2Sc2c1cccc2)CN1CCN(CC1)Cc1ccc2c(c1)OCO2,,-5.05564226
1571,C-1572,,PWGBOISWWGVGSX-JVFQMWRPSA-N,CCCCCCN1CC[C@@]23[C@H]([C@H]1Cc1c3cc(cc1)O)CCCC2.Cl,,-5.053209717
1572,C-1573,,JDCJFONQCRLHND-UHFFFAOYSA-N,Fc1ccc(cc1)CC1Nc2cc(Cl)c(cc2S(=O)(=O)N1)S(=O)(=O)N,,-5.051934928
1573,C-1574,,DSEYHMSMHVUVLX-UHFFFAOYSA-N,ClCC[NH+](Cc1ccccc1)CCOc1ccccc1CC.[Cl-],,-5.051078985
1574,C-1575,,JRZJOMJEPLMPRA-UHFFFAOYSA-N,CCCCCCCC=C,,-5.0500002
1575,C-1576,,HHOSMYBYIHNXNO-UHFFFAOYSA-N,CC(CCC(C)(C)C)C,,-5.0500002
1576,C-1577,,OYIWRKOSDGPKFD-NMOJSDROSA-N,COc1cccc2c1C(=O)c1c(C2=O)c(O)c2c(c1O)C(O[C@@H]1OC(C)[C@@H]([C@H](C1)N1CCOCC1)O)CC(C2)(O)C(=O)C,,-5.049451359
1577,C-1578,,YCYHVZWPNDQZAM-UHFFFAOYSA-N,O=C(c1ccc(c(c1)Cl)Cl)Cc1ccccc1C(=O)O,,-5.04924893
1578,C-1579,,VLHUSFYMPUDOEL-WZTVWXICSA-N,CNC(=O)c1c(I)c(NC(=O)C)c(c(c1I)C(=O)O)I.CNC[C@@H]([C@H]([C@@H]([C@@H](CO)O)O)O)O,,-5.048280264
1579,C-1580,,ABEJUCOJRRLTMS-UHFFFAOYSA-L,NC1CCCCC1.NC1CCCCC1.[Cl-].[Cl-].[Pt+2],,-5.046698181
1580,C-1581,,ZUNJWRJEKCRIMZ-UHFFFAOYSA-N,Clc1cc2NC(CSCc3ccccc3)NS(=O)(=O)c2cc1S(=O)(=O)N,,-5.044143618
1581,C-1582,,NRUKOCRGYNPUPR-QBPJDGROSA-N,COc1cc(cc(c1O)OC)[C@H]1[C@H]2C(=O)OC[C@@H]2[C@@H](c2c1cc1OCOc1c2)O[C@@H]1O[C@@H]2CO[C@H](O[C@H]2[C@@H]([C@H]1O)O)c1cccs1,,-5.043477723
1582,C-1583,,RHGQOMYDGHIKFH-GNOQXXQHSA-K,CCCCCCCC/C=C\CCCCCCCC(=O)[O-].CCCCCCCC/C=C\CCCCCCCC(=O)[O-].CCCCCCCC/C=C\CCCCCCCC(=O)[O-].[Bi+3],,-5.042437045
1583,C-1584,,GMVJKSNPLYBFSO-UHFFFAOYSA-N,Brc1c(Br)cccc1Br,,-5.04
1584,C-1585,,RBGOLZYAUJDSGL-UHFFFAOYSA-N,N#CC(c1ccc2c(c1)nc(o2)c1ccc(cc1)Cl)C,,-5.039747564
1585,C-1586,,IHFBWHHINXWEGS-UHFFFAOYSA-N,CC(=CCC(c1cccc2c1cccc2)(C(=O)N)CCN1CCOCC1)C,,-5.039035097
1586,C-1587,,VEXVHEBQGLIYEH-UHFFFAOYSA-N,CCC(C(=O)OC(C(Cl)(Cl)Cl)C)CC,,-5.037371693
1587,C-1588,,SEWMINUMBBPFPX-UHFFFAOYSA-N,COP(=S)(Oc1cc(C)c(c(c1)C)[N+](=O)[O-])OC,,-5.03646729
1588,C-1589,,GPMXUUPHFNMNDH-UHFFFAOYSA-N,Fc1ccc(cc1)C(=O)CCCN1CCC(CC1)(O)c1cccc(c1)C(F)(F)F,,-5.035142361
1589,C-1590,,POBVODLJHWXYOA-UHFFFAOYSA-N,N(Cc1cccs1)CC1CCC(CC1)CNCc1cccs1.Cl.Cl,,-5.034892862
1590,C-1591,,XAEWZDYWZHIUCT-UHFFFAOYSA-N,CNCCCN1c2ccccc2CCc2c1cccc2.Cl,,-5.032515536
1591,C-1592,,ZIEWAMOXCOLNSJ-UHFFFAOYSA-N,O=C(C(Cl)Cl)NC1=C(Cl)C(=O)c2c(C1=O)cccc2,,-5.0300002
1592,C-1593,,DHTZKRIZYPAKLO-UHFFFAOYSA-N,ClC(CC(=O)NC1=C(Cl)C(=O)c2c(C1=O)cccc2)Cl,,-5.0300002
1593,C-1594,,MWSQXWNRFAPKRH-UHFFFAOYSA-N,CCCC[NH+]1CCCC(C1)OC(=O)Nc1c(C)cccc1C.[Cl-],,-5.027466831
1594,C-1595,,PFPPOKZNVNZYRS-UHFFFAOYSA-N,C[NH2+]CCCn1c2ccccc2[nH]c(=O)c2c1cccc2.[Cl-],,-5.026505922
1595,C-1596,,ZPFXAOWNKLFJDN-UHFFFAOYSA-N,CCN(CCCc1ccccc1)CCCc1ccccc1,,-5.025980708
1596,C-1597,,UPUDVKWQBVIKBG-UHFFFAOYSA-N,CCOc1ccc(cc1OCC)Cc1nccc2c1cc(OCC)c(c2)OCC.Cl,,-5.025846107
1597,C-1598,,KRXOSDJLAUJPIO-UHFFFAOYSA-M,CCCCCCCCCCCCOC(=O)CO[NH3+].[Cl-],,-5.02546442
1598,C-1599,,BPBYGUGIURNKEG-UHFFFAOYSA-N,O=C1NC(=O)C2(N1)c1ccccc1CCc1c2cccc1,,-5.024574623
1599,C-1600,,MQTOSJVFKKJCRP-BICOPXKESA-N,CC[C@H]1OC(=O)[C@H](C)[C@@H](O[C@@H]2O[C@@H](C)[C@@H]([C@](C2)(C)OC)O)[C@H](C)[C@@H](O[C@@H]2O[C@H](C)C[C@@H]([C@H]2O)N(C)C)[C@](C[C@H](CN([C@@H]([C@H]([C@]1(C)O)O)C)C)C)(C)O,,-5.023710754
1600,C-1601,,RBGWIGCQQIJVGI-UHFFFAOYSA-N,O=C(C1CC1(c1ccccc1)c1ccccc1)OCCN1CCCCC1,,-5.023586877
1601,C-1602,,SKLZCRNUJKGGRW-UHFFFAOYSA-N,Cc1cccc2c1nc1ccccc1c2,,-5.02129941
1602,C-1603,,FLDRLXJNISEWNZ-UHFFFAOYSA-N,Cc1c2ccccc2nc2c1cccc2,,-5.02129941
1603,C-1604,,HKQBXOVZKQILFC-RACBXGGBSA-N,O[C@H]([C@H](C(=O)O)O)C(=O)O.CC/C(=C/CN1CC[C@@]23[C@H]([C@H]1Cc1c3cc(cc1)O)CCCC2)/C,,-5.021127207
1604,C-1605,,NBSYUEKYJQKRTJ-UHFFFAOYSA-N,FC(c1cc(OCCCCCN2CSCC2)nc2c1cccc2)(F)F.Cl,,-5.020647426
1605,C-1606,,HCTBJOARGXIKTD-UHFFFAOYSA-N,O=C1NC(CC2(O1)CCN(CC2)CCCC(=O)c1ccc(cc1)F)c1ccccc1.Cl,,-5.019828142
1606,C-1607,,WJOHZNCJWYWUJD-IUGZLZTKSA-N,CC(=O)OCC(=O)[C@@]12OC(O[C@@H]1C[C@@H]1[C@]2(C)C[C@H](O)[C@]2([C@H]1C[C@@H](C1=CC(=O)C=C[C@]21C)F)F)(C)C,,-5.018507699
1607,C-1608,,AIGRXSNSLVJMEA-UHFFFAOYSA-N,CCOP(=S)(c1ccccc1)Oc1ccc(cc1)[N+](=O)[O-],,-5.016849359
1608,C-1609,,IJLPAGBWPSGGDR-CNNNCVBWSA-N,COc1cc(CCN2CC[C@@]34[C@H]([C@H]2Cc2c4cc(cc2)O)CCCC3)cc(c1OC)OC.Cl,,-5.015896948
1609,C-1610,,NEYNJQRKHLUJRU-DZUOILHNSA-N,CSCC[C@@H](C(=O)N[C@H](C(=O)N[C@H](C(=O)N)Cc1ccccc1)CC(=O)O)NC(=O)[C@H](Cc1c[nH]c2c1cccc2)NC(=O)CCNC(=O)OC(C)(C)C,,-5.015251515
1610,C-1611,,BUHTVBNGCWQMMA-UHFFFAOYSA-N,CCCCSc1ccc(cc1)C(COC(=O)N)(COC(=O)N)CC,,-5.014279239
1611,C-1612,,IMQSIXYSKPIGPD-YQRUMEKGSA-N,CCCCC[C@H]([C@@H]1[C@@H](O)C[C@@H](O)C[C@@H](O)C[C@@H](O)C[C@@H](O)C[C@@H](O)C[C@H](O)/C(=C/C=C/C=C/C=C/C=C/[C@@H]([C@H](OC1=O)C)O)/C)O,,-5.013360155
1612,C-1613,,YBCPYHQFUMNOJG-UHFFFAOYSA-N,COc1cc2c(cc1OC)CCN(C2CCc1ccc(cc1)Cl)C,,-5.011795015
1613,C-1614,,GMHNYYKDPGWAJR-UHFFFAOYSA-N,O=C(c1ccccc1O)OCCCc1ccccc1,,-5.010810275
1614,C-1615,,ZPEIMTDSQAKGNT-UHFFFAOYSA-N,CN(CCCN1c2ccccc2Sc2c1cc(Cl)cc2)C,,-5.0100002
1615,C-1616,,XLMALTXPSGQGBX-GCJKJVERSA-N,CCC(=O)O[C@](c1ccccc1)([C@@H](CN(C)C)C)Cc1ccccc1,,-5.009674831
1616,C-1617,,NNRDTDHBXOGJDV-KTKRTIGZSA-N,OC1C=CC2=C(Cc3c1cccc3)CCC=C2,,-5.008412382
1617,C-1618,,ZWGAOFFHPFTCFP-UHFFFAOYSA-M,CC(=CC=CN1CCC(CC1)c1ccccc1)/C=[N+]/1\CCC(CC1)c1ccccc1.[Cl-],,-5.008113294
1618,C-1619,,SGTNSNPWRIOYBX-UHFFFAOYSA-N,COc1ccc(cc1OC)CCN(CCCC(c1ccc(c(c1)OC)OC)(C(C)C)C#N)C,,-5.007235261
1619,C-1620,,NTLSVAIWZWNKNB-UHFFFAOYSA-N,Clc1ccccc1CNCCCCNCc1ccccc1Cl.Cl.Cl,,-5.006618536
1620,C-1621,,VCGAKFSCYYVKIR-UHFFFAOYSA-N,C=CCC(c1cccc2c1cccc2)C(=O)OCCN(CC)CC,,-5.005981912
1621,C-1622,,WAJRCRIROYMRKA-UHFFFAOYSA-L,N#Cc1ccccc1.N#Cc1ccccc1.[Cl-].[Cl-].[Pt+2],,-5.004838523
1622,C-1623,,LXYHHQBJIVTGNY-UHFFFAOYSA-N,CC1CC(CC([NH+]1C)C)OC(=O)C(c1ccccc1)c1ccccc1.[Cl-],,-5.004578121
1623,C-1624,,WTBBQSREXFAQOR-UHFFFAOYSA-N,NS(=O)(=O)O.CCOC(=O)N(c1ccccc1)C(CN1CCC(CC1)(O)c1ccccc1)C,,-5.00417833
1624,C-1625,,PLGBHXSQSNOWAZ-UHFFFAOYSA-N,CN(c1nc(c(o1)c1ccccc1)c1ccccc1)C,,-5.003841879
1625,C-1626,,KMNOADCGBSOLGM-UHFFFAOYSA-N,CCC(=O)C(c1ccccc1)(c1ccccc1)CCCN1CCCC1,,-5.001934407
1626,C-1627,,TXSYVXMEIWQHCF-UHFFFAOYSA-N,NC(=O)C(c1ccccc1)(CCN1CCCCC1)CCN1CCCCC1,,-5.000658837
1627,C-1628,,NKAYCEYKHSRZCE-UHFFFAOYSA-N,c1ccc(cc1)CCCN1CCN2C(C1)CCc1c2cccc1.Cl,,-4.999887309
1628,C-1629,,ZYTHLJLPPSSDIP-UHFFFAOYSA-N,CCOC(=O)C1(CCN(CC1)CCc1ccc(cc1)N)c1ccccc1.Cl.Cl,,-4.999381771
1629,C-1630,,RYDYQFGNLBBCKP-XMMWENQYSA-N,OC(=O)C(=O)[O-].CCOc1c(OC)cccc1C(=O)NCCO/[NH+]=C(/CC)\C,,-4.993951035
1630,C-1631,,WMPOQBVJQZWVBU-HQRUICKWSA-N,OCCN1CCN(CC1)CC/C=C\1/c2ccccc2Sc2c1ccc(c2)OC.Cl.Cl,,-4.992175323
1631,C-1632,,FEYDRETXYFWGJR-UHFFFAOYSA-N,[O-][N+](=O)CC(c1ccc(cc1)NC(=O)C)Sc1ccc(cc1)C,,-4.99141278
1632,C-1633,,XQABLDBORQXLQH-UHFFFAOYSA-N,OC(=O)C(=O)[O-].COc1cccc2c1n(CCC[NH+](C)C)c1c2cccc1,,-4.990109175
1633,C-1634,,JSSWZBFMFUYUKD-UHFFFAOYSA-N,OC(=O)C(=O)[O-].COc1ccc2c(c1)n(CCC[NH+](C)C)c1c2cccc1,,-4.990109175
1634,C-1635,,UEIWUZLCFPJBJG-UHFFFAOYSA-N,OC(=O)C(=O)[O-].COc1ccc2c(c1)c1ccccc1n2CCC[NH+](C)C,,-4.990109175
1635,C-1636,,WLKAPQROLQEIEH-UHFFFAOYSA-N,OC(=O)C(=O)[O-].COc1cccc2c1c1ccccc1n2CCC[NH+](C)C,,-4.990109175
1636,C-1637,,WGCVOMFFZDPNMG-UHFFFAOYSA-N,SCCNCCCCCOc1ncc(cc1Br)Br.Cl,,-4.987797178
1637,C-1638,,AVQFFCMOLKKCEM-RFZNCAAWSA-N,OCCN1CCN(CC1)C/C=C/1\c2ccccc2Sc2c1cccc2Cl.Cl.Cl,,-4.985926359
1638,C-1639,,LDRPIKATXVJPJE-UHFFFAOYSA-N,OC(=O)C(=O)[O-].C[NH+](CCn1c2ccc(cc2c2c1cccc2)Cl)C,,-4.985647981
1639,C-1640,,SGDJEEPRBXBRJK-BWLGBDCWSA-N,Fc1ccc(cc1)/C(=N\N=C(N)N)/c1ccc(cc1)C(F)(F)F.Cl,,-4.985486673
1640,C-1641,,UYIPQECISAQMIU-WZTVWXICSA-N,CC(=O)NCc1c(I)c(NC(=O)C)c(c(c1I)C(=O)O)I.CNC[C@@H]([C@H]([C@@H]([C@@H](CO)O)O)O)O,,-4.984025343
1641,C-1642,,BVPWJMCABCPUQY-UHFFFAOYSA-N,COc1cc(N)c(cc1C(=O)NC1CCN(CC1)Cc1ccccc1)Cl,,-4.983230611
1642,C-1643,,SZYWFOPNFNROQB-UHFFFAOYSA-N,Clc1cc(Cl)c2c(c1Cl)nsn2,,-4.98
1643,C-1644,,GZOHDOWIEUISBL-UHFFFAOYSA-N,O1CCN(CC1)c1nc(c(o1)c1ccccc1)c1ccccc1,,-4.978383263
1644,C-1645,,QSNSPZSXSIXVLS-UHFFFAOYSA-N,CC[NH+](CCOC(=O)c1c2ccccc2nc2c1cccc2)CC.[Cl-],,-4.972868951
1645,C-1646,,YDSDEBIZUNNPOB-UHFFFAOYSA-N,CCC(=O)N(C1(CCN(CC1)CCc1ccccc1)C(=O)OC)c1ccccc1,,-4.971781436
1646,C-1647,,JODMGWMPQPXDHV-UHFFFAOYSA-N,CN1C2CCC1CC(C2)OC(=O)C(=C)c1ccc(cc1)C(F)(F)F.CN1C2CCC1CC(C2)OC(=O)C(=C)c1ccc(cc1)C(F)(F)F.CN1C2CCC1CC(C2)OC(=O)C(=C)c1ccc(cc1)C(F)(F)F.CN1C2CCC1CC(C2)OC(=O)C(=C)c1ccc(cc1)C(F)(F)F.O,,-4.971126841
1647,C-1648,,UJOBWOGCFQCDNV-UHFFFAOYSA-N,c1ccc2c(c1)[nH]c1c2cccc1,,-4.9699998
1648,C-1649,,IEPPCSKVUNZEMU-UHFFFAOYSA-N,CC(N(C(=O)c1ccco1)c1ccccc1)CN1CCC(CC1)(O)c1ccccc1.Cl,,-4.967713455
1649,C-1650,,SNZADUDEPOWBBM-UHFFFAOYSA-N,CC(NCCCC12CC3CC(C2)CC(C1)C3)(C)C.Cl,,-4.964852446
1650,C-1651,,JIEKMACRVQTPRC-UHFFFAOYSA-N,OC(=O)Cc1sc(nc1c1ccc(cc1)Cl)c1ccccc1,,-4.964364991
1651,C-1652,,PXXKIYPSXYFATG-UHFFFAOYSA-N,CCOC(=O)C1(CCN(CC1)CCCNc1ccccc1)c1ccccc1,,-4.964087726
1652,C-1653,,YZFWTZACSRHJQD-UHFFFAOYSA-N,O=C1NC(=O)C(S1)Cc1ccc(cc1)OCC1(C)CCCCC1,,-4.964077079
1653,C-1654,,UENZAQFJJDOROP-UHFFFAOYSA-M,[O-]C(=O)C(c1ccc2c(c1)nc(o2)c1ccc(cc1)Br)C.[Na+],,-4.963978957
1654,C-1655,,RJIHKIJHSOQCSG-UHFFFAOYSA-N,Brc1ccc2c(c1)c(c[nH]2)C1CCC[NH+]1Cc1ccccc1.[Cl-],,-4.963584994
1655,C-1656,,FLNXBVJLPJNOSI-UHFFFAOYSA-N,Clc1ccc(cc1)C(c1ccccc1)OCCN1CCCCC1,,-4.962882983
1656,C-1657,,GDGHUKIIRSLWAL-UHFFFAOYSA-N,CC(=O)OC(CN1CCN(CC1)c1ccc(cc1C)C)COc1ccccc1C(=O)C.Cl.Cl,,-4.960359044
1657,C-1658,,MKOSACFREHVWRT-UHFFFAOYSA-N,COc1cc2c(cc1OC)CC[NH+](C2CCc1ccccc1Cl)C.[Br-],,-4.959957178
1658,C-1659,,MIKKOBKEXMRYFQ-WZTVWXICSA-N,CC(=O)Nc1c(I)c(NC(=O)C)c(c(c1I)C(=O)O)I.CNC[C@@H]([C@H]([C@@H]([C@@H](CO)O)O)O)O,,-4.959117069
1659,C-1660,,PVQGHYHZNQUJTL-UHFFFAOYSA-M,COc1ccc2c(c1)CCCN2C=CC=C/C=[N+]/1\CCCc2c1ccc(c2)OC.[Cl-].O,,-4.957968228
1660,C-1661,,RMEDXOLNCUSCGS-UHFFFAOYSA-N,Fc1ccc(cc1)C(=O)CCCN1CCC(=CC1)n1c(=O)[nH]c2c1cccc2,,-4.95526812
1661,C-1662,,JXCFPQRFQYEEGF-UHFFFAOYSA-N,C=CCc1ccc(c(c1)OC)Oc1ccccc1,,-4.952622591
1662,C-1663,,CGBCCZZJVKUAMX-RYNAEJSDSA-N,O=C1C=C[C@]2(C(=C1)C(=C[C@@H]1[C@@H]2CC[C@]2([C@H]1CC[C@@]2(OC(=O)C)C(=O)C)C)Cl)C,,-4.9499998
1663,C-1664,,UBEHJDYYBJLBAZ-HDICACEKSA-N,C=C[C@H]([C@@H](c1ccc(cc1)O)C=C)c1ccc(cc1)O,,-4.9499998
1664,C-1665,,NFDFQCUYFHCNBW-SCGPFSFSSA-N,C/C=C(/C(=C/C)/c1ccc(cc1)O)\c1ccc(cc1)O,,-4.9499998
1665,C-1666,,PROQIPRRNZUXQM-ZXXIGWHRSA-N,Oc1ccc2c(c1)CC[C@@H]1[C@@H]2CC[C@]2([C@H]1C[C@H]([C@@H]2O)O)C,,-4.9499998
1666,C-1667,,JFIOVJDNOJYLKP-UHFFFAOYSA-N,Clc1cc(Sc2cc(Cl)cc(c2O)Cl)c(c(c1)Cl)O,,-4.949436349
1667,C-1668,,FHYXHYXRWQFHHO-UHFFFAOYSA-N,CCCCCCCCCCCCCCNCCSS(=O)(=O)O,,-4.945343307
1668,C-1669,,JAQPGQYDZJZOIN-LQDWTQKMSA-N,c1ccc(cc1)CNCCc1ccccc1.O=C(Cc1ccccc1)N[C@@H]1C(=O)N2[C@@H]1SC([C@@H]2C(=O)O)(C)C,,-4.94470079
1669,C-1670,,ORAUEDBBTFLQSK-UHFFFAOYSA-N,c1ccc(cc1)C(c1ccccc1)N1CCN(CC1)Cc1ccc2c(c1)OCO2,,-4.942803781
1670,C-1671,,ZQHYKVKNPWDQSL-UHFFFAOYSA-N,Oc1ccc2c(c1)C1(C)CCN(C(C2)C1C)CCc1ccccc1,,-4.942347946
1671,C-1672,,YLCXGBZIZBEVPZ-UHFFFAOYSA-N,Clc1ccc2c(c1)C(=NCCN2C)c1ccccc1,,-4.941362945
1672,C-1673,,BKEWDCUQDVDPHC-UHFFFAOYSA-N,OC(=O)C1CCc2c1ccc(c2)C1CCCCC1,,-4.940825874
1673,C-1674,,BKEWDCUQDVDPHC-HNNXBMFYSA-N,OC(=O)[C@H]1CCc2c1ccc(c2)C1CCCCC1,,-4.940825874
1674,C-1675,,DLTOEESOSYKJBK-UHFFFAOYSA-N,OCCN1CCN(CC1)CCCN1c2ccccc2C=Cc2c1cccc2.Cl.Cl,,-4.940067904
1675,C-1676,,CXKXDUIIHKJROU-UHFFFAOYSA-N,FCCCCCCCCCCCC#N,,-4.939700144
1676,C-1677,,ZPRSVXOVKPKZDL-UHFFFAOYSA-N,CCC(=O)C(c1ccccc1)(c1ccccc1)C(CN1CCCC1)C,,-4.939093569
1677,C-1678,,ZOMBFZRWMLIDPX-UHFFFAOYSA-N,CCN1CC(C(C1=O)(c1ccccc1)c1ccccc1)CCN1CCOCC1.Cl.O,,-4.936639147
1678,C-1679,,DZYWWPYQEORXMK-UHFFFAOYSA-L,C[N+]1(CCCC[N+]2(C)CCCC2)CC2CCCC(C1)C2.[I-].[I-],,-4.936101857
1679,C-1680,,UAJTZZNRJCKXJN-UHFFFAOYSA-M,CCCCCCCCCCCCOC(=O)CS(=O)(=O)[O-].[Na+],,-4.935860994
1680,C-1681,,AFEAUYYSRPFHIA-UHFFFAOYSA-N,CCN(CCCC(Nc1c(C)cnc2c1ccc(c2)Cl)C)CC,,-4.934789883
1681,C-1682,,QMBGXSNFXXGFAX-UHFFFAOYSA-L,OC1(OCC[N+](C1)(C)C)c1ccc(cc1)C1(O)OCC[N+](C1)(C)C.[Br-].[Br-],,-4.934773982
1682,C-1683,,FOANIXZHAMJWOI-UHFFFAOYSA-N,CC(OC(=O)C(c1ccc(cc1)Br)(c1ccc(cc1)Br)O)C,,-4.9299998
1683,C-1684,,FSCWZHGZWWDELK-LBPRGKRZSA-N,C=C[C@]1(C)OC(=O)N(C1=O)c1cc(Cl)cc(c1)Cl,,-4.9299998
1684,C-1685,,WUSAVCGXMSWMQM-UHFFFAOYSA-N,CCCCN(C(c1ccc(cc1)OC)C(=O)N)CCCC,,-4.929579352
1685,C-1686,,DSZWSFATCDIJEH-CZPWWGKQSA-N,O[C@H]([C@H](C(=O)O)O)C(=O)O.Oc1ccc2c(c1)[C@]13CCCC[C@H]3[C@@H](C2)N(CC1)CCCNc1ccccc1,,-4.926321006
1686,C-1687,,IIGBCTZAXJGMSA-UHFFFAOYSA-N,C[NH+]1CCc2c(C1CCc1ccc(cc1)Cl)cc(c(c2)C)C.[Br-],,-4.926110401
1687,C-1688,,NBNTWDUNCHRWMT-UHFFFAOYSA-N,Clc1ccc(cc1)C(c1ccc(cc1)Cl)(c1cccnc1)O,,-4.924395054
1688,C-1689,,AZVASGSKQTWFCU-UHFFFAOYSA-N,CNCCCC1(CC(c2c1cccc2)C)c1ccccc1.Cl,,-4.923187667
1689,C-1690,,IEPBPSSCIZTJIF-UHFFFAOYSA-N,O=C(OCC(Cl)(Cl)Cl)OCC(Cl)(Cl)Cl,,-4.921645025
1690,C-1691,,IWQDAJHWXYWODB-UHFFFAOYSA-N,OC(=O)C(c1ccc2c(c1)nc(o2)c1cccc(c1)C(F)(F)F)C,,-4.921184198
1691,C-1692,,CGOUFDAVNKYPMT-UHFFFAOYSA-N,OC(=O)C(c1ccc2c(c1)nc(o2)c1ccc(cc1)C(F)(F)F)C,,-4.921184198
1692,C-1693,,UOLJTYANOXJYCT-UHFFFAOYSA-N,CCCCCOc1ccccc1NC(=O)OCC[NH+]1CCCCC1.[Cl-],,-4.920235275
1693,C-1694,,FSAWRQYDMHSDRN-UHFFFAOYSA-N,Cc1ccc(c2c1cccc2C)C,,-4.9200001
1694,C-1695,,HUWXDEQWWKGHRV-UHFFFAOYSA-N,Nc1ccc(cc1Cl)c1ccc(c(c1)Cl)N,,-4.9200001
1695,C-1696,,WJOGTCZNZPHODB-WQFRYHCKSA-N,CC(=O)O[C@H]1CC[C@]2([C@@H](C1)CC[C@@H]1[C@@H]2CC[C@]2([C@]1(O)CC[C@@H]2C1=CC(=O)OC1)C)C,,-4.919837764
1696,C-1697,,NWEOHFSKEFZFOY-UHFFFAOYSA-N,CNCCC12CC3CC(C2c2ccccc2)CC(C1)C3.Cl,,-4.918538928
1697,C-1698,,HIMUQVQWNLSNKM-UHFFFAOYSA-N,Cc1cccc2c1nc1c(C)cccc1c2N,,-4.9171696
1698,C-1699,,CVBGTAJIXYROKD-UHFFFAOYSA-N,Cc1cc(C)c2c(c1)c(N)c1c(n2)cccc1,,-4.9171696
1699,C-1700,,CKIPCLCBYTWUEZ-UHFFFAOYSA-N,CN(CCN1c2ccccc2Sc2c1cccc2)C.Cl,,-4.916386004
1700,C-1701,,RWEBLMZDYLQGAJ-UHFFFAOYSA-N,C[NH+](CCn1c2ccccc2c2c1cc(Cl)cc2)C.[Cl-],,-4.916255984
1701,C-1702,,XSOOSXRNMDUWEM-GNAFDRTKSA-N,O=C1CC[C@](C(=O)N1)(C1CCN(CC1)Cc1ccccc1)c1ccccc1.Cl,,-4.916052424
1702,C-1703,,DTVDOFSPTLXDKL-CQSXPVNESA-N,COc1cc(CCN2CC[C@@]34[C@H]([C@H]2Cc2c4cc(cc2)O)CCCC3)ccc1OC.Cl,,-4.914197433
1703,C-1704,,LDCQHCJYFHPEJN-UHFFFAOYSA-N,COc1cc2c(cc1OC)CC[NH+](C2CCc1cccc(c1)Cl)C.[Cl-],,-4.912186855
1704,C-1705,,GQNDSZHIIJWNTO-UHFFFAOYSA-N,COc1c(OC)ccc2c1CC[NH+](C2CCc1ccc(cc1)Cl)C.[Cl-],,-4.912186855
1705,C-1706,,RQHCFTORMXCNGP-UHFFFAOYSA-N,CN(C(CN1c2ccccc2Sc2c1nccc2)C)C.Cl,,-4.91218023
1706,C-1707,,KYGZCKSPAKDVKC-UHFFFAOYSA-N,CCn1cc(C(=O)O)c(=O)c2c1cc1OCOc1c2,,-4.91187806
1707,C-1708,,IYMDCTFFGDILDM-UHFFFAOYSA-N,OCCN(c1nc(c(o1)c1ccccc1)c1ccccc1)CC,,-4.911595827
1708,C-1709,,UPBRPBXVUIRXRY-UHFFFAOYSA-N,CN(CCCN(c1c(C)cccc1C)C(=O)Cc1ccccc1)C,,-4.911288786
1709,C-1710,,AJLFOPYRIVGYMJ-INTXDZFKSA-N,CC[C@@H](C(=O)O[C@H]1CCC=C2[C@H]1[C@@H](CC[C@@H]1C[C@@H](O)CC(=O)O1)[C@H](C=C2)C)C,,-4.910311564
1710,C-1711,,NIHNNTQXNPWCJQ-UHFFFAOYSA-N,c1ccc2c(c1)Cc1c2cccc1,,-4.9099998
1711,C-1712,,RWNKSTSCBHKHTB-UHFFFAOYSA-N,ClC(=C(Cl)Cl)C(=C(Cl)Cl)Cl,,-4.9099998
1712,C-1713,,FBQTWGHLMQUOQL-UHFFFAOYSA-N,CCC(=O)OCN1C(=O)NC(C1=O)(c1ccccc1)c1ccccc1,,-4.9099998
1713,C-1714,,ICSZIVRHPGGLMP-UHFFFAOYSA-N,CCc1cc(ccc1[N+](=O)[O-])OP(=S)(OC)OC,,-4.908337425
1714,C-1715,,XLVXAUNDHWERBM-IVGWJTKZSA-N,OC[C@H]([C@H]([C@@H]([C@@H](NC(=O)Cc1c2cc(OC)ccc2n(c1C)C(=O)c1ccc(cc1)Cl)C=O)O)O)O,,-4.905563308
1715,C-1716,,REXBYBGSZJEITR-UHFFFAOYSA-N,CC1CCCCN1CCCCCCOC(=O)c1ccccc1,,-4.904589632
1716,C-1717,,XAPRFLSJBSXESP-UHFFFAOYSA-N,OC(=O)c1c(O)c(nc2c1cccc2)c1ccccc1,,-4.903725699
1717,C-1718,,CHACKLOZIYSBHC-BTJKTKAUSA-N,OC(=O)/C=C\C(=O)O.CNCC1COC2(O1)c1ccccc1C=Cc1c2cccc1,,-4.901225018
1718,C-1719,,AKUJBENLRBOFTD-HRUDOODVSA-N,CC(=O)OCC(=O)[C@@]1(O)[C@H](C)C[C@@H]2[C@]1(C)C[C@@H](O)[C@]1([C@H]2CCC2=CC(=O)C=C[C@]12C)F,,-4.9000001
1719,C-1720,,FPVRUILUEYSIMD-YCIUFLETSA-N,OCC(=O)[C@]1(OC(=O)C)[C@H](C)C[C@@H]2[C@]1(C)C[C@@H](O)[C@]1([C@H]2CCC2=CC(=O)C=C[C@]12C)F,,-4.9000001
1720,C-1721,,BXNJHAXVSOCGBA-UHFFFAOYSA-N,COc1ccc2c(c1)[nH]c1c2ccnc1C,,-4.899365682
1721,C-1722,,NGYXKOYBVFNFFH-UHFFFAOYSA-N,CNC(=O)c1cc(Br)cc(c1OC)c1ccccc1,,-4.899020974
1722,C-1723,,YOCBPCQZXRQJFU-UHFFFAOYSA-N,COc1cc(OC)c(cc1C(=O)CCC(=O)O)C1CCCCC1,,-4.897146155
1723,C-1724,,DAXYUDFNWXHGBE-KAXDATADSA-N,CO/C=C(\[C@H]1C[C@@H]2N(C[C@@H]1CC)CC[C@@]12C(=O)Nc2c1cccc2)/C(=O)OC,,-4.891670101
1724,C-1725,,YIDJSSCLYWZDHK-UHFFFAOYSA-N,OC(=O)C(=O)O.CCC(=O)N(c1ccccc1)C(CN1CCN(CC1)c1ccccc1)C.CCC(=O)N(c1ccccc1)C(CN1CCN(CC1)c1ccccc1)C,,-4.890685047
1725,C-1726,,VOGJJBHRUDVEFM-UHFFFAOYSA-N,CCCCC(C1NC(=O)N(C1=O)SC(Cl)(Cl)Cl)CC,,-4.890191353
1726,C-1727,,YGYNBBAUIYTWBF-UHFFFAOYSA-N,Cc1ccc2c(c1)ccc(c2)C,,-4.8899999
1727,C-1728,,IVUXTESCPZUGJC-UHFFFAOYSA-N,Clc1ccc(cc1)Oc1ccc(cc1)NC(=O)N(C)C,,-4.8899999
1728,C-1729,,DTRYRQSAXWHXNC-UHFFFAOYSA-N,CCN(CCNC(=O)COc1c(ccc(c1C(=O)OC)C)C(C)C)CC,,-4.889582982
1729,C-1730,,VYNAOUSMBOXWFE-UHFFFAOYSA-M,CC[N+](Cc1ccccc1)(CCOCCC1CCC2CC1C2(C)C)CC.[Br-],,-4.88761531
1730,C-1731,,UCDKONUHZNTQPY-UHFFFAOYSA-N,Brc1cc(CN(C2CCCCC2)C)c(c(c1)Br)N.Cl,,-4.887169116
1731,C-1732,,RDTKUZXIHMTSJO-UEIGIMKUSA-M,CC[N+](CCOc1ccc(cc1)/C=C/c1ccccc1)(CC)CC.[I-],,-4.885915757
1732,C-1733,,GNWFVFIRKIFSPN-UHFFFAOYSA-N,O=C(Nc1c(C)cccc1C)OC1CCCN(C1)C(C)(C)C,,-4.883610068
1733,C-1734,,FTRNOUCMCKWOKR-UHFFFAOYSA-N,Clc1cnc(c(c1)Cl)SCCCCCCN1CSCC1.Cl,,-4.882750812
1734,C-1735,,BUDUFPNCIGGBNK-UHFFFAOYSA-N,C[NH+](CCCN1Cc2ccccc2Nc2c1cccc2)C.[Cl-],,-4.882101177
1735,C-1736,,MJFJKKXQDNNUJF-UHFFFAOYSA-N,CN1CCCC(C1)CC1c2ccccc2Sc2c1cccc2,,-4.881986983
1736,C-1737,,LKQDFQLSEHWIRK-UKBVDAKRSA-N,O[C@@H]1CC[C@]2([C@@H](C1)CC[C@@H]1[C@@H]2CC[C@]2([C@H]1CC[C@]2(O)C(=O)C)C)C,,-4.880943446
1737,C-1738,,KMNDTYWRUVCTHV-UHFFFAOYSA-N,Brc1c(C)c(Br)c(c(c1O)O)Br,,-4.880605418
1738,C-1739,,JOOPFYJWVJXNHM-UHFFFAOYSA-N,Brc1c(C)c(O)c(c(c1O)Br)Br,,-4.880605418
1739,C-1740,,LTWIBTYLSRDGHP-HCURTGQUSA-N,Clc1ccc(cc1)/C=N/N/C(=N/N=C/c1ccc(cc1)Cl)/N.Cl,,-4.880558231
1740,C-1741,,NMWSKOLWZZWHPL-UHFFFAOYSA-N,Clc1cccc(c1)c1ccccc1,,-4.8800001
1741,C-1742,,MWBPRDONLNQCFV-UHFFFAOYSA-N,CC(N(C(=O)SCC(=C(Cl)Cl)Cl)C(C)C)C,,-4.8800001
1742,C-1743,,RIOXQFHNBCKOKP-UHFFFAOYSA-N,CCCCNC(=O)n1c(NC(=O)OC)nc2c1cccc2,,-4.8800001
1743,C-1744,,XFDJYSQDBULQSI-UHFFFAOYSA-N,CCN1CC(C(C1=O)(c1ccccc1)c1ccccc1)CCN1CCOCC1,,-4.877986526
1744,C-1745,,XDHCPAIEZGPQSB-XMMWENQYSA-N,OS(=O)(=O)NC1CCCCC1.CN(CC/C=C/1\c2ccccc2CN(c2c1cccc2)C)C,,-4.877054713
1745,C-1746,,LRUBEPGLRBIWIK-UHFFFAOYSA-N,CCOC(=O)c1c(C)ccc(c1OCCN(CC)CC)C(C)C,,-4.876700416
1746,C-1747,,FXZFKDKFRLPXDC-UHFFFAOYSA-N,CCCCOC(=O)c1c(C)ccc(c1OCCN(C)C)C(C)C,,-4.876700416
1747,C-1748,,UVWXUICOVOTXNQ-UHFFFAOYSA-N,OC(=O)C(CC(=O)O)(CC(=O)O)O.COc1ccc2c(c1)C1(OCC(O1)CN1CCOCC1)c1ccccc1CO2,,-4.873605176
1748,C-1749,,CIWCIDRTACZSAZ-UHFFFAOYSA-N,ClC1=C(Nc2ccccc2)C(=O)c2c(C1=O)cccc2,,-4.873321214
1749,C-1750,,UPHNITDUIYSNSY-UHFFFAOYSA-N,COc1cc2c(cc1OC)CC[NH+](C2CC(c1ccc(cc1)Cl)OC(=O)C)C.[Cl-],,-4.872956828
1750,C-1751,,DCVZEBJRNGRUMJ-UHFFFAOYSA-N,[NH3+]CC(CCOc1ccccc1C)CCOc1ccccc1C.[Cl-],,-4.871844831
1751,C-1752,,RPQVIDVZOLKLQP-UHFFFAOYSA-N,CCCCCCC(=O)c1ccc(cc1)N,,-4.871481962
1752,C-1753,,TZWVMGRCJXLVLO-UHFFFAOYSA-N,CC1CCCCN1CCCOC(=O)c1ccc(cc1)C(C)C,,-4.871421268
1753,C-1754,,LSTKNZAMFRGXCG-WLHGVMLRSA-N,OC(=O)/C=C/C(=O)O.CN(CCCOC1(CCCCCC1)Cc1ccccc1)C,,-4.8708357
1754,C-1755,,ZLVJUFHIMOUPMS-UHFFFAOYSA-N,CCn1c2cc(cc(c2[nH]c(=O)c2c1nccc2)C)N(C)C,,-4.8699999
1755,C-1756,,XIGAUIHYSDTJHW-UHFFFAOYSA-N,O=C(N(c1ccccc1)C)COc1nc2c(s1)cccc2,,-4.8699999
1756,C-1757,,SOWYPVBHAZDFPZ-UHFFFAOYSA-N,OC(=O)C(Cc1c(C)n(c2c1cccc2)Cc1ccccc1)N,,-4.869994296
1757,C-1758,,DZSACGCXMKKHKB-WLHGVMLRSA-N,OC(=O)/C=C/C(=O)O.CNCCCC1c2ccccc2CN(c2c1cccc2)C,,-4.86987517
1758,C-1759,,CZJHALUOIGDGOP-UHFFFAOYSA-N,CNC(CC12CC3(C)CC(C2)(CC(C1)(C3)C)C)C.Cl,,-4.869626835
1759,C-1760,,FOMASEJNMWIVAC-XDJHFCHBSA-N,CNC(=O)O/N=C/1\c2ccccc2CCc2c1cccn2,,-4.869409293
1760,C-1761,,GMTRMRXFOWCLAM-GEEYTBSJSA-N,CC[NH+](CCOC(=O)/C=C/C(c1ccccc1)c1ccccc1)CC.[Cl-],,-4.868629328
1761,C-1762,,GOPWOUQJIMLDDM-UHFFFAOYSA-N,CCCCOC(=O)c1cccc(c1)C(=O)OCCCC,,-4.868477195
1762,C-1763,,IHHSSHCBRVYGJX-UHFFFAOYSA-N,COc1ccc2c(c1)c(N)c1c(n2)cc(cc1)Cl,,-4.867497689
1763,C-1764,,WZOMEARVDFBWTD-JVFQMWRPSA-N,Oc1ccc2c(c1)[C@]13CCCC[C@H]3[C@@H](C2)N(CC1)CCc1cccs1.Cl,,-4.86595003
1764,C-1765,,IONYGGJUUJFXJK-UHFFFAOYSA-N,Clc1c(Cl)c(C(=O)O)c(c(c1Cl)Cl)Cl,,-4.865802916
1765,C-1766,,CZNLTCTYLMYLHL-UHFFFAOYSA-N,CCCCCCCC(=O)CCc1ccc(c(c1)OC)O,,-4.864873154
1766,C-1767,,JMUDZEPANZIPCH-UHFFFAOYSA-N,COc1ccc(cc1)C(CC(=O)c1ccccc1)NCc1ccccc1.Cl,,-4.861790344
1767,C-1768,,AUZONCFQVSMFAP-UHFFFAOYSA-N,CCN(C(=S)SSC(=S)N(CC)CC)CC,,-4.8600001
1768,C-1769,,ATROHALUCMTWTB-WYMLVPIESA-N,CCOP(=S)(O/N=C(/c1ccccc1)\C#N)OCC,,-4.8600001
1769,C-1770,,KTVKGXZZBQCBGD-UHFFFAOYSA-M,CCCC(=O)Nc1c(I)cc(c(c1I)CC(C(=O)[O-])CC)I.[Na+],,-4.85763654
1770,C-1771,,RXUYADHAQWHONV-UHFFFAOYSA-N,CCCCOC(=O)N1C(OC)C=Cc2c1cccc2,,-4.857267703
1771,C-1772,,FZNXAQMQVKBXDR-UHFFFAOYSA-N,CCN(CCOc1ccc2c(c1)sc(n2)N(C)C)CC.Cl.Cl,,-4.855299423
1772,C-1773,,VBJPLMJXXYLNKP-UHFFFAOYSA-N,CN(C(CC12CC3CC(C1)CC(C2)(C3)CC(N(C)C)C)C)C.Cl.Cl,,-4.853247514
1773,C-1774,,UYODDCKMZFCTPB-UHFFFAOYSA-N,C=CCOc1ccccc1C(=O)NC1CCCCC1,,-4.850403492
1774,C-1775,,FDLFMPKQBNPIER-UHFFFAOYSA-N,Cc1cccc(c1)Oc1cccc(c1)C,,-4.8499999
1775,C-1776,,QPBWWFZYFRFGSD-VXQMPNGUSA-N,Oc1ccc2c(c1)[C@]13CCCC[C@H]3[C@@H](C2)N(CC1)CCCCC(=O)c1ccccc1,,-4.849278473
1776,C-1777,,MSJLJWCAEPENBL-UHFFFAOYSA-N,CCOCCN(C(=O)C(Cl)Cl)Cc1ccc(cc1)CN(C(=O)C(Cl)Cl)CCOCC,,-4.848992726
1777,C-1778,,WXTVPMWCUMEVSZ-UHFFFAOYSA-N,OC(=O)c1cc(I)c(c(c1)I)N,,-4.846362796
1778,C-1779,,GQGPESHGTUQISM-UHFFFAOYSA-N,[O-][N+](=O)O.[O-][N+](=O)O.CCCCN1CCN(CC1(C)C(=O)Nc1ccccc1)CCCC,,-4.846170101
1779,C-1780,,XACLFEQIRWKYKU-UHFFFAOYSA-M,[O-]C(=O)C(c1cccc2c1cccc2)CC1OC=CC=C1.[Na+],,-4.845968046
1780,C-1781,,PXMQKTKQGRJMFJ-UHFFFAOYSA-N,COc1ccccc1N1CCN(CC1)CC(=O)C12CC3CC(C2)CC(C1)C3.Cl,,-4.845504665
1781,C-1782,,JTNZXOJENVIQTO-UHFFFAOYSA-N,CN(CCCOC(=O)COc1c(ccc(c1C(=O)OC(C)C)C)C(C)C)C,,-4.844408529
1782,C-1783,,AURFZBICLPNKBZ-YZRLXODZSA-N,O[C@@H]1CC[C@]2([C@@H](C1)CC[C@@H]1[C@@H]2CC[C@]2([C@H]1CC[C@@H]2C(=O)C)C)C,,-4.844145971
1783,C-1784,,HXHWSAZORRCQMX-UHFFFAOYSA-N,CCCSc1ccc2c(c1)[nH]c(n2)NC(=O)OC,,-4.843319194
1784,C-1785,,FHORWCGUALMRKR-UHFFFAOYSA-N,CCCCCCCCCCCC[N+]1([O-])CCOCC1,,-4.840395795
1785,C-1786,,CRNNFEKVPRFZKJ-UHFFFAOYSA-N,ON=C1c2ccccc2c2c1cccc2,,-4.840277403
1786,C-1787,,PZUKSYIIPYFJAB-UHFFFAOYSA-N,Cc1cc(OCCCCCCN2CSCC2)nc2c1cccc2.Cl.Cl,,-4.840073809
1787,C-1788,,VOXZDWNPVJITMN-OAGCAAQDSA-N,Oc1ccc2c(c1)CC[C@@H]1[C@@H]2CC[C@]2([C@H]1CC[C@@H]2O)C,,-4.8400002
1788,C-1789,,CITLTOAOKDLBDU-UHFFFAOYSA-N,Clc1ccc(cc1)CNCC1CCN(CC1)Cc1ccccc1.Cl.Cl,,-4.838341367
1789,C-1790,,MWIPQHBQBXDRQA-UHFFFAOYSA-N,CNCCCC1(C=C(c2c1cccc2)C)c1ccccc1.Cl,,-4.835882932
1790,C-1791,,RXPRRQLKFXBCSJ-GIVPXCGWSA-N,COC(=O)[C@@]1(O)C[C@]2(CC)CCCN3[C@@H]2c2n1c1ccccc1c2CC3,,-4.834220309
1791,C-1792,,VKBPZWOOYLNYSW-YGICXTQQSA-N,Oc1ccc2c(c1)[C@]13CCCC[C@H]3[C@@H](C2)N(CC1)CCc1ccccc1.Br,,-4.833904011
1792,C-1793,,VKBPZWOOYLNYSW-RXTAPGOISA-N,Oc1ccc2c(c1)[C@@]13CCCC[C@@H]3[C@H](C2)N(CC1)CCc1ccccc1.Br,,-4.833904011
1793,C-1794,,GGHPAKFFUZUEKL-UHFFFAOYSA-M,CCCCCCCCCCCCCCCCOS(=O)(=O)[O-].[Na+],,-4.833880186
1794,C-1795,,ZJJHSYPKCVNRKD-UHFFFAOYSA-N,C(CCSc1ccc2c(n1)cccc2)CCCN1CSCC1.Cl.Cl,,-4.831225409
1795,C-1796,,VGKDLMBJGBXTGI-SJCJKPOMSA-N,CN[C@H]1CC[C@H](c2c1cccc2)c1ccc(c(c1)Cl)Cl	,,-4.83
1796,C-1797,,NBCLKMSYLLWGFG-UHFFFAOYSA-N,CCN(CCN1c2ccccc2NCc2c1cccc2)CC,,-4.828980469
1797,C-1798,,PYVUMAGVCSQCBD-UHFFFAOYSA-N,CC(C1Nc2cc(Cl)c(cc2S(=O)(=O)N1)S(=O)(=O)N)c1ccccc1,,-4.822341019
1798,C-1799,,DUIOKRXOKLLURE-UHFFFAOYSA-N,CCCCCCCCc1ccccc1O,,-4.821799863
1799,C-1800,,HRBKVYFZANMGRE-UHFFFAOYSA-N,COP(=S)(Oc1nc(Cl)c(cc1Cl)Cl)OC,,-4.8200002
1800,C-1801,,RJMIEHBSYVWVIN-UHFFFAOYSA-N,OC(=O)C(c1ccc(cc1)N1Cc2c(C1=O)cccc2)C	,,-4.82
1801,C-1802,,OGIYDFVHFQEFKQ-UHFFFAOYSA-N,CS(=O)(=O)O.Cc1ccc(cc1)N(c1cccc(c1)O)CC1=NCCN1,,-4.819473768
1802,C-1803,,GEOODLRPOTYCMR-UHFFFAOYSA-N,OC(=O)C(c1c(C)ccc2c1cccc2)Cc1ccco1,,-4.818249133
1803,C-1804,,IUGDILGOLSSKNE-UHFFFAOYSA-N,ClC(C(c1ccc(cc1)O)c1ccc(cc1)O)(Cl)Cl,,-4.817919689
1804,C-1805,,VXYBMIFBKLATDR-ICDZXHCJSA-N,Oc1ccc2c(c1)[C@]13CCCC[C@H]3[C@@H](C2)N(CC1)CC#Cc1ccccc1,,-4.814491855
1805,C-1806,,SYFXJBNDAATWMO-UHFFFAOYSA-N,CC(COC(=O)c1c(C)ccc(c1OCCN(C)C)C(C)C)C,,-4.814281372
1806,C-1807,,GGPYDICFDBGVIV-UHFFFAOYSA-N,C[NH+](CCOC(c1ccccc1)c1ccc(cc1)c1ccccc1)C.[Cl-],,-4.813701396
1807,C-1808,,YORNKOJOAYSWBP-UHFFFAOYSA-N,CC(NC(CC12CC3CC(C1)CC(C2Cl)C3)C)C.Cl,,-4.813147357
1808,C-1809,,BPYKTIZUTYGOLE-IFADSCNNSA-N,C=CC1=C(C)/C(=C/c2[nH]c(c(c2C)CCC(=O)O)Cc2[nH]c(c(c2CCC(=O)O)C)/C=C/2\NC(=O)C(=C2C=C)C)/NC1=O,,-4.812670507
1809,C-1810,,MAEIEVLCKWDQJH-UHFFFAOYSA-N,CCCCNc1cc(cc(c1Oc1ccccc1)S(=O)(=O)N)C(=O)O,,-4.811011898
1810,C-1811,,LIAPJIQUUKLLDZ-UHFFFAOYSA-N,COc1c(C(CCc2ccc(cc2)O)O)c(OCCN2CCCCC2)c(c2c1cco2)OC,,-4.810964336
1811,C-1812,,VRAHPESAMYMDQI-UHFFFAOYSA-N,OC1C(CCCC1(COC(=O)c1cccnc1)COC(=O)c1cccnc1)(COC(=O)c1cccnc1)COC(=O)c1cccnc1,,-4.810809514
1812,C-1813,,LMHCYRULPLGEEZ-UHFFFAOYSA-N,CCCCCCCI,,-4.8099999
1813,C-1814,,LPDBFJGKSBYQRE-UHFFFAOYSA-N,CCN(CCOc1ccc(cc1C(=O)Nc1ccccc1)Br)CC,,-4.805768403
1814,C-1815,,ICMWWNHDUZJFDW-DHODBPELSA-N,O/C=C\1/C[C@@]2(C)[C@H](CC1=O)CC[C@@H]1[C@@H]2CC[C@]2([C@H]1CC[C@]2(C)O)C,,-4.804599737
1815,C-1816,,KLZXYEFMBIATFN-UHFFFAOYSA-N,Cc1ccc2c(c1)c(C)cc(n2)OCCCCCN1CSCC1,,-4.801487807
1816,C-1817,,YTLQFZVCLXFFRK-UHFFFAOYSA-N,c1ccc(cc1)Cc1nc2c([nH]1)cccc2,,-4.801418328
1817,C-1818,,NLYNIRQVMRLPIQ-XQLAAWPRSA-N,CCO[C@H]1O[C@@H]2O[C@@]3(C)CC[C@@H]4[C@]2([C@H]([C@H]1C)CC[C@H]4C)OO3,,-4.80037747
1818,C-1819,,QLWAWPABINQVLJ-UHFFFAOYSA-N,BrC(C(=O)OCC(Cl)(Cl)Cl)C(C)C,,-4.800118338
1819,C-1820,,RLPGDEORIPLBNF-UHFFFAOYSA-N,CC(C(C)C)C(C)C,,-4.8000002
1820,C-1821,,QXJKBPAVAHBARF-BETUJISGSA-N,O=C1N(c2cc(Cl)cc(c2)Cl)C(=O)[C@@]2([C@@]1(C)C2)C,,-4.8000002
1821,C-1822,,SYGHQFHDDIIPNX-UHFFFAOYSA-N,FCCN1c2ccccc2Cc2c(C1=O)cccc2,,-4.8000002
1822,C-1823,,IDOWTHOLJBTAFI-UHFFFAOYSA-N,COC(=O)Nc1cccc(c1)OC(=O)Nc1cccc(c1)C,,-4.8000002
1823,C-1824,,ZOXROYAHTWXWDS-UHFFFAOYSA-N,COC(=O)c1c(C)ccc(c1OCC(=O)OCCN1CCCCC1)C(C)C,,-4.796577773
1824,C-1825,,IZEKFCXSFNUWAM-UHFFFAOYSA-N,OCCN(c1nc(N2CCCCC2)c2c(n1)c(nc(n2)N(CCO)CCO)N1CCCCC1)CCO,,-4.790596722
1825,C-1826,,IMONTRJLAWHYGT-ZCPXKWAGSA-N,C#C[C@@]1(CC[C@@H]2[C@]1(C)CC[C@H]1[C@H]2CCC2=CC(=O)CC[C@H]12)OC(=O)C,,-4.79
1826,C-1827,,SSFVDURSAGMHMD-UHFFFAOYSA-N,Clc1ccc(cc1)C(c1ccc(cc1)Cl)OCC[NH2+]N1CCOCC1.[Cl-],,-4.789051882
1827,C-1828,,MRBDMNSDAVCSSF-UHFFFAOYSA-N,Cc1ccc(cc1)N(c1cccc(c1)O)CC1=NCCN1,,-4.787448142
1828,C-1829,,ZSCDBOWYZJWBIY-UHFFFAOYSA-N,CN(CC(CN1c2ccccc2CCc2c1cccc2)C)C,,-4.787215978
1829,C-1830,,NAGRVUXEKKZNHT-UHFFFAOYSA-N,COc1cc(OC)nc(n1)NC(=O)NS(=O)(=O)c1c(Cl)nc2n1cccc2,,-4.786441166
1830,C-1831,,BRUIVTQOZKHRLZ-YGICXTQQSA-N,Oc1ccc2c(c1)[C@]13CCCC[C@H]3[C@@H](C2)N(CC1)CCc1ccccc1.Cl,,-4.786326328
1831,C-1832,,DATKQKVGXFCKFD-UHFFFAOYSA-N,[O-]C(=O)C(CC(=O)O)(CC(=O)O)O.Cc1oc2c(c1)c(O)c1c(c2OCC(C[NH+](C(C)C)Cc2ccccc2)O)occc1=O,,-4.786237835
1832,C-1833,,GIIGAFADHXYOPM-UHFFFAOYSA-N,Nc1ccc(cc1)OCCCCCN1C(=O)c2c(C1=O)cccc2,,-4.785632519
1833,C-1834,,SIPXVTDBUYGIKR-UHFFFAOYSA-N,COc1ccc2c(c1)CCN(C2CCc1ccc(cc1)[N+](=O)[O-])C,,-4.782962552
1834,C-1835,,BIZNPARPIXOXET-UHFFFAOYSA-M,[O-]C(=O)C(c1cccc2c1cccc2)Cc1cccs1.[Na+],,-4.782653878
1835,C-1836,,PRKMKMJCQDPUKG-UHFFFAOYSA-N,COc1ccc(cc1)C(=O)CCCN1CCC(=CC1)c1ccccc1,,-4.782114135
1836,C-1837,,YQEJFKZIXMSIBY-SXGIMHKGSA-N,CCCCC[C@@H]1CN[C@@H](C1)C(=O)N[C@@H]([C@H]1O[C@H](SC)[C@@H]([C@H]([C@H]1O)O)O)[C@@H](Cl)C.Cl,,-4.774572687
1837,C-1838,,GPWXGAXWESIXQU-UHFFFAOYSA-N,OS(=O)(=O)O.O=C(C(c1ccccc1)c1ccccc1)OC1CN2CCC1CC2.O=C(C(c1ccccc1)c1ccccc1)OC1CN2CCC1CC2.O.O,,-4.773117315
1838,C-1839,,CCGPUGMWYLICGL-UHFFFAOYSA-N,CCCCN(C(=O)Nc1ccc(c(c1)Cl)Cl)C,,-4.77
1839,C-1840,,OEUGFBQSJPZZFJ-UHFFFAOYSA-N,Cc1nc2ccccc2c(=O)n1c1ccccc1[N+](=O)[O-].Cl,,-4.768859591
1840,C-1841,,POHGXZJNLJXCRA-UHFFFAOYSA-N,[O-][N+](=O)c1ccc(cc1)n1c(C)nc2c(c1=O)cccc2.Cl,,-4.768859591
1841,C-1842,,BCKXLBQYZLBQEK-KVVVOXFISA-M,CCCCCCCC/C=C\CCCCCCCC(=O)[O-].[Na+],,-4.766761635
1842,C-1843,,DSCOGGPZXUKTID-UHFFFAOYSA-N,COC(=O)c1c(C)ccc(c1OCCN1CCCCC1)C(C)C,,-4.766408782
1843,C-1844,,GEFAWSVGHKMZNV-UHFFFAOYSA-N,CCCCN1CCC(CC1)(OC(=O)CC)c1cccc(c1)C.Cl,,-4.765687708
1844,C-1845,,PIMZWOPHBQBFRH-UHFFFAOYSA-N,CCCCN1CCC(CC1)(OC(=O)CC)c1ccccc1C.Cl,,-4.765687708
1845,C-1846,,RPBXZQUBVUVVET-UHFFFAOYSA-N,O=C(c1cccc(c1)C(F)(F)F)Cc1ccccc1C(=O)O,,-4.764635683
1846,C-1847,,VDWRUZRMNKZIAJ-UHFFFAOYSA-N,[O-]C(=O)C.CCCCCCCCCCCCCC[NH3+],,-4.76387449
1847,C-1848,,IQIDGOOBRWIRLZ-UHFFFAOYSA-N,CN(Cc1ccccc1)CC(=O)N1C(C)(C)CCCC1(C)C,,-4.763833111
1848,C-1849,,XJGVXQDUIWGIRW-UHFFFAOYSA-N,CN1CCN(CC1)C1=Nc2ccccc2Oc2c1cc(Cl)cc2,,-4.763576413
1849,C-1850,,SHAYUWBGXZREDN-UHFFFAOYSA-N,CCC(=O)N1C2CCC1CN(C2)C(c1ccccc1)c1ccccc1,,-4.7609201
1850,C-1851,,HYIMSNHJOBLJNT-UHFFFAOYSA-N,COC(=O)C1=C(C)NC(=C([C@@H]1c1ccccc1[N+](=O)[O-])C(=O)OC)C,,-4.7600002
1851,C-1852,,XLNZEKHULJKQBA-UHFFFAOYSA-N,CCOP(=S)(SCSC(C)(C)C)OCC,,-4.7600002
1852,C-1853,,WYZDXEKUWRCKOB-YDSAWKJFSA-N,O=C1CC[C@]2([C@H](C1)CC[C@@H]1[C@@H]2CC[C@]2([C@H]1CC[C@]2(C)O)C)C,,-4.758701125
1853,C-1854,,SUGBVZMJIRBHEZ-AWEZNQCLSA-N,CCCCN1CCC[C@@H](C1)OC(=O)Nc1c(C)cccc1Cl,,-4.754285505
1854,C-1855,,SUGBVZMJIRBHEZ-CQSZACIVSA-N,CCCCN1CCC[C@H](C1)OC(=O)Nc1c(C)cccc1Cl,,-4.754285505
1855,C-1856,,MWQCHHACWWAQLJ-UHFFFAOYSA-N,Clc1ccc2c(c1)C(=NCC(=O)N2CC1CC1)c1ccccc1,,-4.754078877
1856,C-1857,,ROHRQKMUJHLVRA-UHFFFAOYSA-N,O=C(Nc1cccc2c1cccc2)OCCCN1CCCCC1C,,-4.752627556
1857,C-1858,,AQSPXARZCISSGN-UHFFFAOYSA-N,O=C(c1c(C)c(C)cc(c1C)C)Nc1ccncc1.Cl,,-4.752617827
1858,C-1859,,MKMDMYXUXRAIMQ-UHFFFAOYSA-N,OC(CN1CCN(CC1)c1ccccc1)COc1cc(C)ccc1C(C)C.Cl.Cl,,-4.752217708
1859,C-1860,,ZKNSZZXBPSICFK-UHFFFAOYSA-N,OC(=O)C(Oc1ccc(cc1)Cl)Oc1ccc(cc1)Cl,,-4.751431695
1860,C-1861,,MEGRETRVTYTRSM-UHFFFAOYSA-N,ClCCN(c1cc(ccc1C)C(=O)NCC)CCCl,,-4.750985579
1861,C-1862,,IUMRYNUBZSCOQG-UHFFFAOYSA-N,CCn1c2ccccc2n(c(=O)c2c1cccc2)C,,-4.75
1862,C-1863,,KWPNNZKRAQDVPZ-UHFFFAOYSA-N,S=C(Nc1ccccc1C)Nc1ccccc1C,,-4.749897279
1863,C-1864,,VUXURAAEUBMRKC-YGICXTQQSA-N,OS(=O)(=O)O.CN1CCC(CC1)CCN1CC[C@@]23[C@H]([C@H]1Cc1c3cc(cc1)O)CCCC2,,-4.747813111
1864,C-1865,,DSEVZPBSGUGCAY-UHFFFAOYSA-N,CCN(CC(c1ccc2c(c1)c1ccccc1cc2)O)CC.Cl,,-4.747488189
1865,C-1866,,CBHCDHNUZWWAPP-UHFFFAOYSA-N,CN1CCCC(C1)CN1c2ccccc2Sc2c1cccc2,,-4.744747871
1866,C-1867,,VCCZBYPHZRWKFY-UHFFFAOYSA-N,O=C1CN2CC(OC2(c2c(N1)ccc(c2)Cl)c1ccccc1)C,,-4.744604806
1867,C-1868,,JERZAOOJWPHIDG-UHFFFAOYSA-N,CCC(c1ccc(c(c1)C(CC)C)O)C,,-4.744017312
1868,C-1869,,CJAVTWRYCDNHSM-UHFFFAOYSA-N,CC(Cc1cccc(c1)C(F)(F)F)NCCOC(=O)c1ccccc1,,-4.743126512
1869,C-1870,,SQMLXMDRLSPKTA-UHFFFAOYSA-N,N/C(=N\CC12CC3CC(C2)(CC(C1)(C3)C)C)/CSS(=O)(=O)O,,-4.741748609
1870,C-1871,,LQKWPGAPADIOSS-UHFFFAOYSA-N,CC(COC(=O)c1ccc(cc1)C(=O)OCC(C)C)C,,-4.741468743
1871,C-1872,,FVMSYKRGNMQTLX-UHFFFAOYSA-M,Clc1ccccc1CNCC1CCC(CC1)C[N+](Cc1ccccc1Cl)(C)C.[I-],,-4.741312708
1872,C-1873,,NOIQZLIGXCQSEV-UHFFFAOYSA-N,COc1ccc2c(c1)cc1c(n2)cccc1,,-4.740877719
1873,C-1874,,PUXBGTOOZJQSKH-UHFFFAOYSA-N,OC(=O)C(c1ccc2c(c1)[nH]c1c2cc(cc1)Cl)C,,-4.740681725
1874,C-1875,,CRWUUOBIPYBVKP-UHFFFAOYSA-M,ClCCN(c1cc(ccc1C)C(=O)[O-])CCCl.[Na+],,-4.740419518
1875,C-1876,,KDIAMAVWIJYWHN-UHFFFAOYSA-N,CCCC1CCCC1,,-4.7399998
1876,C-1877,,SDDBCEWUYXVGCQ-UHFFFAOYSA-N,Cc1cccc2c1cccc2C,,-4.7399998
1877,C-1878,,CBHCDHNUZWWAPP-HNNXBMFYSA-N,CN1CCC[C@@H](C1)CN1c2ccccc2Sc2c1cccc2,,-4.7399998
1878,C-1879,,NHTMVDHEPJAVLT-UHFFFAOYSA-N,CC(CC(C)(C)C)C,,-4.7399998
1879,C-1880,,NPUKDXXFDDZOKR-NSHDSACASA-N,CCOC(=O)c1cncn1[C@H](c1ccccc1)C,,-4.7399998
1880,C-1881,,NVKAWKQGWWIWPM-ABEVXSGRSA-N,O=C1CC[C@]2([C@H](C1)CC[C@@H]1[C@@H]2CC[C@]2([C@H]1CC[C@@H]2O)C)C,,-4.7399998
1881,C-1882,,QMFPHIRQLOWTFQ-UHFFFAOYSA-N,OC(=O)C(=O)O.CCCCOc1c(OC)cccc1C(=O)NCCCN(CC)CC,,-4.73950821
1882,C-1883,,AMETXLUKRWWYMK-UHFFFAOYSA-N,CCC(C(c1ccccc1)(c1ccccc1)CC[NH+]1CCOCC1)OC(=O)C.[Cl-],,-4.739194296
1883,C-1884,,ZLOXYEZYWCTXHU-UHFFFAOYSA-N,O=C(c1cccs1)Nc1ncc(s1)[N+](=O)[O-],,-4.738420721
1884,C-1885,,FTLDJPRFCGDUFH-UHFFFAOYSA-N,OCCN(CC(=O)N(C(Cc1ccccc1)(C)C)C)CC(=O)N(C(Cc1ccccc1)(C)C)C,,-4.737349421
1885,C-1886,,PGWHWYBRRVQFCI-UHFFFAOYSA-N,COC(=O)c1c2ccccc2nc2c1cccc2,,-4.734739428
1886,C-1887,,NUKVZKPNSKJGBK-SPIKMXEPSA-N,OC(=O)/C=C\C(=O)O.OC(=O)/C=C\C(=O)O.OCCN1CCN(CC1)CCCN1c2ccccc2Sc2c1cc(cc2)C(=O)C,,-4.733141952
1887,C-1888,,AUKRYONWZHRJRE-UHFFFAOYSA-N,Oc1c2ccccc2cc2c1cccc2,,-4.73
1888,C-1889,,KKWUACQXLWHLCX-UHFFFAOYSA-N,CCCCCCCCCCCCCC[NH3+].[Cl-],,-4.724687995
1889,C-1890,,RLHSBVHMTZVHGJ-UHFFFAOYSA-N,Cc1ccc(cc1)C(c1ccccc1)OCCN[NH+]1CCCC1.[Cl-],,-4.721317621
1890,C-1891,,ABQKHKWXTUVKGF-UHFFFAOYSA-N,S=C=Nc1ccc(cc1)C,,-4.721247778
1891,C-1892,,AMDZXFZJWBFXIU-BTJKTKAUSA-N,[O-]C(=O)/C=C\C(=O)O.C[NH2+]CCOC1c2ccccc2CCc2c1cccc2,,-4.720379086
1892,C-1893,,WWGUMAYGTYQSGA-UHFFFAOYSA-N,Cc1cc2ccccc2cc1C,,-4.7199998
1893,C-1894,,STIGEALBGPUGBV-UHFFFAOYSA-M,NC(=O)NO[Sb](=O)(c1ccc(cc1)N)O,,-4.716286716
1894,C-1895,,KTFGSVWWMYCIJB-UHFFFAOYSA-N,CN(CCC=C1c2ccsc2SCc2c1cccc2)C.Cl,,-4.715238062
1895,C-1896,,KEZAHVUYFHPESR-UHFFFAOYSA-N,CCC(C(c1ccccc1)(C(=O)N)CCN1CCCCC1)C,,-4.715002279
1896,C-1897,,ALDYEWQJMKNBDY-UHFFFAOYSA-N,C[NH+](CCOC(=O)n1c2ccccc2c2c1cccc2)C.[Cl-],,-4.712531186
1897,C-1898,,BFWINBUSXUXEEY-UHFFFAOYSA-N,C1CCN(CC1)CCC12CC3CC(C2)CC(C1)C3.Cl,,-4.710415785
1898,C-1899,,ZCMHKXGPLWEOBN-UHFFFAOYSA-N,C1CCN(C1)CCCC12CC3CC(C2)CC(C1)C3.Cl,,-4.710415785
1899,C-1900,,LUSHIYVPITXVAK-UHFFFAOYSA-N,OS(=O)(=O)SCCNCCC(c1ccccc1)(c1ccccc1)c1ccccc1,,-4.710369334
1900,C-1901,,SNHRLVCMMWUAJD-NQMRGXSRSA-N,CCCCC(=O)O[C@]1([C@H](C)C[C@@H]2[C@]1(C)C[C@@H](O)[C@]1([C@H]2CCC2=CC(=O)C=C[C@]12C)F)C(=O)CO,,-4.71
1901,C-1902,,DBPWSSGDRRHUNT-CEGNMAFCSA-N,O=C1CC[C@]2(C(=C1)CC[C@@H]1[C@@H]2CC[C@]2([C@H]1CC[C@]2(O)C(=O)C)C)C,,-4.71
1902,C-1903,,ZSLBEMKAJDJVND-UHFFFAOYSA-N,CCn1c2ncccc2c(=S)n(c2c1cccc2)C,,-4.71
1903,C-1904,,FYZBOYWSHKHDMT-UHFFFAOYSA-N,CCOC(=O)CCN(C(C)C)SN(C(=O)Oc1cccc2c1OC(C2)(C)C)C,,-4.71
1904,C-1905,,ZVXBAHLOGZCFTP-UHFFFAOYSA-N,CCOC(=O)COc1ccc2c(c1)oc(cc2=O)c1ccccc1,,-4.709311741
1905,C-1906,,UBNYRXMKIIGMKK-RMKNXTFCSA-N,COc1ccc(cc1)/C=C/C(=O)OCCC(C)C,,-4.708378946
1906,C-1907,,CRIORHLFFJUMFG-OCIYDRMTSA-N,CCCOc1ccc2c(c1)[C@]13CCCC[C@H]3[C@@H](C2)N(CC1)C.Br,,-4.707467429
1907,C-1908,,DKROWFJGHDLNFQ-UHFFFAOYSA-N,ClCCN(c1cc(ccc1C)C(=O)O)CCCl,,-4.707156785
1908,C-1909,,HVQFBBXWCVYDNC-UHFFFAOYSA-N,CC(N(C(C)C)CCCN1C(=O)CCCc2c1cccc2)C,,-4.701074343
1909,C-1910,,UZQBOFAUUTZOQE-VSLWXVDYSA-N,CC[C@H]1OC(=O)[C@H](C)C(=O)[C@H](C)[C@@H](O[C@@H]2O[C@H](C)C[C@@H]([C@H]2O)N(C)C)[C@H](C[C@H](C(=O)/C=C/[C@]1(C)O)C)C,,-4.700777234
1910,C-1911,,AIUHRQHVWSUTGJ-UHFFFAOYSA-N,CC(=O)OCCN1CCN(CC1)CCCN1c2ccccc2Sc2c1cc(Cl)cc2,,-4.6999998
1911,C-1912,,RJMUSRYZPJIFPJ-UHFFFAOYSA-N,Clc1ccc(c(c1)C(=O)Nc1ccc(cc1Cl)[N+](=O)[O-])O,,-4.6999998
1912,C-1913,,HJUFTIJOISQSKQ-UHFFFAOYSA-N,CCOC(=O)NCCOc1ccc(cc1)Oc1ccccc1,,-4.6999998
1913,C-1914,,GLFNDSLRJPGINC-YLFUTEQJSA-N,CCCCOc1c(OC)cccc1C(=O)OCCO/[NH+]=C/CCC.[Cl-],,-4.699404651
1914,C-1915,,FWKBQAVMKVZEOT-STCFVSJZSA-N,CC(CC(=O)O[C@@H]1OC=C(C2=C[C@@H]([C@@]3([C@@H]12)CO3)OC(=O)CC(OC(=O)C)(C)C)COC(=O)C)C,,-4.696275965
1915,C-1916,,OGAKLTJNUQRZJU-UHFFFAOYSA-N,OC(c1ccccc1)(c1ccccc1)CCCN1CCCCC1,,-4.696106651
1916,C-1917,,ZVBSFGNDYNVQNP-UHFFFAOYSA-L,C[N+]1(CCC[n+]2cccc3c2ccc2c3cccc2)CCCC1.[Br-].[Br-],,-4.695963489
1917,C-1918,,UFSBFMDTWVPCIA-UHFFFAOYSA-N,CCN(CCOC(=O)C(c1ccccc1)(c1ccccc1)Cl)CC.Cl,,-4.695378331
1918,C-1919,,SXULDGPVPLBPKQ-UHFFFAOYSA-N,CC(N(C(C)C)C)CC12CC3CC(C2)CC(C1)C3.Cl,,-4.695038327
1919,C-1920,,OIWMXOXKUZXIQW-LVEZLNDCSA-N,CN1CCN(CC1)CC1COC2(O1)c1ccccc1OCc1c2cccc1.OC(=O)/C=C/C(=O)O.OC(=O)/C=C/C(=O)O,,-4.694354955
1920,C-1921,,NZLBHDRPUJLHCE-UHFFFAOYSA-N,CCN(CCCN(C1Cc2c(C1)cccc2)c1ccccc1)CC,,-4.694210132
1921,C-1922,,YSSSPARMOAYJTE-UHFFFAOYSA-N,O1CCOc2ccccc2OCCOCCOc2c(OCC1)cccc2,,-4.693469164
1922,C-1923,,QARPSPWVAKPFSK-YGICXTQQSA-N,Oc1ccc2c(c1)[C@]13CCCC[C@H]3[C@@H](C2)N(CC1)CCOc1ccccc1.Cl,,-4.692994631
1923,C-1924,,IAJHGYYJSAKQFW-UHFFFAOYSA-N,O=C(C(=C)c1c(Cl)cccc1Cl)OC1CC2CCC(C1)[NH+]2C.[Cl-],,-4.692336491
1924,C-1925,,NYGHGTMKALXFIA-UHFFFAOYSA-N,C=CCN1Cc2ccccc2c2c(C1)cccc2,,-4.691341781
1925,C-1926,,UQDUPQYQJKYHQI-UHFFFAOYSA-N,CCCCCCCCCCCC(=O)OC,,-4.6900001
1926,C-1927,,MFZWMTSUNYWVBU-UHFFFAOYSA-N,CCN(CCNc1ccc(c2c1c(=O)c1c(s2)cccc1)CO)CC,,-4.689193394
1927,C-1928,,RBEUQTCXHILJSS-UHFFFAOYSA-N,CCCN1CCCC(C1)OC(=O)Nc1c(C)cccc1Cl,,-4.689054621
1928,C-1929,,JMHSMFKQKRUZBH-UHFFFAOYSA-N,CCCN1CCC(CC1)OC(=O)Nc1c(C)cccc1Cl,,-4.689054621
1929,C-1930,,AEFKGCXZPXLJKP-UHFFFAOYSA-N,CCOC(=O)C(C(C[NH+](C)C)C)(c1ccccc1)c1ccccc1.[Cl-],,-4.688782375
1930,C-1931,,QUKYIGPTBNWYDQ-UHFFFAOYSA-N,CCOC(=O)C(c1ccccc1)(c1ccccc1)CC(N(C)C)C.Cl,,-4.688782375
1931,C-1932,,QIHLUZAFSSMXHQ-UHFFFAOYSA-N,CC(N1CCC(CC1)(c1ccccc1)c1ccccc1)(C)C,,-4.688087865
1932,C-1933,,ZCQGVMCLCWQOPN-UHFFFAOYSA-N,Cc1ccc(cc1C)CCNCC1CCc2c(N1)cccc2.Cl,,-4.68782698
1933,C-1934,,GJQMFLTWFFYRLD-VHEBQXMUSA-N,N#Cc1ccc(cc1)CN(/N=N/c1ccc(cc1)C(=O)O)C,,-4.685980116
1934,C-1935,,NDTSRXAMMQDVSW-UHFFFAOYSA-N,Clc1cc2NC(=NS(=O)(=O)c2cc1S(=O)(=O)N)CSCc1ccccc1,,-4.685675894
1935,C-1936,,KYGOFVXOIQYJSF-UHFFFAOYSA-N,CCC1OC(c2c1cccc2)(CCCN(C)C)c1ccccc1.Cl,,-4.684658344
1936,C-1937,,WWNKRYMNNRLGOW-UHFFFAOYSA-N,CC[NH+](CCOC(=O)C1c2ccccc2c2c1cc(N)cc2)CC.[Cl-],,-4.684044607
1937,C-1938,,KUBIYDREAGSHMB-UHFFFAOYSA-N,CN(CCC1(CC(c2c1cccc2)C)c1ccccc1)C.Cl,,-4.683951269
1938,C-1939,,ZIIJJOPLRSCQNX-UHFFFAOYSA-N,CCN(CCN1C(=O)CN=C(c2c1ccc(c2)Cl)c1ccccc1F)CC.Cl.Cl,,-4.682146028
1939,C-1940,,HTAUUADKDLLMRU-UHFFFAOYSA-N,CCOP(=O)(N1CCCC1=O)Cc1ccc(cc1)c1nc2c(s1)cccc2,,-4.681155576
1940,C-1941,,UVTBZAWTRVBTMK-UHFFFAOYSA-N,CCOC(=O)C1(CCN(CC1)CCOCc1ccccc1)c1ccccc1,,-4.681015586
1941,C-1942,,XCEYNQCFXXAOBL-UHFFFAOYSA-N,CCCCC(=O)OCN1C(=O)NC(C1=O)(c1ccccc1)c1ccccc1,,-4.6799998
1942,C-1943,,QOYHHIBFXOOADH-UHFFFAOYSA-N,Fc1ccc(cc1)C(c1ccc(cc1)F)CCCN1CCC2(CC1)C(=O)NCN2c1ccccc1,,-4.677227244
1943,C-1944,,JICCKKKVYQHSJY-UHFFFAOYSA-N,O=C(Nc1c(C)cccc1Cl)OC1CCC[NH+](C1)C(C)C.[Cl-],,-4.674392434
1944,C-1945,,XTBYBRINUMAOSK-UHFFFAOYSA-N,Brc1ccc(cc1)C(=O)OCCCN1CCCCC1C,,-4.673876897
1945,C-1946,,SLACVLUCWZYDAK-UHFFFAOYSA-N,COc1ccc2c(c1CN(C)C)oc(c(c2=O)C)c1ccc(cc1)Cl,,-4.673439839
1946,C-1947,,NUJZVNHAGUEUAQ-UHFFFAOYSA-N,C=CCC(c1cccc2c1cccc2)C(=O)NNC(C)C,,-4.672693434
1947,C-1948,,QMQBBUPJKANITL-MYXGOWFTSA-N,CCC(=O)O[C@](c1ccccc1)([C@@H](CN(C)C)C)Cc1ccccc1.Cl,,-4.672025096
1948,C-1949,,INHPISRLZMRZBK-UHFFFAOYSA-N,COc1cc2CC[NH+](C(c2cc1OC)CCc1cccc(c1)[N+](=O)[O-])C.[Cl-],,-4.671534463
1949,C-1950,,DKGZKTPJOSAWFA-UHFFFAOYSA-N,Fc1ccc(cc1)C(=O)CCCN1CCC2(CC1)C(=O)NCN2c1ccccc1,,-4.670728429
1950,C-1951,,OWPWFVVPBYFKBG-NYVHBPEFSA-N,O=C[C@]12C[C@H]3O[C@@]4(O)[C@@H](O)C[C@H](O[C@H]4O[C@@H]3C[C@@H]1CC[C@@H]1[C@@H]2CC[C@]2([C@]1(O)CC[C@@H]2C1=CC(=O)OC1)C)C,,-4.670665159
1951,C-1952,,SXCIMUIAZXOVIR-PUCKCBAPSA-N,OCC(=O)[C@@]1(O)C[C@H](O[C@@H]2O[C@@H](C)[C@H]([C@H](C2)N2CCOCC2)O)c2c(C1)c(O)c1c(c2O)C(=O)c2c(C1=O)cccc2OC,,-4.670625401
1952,C-1953,,QSJRZMPYHHJWKX-UHFFFAOYSA-N,CCCOc1ccc(cc1)C(=O)OCCCN1CCCCC1C,,-4.670611734
1953,C-1954,,LQZZUXJYWNFBMV-UHFFFAOYSA-N,CCCCCCCCCCCCO,,-4.6700001
1954,C-1955,,GHAFORRTMVIXHS-UHFFFAOYSA-L,Brc1c(Br)c(Br)c2c(c1Br)C(=O)OC2(c1ccc(c(c1)S(=O)(=O)[O-])O)c1ccc(c(c1)S(=O)(=O)[O-])O.[Na+].[Na+],,-4.668690754
1955,C-1956,,WFSZWNRIAAJGQM-UHFFFAOYSA-N,Ic1ccc(nc1)SCCCCCN1CSCC1.Cl,,-4.668124879
1956,C-1957,,PVEPNJZYFVEYDT-UHFFFAOYSA-N,CN(CCC(c1ccccc1)C1CCCCC1)C.Cl,,-4.667573165
1957,C-1958,,AWDLUSYVMFSMPH-RXBYAXNRSA-N,OC(=O)c1ccccc1O.CO[C@@H]([C@H]([C@H]1O[C@H](SCCOC(=O)c2ccccc2O)[C@@H]([C@H]([C@H]1O)O)O)NC(=O)[C@@H]1CCCN1C)C,,-4.665593374
1958,C-1959,,KYWMWUUMCDZISK-UHFFFAOYSA-N,NC1=NC(NC1(C(F)(F)F)C(F)(F)F)(C(F)(F)F)C(F)(F)F,,-4.664614005
1959,C-1960,,YVUQSNJEYSNKRX-UHFFFAOYSA-N,Fc1ccc(cc1)C(c1ccc(cc1)F)CCCN1CCC(CC1)n1c(=O)[nH]c2c1cccc2,,-4.664225351
1960,C-1961,,JYLIAQPHVDFOQO-UHFFFAOYSA-N,C[NH+](CCOC(c1ccc(cc1)I)c1ccccc1)C.[Cl-],,-4.660885233
1961,C-1962,,SGKGVABHDAQAJO-UHFFFAOYSA-N,N#Cc1cc(I)c(c(c1)[N+](=O)[O-])O,,-4.660538236
1962,C-1963,,YVBCSKYYMNEPHE-PKLMIRHRSA-N,CCCC[NH+]1CCc2c3[C@H]1Cc1ccc(c(c1c3ccc2)O)O.[Cl-],,-4.660387331
1963,C-1964,,LCCNCVORNKJIRZ-UHFFFAOYSA-N,CCOP(=S)(Oc1ccc(cc1)[N+](=O)[O-])OCC,,-4.6599998
1964,C-1965,,MGWAVDBGNNKXQV-UHFFFAOYSA-N,CC(COC(=O)c1ccccc1C(=O)OCC(C)C)C,,-4.6599998
1965,C-1966,,GVEINSAHFGPQIN-UHFFFAOYSA-N,CN1CCN(CC1)CC(=O)N1C(C)(C)CC(=CC1(C)C)c1ccccc1,,-4.65989177
1966,C-1967,,KDCYOWUMMCQWCJ-UHFFFAOYSA-N,CN1CCC2=C(C1CCc1ccccc1)CCCC2,,-4.659817587
1967,C-1968,,KMGARVOVYXNAOF-UHFFFAOYSA-N,CN1CCC(CC1)n1[nH]c(c(c1=O)Cc1ccccc1)c1ccccc1,,-4.659636824
1968,C-1969,,XNMYNYSCEJBRPZ-UHFFFAOYSA-N,CCCCc1cc2ccccc2c(n1)OCCN(C)C,,-4.657840035
1969,C-1970,,HCYNFJPPJJUYAN-UHFFFAOYSA-M,CCC(=O)Oc1ccc(cc1)CCCC[N+]1(C)CCCCC1.[I-],,-4.657571644
1970,C-1971,,UXZQBAUCVHFILC-UHFFFAOYSA-N,CCN(CCOC(=O)N(c1ccccc1)c1ccccc1)CC.Cl,,-4.655610492
1971,C-1972,,NEOZRYIORLIHJH-UHFFFAOYSA-N,Cc1ccc(cc1)C(c1ccc(cc1)Br)OCC[NH+](C)C.[Cl-],,-4.654730003
1972,C-1973,,FSWSKIYYIMFQIT-UHFFFAOYSA-N,CN(CCCC1(OC(c2c1cccc2)(C)C)c1ccccc1)C.Cl,,-4.65247366
1973,C-1974,,YWPDGABYTMCJDP-UHFFFAOYSA-N,Oc1cc(O)c2c(c1)OC(c1c2cccc1)(C)C,,-4.651109545
1974,C-1975,,HVAKUYCEWDPRCA-UHFFFAOYSA-N,COc1ccc(cc1)C=CC(=O)c1ccc(cc1OC)OC,,-4.650387464
1975,C-1976,,WCIBOXFOUGQLFC-UHFFFAOYSA-N,Fc1ccc(cc1)C(=O)CCCN1CCC(CC1)C(=O)c1ccc(cc1)F,,-4.650273628
1976,C-1977,,ORNBQBCIOKFOEO-QGVNFLHTSA-N,O[C@H]1CC[C@]2(C(=CC[C@@H]3[C@@H]2CC[C@]2([C@H]3CC[C@@H]2C(=O)C)C)C1)C,,-4.6500001
1977,C-1978,,ZRZNJUXESFHSIO-JKZASVEESA-N,OCC(=O)O[C@@H]1C[C@@](C)(C=C)[C@@H](O)[C@@H](C23[C@H](C1(C)[C@H](C)CC2)C(=O)CC3)C,,-4.647330882
1978,C-1979,,KHRKUWZXZWEMKO-UHFFFAOYSA-N,CC(N1CCCC1)CC12CC3CC(C2)CC(C1)C3.Cl,,-4.646960942
1979,C-1980,,RZPAKFUAFGMUPI-QESOVKLGSA-N,CO[C@H]1C[C@H](O[C@@H]2[C@@H](C)C(=O)O[C@H](C)[C@H](C)[C@H](O)[C@H](C(=O)[C@@]3(C[C@@H]([C@@H]([C@H]2C)O[C@@H]2O[C@H](C)C[C@@H]([C@H]2O)N(C)C)C)CO3)C)O[C@H]([C@@H]1O)C,,-4.646893296
1980,C-1981,,ABGIIXRNMHUKII-DHZHZOJOSA-N,Clc1ccc(cc1)/C=C/C(=O)c1ccccc1,,-4.644710666
1981,C-1982,,TXFLRWLXYPVPIQ-UHFFFAOYSA-N,CN(CCCn1c(=O)c2ccccc2[nH]c2c1cccc2)C,,-4.641729997
1982,C-1983,,HPEKSGQVQCIFCM-UHFFFAOYSA-N,CCC(=O)OC1(CCN(CC1)Cc1ccccc1)c1ccccc1.Cl,,-4.641302801
1983,C-1984,,HFSKZVIZCZVKLT-UHFFFAOYSA-N,Cc1ccc(c(c1)C(c1ccccc1)(C(=O)OCCCN1CCCC1)O)C.Cl,,-4.640652405
1984,C-1985,,PWATWSYOIIXYMA-UHFFFAOYSA-N,CCCCCc1ccccc1,,-4.6399999
1985,C-1986,,APBVLLORZMAWKI-UHFFFAOYSA-N,NC(=O)C1c2ccccc2CCc2c1cccc2,,-4.638029222
1986,C-1987,,GMKRJJQRDLKNHL-UHFFFAOYSA-N,CCC(c1ccccc1)C(=O)OCCCN1CCCCC1C,,-4.637604256
1987,C-1988,,TYYIOZHLPIBQCJ-UHFFFAOYSA-N,ClC(C(c1ccc(cc1)N)c1ccc(cc1)N)(Cl)Cl,,-4.637035902
1988,C-1989,,SPTATJKIYXQBEN-UHFFFAOYSA-N,COc1cc2c(cc1OC)CC[NH+](C2CCCc1ccccc1)C.[Cl-],,-4.634838623
1989,C-1990,,BPEUAZQCLHIVHY-UHFFFAOYSA-N,CCCCCCCCCSCCCN1CCSC1.Cl,,-4.634119043
1990,C-1991,,RMYUDBIWUBWSPC-UHFFFAOYSA-N,CCCCCCCSCCCCCN1CCSC1.Cl,,-4.634119043
1991,C-1992,,LOIRYAMMDZIGOO-UHFFFAOYSA-N,CCCCCCSCCCCCCN1CCSC1.Cl,,-4.634119043
1992,C-1993,,OSBIEFWIIINTNJ-UHFFFAOYSA-N,S=C=Nc1ccc(c(c1)Cl)Cl,,-4.633996545
1993,C-1994,,ZKUDBRCEOBOWLF-UHFFFAOYSA-N,Cc1onc(c1)C(=O)NCCc1ccc(cc1)S(=O)(=O)NC(=O)NN1CCCCCC1,,-4.631565517
1994,C-1995,,ULSUXBXHSYSGDT-UHFFFAOYSA-N,COc1ccc(cc1)c1cc(=O)c2c(o1)c(OC)c(c(c2OC)OC)OC,,-4.631458919
1995,C-1996,,RTFARVWMEFHIKS-UHFFFAOYSA-N,FCCCCCCCCBr,,-4.630798314
1996,C-1997,,CWRYPZZKDGJXCA-UHFFFAOYSA-N,c1cc2cccc3c2c(c1)CC3,,-4.6300001
1997,C-1998,,QZYNWJQFTJXIRN-UHFFFAOYSA-N,Clc1cc(Cl)c(c(c1)Cl)Cl,,-4.6300001
1998,C-1999,,VPGRYOFKCNULNK-ACXQXYJUSA-N,CC(=O)OCC(=O)[C@H]1CC[C@@H]2[C@]1(C)CC[C@H]1[C@H]2CCC2=CC(=O)CC[C@]12C,,-4.6300001
1999,C-2000,,YRHYCMZPEVDGFQ-UHFFFAOYSA-N,CCCCCCCCCC(=O)OC,,-4.6300001
2000,C-2001,,WZJZMXBKUWKXTQ-UHFFFAOYSA-N,CCOC(=O)Nc1cccc(c1)OC(=O)Nc1ccccc1,,-4.6300001
2001,C-2002,,YNARWAUTTJJADX-UHFFFAOYSA-N,CCn1c2ncccc2n(c(=S)c2c1nccc2)C,,-4.6300001
2002,C-2003,,VIKNJXKGJWUCNN-XGXHKTLJSA-N,C#C[C@]1(O)CC[C@@H]2[C@]1(C)CC[C@H]1[C@H]2CCC2=CC(=O)CC[C@H]12	,,-4.63
2003,C-2004,,BZXAWUTXKYHQAW-UHFFFAOYSA-N,CCN(CCC(c1cccc2c1cccc2)(C(=O)N)C(C)C)C,,-4.629686284
2004,C-2005,,BZQRMOJOFMIRFL-UHFFFAOYSA-N,CCC(C(c1cccc2c1cccc2)(C(=O)N)CCN(C)C)C,,-4.629686284
2005,C-2006,,GEYZYDGDYWJOGO-UHFFFAOYSA-N,COc1cc2c(cc1OC)CCN(C2CCc1ccccc1[N+](=O)[O-])C,,-4.629239045
2006,C-2007,,AWDKLHCXDUACLM-UHFFFAOYSA-N,COc1cc2c(cc1OC)CCN(C2CCc1ccc(cc1)[N+](=O)[O-])C,,-4.629239045
2007,C-2008,,QYNMGTGFHCYFIE-UHFFFAOYSA-N,CCC(c1ccccc1)C(=O)OCCN1CCOC(C1C)c1ccccc1.Cl,,-4.629058164
2008,C-2009,,IKLQOPICWGDGGF-UHFFFAOYSA-N,Ic1ccc(nc1)OCCCCCCN1CSCC1.Cl,,-4.62788984
2009,C-2010,,ZXEPICRUPDEDET-UHFFFAOYSA-N,O=C(Nc1c(C)cccc1Cl)OC1CCN(CC1)C(C)C,,-4.626224398
2010,C-2011,,CFZVHPKDNFUKEV-UHFFFAOYSA-N,OCC(c1ccc2c(c1)nc(o2)c1ccccc1)C.OCC(c1ccc2c(c1)nc(o2)c1ccccc1)C.OCC(c1ccc2c(c1)nc(o2)c1ccccc1)C.OCC(c1ccc2c(c1)nc(o2)c1ccccc1)C.O,,-4.624184822
2011,C-2012,,QPHRVUMZLUQZGU-UHFFFAOYSA-N,Fc1ccc(cc1)C(=O)CCCN1CCN(CC1)c1ccccc1,,-4.623349103
2012,C-2013,,QWUWMCYKGHVNAV-UHFFFAOYSA-N,c1ccc(cc1)CCc1ccccc1,,-4.6199999
2013,C-2014,,CGIGDMFJXJATDK-UHFFFAOYSA-N,COc1ccc2c(c1)c(CC(=O)O)c(n2C(=O)c1ccc(cc1)Cl)C,,-4.6199999
2014,C-2015,,POULHZVOKOAJMA-UHFFFAOYSA-N,CCCCCCCCCCCC(=O)O,,-4.6199999
2015,C-2016,,ZZLCFHIKESPLTH-UHFFFAOYSA-N,Cc1ccc(cc1)c1ccccc1,,-4.6199999
2016,C-2017,,DZDWZZVVAPKKJA-UHFFFAOYSA-M,CC1(C)C2CCC(C1C2)CCOCC[N+]1(CCOCC1)Cc1ccccc1.[Br-],,-4.618170001
2017,C-2018,,LKWPAJGJFSXUQP-UHFFFAOYSA-N,c1ccc(cc1)C(c1ccccc1)CCN1CCN(CC1)c1cnccn1.Cl.Cl,,-4.617851835
2018,C-2019,,SGHXFFAHXTZRQM-SPIKMXEPSA-N,CN1CCC(=C2c3ccccc3CCc3c2nccc3)CC1.OC(=O)/C=C\C(=O)O.OC(=O)/C=C\C(=O)O,,-4.617760648
2019,C-2020,,ILTQGUCGNHVYOU-UHFFFAOYSA-N,CC=C(c1ccc(cc1)OCC(CN1CCN(CC1)c1ccccc1)O)C.Cl.Cl,,-4.617574933
2020,C-2021,,FEBLZLNTKCEFIT-VSXGLTOVSA-N,OCC(=O)[C@@]12OC(O[C@@H]1C[C@@H]1[C@]2(C)C[C@H](O)[C@]2([C@H]1C[C@@H](C1=CC(=O)C=C[C@]21C)F)F)(C)C,,-4.616199666
2021,C-2022,,MBZDFRQDGNXUKS-WUKNDPDISA-N,CN(Cc1ccccc1)/N=N/c1ccc(cc1)C(=O)O,,-4.614731451
2022,C-2023,,YDULHULNQBBPCX-UHFFFAOYSA-N,Brc1ccc(nc1)SCCCCCCN1CSCC1.Cl,,-4.614257945
2023,C-2024,,FXCYKPOHYGUTNI-UHFFFAOYSA-N,CN(CC(=O)N1C(C)(C)CC(=CC1(C)C)c1ccccc1)C,,-4.61325536
2024,C-2025,,UUSSUURLYUEPHL-UHFFFAOYSA-N,OC(=O)C(=O)[O-].COc1ccc2c(c1O)CC[NH+](C2CCc1ccc(cc1)Cl)C,,-4.612345526
2025,C-2026,,DDUHZTYCFQRHIY-CQLKUDPESA-N,COC1=CC(=O)C[C@H]([C@]21Oc1c(C2=O)c(OC)cc(c1Cl)OC)C,,-4.6100001
2026,C-2027,,GWDYJKXSUSPLEA-UHFFFAOYSA-N,O=c1nc(oc2c1cccc2)c1ccccc1,,-4.6100001
2027,C-2028,,HTTLBYITFHMYFK-UHFFFAOYSA-N,O=c1oc(nc2c1cccc2)c1ccccc1,,-4.6100001
2028,C-2029,,LOWOBAAJJNVUPR-UHFFFAOYSA-N,ClCCN(CCOc1ccccc1OC)CCOc1ccccc1C.Cl,,-4.609875467
2029,C-2030,,KCGKUMMLOWMRHO-UHFFFAOYSA-N,CC(Oc1ccc(cc1)C(=O)OCCCN1CCCCC1C)C,,-4.607869891
2030,C-2031,,RYDOMJHOQPXWJQ-UHFFFAOYSA-N,CC(CC1CCC(=CC1)C(C(=O)O)C)C,,-4.60770702
2031,C-2032,,NPUZIGSOEWMFKK-UHFFFAOYSA-N,O=C1C(c2ccc(cc2)Br)C(=O)c2c1cccc2,,-4.607369237
2032,C-2033,,FNKYFJUHWHKUSL-UHFFFAOYSA-N,C[NH2+]CCOc1ccc(cc1)CNC(=O)c1ccc(c(c1)OCC)OCC.[Cl-],,-4.607320164
2033,C-2034,,SZIOUVHAMOMVLJ-UHFFFAOYSA-N,Clc1ccc(nc1)SCCCCCCCN1CCSC1.Cl,,-4.606087109
2034,C-2035,,FUXMTEKFGUWSNC-UHFFFAOYSA-N,OC(=O)c1cc(Cl)c(c(c1Cl)Cl)Cl,,-4.605905356
2035,C-2036,,RYFKPEIMYFQLOV-SMENAXLTSA-N,O[C@H]([C@H](C(=O)O)O)C(=O)O.Oc1ccc2c(c1)[C@]13CCCC[C@H]3[C@@H](C2)N(CC1)CCC(=O)c1ccccc1,,-4.603382425
2036,C-2037,,VOVIALXJUBGFJZ-KWVAZRHASA-N,CCCC1O[C@H]2[C@](O1)(C(=O)CO)[C@@]1([C@@H](C2)[C@@H]2CCC3=CC(=O)C=C[C@@]3([C@H]2[C@H](C1)O)C)C,,-4.603010224
2037,C-2038,,NHZLNPMOSADWGC-UHFFFAOYSA-N,Nc1ccc(cc1)S(=O)(=O)Nc1cnc2c(n1)cccc2,,-4.602546129
2038,C-2039,,TUUUNXKJLMHVRJ-UHFFFAOYSA-N,O=C(CC1CCCCC1)OCCCN1CCCCC1C,,-4.600581121
2039,C-2040,,IAHJVNSZPMIREM-UHFFFAOYSA-N,CCCCCCCOC(=O)c1ccc(cc1)N,,-4.5999999
2040,C-2041,,TXCDCPKCNAJMEE-UHFFFAOYSA-N,c1ccc2c(c1)oc1c2cccc1,,-4.5999999
2041,C-2042,,JBDOSUUXMYMWQH-UHFFFAOYSA-N,S=C=Nc1cccc2c1cccc2,,-4.5999999
2042,C-2043,,OOKXTIAMWIVZNL-UHFFFAOYSA-N,CCN(C(c1ccc(cc1)Oc1ccccc1)C)CC,,-4.599789577
2043,C-2044,,ROLOQLFLZPBXLY-UHFFFAOYSA-N,COC1(CCC(CC1)N1CCCCC1)c1cccc(c1)C,,-4.599419468
2044,C-2045,,QPGGEKPRGVJKQB-UHFFFAOYSA-N,CN(CCn1c2ccccc2n(c2c(c1=O)cccc2)C)C,,-4.599401079
2045,C-2046,,KNBRWWCHBRQLNY-UHFFFAOYSA-N,S=C(N1CCCCC1)SSC(=S)N1CCCCC1,,-4.597619849
2046,C-2047,,NOJQZZWAGZQHAK-UHFFFAOYSA-L,CC[N+]1(CCCCCC[N+]2(CC)CCOCC2)CCOCC1.[I-].[I-],,-4.59623274
2047,C-2048,,GXDHCNNESPLIKD-UHFFFAOYSA-N,CCCCC(C)C,,-4.596055676
2048,C-2049,,OJPWHUOVKVKBQB-UHFFFAOYSA-N,OS(=O)(=O)O.CCN(CCCC(Nc1ccnc2c1ccc(c2)Cl)C)CC,,-4.595817436
2049,C-2050,,AEUAEICGCMSYCQ-UHFFFAOYSA-N,OP(=O)(O)O.CCN(CCCC(Nc1ccnc2c1ccc(c2)Cl)C)CC,,-4.595736367
2050,C-2051,,HZPVYVIKZIPUDA-UHFFFAOYSA-N,O=C(Nc1c(C)cccc1Cl)OC1CCN(C1)C(C)(C)C,,-4.594335253
2051,C-2052,,VXEAYBOGHINOKW-UHFFFAOYSA-N,CN(CC/C=C/1\c2ccccc2C=Cc2c1cccc2)C.Cl,,-4.592491605
2052,C-2053,,VXQHWNOTPARMJB-INEOJGKQSA-N,O[C@H]([C@H](C(=O)O)O)C(=O)O.CCC(CN1CC[C@@]23[C@H]([C@H]1Cc1c3cc(cc1)O)CCCC2)C,,-4.590569308
2053,C-2054,,SQNZJJAZBFDUTD-UHFFFAOYSA-N,Cc1cc(C)c(cc1C)C,,-4.5900002
2054,C-2055,,ZTMKADLOSYKWCA-UHFFFAOYSA-N,O=c1[nH]c2CCCc2c(=O)n1C1CCCCC1,,-4.5900002
2055,C-2056,,XLGUZTXTVKXTDR-UHFFFAOYSA-N,O=C(N1C(C)(C)CC(=CC1(C)C)c1ccccc1)CN1CCOCC1,,-4.589170434
2056,C-2057,,RMXSRHKGELWALP-YLFUTEQJSA-N,OC(=O)C(=O)[O-].CCCC/C=[NH+]/CCNC(=O)c1cccc(c1OCCC)OC,,-4.587972393
2057,C-2058,,BAQKJENAVQLANS-UHFFFAOYSA-N,CCC(c1ccccc1)C(=O)OCCN1CCOC(C1C)c1ccccc1,,-4.587840875
2058,C-2059,,UXMTUUFYPGQFAE-UHFFFAOYSA-N,COc1ccc2c(c1)c(CC(C(=O)O)N)cn2Cc1ccccc1,,-4.587810051
2059,C-2060,,PRYMXHIMDPCGRF-UHFFFAOYSA-N,OCCN1CCN(CC1)CCC(=O)N1c2ccccc2Sc2c1cc(Cl)cc2.Cl.Cl,,-4.587161009
2060,C-2061,,ZOOUBGRVRUUFQX-UHFFFAOYSA-N,O=C(c1ccc(c(c1)C)C)Cc1ccccc1C(=O)O,,-4.586030873
2061,C-2062,,NKIJDWIHUKJRGW-UHFFFAOYSA-N,CCCC(COC(=O)N(C)C)(COC(=O)NCC(C)C)C,,-4.585733686
2062,C-2063,,DKMGXHJWXGGADS-UHFFFAOYSA-N,CCN(CCCC(Nc1cc(OC)cc2c1nccc2)C)CC.Cl,,-4.582183097
2063,C-2064,,FLHRAPZVGFZSQD-UHFFFAOYSA-N,NC(=O)C(c1cccc2c1cccc2)(CCN1CCCCC1)C,,-4.581888542
2064,C-2065,,IRSNBSGPKPZUDV-UHFFFAOYSA-N,Clc1ccc2c(c1)nc1c(c2N)cccc1,,-4.580351812
2065,C-2066,,ZXXJLAKNTDVKRB-UHFFFAOYSA-N,Nc1ccc2c(c1)cc1c(n2)ccc(c1)Cl,,-4.580351812
2066,C-2067,,LWEBYMLDVJZRKF-UHFFFAOYSA-N,Clc1ccc2c(c1)c(N)c1c(n2)cccc1,,-4.580351812
2067,C-2068,,NSXDSAVBBBKTAM-UHFFFAOYSA-N,Clc1cccc2c1nc1ccccc1c2N,,-4.580351812
2068,C-2069,,FMJZJKQGQIXNDY-UHFFFAOYSA-N,Nc1ccc2c(c1)cc1c(n2)cc(cc1)Cl,,-4.580351812
2069,C-2070,,OCESZSGMAAGZGO-UHFFFAOYSA-N,Nc1ccc2c(c1)nc1c(c2)ccc(c1)Cl,,-4.580351812
2070,C-2071,,JZFPYUNJRRFVQU-UHFFFAOYSA-N,OC(=O)c1cccnc1Nc1cccc(c1)C(F)(F)F	,,-4.58
2071,C-2072,,PHEOVVDXTQVHAZ-OFUZTXAKSA-N,O=C1C=C[C@]2(C(=C1)CC[C@@H]1[C@@H]2[C@H](O)C[C@]2([C@H]1CC[C@]2(O)C(=O)COC(=O)C(C)(C)C)C)C,,-4.5799999
2072,C-2073,,MBDMKWJEKDHRRP-UHFFFAOYSA-N,CCOC(=O)c1ccccc1S(=O)(=O)NN(c1nc(Cl)cc(n1)OC)C=O,,-4.5799999
2073,C-2074,,RGOVYLWUIBMPGK-UHFFFAOYSA-N,CCCCCCCCC(=O)NCc1ccc(c(c1)OC)O,,-4.579853185
2074,C-2075,,LMPUTVDYONLZKF-OCIYDRMTSA-N,C=CCN1CC[C@@]23[C@H]([C@H]1Cc1c3cc(cc1)OC)CCCC2.Br,,-4.57789833
2075,C-2076,,IWIBNHDAPLKYSK-OCIYDRMTSA-N,C=CCOc1ccc2c(c1)[C@]13CCCC[C@H]3[C@@H](C2)N(CC1)C.Br,,-4.57789833
2076,C-2077,,JUOZATSMKDYYGH-UHFFFAOYSA-N,CN(CCOC(c1ccc(cc1)Br)(c1ccccc1)C)C.Cl,,-4.576569426
2077,C-2078,,IYOAABYIFUXEPX-UHFFFAOYSA-N,Brc1ccc(nc1)OCCCCCCCN1CCSC1.Cl,,-4.576268934
2078,C-2079,,IGJPXFSNRBWVEN-UHFFFAOYSA-N,OC(=O)C(=O)O.CNCC=C(c1ccc(cc1)Cl)c1ccc(cc1)Cl.CNCC=C(c1ccc(cc1)Cl)c1ccc(cc1)Cl,,-4.573670815
2079,C-2080,,CDFAMYXWTIOYGP-UHFFFAOYSA-N,CN(CCCC12CC3CC(C1)CC(C2Br)C3)C.Cl,,-4.572572496
2080,C-2081,,HDACQVRGBOVJII-JBDAPHQKSA-N,CCOC(=O)[C@@H](N[C@H](C(=O)N1[C@H]2CCC[C@H]2C[C@H]1C(=O)O)C)CCc1ccccc1,,-4.572358917
2081,C-2082,,KXWLQZFZKDEOFK-WLHGVMLRSA-N,CN(CC1COC2(O1)c1ccccc1OCc1c2cccc1)C.OC(=O)/C=C/C(=O)O,,-4.570190529
2082,C-2083,,GBDZXPJXOMHESU-UHFFFAOYSA-N,Clc1c(Cl)ccc(c1Cl)Cl,,-4.5700002
2083,C-2084,,VIKNJXKGJWUCNN-LTQVEWQYSA-N,C#C[C@@]1(O)CC[C@@H]2[C@]1(C)CC[C@H]1[C@H]2CCC2=CC(=O)CC[C@H]12,,-4.5700002
2084,C-2085,,PNVJTZOFSHSLTO-UHFFFAOYSA-N,CSc1ccc(cc1C)OP(=S)(OC)OC,,-4.5700002
2085,C-2086,,GWOFUCIGLDBNKM-CYBMUJFWSA-N,OC[C@H](COC(=O)c1ccccc1Nc1ccnc2c1ccc(c2)Cl)O,,-4.5700002
2086,C-2087,,GYRPICHNIDQFOD-IXGJNDBJSA-N,C#C[C@@]1(O)CC[C@@H]2[C@]1(C)CC[C@H]1[C@H]2CCC2=CC(=O)CC[C@]12O,,-4.5700002
2087,C-2088,,BYWIEEUABBZFEE-UHFFFAOYSA-N,CCN(CCOc1ccccc1C(=O)CCc1ccccc1)CC.Cl,,-4.567817892
2088,C-2089,,CGMJQQJSWIRRRL-UHFFFAOYSA-N,O=C1CN=C(c2c(N1)ccc(c2)Br)c1ccccc1Cl,,-4.567419831
2089,C-2090,,FBCSVCRUGIQTDR-UHFFFAOYSA-L,[O-]S(=O)(=O)C(CC(S(=O)(=O)[O-])c1ccccc1)Nc1ccc(cc1)S(=O)(=O)Nc1ccccn1.[Na+].[Na+],,-4.566718716
2090,C-2091,,KHYQRBMKDBGYKN-UHFFFAOYSA-N,NC(=O)OCC(c1ccccc1)(COC(=O)Nc1ccccc1)C,,-4.565509382
2091,C-2092,,LALJFUOONHRLRK-YEUQMBKVSA-N,COc1cc(/C=C/C(=O)CCN2CCN(CC2)c2ccccc2Cl)cc(c1OC)OC.Cl.O,,-4.56493484
2092,C-2093,,SPEPGZNZGOJPCA-HPJBNNNXSA-N,COc1cc(/C=C/C(=O)CCN2CCN(CC2)c2ccc(cc2)Cl)cc(c1OC)OC.Cl.O,,-4.56493484
2093,C-2094,,VMSQKUCYEMOKMM-UHFFFAOYSA-N,COC(C(C1OC(SCCOC(=O)c2ccccc2O)C(C(C1O)O)O)NC(=O)C1CCCN1C)C,,-4.564778634
2094,C-2095,,HDRXZJPWHTXQRI-BHDTVMLSSA-N,COc1ccc(cc1)[C@@H]1Sc2ccccc2N(C(=O)[C@@H]1OC(=O)C)CCN(C)C.Cl,,-4.564250245
2095,C-2096,,DXKCLYVLUMBHOG-MERLXDPCSA-N,O[C@H]([C@H](C(=O)O)O)C(=O)O.O[C@H]([C@H](C(=O)O)O)C(=O)O.O[C@H]([C@H](C(=O)O)O)C(=O)O.CCC(=O)OC1(CC(C)N(CC1C)CCCN1CCN(CC1)C)c1ccccc1.O,,-4.561055444
2096,C-2097,,QFLZIWVSQDZLNW-UHFFFAOYSA-N,Brc1ccc2c(c1)C(=O)C(C2=O)c1ccccc1,,-4.560212488
2097,C-2098,,UCCUXODGPMAHRL-UHFFFAOYSA-N,Brc1ccc(cc1)I,,-4.5599999
2098,C-2099,,DOYVYJMGDPTADV-UHFFFAOYSA-N,CCC(=O)OC1(CCN(CC1)C(C)C)C1CCCCC1.Cl,,-4.558793293
2099,C-2100,,KIPHMBBVOUZELO-BHRDPBMWSA-N,C=CCN1CC[C@@]23[C@H]([C@H]1Cc1c3cc(cc1)OC(=O)N(C)C)CCCC2.Br,,-4.556109049
2100,C-2101,,CVMNGQUKPNSVQJ-UHFFFAOYSA-N,ONC(=O)C=Cc1ccc(c(c1)Cl)OCCC(C)C,,-4.554762463
2101,C-2102,,HGLKQTLPFOLZJL-ISLYRVAYSA-N,N#Cc1ccc(cc1)/N=N/N(Cc1ccccc1)C,,-4.55349557
2102,C-2103,,GTPQRYRUWGEJBP-UHFFFAOYSA-N,COc1cc2c(cc1O)CCN(C2CCc1ccc(cc1)Cl)C.Cl,,-4.553362136
2103,C-2104,,NVIPBLQAFKRFSZ-UHFFFAOYSA-N,COc1cc2CCN(C(c2cc1O)CCc1ccc(cc1)Cl)C.Cl,,-4.553362136
2104,C-2105,,MYAPKIZEEJRDPD-UHFFFAOYSA-N,Brc1cnc(c(c1)Br)OCCCCCCNCCSS(=O)(=O)O,,-4.552298698
2105,C-2106,,OPKVOJLJVUYGEN-UHFFFAOYSA-N,OC(=O)C(=O)O.CCC(=O)N(c1ccccc1)C(CN1CCC(CC1)(O)c1ccccc1)C,,-4.552267914
2106,C-2107,,JHOORYVOLSYYMM-UHFFFAOYSA-N,CC(N(C(C)C)CCN1CCCCc2c1cccc2)C,,-4.551412022
2107,C-2108,,ODCWYMIRDDJXKW-UHFFFAOYSA-N,CCNc1nc(NCC)nc(n1)Cl,,-4.5500002
2108,C-2109,,NHPPIJMARIVBGU-UHFFFAOYSA-N,Ic1cccc2c1cccc2,,-4.5500002
2109,C-2110,,UDDMNBYVRLYNKY-UHFFFAOYSA-N,CCn1c2nc(C)cc(c2[nH]c(=O)c2c1nccc2)C,,-4.5500002
2110,C-2111,,XUPZAARQDNSRJB-SJDTYFKWSA-N,CN(CC/C=C\1/c2ccccc2SCc2c1cccc2)C.Cl,,-4.548807044
2111,C-2112,,ONWYYGBIGCFYRF-UHFFFAOYSA-N,CCC(=O)c1ccc2c(c1OCC(CN1CCN(CC1)c1ccccc1)O)cccc2.Cl.Cl,,-4.54846719
2112,C-2113,,YRSXWPMXFWKKLH-UHFFFAOYSA-N,CCC(=O)c1ccc(c2c1cccc2)OCC(CN1CCN(CC1)c1ccccc1)O.Cl.Cl,,-4.54846719
2113,C-2114,,NSSKAGXFUVOOHA-UHFFFAOYSA-N,CCOc1c(OC)cccc1C(=O)OCC[NH+]1CCCCC1.[Cl-],,-4.547807533
2114,C-2115,,DGRHWUCYLVPQJY-UHFFFAOYSA-N,O=C1C(c2ccc(cc2)C(F)(F)F)C(=O)c2c1cccc2,,-4.545095737
2115,C-2116,,BQXQGZPYHWWCEB-UHFFFAOYSA-N,OC(COc1cccc2c1c1ccccc1[nH]2)CNC(C)C,,-4.544134987
2116,C-2117,,MQOBSOSZFYZQOK-UHFFFAOYSA-N,Clc1ccc(cc1)C(=O)c1ccc(cc1)OC(C(=O)O)(C)C,,-4.54393589
2117,C-2118,,BXUMMYJTNLBPAN-UHFFFAOYSA-N,O=C(c1ccccc1)CCC[NH+]1CCC(=CC1)c1ccccc1.[Cl-],,-4.54353357
2118,C-2119,,AFRMBEPXLCTCKZ-UHFFFAOYSA-N,CN(CC=C(c1ccc(cc1)Cl)c1ccc(cc1)Cl)C.Cl,,-4.543229877
2119,C-2120,,UKLJMHXGZUJRTL-UHFFFAOYSA-L,[O-]S(=O)(=O)NC1CCCCC1.[O-]S(=O)(=O)NC1CCCCC1.[Ca+2],,-4.542133788
2120,C-2121,,MQGDTPQAUCBQDD-UHFFFAOYSA-L,C[N+]1(CCOCC[N+]2(C)CCCCC2)CCCCC1.[I-].[I-],,-4.540578076
2121,C-2122,,BLGFGFHRMMDRPC-UHFFFAOYSA-N,CCOC1c2ccccc2C(=O)N(c2c1cccc2)C,,-4.540553724
2122,C-2123,,KVKJFNUGVOFNGU-UHFFFAOYSA-N,OC(=O)C(CC(=O)O)(CC(=O)O)O.CCN(CCOCCOC(=O)C(c1ccccc1)(CC)CC)CC,,-4.54047027
2123,C-2124,,LAXBNTIAOJWAOP-UHFFFAOYSA-N,Clc1ccccc1c1ccccc1,,-4.54
2124,C-2125,,CDVQLCYIDGFKKI-UHFFFAOYSA-N,CC(Cc1ccccc1)NNC(=O)C(c1ccccc1)(c1ccccc1)O,,-4.539820125
2125,C-2126,,OHDBFWMNVLRMCY-UHFFFAOYSA-N,CCCCOc1nc(OCCCC)cc(c1)C(=O)N[NH2+]C.[Cl-],,-4.539564534
2126,C-2127,,BBAOAXCNMFWVBH-UHFFFAOYSA-N,C=CCOc1ccc(cc1)C(=O)OCCCN1CCCCC1C,,-4.539277252
2127,C-2128,,URNBQFPUGNNQRC-UHFFFAOYSA-N,CC(=O)c1cccc(c1)Nc1ccccc1C(=O)O,,-4.538184159
2128,C-2129,,VZYCZNZBPPHOFY-UHFFFAOYSA-N,CN1CCN(CC1)CCCN1c2ccccc2Sc2c1cc(cc2)S(=O)(=O)N(C)C,,-4.537676168
2129,C-2130,,SWLAMJPTOQZTAE-UHFFFAOYSA-N,COc1ccc(cc1C(=O)NCCc1ccc(cc1)C(=O)O)Cl,,-4.537479631
2130,C-2131,,JJJJNMZRKHIJBC-UHFFFAOYSA-N,c1ccc(cc1)C(c1ccccc1)CCN1CCN(CC1)c1cccnn1,,-4.537442507
2131,C-2132,,IZTHVPMGJIGDKL-UHFFFAOYSA-N,CCN(CCC(c1ccccc1)(C1CCCCC1)O)CC.Cl,,-4.535846118
2132,C-2133,,PXLVRFQEBVNJOH-UHFFFAOYSA-N,C=CCC1(C(=O)NC(=S)NC1=O)C1CCCC=C1,,-4.53511342
2133,C-2134,,TXRVDQMSXQKAPG-UHFFFAOYSA-N,N#Cc1c(Cl)c(Cl)c(c(c1Cl)Cl)C#N,,-4.534859899
2134,C-2135,,JSDOMRGYHWMEOM-UHFFFAOYSA-N,CCCCCOc1ccc(cc1)C(=O)CCN1CCCCC1.Cl,,-4.533969878
2135,C-2136,,XVASOOUVMJAZNJ-MBNYWOFBSA-N,CCCCCCCC(=O)N[C@@H]1C(=O)N2[C@@H]1SC([C@@H]2C(=O)O)(C)C,,-4.532436194
2136,C-2137,,VHHCABARYUXCEG-LWBVMVAASA-N,CCCCCN1CC[C@@]23[C@H]([C@H]1Cc1c3cc(cc1)O)CCCC2.Cl,,-4.531160074
2137,C-2138,,IMNFDUFMRHMDMM-UHFFFAOYSA-N,CCCCCCC,,-4.5300002
2138,C-2139,,AXGUBXVWZBFQGA-UHFFFAOYSA-N,CC(OC(=O)C(c1ccc(cc1)Cl)(c1ccc(cc1)Cl)O)C,,-4.5300002
2139,C-2140,,XCKRRIQXHFBKKB-QGZVFWFLSA-N,CC(OC(=O)[C@](c1cccc(c1)Cl)(c1ccc(cc1)Cl)O)C,,-4.5300002
2140,C-2141,,CLWIJUQLAFJNOF-UHFFFAOYSA-N,C/C(=N\c1ccccc1)/Nc1ccccc1,,-4.528798167
2141,C-2142,,LKPINBXAWIMZCG-UHFFFAOYSA-N,CCN(CCOC(=O)C(c1ccccc1)c1ccccc1)CC.Cl,,-4.528174541
2142,C-2143,,ICTXHFFSOAJUMG-SLHNCBLASA-N,C#C[C@]1(O)CC[C@@H]2[C@]1(C)CC[C@H]1[C@H]2CCC2=C1CCC(=O)C2,,-4.52291657
2143,C-2144,,OFPXSFXSNFPTHF-UHFFFAOYSA-N,OC(=O)CCc1nc(c(o1)c1ccccc1)c1ccccc1,,-4.522664589
2144,C-2145,,DGAIEPBNLOQYER-UHFFFAOYSA-N,COCC(=O)Nc1c(I)c(C(=O)NCC(CO)O)c(c(c1I)C(=O)N(CC(CO)O)C)I,,-4.522576571
2145,C-2146,,PJSNFIXEOXHFHW-UHFFFAOYSA-L,C[N+]1(CCC[N+]2(C)CCOCC2)CC2CCCC(C1)C2.[I-].[I-],,-4.522566543
2146,C-2147,,MWVYOMQTCFCPHY-UHFFFAOYSA-N,CCCCCCCCCCSCCO,,-4.521685276
2147,C-2148,,YKHXNYZQQZHKRX-UHFFFAOYSA-N,FC1=C(OCC(F)(F)F)C(F)(F)C(C(C1(F)F)(F)F)(F)F,,-4.52129555
2148,C-2149,,ZEWQUBUPAILYHI-UHFFFAOYSA-N,CN1CCN(CC1)CCCN1c2ccccc2Sc2c1cc(cc2)C(F)(F)F,,-4.52
2149,C-2150,,UBCKGWBNUIFUST-BJMVGYQFSA-N,Cl/C=C(\c1cc(Cl)c(cc1Cl)Cl)/OP(=O)(OC)OC,,-4.52
2150,C-2151,,PFOHZZSOQLQDSR-VMPITWQZSA-N,CCCC(COC(=O)NCC)(COC(=O)NC/C=C/C)C,,-4.51961262
2151,C-2152,,SCLZRKVZRBKZCR-SLINCCQESA-M,[O-]C(=O)[C@@H]1N2C(=O)[C@H]([C@H]2SC1(C)C)NC(=O)c1c(C)onc1c1ccccc1Cl.[Na+],,-4.517718843
2152,C-2153,,AFGFYWOVFUGCLA-UHFFFAOYSA-N,CCC(C(=O)OCC(Cl)(Cl)Cl)CC,,-4.516850393
2153,C-2154,,XREUEWVEMYWFFA-CSKJXFQVSA-N,N[C@H]1C[C@@H](O[C@H]([C@H]1O)C)O[C@H]1C[C@@](O)(Cc2c1c(O)c1c(c2O)C(=O)c2c(C1=O)c(O)ccc2)C(=O)C,,-4.514916676
2154,C-2155,,VIDAVEJTWOLBOO-UHFFFAOYSA-N,CCC1CNC(=O)OC21CCN(CC2)CCCC(=O)c1ccc(cc1)Cl,,-4.514063177
2155,C-2156,,QWAGALBSTFENEE-UHFFFAOYSA-N,Nc1cccc2c1nc1ccccc1c2,,-4.512066743
2156,C-2157,,JLYXXMFPNIAWKQ-CDRYSYESSA-N,Cl[C@@H]1[C@@H](Cl)[C@H](Cl)[C@H]([C@@H]([C@H]1Cl)Cl)Cl,,-4.5100002
2157,C-2158,,GHOMLITVLACWGO-UHFFFAOYSA-N,CCC12CCN(C(C1C)Cc1c2cc(O)cc1)CC=C(C)C,,-4.50832022
2158,C-2159,,IXCKMBNPNHSVAG-UHFFFAOYSA-N,Clc1cc(OCCCCCN2CSCC2)nc2c1cccc2.Cl,,-4.507641881
2159,C-2160,,ANGGSFDEEKAZDP-TYMHPWAKSA-N,Oc1ccc2c(c1)[C@]13CCCC[C@H]3[C@@H](C2)N(CC1)Cc1ccccc1.Br,,-4.506816402
2160,C-2161,,CESYKOGBSMNBPD-UHFFFAOYSA-N,ClCC1Nc2cc(Cl)c(cc2S(=O)(=O)N1C)S(=O)(=O)N,,-4.506192888
2161,C-2162,,YPIQVCUJEKAZCP-UHFFFAOYSA-N,CC(OC(=O)C(=C1SC=CS1)C(=O)OC(C)C)C,,-4.505909682
2162,C-2163,,VKRAXSZEDRWLAG-SJKOYZFVSA-N,CCN(C(=O)[C@H]1CN(C)[C@H]2C(=C1)c1cccc3c1c(C2)c([nH]3)Br)CC,,-4.504908253
2163,C-2164,,DBEPLOCGEIEOCV-WSBQPABSSA-N,O=C1C=C[C@]2([C@H](N1)CC[C@@H]1[C@@H]2CC[C@]2([C@H]1CC[C@@H]2C(=O)NC(C)(C)C)C)C,,-4.503745234
2164,C-2165,,KHSLHYAUZSPBIU-UHFFFAOYSA-M,CCCCCCCCCCCC[N+](Cc1ccccc1)(C)C.[Br-],,-4.502049988
2165,C-2166,,QGCKCIHJVXAKGC-UHFFFAOYSA-N,CCCCN1CCN(CC1C(=O)Nc1c(C)cccc1C)CCCC.ON=O.ON=O,,-4.50000041
2166,C-2167,,FWAJPSIPOULHHH-UHFFFAOYSA-N,Brc1ccc(c(c1)Br)Br,,-4.5
2167,C-2168,,MLKXDPUZXIRXEP-MFOYZWKCSA-N,OC(=O)CC1=C(C)/C(=C/c2ccc(cc2)S(=O)C)/c2c1cc(F)cc2	,,-4.5
2168,C-2169,,BWWVAEOLVKTZFQ-ISVUSNJMSA-N,OC(=O)[C@@H]1N2C(=O)[C@H]([C@H]2SC1(C)C)/N=C/N1CCCCCC1,,-4.498353261
2169,C-2170,,KSMAGQUYOIHWFS-UHFFFAOYSA-N,CC(C1=NCCN1)Oc1c(Cl)cccc1Cl,,-4.497432395
2170,C-2171,,LYCOGTNKKCCKLN-UHFFFAOYSA-N,CCC(=O)c1ccc(cc1)OCC(CN1CCN(CC1)c1cccc(c1)C(F)(F)F)O.Cl.Cl,,-4.494863655
2171,C-2172,,OQANPHBRHBJGNZ-BKUYFWCQSA-N,OC(=O)C1=C/C(=N\Nc2ccc(cc2)S(=O)(=O)Nc2ccccn2)/C=CC1=O,,-4.494801525
2172,C-2173,,MNMGNPZLUMHSKK-UHFFFAOYSA-N,Oc1ccc2c(c1)C1(C)CCN(C(C2)C1C)CCc1ccccc1.Br,,-4.49404237
2173,C-2174,,RLAWWYSOJDYHDC-BZSNNMDCSA-N,NCCCC[C@@H](C(=O)N1CCC[C@H]1C(=O)O)N[C@H](C(=O)O)CCc1ccccc1,,-4.494042151
2174,C-2175,,LJPLFJPOUHWADA-UHFFFAOYSA-N,FC(C(C(Cl)(Cl)Cl)(F)F)F,,-4.492402209
2175,C-2176,,NIKHXOYLHFLXFU-YGICXTQQSA-N,Oc1ccc(cc1)CCN1CC[C@@]23[C@H]([C@H]1Cc1c3cc(cc1)O)CCCC2.Cl,,-4.491425774
2176,C-2177,,RCBMTBRYPANMIT-VPIDWONZSA-N,O=C[C@@]12CC[C@@H](C[C@@]2(O)CC[C@@H]2[C@@H]1CC[C@]1([C@]2(O)CC[C@@H]1C1=CC(=O)OC1)C)OC(=O)C(C)C.[H][H],,-4.49064242
2177,C-2178,,ZQTVCQIJTREKSP-UHFFFAOYSA-N,CCC(=O)c1ccc2c(c1)N(CCCN(C)C)c1c(S2)cccc1,,-4.490310652
2178,C-2179,,SYTBZMRGLBWNTM-JTQLQIEISA-N,OC(=O)[C@H](c1ccc(c(c1)F)c1ccccc1)C,,-4.4899998
2179,C-2180,,USAAVKOPISTKKF-UHFFFAOYSA-N,Clc1ccccc1CNCCCNCc1ccccc1Cl.Cl.Cl,,-4.487299549
2180,C-2181,,FBMBNGLPIIIJDV-PKLMIRHRSA-N,Oc1c(O)ccc2c1c1cccc3c1[C@@H](C2)[NH+](CC3)CC1CC1.[Cl-],,-4.487152282
2181,C-2182,,RAOCRURYZCVHMG-UHFFFAOYSA-N,CCCOc1ccc2c(c1)[nH]c(n2)NC(=O)OC,,-4.48695356
2182,C-2183,,BOPIMTNSYWYZOC-VNHYZAJKSA-N,C=C1CCC[C@]2([C@H]1C[C@@H](CC2)C(O)(C)C)C,,-4.484352554
2183,C-2184,,RCIYVNBEFCDGSS-UHFFFAOYSA-N,CN(CCCN1Cc2ccccc2Cc2c1cccc2)C.Cl,,-4.483851883
2184,C-2185,,GPVHXPLPRPJTMZ-UHFFFAOYSA-N,Clc1ccc(cc1)C(=O)N1CC=Cc2c1cccc2,,-4.483002412
2185,C-2186,,YTUMWOBUZOYYJQ-UHFFFAOYSA-N,CC(c1ccc(cc1)C1CCCCC1)C(=O)O,,-4.482430772
2186,C-2187,,FDCBVWSPDQQNRQ-UHFFFAOYSA-N,CCCc1cc(OCCCCCNCCSS(=O)(=O)O)nc2c1cccc2,,-4.481951358
2187,C-2188,,UUNWYYVWDSDNMG-UHFFFAOYSA-N,O=C(N1C(C)(C)CCCC1(C)C)CNCc1ccccc1,,-4.48141101
2188,C-2189,,KQMVAGISDHMXJJ-UHFFFAOYSA-N,COc1cc(O)c2c(c1)occ(c2=O)c1ccc(cc1)O,,-4.48138473
2189,C-2190,,SPPTWHFVYKCNNK-FQEVSTJZSA-N,O=C([C@@H](NC(=O)c1ccccc1)Cc1ccc(cc1)O)Nc1ccc(cc1)C(=O)O,,-4.481028314
2190,C-2191,,XJLRCPYQIPAQCA-UHFFFAOYSA-N,O=S1(=O)c2ccccc2Oc2c1cccc2,,-4.480600131
2191,C-2192,,NKOLMUVZDOHNNB-UHFFFAOYSA-N,OC(=O)CCc1ccc2c(c1)nc(s2)c1ccccc1,,-4.480575962
2192,C-2193,,OBKHYUIZSOIEPG-SSDOTTSWSA-N,C[C@@H]1CCC(C1)(C)C,,-4.48
2193,C-2194,,XKEFYDZQGKAQCN-UHFFFAOYSA-N,Clc1cc(Cl)cc(c1)Cl,,-4.48
2194,C-2195,,ACMQQWTWVVNMCB-LJLRIERRSA-N,CN([C@@H]1C[C@H](N(C1=O)c1ccccc1)C)CCc1ccccc1.[O-][N+](=O)c1ccc(cc1)N1N=C(C(C1=O)[N+](=O)[O-])C,,-4.479114436
2195,C-2196,,ACMQQWTWVVNMCB-ZKKBRJJYSA-N,CN([C@@H]1C[C@@H](N(C1=O)c1ccccc1)C)CCc1ccccc1.[O-][N+](=O)c1ccc(cc1)N1N=C(C(C1=O)[N+](=O)[O-])C,,-4.479114436
2196,C-2197,,WHTVZRBIWZFKQO-UHFFFAOYSA-N,CCN(CCCC(Nc1ccnc2c1ccc(c2)Cl)C)CC,,-4.478858511
2197,C-2198,,XJEARRIWKFUKML-YYNYCHCGSA-N,CN(C(=O)C1(CC[C@H](c2c1cccc2)[NH+](C)C)c1ccccc1)C.[Cl-],,-4.475804313
2198,C-2199,,XJEARRIWKFUKML-GNGUGDOWSA-N,CN(C(=O)[C@]1(CC[C@H](c2c1cccc2)[NH+](C)C)c1ccccc1)C.[Cl-],,-4.475804313
2199,C-2200,,MUDZWKBXWRGJJH-UHFFFAOYSA-N,OC(=O)C(=O)[O-].COc1cccc2c1n(CC[NH+](C)C)c1c2cccc1,,-4.475179496
2200,C-2201,,MVXWWXUKRGWSLU-UHFFFAOYSA-N,CCCCOc1nc(OCCCC)cc(c1)C(=O)N[NH+](C)C.[Cl-],,-4.474452406
2201,C-2202,,OARDBPIZDHVTCK-UHFFFAOYSA-N,CCCCCCC(C(=O)O)CCCC,,-4.472424896
2202,C-2203,,YBVNFKZSMZGRAD-UHFFFAOYSA-N,NC(=N)c1ccc(cc1)OCCCCCOc1ccc(cc1)C(=N)N.OCCS(=O)(=O)O.OCCS(=O)(=O)O,,-4.471789558
2203,C-2204,,JWUWTBFSZIYWIN-UHFFFAOYSA-M,C[N+]1(CCCCC1)CCN(C1CCCCC1)C1CCCCC1.[Cl-],,-4.470831066
2204,C-2205,,AAQRTKVNHBMDLP-UHFFFAOYSA-N,CC(CCOc1ccc(cc1)C(=O)CCN1CCCCC1)C.Cl,,-4.470658422
2205,C-2206,,QRMPKOFEUHIBNM-ZKCHVHJHSA-N,C[C@@H]1CC[C@H](CC1)C,,-4.4699998
2206,C-2207,,LWULXYSYLOIDQY-UHFFFAOYSA-N,CC(=O)Oc1c([N+](=O)[O-])c(C)c(cc1C(C)(C)C)[N+](=O)[O-],,-4.4699998
2207,C-2208,,FBFCVJNZKBVVRP-UHFFFAOYSA-N,CC(=O)OCN1C(=O)NC(C1=O)(c1ccccc1)c1ccccc1,,-4.4699998
2208,C-2209,,TZBJGXHYKVUXJN-UHFFFAOYSA-N,Oc1ccc(cc1)c1coc2c(c1=O)c(O)cc(c2)O,,-4.469096211
2209,C-2210,,IXZHDDUFQVXHIL-UOAIQHMYSA-N,O[C@H]1CC[C@]2([C@@H](C1)CC[C@@H]1[C@@H]2CC[C@]2([C@]31O[C@@H]3[C@@H]([C@@H]2c1ccc(=O)oc1)O)C)C,,-4.469079888
2210,C-2211,,CRRLVLBCRZIHHS-LWBVMVAASA-N,CC(CCN1CC[C@@]23[C@H]([C@H]1Cc1c3cc(cc1)O)CCCC2)C.Cl,,-4.468450337
2211,C-2212,,CRWAQORBUBHIDG-UHFFFAOYSA-N,CNCCCC1(CCc2c1cccc2)c1ccccc1.Cl,,-4.466965466
2212,C-2213,,VKXJWYMAAPLXAS-UHFFFAOYSA-N,OCCNC(=O)c1c(I)c(N(C(=O)C)CC(CO)O)c(c(c1I)C(=O)NCCO)I,,-4.466295681
2213,C-2214,,MKXKFYHWDHIYRV-UHFFFAOYSA-N,O=C(C(C)C)Nc1ccc(c(c1)C(F)(F)F)[N+](=O)[O-],,-4.465769496
2214,C-2215,,KXWARPSMGAVRQE-UHFFFAOYSA-N,COc1ccc2c(c1)CCCC(=O)N2CCN(C(C)C)C(C)C,,-4.465629757
2215,C-2216,,WUUPKSODGWXAMQ-UHFFFAOYSA-N,COc1ccc2c(c1)N(CCN(C(C)C)C(C)C)C(=O)CCC2,,-4.465629757
2216,C-2217,,XTCBHFKSTRGVMZ-UHFFFAOYSA-N,c1ccc(cc1)[Te]c1ccccc1,,-4.46408414
2217,C-2218,,RWOCMBGJVOHSLJ-UHFFFAOYSA-N,Fc1ccc(cc1)CC(=O)c1cc(C)c(c(c1)C(=O)O)O,,-4.463731805
2218,C-2219,,IZHBNGWJQRGLSY-AATRIKPKSA-N,CCOc1ccc(cc1)/C=C/CN1C2CCC1CN(C2)C(=O)CC,,-4.463398743
2219,C-2220,,KFYRPLNVJVHZGT-UHFFFAOYSA-N,CN(CCC=C1c2ccccc2CCc2c1cccc2)C.Cl,,-4.463324654
2220,C-2221,,YCTYZKUHJDXBEL-UHFFFAOYSA-M,ClCCN(c1cc(ccc1C)C(=O)NC(C(=O)[O-])C)CCCl.[Na+],,-4.460072884
2221,C-2222,,XEFQLINVKFYRCS-UHFFFAOYSA-N,Clc1ccc(c(c1)O)Oc1ccc(cc1Cl)Cl,,-4.46
2222,C-2223,,KRMDCWKBEZIMAB-UHFFFAOYSA-N,CN(CCC=C1c2ccccc2CCc2c1cccc2)C,,-4.46
2223,C-2224,,NCMZQTLCXHGLOK-ZKHIMWLXSA-N,CC(=O)O[C@H]1CC[C@]2(C(=CC[C@@H]3[C@@H]2CC[C@]2([C@H]3CCC2=O)C)C1)C,,-4.46
2224,C-2225,,YCUIRUPTFLLVAU-UHFFFAOYSA-N,CCCN1CCCC(C1)OC(=O)Nc1c(C)cccc1C,,-4.458685722
2225,C-2226,,XGGVMZAOGRFJIR-UHFFFAOYSA-N,CCCN1CCC(CC1)OC(=O)Nc1c(C)cccc1C,,-4.458685722
2226,C-2227,,WKEFCGWXBSXUOD-DHZHZOJOSA-N,COc1c(C(=O)/C=C/c2ccc(cc2)OC)c(OCCN(C)C)c(c2c1cco2)OC,,-4.458618446
2227,C-2228,,WOZGBTQJZSOEEM-FNORWQNLSA-N,CCC(=O)N1C2CCC1CN(C2)C/C=C/c1ccccc1Cl,,-4.458256632
2228,C-2229,,RAPDCDUGVAFEGB-ONEGZZNKSA-N,CCC(=O)N1C2CCC1CN(C2)C/C=C/c1ccc(cc1)Cl,,-4.458256632
2229,C-2230,,OCUFBKUHLIPEEP-GQCTYLIASA-N,CCC(=O)N1C2CCC1CN(C2)C/C=C/c1cccc(c1)Cl,,-4.458256632
2230,C-2231,,ALEXXDVDDISNDU-JZYPGELDSA-N,CC(=O)OCC(=O)[C@@]1(O)CC[C@@H]2[C@]1(C)C[C@H](O)[C@H]1[C@H]2CCC2=CC(=O)CC[C@]12C,,-4.457702624
2231,C-2232,,FFNDMZIBVDSQFI-UHFFFAOYSA-N,Oc1cc(O)c2c(c1)[o+]c(c(c2)O)c1cc(O)c(c(c1)O)O.[Cl-],,-4.455725391
2232,C-2233,,HNFHQWTYUXBRNW-UHFFFAOYSA-N,ClCCN(C(=O)NC(Cc1ccccc1)(C)C)N=O,,-4.455209292
2233,C-2234,,LDPUUCGOLVUXRV-UHFFFAOYSA-N,ClCCN(CCOc1ccc(cc1)OCCN(CCCl)CC)CC.Cl.Cl,,-4.454812058
2234,C-2235,,YNCCSLHZEPXXGW-UHFFFAOYSA-L,CC[N+]1(CCOCC[N+]2(CC)CCCC2)CCCC1.[Br-].[Br-],,-4.45476312
2235,C-2236,,SVPKNMBRVBMTLB-UHFFFAOYSA-N,O=C1C(=C(Cl)C(=O)c2c1cccc2)Cl,,-4.453012372
2236,C-2237,,YFBIGPNGRMQOOT-UHFFFAOYSA-N,CCCc1nc(NC(C)C)nc(n1)NC(C)C,,-4.45059507
2237,C-2238,,DEOICCGWRFAQNC-UHFFFAOYSA-N,ClCCN(c1cc(C=O)ccc1C)CCCl,,-4.450035468
2238,C-2239,,DMLAVOWQYNRWNQ-BUHFOSPRSA-N,c1ccc(cc1)/N=N/c1ccccc1,,-4.4499998
2239,C-2240,,OWNRRUFOJXFKCU-IZZNHLLZSA-N,Brc1ccc(cc1)c1ccc(cc1)[C@@H](C[C@H](c1c(=O)oc2c(c1O)cccc2)c1ccccc1)O,,-4.4499998
2240,C-2241,,FJGLVTYWNCZPBL-UHFFFAOYSA-N,OC(=O)Cc1ccc2c(c1)nc(s2)c1ccc(cc1)Cl,,-4.449106843
2241,C-2242,,NLBUEDSBXVNAPB-DFQSSKMNSA-N,Oc1ccc2c(c1)[C@]13CCCC[C@H]3[C@@H](C2)N(CC1)CC1CC1,,-4.448096413
2242,C-2243,,RADLXCPDUXFGFF-UHFFFAOYSA-N,CN(CCC=C1c2ccccc2C(c2c1cccc2)(C)C)C.Cl,,-4.447550257
2243,C-2244,,NNYBQONXHNTVIJ-UHFFFAOYSA-N,CCC1(OCCc2c1[nH]c1c2cccc1CC)CC(=O)O,,-4.446431704
2244,C-2245,,UDYNXYGECPZPSR-UHFFFAOYSA-N,O=C(Nc1c(C)cccc1C)OC1CCC[NH+](C1)C(C)C.[Cl-],,-4.446182545
2245,C-2246,,KVWNWTZZBKCOPM-UHFFFAOYSA-M,Cc1ccc(cc1)S(=O)(=O)[O-].CC[N+](Cc1ccccc1Br)(C)C,,-4.44418946
2246,C-2247,,ZUXABONWMNSFBN-UHFFFAOYSA-N,CN1CCN(CC1)C1=c2ccccc2=Nc2c(N1)cc(Cl)cc2,,-4.443911935
2247,C-2248,,ADZXDFALMZGPTN-UHFFFAOYSA-M,CC[N+](CCOC(=O)C(C1CCCC1)C1CCCC1)(CC)CC.[Br-],,-4.443089072
2248,C-2249,,MJODPLQTHSBELW-UHFFFAOYSA-M,CCCCN1C(=NC(=O)C(C1=O)(CC)CCC(C)C)[O-].[Na+],,-4.442003452
2249,C-2250,,VIOQXAZSOUBTRO-UHFFFAOYSA-L,C[N+]1(CCCC[N+]2(C)CCCCC2)CCCCC1.[I-].[I-],,-4.441277508
2250,C-2251,,KRBFPTXUUCFGIA-FMQUCBEESA-N,CN(Cc1ccc(cc1)NC(=O)C)/N=N/c1ccc(cc1)C(=O)O,,-4.440706844
2251,C-2252,,KWKAKUADMBZCLK-UHFFFAOYSA-N,CCCCCCC=C,,-4.4400001
2252,C-2253,,YWBVHLJPRPCRSD-UHFFFAOYSA-N,Cn1cc(c2cccc(c2)C(F)(F)F)c(=O)c(c1)c1ccccc1,,-4.4400001
2253,C-2254,,RIAFEOJNYOXQED-UHFFFAOYSA-M,C(=C/C=[N+]/1\CCC(CC1)c1ccccc1)C=CN1CCC(CC1)c1ccccc1.[Cl-],,-4.439616443
2254,C-2255,,WHGGYVWXXOHAQJ-UHFFFAOYSA-N,Clc1ccc2c(c1)c(c[nH]2)C1CCC[NH+]1Cc1ccccc1.[Cl-],,-4.436879791
2255,C-2256,,CMEGANPVAXDBPL-INIZCTEOSA-N,COc1c2c(CC[C@@H](c3c2ccc(c(=O)c3)SC)NC(=O)C)cc(c1OC)OC,,-4.436160557
2256,C-2257,,AIMBKJPGWOGDHQ-BTJKTKAUSA-N,CN1CCN(CC1)C1Cc2ccccc2Sc2c1cc(cc2)S(=O)(=O)C.OC(=O)/C=C\C(=O)O,,-4.433448072
2257,C-2258,,BOFYHBVFGWJLIZ-UHFFFAOYSA-N,CCN(CCOc1ccccc1C(=O)Nc1ccccc1)CC,,-4.433276604
2258,C-2259,,AKJDEXBCRLOVTH-UHFFFAOYSA-N,OC(=O)C(CC(=O)O)(CC(=O)O)O.CCN(CCOCCOC(=O)C1(CCCC1)c1ccccc1)CC,,-4.430616589
2259,C-2260,,LSXKDWGTSHCFPP-UHFFFAOYSA-N,CCCCCCCBr,,-4.4299998
2260,C-2261,,WJNRPILHGGKWCK-UHFFFAOYSA-N,CC(Nc1nc(NC(C)C)nc(n1)Cl)C,,-4.4299998
2261,C-2262,,LNEPOXFFQSENCJ-UHFFFAOYSA-N,Fc1ccc(cc1)C(=O)CCCN1CCC(CC1)(O)c1ccc(cc1)Cl,,-4.4299998
2262,C-2263,,RJKFOVLPORLFTN-LEKSSAKUSA-N,O=C1CC[C@]2(C(=C1)CC[C@@H]1[C@@H]2CC[C@]2([C@H]1CC[C@@H]2C(=O)C)C)C,,-4.4299998
2263,C-2264,,PBBGSZCBWVPOOL-HDICACEKSA-N,CC[C@H]([C@@H](c1ccc(cc1)O)CC)c1ccc(cc1)O,,-4.4299998
2264,C-2265,,NXQDBZGWYSEGFL-UHFFFAOYSA-N,COP(=S)(SCC(=O)N(c1ccc(cc1)Cl)C(C)C)OC,,-4.4299998
2265,C-2266,,QTWLWIYUQAAJLY-UHFFFAOYSA-N,CCCCOc1nc(OCCCC)cc(c1)C(=O)N(NC)C,,-4.426076357
2266,C-2267,,ACEUSLHTMXRCST-UHFFFAOYSA-L,C[N+]1(CCC[N+]2(C)CCCC2)CC2CCCC(C1)C2.[I-].[I-],,-4.423982713
2267,C-2268,,MDCFFJPIOHVMNO-UHFFFAOYSA-N,CCCCCCCCCCCCCNCCSS(=O)(=O)O,,-4.423697615
2268,C-2269,,LCIGZLBQNNATGD-UHFFFAOYSA-N,O=C(C(=C)c1ccc(cc1)Br)OC1CC2CCC(C1)[NH+]2C.[Cl-],,-4.423037028
2269,C-2270,,JLZFHSUCCKFWTD-UHFFFAOYSA-N,CC[NH+](CC(c1ccc2c(c1)c1ccccc1o2)O)CC.[Cl-],,-4.422132483
2270,C-2271,,PLBHSZGDDKCEHR-LFYFAGGJSA-N,CC(=O)OCC(=O)[C@@]1(O)CC[C@@H]2[C@]1(C)C[C@H](O)[C@H]1[C@H]2C[C@@H](C2=CC(=O)C=C[C@]12C)C,,-4.420972527
2271,C-2272,,CZAKAQVNECRGHA-UHFFFAOYSA-N,CC(CNC(c1ccccc1)Cc1ccccc1)C.Cl,,-4.420776095
2272,C-2273,,JUVIOZPCNVVQFO-NDXORKPFSA-N,COc1cc2c(cc1OC)OC[C@H]1[C@H]2C(=O)c2c(O1)c1C[C@H](Oc1cc2)C(=C)C,,-4.4200001
2273,C-2274,,LMWQQUMMGGIGJQ-UHFFFAOYSA-N,CCCN(C(C(=O)Nc1c(C)cccc1C)CC)CC.Cl,,-4.419833604
2274,C-2275,,FMXOZKPOPWMHIG-UHFFFAOYSA-N,C[NH+](CCOC(c1c(C)cc(cc1C)C)c1ccccc1)C.[Cl-],,-4.419812685
2275,C-2276,,BGCODIYHPONIJP-UHFFFAOYSA-N,CC(CC12CC3CC(C2)CC(C1)C3)NC(C)C.Cl,,-4.417332724
2276,C-2277,,UHWFVIPXDFZTFA-UHFFFAOYSA-N,C=CCOc1cc(Cl)ccc1C(=O)NCCN(CC)CC,,-4.416964775
2277,C-2278,,JUFUNKWZCPPHFF-UHFFFAOYSA-N,O=C(Nc1c(C)cccc1C)OC1CC[NH+](C1)C(C)(C)C.[Cl-],,-4.413997861
2278,C-2279,,XNLFHCPVTULKIV-VAWYXSNFSA-N,Cc1ccc(cc1)/C=C/C(=O)c1ccccc1,,-4.412920901
2279,C-2280,,DNSAWKLVGYUVMD-UHFFFAOYSA-N,C[NH2+]CCCn1c(=O)c2ccccc2[nH]c2c1cccc2.[Cl-],,-4.412271999
2280,C-2281,,WWPRGAYLRGSOSU-UHFFFAOYSA-M,COC1C(OC(=O)N)C(O)C(OC1(C)C)Oc1ccc2c(c1C)oc(=O)c(c2O)NC(=O)c1ccc(c(c1)CC=C(C)C)[O-].[Na+],,-4.411574548
2281,C-2282,,QFWPXOXWAUAYAB-XZVIDJSISA-M,O=C(C(C(=O)Oc1ccc2c(c1)CCC2)c1ccccc1)N[C@@H]1C(=O)N2[C@@H]1SC([C@@H]2C(=O)[O-])(C)C.[Na+],,-4.411209613
2282,C-2283,,OCJVHIVDXBSTON-UHFFFAOYSA-N,OCCN1CCN(CC1)CC(=O)N1c2ccccc2Sc2c1cc(Cl)cc2.Cl.Cl,,-4.411201862
2283,C-2284,,QHXDTLYEHWXDSO-UHFFFAOYSA-N,CCN(c1nc(nc(n1)Cl)N(CC)CC)CC,,-4.4099998
2284,C-2285,,RDGYMXDULMDNJN-UHFFFAOYSA-N,N/C(=[NH+]/CC1CCCCCC1)/CSSC/C(=[NH+]/CC1CCCCCC1)/N.[Cl-].[Cl-],,-4.406391026
2285,C-2286,,WDZGGAFMGIOIQS-DHZHZOJOSA-N,O=C(c1ccccc1)/C=C/c1ccc(cc1)[N+](=O)[O-],,-4.405738377
2286,C-2287,,QNJVOMNONJWIAE-UHFFFAOYSA-N,COc1ccc2c(c1)n(CCN(C)C)c1c2cccc1.Cl,,-4.404859349
2287,C-2288,,WOHNEMZGSXURTM-UHFFFAOYSA-N,COc1ccc2c(c1)c1ccccc1n2CC[NH+](C)C.[Cl-],,-4.404859349
2288,C-2289,,MAFFCSDANSLBTB-UHFFFAOYSA-N,CNCCC1(CC(c2c1cccc2)C)c1ccccc1.Cl,,-4.404255729
2289,C-2290,,GEFRPGHOOMZHRC-UHFFFAOYSA-N,OC(=O)C(c1ccc2c(c1)nc(o2)c1cccc(c1)Cl)C,,-4.404065788
2290,C-2291,,QYMZJNOJZPUILD-UHFFFAOYSA-N,OC(=O)C(c1ccc2c(c1)nc(o2)c1ccccc1Cl)C,,-4.404065788
2291,C-2292,,XBHCIDWYCKQMQS-UHFFFAOYSA-N,CCOc1cc(C)ccc1C(C)C,,-4.402901304
2292,C-2293,,XLBIBBZXLMYSFF-UHFFFAOYSA-M,O=C(C1c2ccccc2Oc2c1cccc2)OCC[N+](C(C)C)(C(C)C)C.[Br-],,-4.402223611
2293,C-2294,,FSIFRTHCIGOKNH-GDNBJRDFSA-N,CCOC(=O)/C(=N\Nc1cccc(c1)Cl)/C#N,,-4.400918317
2294,C-2295,,APSMUYYLXZULMS-UHFFFAOYSA-N,Brc1ccc2c(c1)cccc2,,-4.4000001
2295,C-2296,,WIKYUJGCLQQFNW-UHFFFAOYSA-N,CN1CCN(CC1)CCCN1c2ccccc2Sc2c1cc(Cl)cc2,,-4.4000001
2296,C-2297,,DOIRQSBPFJWKBE-UHFFFAOYSA-N,CCCCOC(=O)c1ccccc1C(=O)OCCCC,,-4.4000001
2297,C-2298,,NXGAOFONOFYCNG-UHFFFAOYSA-N,O=P(c1ccccc1)(c1ccccc1)Cc1ccccc1,,-4.397669682
2298,C-2299,,TYZHJGCYLYXPSB-UHFFFAOYSA-N,O=C(NS(=O)(=O)c1ccc(cc1)Cl)NC1CCCCC1,,-4.396981438
2299,C-2300,,DLILPLIAJBPSMW-UHFFFAOYSA-N,CC(N1CCC(CC1)OC(=O)Nc1c(C)cccc1C)C,,-4.394821234
2300,C-2301,,GNYKORXUSBCNSG-UHFFFAOYSA-N,COc1ccc(cc1)C(N1CCCCC1)CC(=O)c1ccccc1.Cl,,-4.394806616
2301,C-2302,,BLPPIZXJGJXNPW-UHFFFAOYSA-N,COc1ccc(cc1)C(=O)CCN1CCC(CC1)c1ccccc1.Cl,,-4.394806616
2302,C-2303,,PXBVEXGRHZFEOF-UHFFFAOYSA-N,Clc1ccc2c(c1)C(=NC(C(=O)N2C)OC(=O)N(C)C)c1ccccc1,,-4.393374946
2303,C-2304,,QRDSMFNUWHJJLQ-UHFFFAOYSA-M,C(=C/C=[N+]/1\CCCc2c1cccc2)C=CN1CCCc2c1cccc2.[Cl-].O,,-4.392789973
2304,C-2305,,JZWOKDTXYPEJEW-UHFFFAOYSA-N,Clc1ccc2c(c1)C(=NCCN2)c1ccccc1,,-4.392448356
2305,C-2306,,AYDXAULLCROVIT-UHFFFAOYSA-N,CCC(c1ccc(cc1)N1Cc2c(C1=O)cccc2)C(=O)O,,-4.390053717
2306,C-2307,,KRSJARZIUCHGQS-UHFFFAOYSA-N,OCCN(c1nc(c(o1)c1ccccc1)c1ccccc1)C,,-4.389688696
2307,C-2308,,NUQDJSMHGCTKNL-UHFFFAOYSA-N,O=C(c1ccccc1O)OC1CCCCC1,,-4.389191736
2308,C-2309,,YZLDURCREAJHLI-UHFFFAOYSA-N,CN1C(C)(C)CCC(C1(C)C)OC(=O)C(c1ccccc1)(c1ccccc1)O,,-4.388388146
2309,C-2310,,WDECDYIZHLLLNN-UHFFFAOYSA-N,Clc1ccc(cc1)C(c1ccccc1)N1CC2CCC(C1)N2C,,-4.387267621
2310,C-2311,,RUMKATDUXZBMJB-UHFFFAOYSA-N,CN1C2CCC1CN(C2)C(c1ccccc1Cl)c1ccccc1,,-4.387267621
2311,C-2312,,NYOXUFIGYAMVOL-VAWYXSNFSA-N,CCCCCOc1ccc(cc1)/C=C(/C(=O)NO)\C,,-4.387088145
2312,C-2313,,KLSLAJCPPHOEAM-UHFFFAOYSA-N,CCN(CCOC(=O)COc1c(ccc(c1C(=O)OC)C)C(C)C)CC,,-4.386760474
2313,C-2314,,RKBPFDSABQZWQQ-UHFFFAOYSA-N,CCOC(=O)c1c(C)ccc(c1OCC(=O)OCCCN(C)C)C(C)C,,-4.386760474
2314,C-2315,,IOBTZSDTPDLZMK-UHFFFAOYSA-N,CC(C1(OC(=O)C(C)C)C(=O)NC(=O)NC1=O)c1ccccc1,,-4.385604923
2315,C-2316,,RFPVXZWXDPIKSD-UHFFFAOYSA-N,CS(=O)(=O)O.CCN(C(CC(C)C)COC(=O)c1ccc(cc1)N)CC,,-4.385296762
2316,C-2317,,OIKUIULSCUTJRI-JJECXDOKSA-N,O/N=C(\c1cccc(c1)OCC(C[NH+]1CCN(CC1)c1ccccc1)O)/C.[Cl-],,-4.383134378
2317,C-2318,,ONEJOFKVJCCUOT-UHFFFAOYSA-N,CC1CCCCN1CCCCCOC(=O)c1ccccc1,,-4.382345808
2318,C-2319,,YSAUAVHXTIETRK-AATRIKPKSA-N,CN1CCCN=C1/C=C/c1cccs1,,-4.381381161
2319,C-2320,,XBHOUXSGHYZCNH-UHFFFAOYSA-N,c1ccc(cc1)c1nc2c(s1)cccc2,,-4.380182465
2320,C-2321,,NHOWDZOIZKMVAI-KRWDZBQOSA-N,Clc1ccc(cc1)[C@@](c1ccccc1Cl)(c1cncnc1)O,,-4.3800001
2321,C-2322,,IYYZUPMFVPLQIF-UHFFFAOYSA-N,c1ccc2c(c1)sc1c2cccc1,,-4.3800001
2322,C-2323,,ONUFESLQCSAYKA-UHFFFAOYSA-N,CC(NC(=O)N1CC(=O)N(C1=O)c1cc(Cl)cc(c1)Cl)C,,-4.3800001
2323,C-2324,,LZCAXNJTFIACNO-UHFFFAOYSA-L,CC[N+]1(C)CCC(CC1)CC[N+]1(CC)CCCC1.[I-].[I-],,-4.37975947
2324,C-2325,,LZNWYQJJBLGYLT-UHFFFAOYSA-N,O=C(C1=C(O)c2sccc2S(=O)(=O)N1C)Nc1ccccn1,,-4.379192906
2325,C-2326,,DEFHRKSFURUDIU-UHFFFAOYSA-N,OC(=O)COc1ccc(c(c1Cl)Cl)C(=O)c1ccc(o1)Cl,,-4.376184529
2326,C-2327,,LFAXYIHYMGEIHW-UHFFFAOYSA-N,Nc1ccc(cc1)S(=O)(=O)NC(=O)c1ccc(c(c1)C)C,,-4.37449017
2327,C-2328,,MRGGCOJFSFIOSQ-UHFFFAOYSA-N,CC[NH+](CCOC(=O)Cc1ccccc1c1ccccc1)CC.[Cl-],,-4.374115872
2328,C-2329,,DWUOZVCWMPJABS-UHFFFAOYSA-N,ClCCN(c1cc(ccc1C)S(=O)(=O)O)CCCl,,-4.373865909
2329,C-2330,,MFHDWFVXLYMMKW-UHFFFAOYSA-N,[O-]P(=O)(O)O.COc1cc(NCCCCC[NH2+]C(C)C)c2c(c1)cccn2,,-4.373551812
2330,C-2331,,VREFGVBLTWBCJP-UHFFFAOYSA-N,Clc1ccc2c(c1)C(=NCc1n2c(C)nn1)c1ccccc1,,-4.37236241
2331,C-2332,,DNFMJYXRIMLMBZ-UHFFFAOYSA-N,Clc1ccc(cc1)Cn1c(CN2CCCC2)nc2c1cccc2.Cl,,-4.371545216
2332,C-2333,,QUGNAXFNFWRXGZ-UHFFFAOYSA-N,CCN(CCOC(c1ccc(cc1)C)c1ccccc1)CC.Cl,,-4.371328062
2333,C-2334,,TUYUUFHIRZADJZ-UHFFFAOYSA-N,CCCc1ccc(cc1)C(c1ccccc1)OCC[NH+](C)C.[Cl-],,-4.371328062
2334,C-2335,,DSERYMNADDJALG-FOWTUZBSSA-N,CC1=NN(C(=O)/C/1=C/Nc1ccccc1)c1ccccc1,,-4.371110146
2335,C-2336,,BQDBKDMTIJBJLA-UHFFFAOYSA-N,NC(=O)C1CCN(CC1)CCCN1c2ccccc2Sc2c1cc(cc2)S(=O)(=O)C,,-4.370873962
2336,C-2337,,WRCITXQNXAIKLR-UHFFFAOYSA-N,OCCSCCCCCCCCCCSCCO,,-4.370459254
2337,C-2338,,MCOQHIWZJUDQIC-UHFFFAOYSA-N,ClCC#CCOC(=O)Nc1cccc(c1)Cl,,-4.3699999
2338,C-2339,,LRJOMUJRLNCICJ-VVCDUNCFSA-N,CC(=O)OCC(=O)[C@@]1(O)CC[C@@H]2[C@]1(C)C[C@@H](O)[C@H]1[C@H]2CCC2=CC(=O)C=C[C@]12C,,-4.3699999
2339,C-2340,,CXWXQJXEFPUFDZ-UHFFFAOYSA-N,C1CCc2c(C1)cccc2,,-4.3699999
2340,C-2341,,VTUSIVBDOCDNHS-UHFFFAOYSA-N,CCCN(C(C(=O)Nc1c(C)cccc1C)CC)CC,,-4.367491074
2341,C-2342,,TUAPYWSFEYRCLS-UHFFFAOYSA-M,O=C(c1cc(ccc1C(=O)[O-])S(=O)(=O)Nc1nccs1)Nc1ccccc1.[Na+],,-4.366355584
2342,C-2343,,LHNXUEAGNLUMMI-JVFQMWRPSA-N,Oc1ccc2c(c1)[C@]13CCCC[C@H]3[C@@H](C2)N(CC1)CCc1ccco1.Cl,,-4.365953969
2343,C-2344,,LHNXUEAGNLUMMI-BHLCTJEESA-N,Oc1ccc2c(c1)[C@@]13CCCC[C@@H]3[C@H](C2)N(CC1)CCc1ccco1.Cl,,-4.365953969
2344,C-2345,,RJODSWMFHIEXQP-UHFFFAOYSA-N,OCCNC(=O)c1cc(I)cc(c1O)c1ccccc1,,-4.365924556
2345,C-2346,,ISPVXYGNERQUGG-UHFFFAOYSA-N,[O-]S(=O)(=O)NC1CCCCC1.C[NH+]1CCCC1c1cn(c2c1cccc2)Cc1ccccc1,,-4.36427275
2346,C-2347,,CUCHJCMWNFEYOM-UHFFFAOYSA-N,CCOC(=O)C1N=C(c2c(NC1=O)ccc(c2)Cl)c1ccccc1F,,-4.363270247
2347,C-2348,,WNQXMPAEGKXDJK-UHFFFAOYSA-N,Clc1cnc(c(c1)Cl)SCCCCCN1CSCC1.Cl,,-4.363099872
2348,C-2349,,QYQUSDHCFRWLMV-UHFFFAOYSA-N,CCCCOc1nc(OCCCC)cc(c1)C(=O)N1CCOCC1,,-4.362544454
2349,C-2350,,NEAUUNBQQPLQGJ-UHFFFAOYSA-N,CC(Cc1ccc(cc1)CC(=O)N1C2CCC1CN(C2)C)C,,-4.360495145
2350,C-2351,,BSHLEKSMWWVWPI-UHFFFAOYSA-N,CCN(CCOc1c(ccc(c1C(=O)O)C)C(C)C)CC,,-4.360260516
2351,C-2352,,LPEPZBJOKDYZAD-UHFFFAOYSA-N,OC(=O)c1ccccc1Nc1cccc(c1)C(F)(F)F,,-4.3600001
2352,C-2353,,CXOWYJMDMMMMJO-UHFFFAOYSA-N,CCCC(C)(C)C,,-4.3600001
2353,C-2354,,ZISSAWUMDACLOM-UHFFFAOYSA-N,CC(C(C)(C)C)C,,-4.3600001
2354,C-2355,,HEMJJKBWTPKOJG-UHFFFAOYSA-N,Cc1ccc(c(c1)OCCCC(C(=O)O)(C)C)C,,-4.359906616
2355,C-2356,,OJIIZIWOLTYOBS-UHFFFAOYSA-N,COc1ccc(cc1)C(=O)Nc1ccccc1CCC1CCCCN1C.Cl,,-4.359429222
2356,C-2357,,SMNOERSLNYGGOU-UHFFFAOYSA-N,Clc1ccc(cc1S(=O)(=O)N)S(=O)(=O)N(CC1(C)CCCO1)C,,-4.357488151
2357,C-2358,,HKAZHNCYFOUFFY-UHFFFAOYSA-N,Clc1cccc(c1)C(c1ccc(cc1)Cl)OCC[NH+](C)C.[Cl-],,-4.35575263
2358,C-2359,,JDRXPVCGKNGPAX-UHFFFAOYSA-N,Clc1ccc(cc1)C(c1ccccc1Cl)OCC[NH+](C)C.[Cl-],,-4.35575263
2359,C-2360,,VJECBOKJABCYMF-UHFFFAOYSA-N,CS(=O)(=O)O.COc1cc2nc(nc(c2cc1OC)N)N1CCN(CC1)C(=O)C1COc2c(O1)cccc2,,-4.354634599
2360,C-2361,,BNWQPZXARAASNP-UHFFFAOYSA-N,CCN(CCOc1c(ccc(c1C(=O)OC)C)C(C)C)CC,,-4.354212973
2361,C-2362,,JKLZHNLMWBDPJY-UHFFFAOYSA-N,CCCOC(=O)c1c(C)ccc(c1OCCN(C)C)C(C)C,,-4.354212973
2362,C-2363,,ZEKLFUWSVQYTOO-UHFFFAOYSA-N,CN(CCCC1(O)c2ccccc2OCc2c1cccc2)C,,-4.352764127
2363,C-2364,,UTEIARSBTFKRJL-UHFFFAOYSA-N,CC[NH+](CCNC(=O)C(c1ccccc1)c1ccccc1)CC.[Cl-],,-4.352682315
2364,C-2365,,GNDQRLWDVIQPMI-UHFFFAOYSA-L,C[N+]1(CCCCCC[N+]2(C)CCCC2)CCCC1.[Br-].[Br-],,-4.352465651
2365,C-2366,,QADHLRWLCPCEKT-LOVVWNRFSA-N,O[C@H]1CC[C@]2(C(=CC[C@@H]3[C@@H]2CC[C@]2([C@H]3CC[C@@H]2O)C)C1)C,,-4.350126904
2366,C-2367,,VBCPVIWPDJVHAN-UHFFFAOYSA-N,ClCCN(C(COc1ccccc1)C)Cc1ccccc1.Cl,,-4.350003034
2367,C-2368,,DLKQHBOKULLWDQ-UHFFFAOYSA-N,Brc1cccc2c1cccc2,,-4.3499999
2368,C-2369,,DKPMWHFRUGMUKF-ROFVJESDSA-N,O[C@H]1CC[C@]2([C@H](C1)[C@@H](O)[C@@H]([C@@H]1[C@@H]2CC[C@]2([C@H]1CC[C@@H]2[C@H](CCC(=O)O)C)C)O)C,,-4.3499999
2369,C-2370,,GCAHOAMXTYBLNZ-DGJXZBFTSA-N,O[C@H]1CC[C@]2([C@H](C1)[C@@H](O)C[C@@H]1[C@@H]2C[C@@H](O)[C@]2([C@H]1CC[C@@H]2[C@H](CCC(=O)O)C)C)C,,-4.3499999
2370,C-2371,,ORJVQPIHKOARKV-OAHLLOKOSA-N,COc1cc2CCN([C@H]3c2c(c1OC)c1ccccc1C3)C,,-4.349810081
2371,C-2372,,DQZVUDZSBQMLJC-UHFFFAOYSA-N,Cc1cccc2c1nc1ccccc1c2N,,-4.348732582
2372,C-2373,,BSDDSRKVZZVVQX-UHFFFAOYSA-N,CNc1c2ccccc2nc2c1cccc2,,-4.348732582
2373,C-2374,,QDFZZUZHYOGLPL-UHFFFAOYSA-N,Cc1cccc2c1c(N)c1c(n2)cccc1,,-4.348732582
2374,C-2375,,QQRIRFIZTPHLEM-UHFFFAOYSA-N,Cc1ccc2c(c1)c(N)c1c(n2)cccc1,,-4.348732582
2375,C-2376,,YDNFAUYKNHHSDV-UHFFFAOYSA-N,Cc1ccc2c(c1)nc1c(c2N)cccc1,,-4.348732582
2376,C-2377,,BWNVEGBYTQUWJJ-RTFAEJQKSA-N,COc1cc(ccc1OC)/C(=[NH+]\OCCC(=O)NCC[NH+]1CCOCC1)/c1nccc2c1cc(OC)c(c2)OC.[Cl-].[Cl-],,-4.34755155
2377,C-2378,,XJSFLOJWULLJQS-NGVXBBESSA-N,O=CC[C@H]1C[C@@H](C)[C@@H](O)/C=C/C=C/C[C@H](OC(=O)C[C@H]([C@@H]([C@H]1O[C@@H]1O[C@H](C)[C@H]([C@@H]([C@H]1O)N(C)C)O[C@@H]1O[C@@H](C)[C@@H]([C@](C1)(C)O)OC(=O)CC(C)C)OC)OC(=O)C)C,,-4.343192278
2378,C-2379,,GJHSNEVFXQVOHR-UHFFFAOYSA-L,C[n+]1cccc(c1)OC(=O)N(CCCCCCN(C(=O)Oc1ccc[n+](c1)C)C)C.[Br-].[Br-],,-4.342204221
2379,C-2380,,RFGXJQLQGRJKMD-UHFFFAOYSA-N,[O-][N+](=O)c1ccc2c(c1)nc1c(c2N)cccc1,,-4.341396386
2380,C-2381,,HYFHYPWGAURHIV-JFIAXGOJSA-N,COC(=O)C[C@@](C(=O)O[C@@H]1C(=C[C@]23[C@@H]1c1cc4OCOc4cc1CCN3CCC2)OC)(CCCC(O)(C)C)O,,-4.33895746
2381,C-2382,,MCLOPXVYPGACGR-UHFFFAOYSA-N,CCCOC(=O)N1C(OC)C=Cc2c1cccc2,,-4.336308746
2382,C-2383,,VGKPEPAXRYVWPG-RACBXGGBSA-N,O[C@H]([C@H](C(=O)O)O)C(=O)O.C#C/C(=C/CN1CC[C@@]23[C@H]([C@H]1Cc1c3cc(cc1)O)CCCC2)/C,,-4.335071246
2383,C-2384,,GKXJMIOXPSNPJS-CEWLAPEOSA-N,CC(=CCN1CC[C@@]23[C@H]([C@H]1Cc1c3cc(cc1)O)CCCC2)C,,-4.335052322
2384,C-2385,,IYZRHARBJQCJKZ-LVEZLNDCSA-N,OC(=O)/C=C/C(=O)O.OC(=O)/C=C/C(=O)O.OCC(CN1CCN(CC1)CC1COC2(O1)c1ccccc1C=Cc1c2cccc1)O,,-4.334579155
2385,C-2386,,ZQSIJRDFPHDXIC-UHFFFAOYSA-N,Oc1ccc(cc1)c1coc2c(c1=O)ccc(c2)O,,-4.331893886
2386,C-2387,,DHWRNDJOGMTCPB-UHFFFAOYSA-N,O=C(N(C)C)Nc1ccc(c(c1)Cl)n1nc(oc1=O)C(C)(C)C,,-4.3299999
2387,C-2388,,XEDRZUZYWQWFNN-UHFFFAOYSA-N,CC(CNc1nc(c(o1)c1ccccc1)c1ccccc1)O.Cl,,-4.32924957
2388,C-2389,,HVFQJWGYVXKLTE-UHFFFAOYSA-N,OC(=O)c1cc(cc(c1)C(F)(F)F)C(F)(F)F,,-4.329034587
2389,C-2390,,RJTOSFZZYBCYTM-UHFFFAOYSA-N,Cc1ccc(cc1)C1(O)CC[NH+](CC1)CCCC(=O)c1ccc(cc1)F.[Cl-],,-4.328369641
2390,C-2391,,YAEANQXMMPFYHR-UHFFFAOYSA-L,Cc1ccc[n+](c1)CC(=O)c1ccc(cc1)c1ccc(cc1)C(=O)C[n+]1cccc(c1)C.[Br-].[Br-],,-4.324264557
2391,C-2392,,QGCMBZODJHRGQM-UHFFFAOYSA-L,O=C(c1ccc(cc1)c1ccc(cc1)C(=O)C[n+]1ccccc1C)C[n+]1ccccc1C.[Br-].[Br-],,-4.324264557
2392,C-2393,,YQYVFVRQLZMJKJ-UHFFFAOYSA-N,Oc1ccc2c(c1)C1(C)CCN(C(C2)C1C)CC1CC1,,-4.321681952
2393,C-2394,,MWXMWHAEFXOXRF-UHFFFAOYSA-N,CCC(=O)c1ccccc1OCC(CN1CCN(CC1)c1ccc(c(c1)C)C)O.Cl.Cl,,-4.32133854
2394,C-2395,,YNDXUCZADRHECN-KYKSJQFTSA-N,OCC(=O)[C@]12OC(O[C@H]1C[C@@H]1[C@]2(C)C[C@@H](O)[C@]2([C@H]1CCC1=CC(=O)C=C[C@]21C)F)(C)C,,-4.3200002
2395,C-2396,,VCWJEHDQXIPHQM-UHFFFAOYSA-N,CCC(C(=O)OCC(Cl)(Cl)Cl)(CC)Cl,,-4.319887603
2396,C-2397,,BWYOJTILHQWIRQ-RRABGKBLSA-N,COc1cc(/C=C/C(=O)CCN2CCN(CC2)c2ccccc2C)cc(c1OC)OC.Cl,,-4.3193077
2397,C-2398,,KCVRSLICXICRCK-UHFFFAOYSA-N,CC(C1CCCCN1CCCOC(=O)c1ccccc1)C,,-4.318512253
2398,C-2399,,UMPSEGNTCDIXFF-UHFFFAOYSA-N,Ic1ccc(nc1)OCCCCCCCNCCSS(=O)(=O)O,,-4.318184209
2399,C-2400,,YNDXUCZADRHECN-JNQJZLCISA-N,OCC(=O)[C@@]12OC(O[C@@H]1C[C@@H]1[C@]2(C)C[C@H](O)[C@]2([C@H]1CCC1=CC(=O)C=C[C@]21C)F)(C)C,,-4.315774484
2400,C-2401,,NESMARWNWRENBF-UHFFFAOYSA-L,C[N+]1(CCC[N+]2(C)CCCC2)CCc2c(C1)cccc2.[Br-].[Br-],,-4.315530543
2401,C-2402,,RUOFYGLAOTYOFP-UHFFFAOYSA-N,OC(COc1c(ccc(c1C(=O)OC(C)C)C)C(C)C)CNC(C)C,,-4.315460346
2402,C-2403,,CFRFHWQYWJMEJN-UHFFFAOYSA-N,Nc1ccc2c(c1)Cc1c2cccc1,,-4.31500216
2403,C-2404,,LETUJYJJIASUKQ-UHFFFAOYSA-N,C(CCN1CSCC1)CCSc1ccc2c(n1)cccc2.Cl.Cl,,-4.313881634
2404,C-2405,,HMGNIKUGDLAONQ-UHFFFAOYSA-N,OC(CN1CCN2C(C1)CCc1c2cccc1)COc1ccc(cc1)Cl.Cl,,-4.31324279
2405,C-2406,,VPMWFZKOWULPGT-UHFFFAOYSA-N,O=C1N(Cc2c1cc(c(c2)Cl)S(=O)(=O)N)C1CCCCC1,,-4.312826355
2406,C-2407,,RMHMFHUVIITRHF-UHFFFAOYSA-N,CN1CCN(CC1)CC(=O)n1c2ccccc2c(=O)[nH]c2c1nccc2,,-4.311043821
2407,C-2408,,ZUOUZKKEUPVFJK-UHFFFAOYSA-N,c1ccc(cc1)c1ccccc1,,-4.3099999
2408,C-2409,,OTKXWJHPGBRXCR-UHFFFAOYSA-N,COP(=S)(Oc1ccc(cc1Cl)[N+](=O)[O-])OC,,-4.3099999
2409,C-2410,,MBRLOUHOWLUMFF-UHFFFAOYSA-N,COc1ccc2c(c1CC=C(C)C)oc(=O)cc2,,-4.3099999
2410,C-2411,,WQEPLUUGTLDZJY-UHFFFAOYSA-N,CCCCCCCCCCCCCCC(=O)O,,-4.3099999
2411,C-2412,,WQDAVGDBWHWDSC-UHFFFAOYSA-N,O=C(c1ccccc1O)Nc1cccc(c1)C(F)(F)F,,-4.309188753
2412,C-2413,,LYQLXJMHHDAPRW-UHFFFAOYSA-N,C[NH+](CCOC(c1ccccc1)c1ccc(cc1)C(C)C)C.[Cl-],,-4.308772558
2413,C-2414,,VLNZLRGVZZUCPQ-UHFFFAOYSA-N,CCCCN(CCOCCCOC(=O)c1ccc(cc1)N)CCCC,,-4.306645624
2414,C-2415,,ZUMKGEDSJKWRFD-UHFFFAOYSA-N,CN(CCCN1c2ccccc2NCc2c1cccc2)C,,-4.306313954
2415,C-2416,,GGRAYWKQKPBDHR-UHFFFAOYSA-N,CCC(C(=O)NC(=O)OCC)(C(=O)NC(=O)OCC)CC,,-4.304385676
2416,C-2417,,QSLMDECMDJKHMQ-UHFFFAOYSA-N,CNCCCC12CCC(c3c1cccc3)c1c2cccc1,,-4.303874476
2417,C-2418,,OXERTUUKTZDQPG-UHFFFAOYSA-N,CCCCNC(=O)c1cc(Br)cc(c1O)C,,-4.302807737
2418,C-2419,,USPWUOFNOTUBAD-UHFFFAOYSA-N,Fc1c(F)c(F)c(c(c1F)C(F)(F)F)F,,-4.30262244
2419,C-2420,,IUPCWCLVECYZRV-JZMZINANSA-N,O=CC[C@H]1C[C@@H](C)C(=O)/C=C/[C@]2(C)O[C@H]2[C@@H]([C@H](OC(=O)C[C@H]([C@@H]([C@H]1O[C@@H]1O[C@H](C)C[C@@H]([C@H]1O)N(C)C)C)O)CC)C,,-4.30143855
2420,C-2421,,WPWZGEGFOHKFHG-UHFFFAOYSA-M,CC[N+](CCOC(=O)C1c2ccccc2Oc2c1cccc2)(CC)C.[Cl-],,-4.300906401
2421,C-2422,,VGRCKKUXCQQONQ-UHFFFAOYSA-N,CN(CCCCC12CC3CC(C2)CC(C1)C3)C.Cl,,-4.300827155
2422,C-2423,,BFPYWIDHMRZLRN-YNPXEITASA-N,C#C[C@@]1(O)CC[C@@H]2[C@]1(C)CC[C@H]1[C@H]2CCc2c1ccc(c2)O,,-4.3000002
2423,C-2424,,ZGUGWUXLJSTTMA-UHFFFAOYSA-N,CN(CCCN1c2ccccc2Sc2c1cccc2)C,,-4.3000002
2424,C-2425,,ALEXXDVDDISNDU-VVCDUNCFSA-N,CC(=O)OCC(=O)[C@@]1(O)CC[C@@H]2[C@]1(C)C[C@@H](O)[C@H]1[C@H]2CCC2=CC(=O)CC[C@]12C,,-4.3000002
2425,C-2426,,XBPMXUYSYAIPTR-UHFFFAOYSA-N,CC(OC(=O)N1CC=Cc2c1cccc2)C,,-4.299569289
2426,C-2427,,TXEGJMKARLVHJF-UHFFFAOYSA-N,N#CC(=NNc1ccc(cc1C)[N+](=O)[O-])C#N,,-4.294259757
2427,C-2428,,XDTLDKQRTDJPRA-BTJKTKAUSA-N,OC(=O)/C=C\C(=O)O.CNCC1COC2(O1)c1ccccc1OCc1c2cccc1,,-4.29417848
2428,C-2429,,QYYJLBGFIYZBTC-UHFFFAOYSA-N,CN(CCOc1c(ccc(c1C(=O)OC(C)C)C)C(C)C)C,,-4.291852229
2429,C-2430,,DZXHCZMBTDWPGU-UHFFFAOYSA-N,c1ccc(cc1)CCN1CCN2C(C1)CCc1c2cccc1.Cl,,-4.291733464
2430,C-2431,,RJTJVVYSTUQWNI-UHFFFAOYSA-N,CCc1ccc2c(c1)cccc2,,-4.29
2431,C-2432,,QHJMFSMPSZREIF-UHFFFAOYSA-N,Cc1cc2ccccc2c(c1)C,,-4.29
2432,C-2433,,BOVGTQGAOIONJV-UHFFFAOYSA-N,O=C(NS(=O)(=O)c1ccc(cc1)C)NN1CC2C(C1)CCC2	,,-4.29
2433,C-2434,,RZTAMFZIAATZDJ-UHFFFAOYSA-N,CCOC(=O)C1=C(C)NC(=C(C1c1cccc(c1Cl)Cl)C(=O)OC)C,,-4.289930631
2434,C-2435,,NOPNPWGOSOEBRI-YEUQMBKVSA-N,COc1cc(/C=C/C(CCN2CCN(CC2)c2ccccc2F)O)cc(c1OC)OC.Cl.Cl,,-4.288644504
2435,C-2436,,JFKZWPHLKRLWGY-HPJBNNNXSA-N,COc1cc(/C=C/C(CCN2CCN(CC2)c2ccc(cc2)F)O)cc(c1OC)OC.Cl.Cl,,-4.288644504
2436,C-2437,,OYMQAWWYAKWMSI-UHFFFAOYSA-N,CC1CCN(CC1)CC(COC(=O)c1ccccc1)(C)C,,-4.288340785
2437,C-2438,,FCWMZGOTKKOFPK-UHFFFAOYSA-N,OC(=O)COc1ccc(c(c1Cl)Cl)C(=O)c1cscc1,,-4.287045685
2438,C-2439,,AGHANLSBXUWXTB-UHFFFAOYSA-N,OC(=O)COc1ccc(c(c1Cl)Cl)C(=O)c1cccs1,,-4.285524512
2439,C-2440,,LQWKXWQXAGWDHM-UHFFFAOYSA-M,[O-]C(=O)C(c1cccc2c1cccc2)Cc1ccco1.[Na+],,-4.283720271
2440,C-2441,,ZDPIZLCVJAAHHR-UHFFFAOYSA-N,O=c1c(Cl)c(C)[nH]c(c1Cl)C,,-4.283389436
2441,C-2442,,DCGBGORSWRCSGN-UHFFFAOYSA-N,COc1cc(Cc2cnc(nc2N)N)cc(c1C(C)C)OC,,-4.283269618
2442,C-2443,,POBJFOWZTSZNQJ-UHFFFAOYSA-N,OCC1(COC(OC1)c1ccc(c(c1)OC)OC)Nc1nc(nc(n1)N1CC1)N1CC1,,-4.281755328
2443,C-2444,,QMQBBUPJKANITL-VNJAQMQMSA-N,CCC(=O)O[C@@](c1ccccc1)([C@H](CN(C)C)C)Cc1ccccc1.Cl,,-4.280648857
2444,C-2445,,IZUPBVBPLAPZRR-UHFFFAOYSA-N,Clc1c(O)c(Cl)c(c(c1Cl)Cl)Cl,,-4.2800002
2445,C-2446,,LXMSZDCAJNLERA-YQNMCIRBSA-N,CC(=O)S[C@@H]1CC2=CC(=O)CC[C@]2([C@H]2[C@H]1[C@H]1CC[C@]3([C@@]1(CC2)C)CCC(=O)O3)C,,-4.2800002
2446,C-2447,,WGECXQBGLLYSFP-SSDOTTSWSA-N,CC[C@H](C(C)C)C,,-4.2800002
2447,C-2448,,QXOWEHJVUGQSBP-UHFFFAOYSA-N,Fc1ccc(cc1)C(=O)CCN1CCN2C(C1)CCc1c2cccc1.Cl.Cl,,-4.279749315
2448,C-2449,,MJZJYWCQPMNPRM-UHFFFAOYSA-N,NC1=NC(N(C(=N1)N)OCCCOc1cc(Cl)c(cc1Cl)Cl)(C)C,,-4.278182885
2449,C-2450,,LNPKUUYTKHCNAJ-UHFFFAOYSA-L,c1ccc(cc1)CC1C[N+]2(COC[N+]34CCC(CC3)C(C4)Cc3ccccc3)CCC1CC2.[Br-].[Br-],,-4.277671518
2450,C-2451,,MDQMPQGZNSBLCI-UHFFFAOYSA-N,CCCCN1CCC(CC1)(CCCC)OC(=O)CC.Cl,,-4.276045991
2451,C-2452,,HXVLBOCPXAUHQG-UHFFFAOYSA-N,CCN(CCCC(Nc1ccc(c2c1NCCC2)OC)C)CC.Cl,,-4.274928401
2452,C-2453,,HHXKJHBLIWETHV-UHFFFAOYSA-N,CCC(=O)c1ccc(cc1)OCC(OC(=O)C)CN1CCN(CC1)c1ccccc1,,-4.27487149
2453,C-2454,,ROEBJVHPINPMKL-UHFFFAOYSA-N,CCN(Cc1cc(ccc1O)Nc1ccnc2c1ccc(c2)Cl)CC.Cl.Cl,,-4.274301709
2454,C-2455,,BHECBLIRYXAYDD-KCUXUEJTSA-N,CN(C/C=C(\c1ccccc1)/c1ccc(cc1)Br)C.Cl,,-4.273247623
2455,C-2456,,YGSCSZBZKJMUHC-UHFFFAOYSA-N,O=C1NCNC21c1ccccc1CCc1c2cccc1,,-4.272924057
2456,C-2457,,ZFULPIWVZQAEGU-RMZRELHQSA-N,COc1ccc(cc1)N1CCN(CC1)CCC(/C=C/c1cc(OC)c(c(c1)OC)OC)O.Cl.Cl,,-4.272872369
2457,C-2458,,CCWOKFNOLILVKD-UHFFFAOYSA-N,COC1C=Cc2c(N1C(=O)OC(C)C)cccc2,,-4.272639666
2458,C-2459,,HYYCSBXRMNMNBN-UHFFFAOYSA-N,Cc1ccc(cc1)C(=O)OCCCN1CCCCC1C,,-4.272633985
2459,C-2460,,LPACBRAWRCXZGB-UHFFFAOYSA-N,O=c1c(C)c(oc2c1cccc2)c1ccccc1,,-4.271661507
2460,C-2461,,KVZJLSYJROEPSQ-HTQZYQBOSA-N,C[C@@H]1CCCC[C@H]1C,,-4.27
2461,C-2462,,SIEYLFHKZGLBNX-UHFFFAOYSA-N,CCCCN1CCCCC1C(=O)Nc1c(C)cccc1C.Cl,,-4.268702319
2462,C-2463,,SIEYLFHKZGLBNX-PKLMIRHRSA-N,CCCCN1CCCC[C@@H]1C(=O)Nc1c(C)cccc1C.Cl,,-4.268702319
2463,C-2464,,SIEYLFHKZGLBNX-NTISSMGPSA-N,CCCCN1CCCC[C@H]1C(=O)Nc1c(C)cccc1C.Cl,,-4.268702319
2464,C-2465,,HOGNMZSUBOLTHT-UHFFFAOYSA-N,CCCN1CCc2c(C1)cccc2NC(=O)c1ccc(cc1)OC,,-4.268074939
2465,C-2466,,VUDHKNQACVHAKK-UHFFFAOYSA-N,OC(=O)C1CCc2c1cc(N)c(c2)C1CCCCC1,,-4.267756542
2466,C-2467,,AYXXZCZXYOGKNY-UHFFFAOYSA-N,N/C(=N\CCCCC1CCCCC1)/CSS(=O)(=O)O,,-4.266475329
2467,C-2468,,HFJKKNWEJFPBRG-UHFFFAOYSA-N,OCCN1CCN(CC1)CC(COc1c(ccc(c1C(=O)OC(C)C)C)C(C)C)O,,-4.264166725
2468,C-2469,,DMVCRWSDMZHOBP-UHFFFAOYSA-N,Clc1ccccc1CNCC1CCCCC1.Cl.Cl,,-4.261874174
2469,C-2470,,WRXSODAXJSKMAW-UHFFFAOYSA-N,CS(=O)(=O)O.CS(=O)(=O)O.NC(=N)c1ccc(cc1)OCCCCCOc1ccc(cc1)C(=N)N,,-4.261040335
2470,C-2471,,KBKUJJFDSHBPPA-ZNCGZLKOSA-N,O[C@H]1CC[C@]2([C@](C1)(O)CC[C@@H]1[C@@H]2CC[C@]2([C@]31O[C@@H]3[C@@H]([C@@H]2c1ccc(=O)oc1)OC(=O)C)C)C,,-4.26050442
2471,C-2472,,BZHMBWZPUJHVEE-UHFFFAOYSA-N,CC(CC(C)C)C,,-4.2600002
2472,C-2473,,PWWVAXIEGOYWEE-ZDUSSCGKSA-N,CN([C@H](CN1c2ccccc2Sc2c1cccc2)C)C,,-4.2600002
2473,C-2474,,PWWVAXIEGOYWEE-UHFFFAOYSA-N,CN(C(CN1c2ccccc2Sc2c1cccc2)C)C,,-4.259724895
2474,C-2475,,IYEPZNKOJZOGJG-UHFFFAOYSA-N,CCC(c1ccc(cc1)c1ccccc1)C(=O)O,,-4.25952593
2475,C-2476,,VNPLYCKZIUTKJM-UHFFFAOYSA-N,COc1ccc2c(c1)[nH]c1c2ccnc1C.Cl,,-4.258972698
2476,C-2477,,YYNNRJWNBXEQTP-UHFFFAOYSA-N,OC(=O)C(NS(=O)(=O)c1ccc(cc1)Br)Cc1ccccc1,,-4.258271222
2477,C-2478,,YYNNRJWNBXEQTP-CQSZACIVSA-N,OC(=O)[C@H](NS(=O)(=O)c1ccc(cc1)Br)Cc1ccccc1,,-4.258271222
2478,C-2479,,QJUNWBNYYHDGAM-UHFFFAOYSA-N,CC1CCN(CC1)CC(C(OC(=O)c1ccccc1)C)C,,-4.257407071
2479,C-2480,,MDHISCUTYIDPBM-UHFFFAOYSA-N,CC(CNCC1CCC(CC1)CNCC(C)C)C.Cl.Cl,,-4.257370903
2480,C-2481,,BJAPFJYWQGURRJ-SJDTYFKWSA-N,CN(C/C=C(/c1cccc(c1)C(F)(F)F)\c1ccccc1)C.Cl,,-4.257312795
2481,C-2482,,QWCRAEMEVRGPNT-UHFFFAOYSA-N,O=C1CC2(CCCC2)CC(=O)N1CCCCN1CCN(CC1)c1ncccn1,,-4.25664001
2482,C-2483,,PJDRMPCBIWKBJA-UHFFFAOYSA-N,COc1cc(CCN2CCN(CC2)c2ccccc2Cl)ccc1OC,,-4.256335213
2483,C-2484,,YHQGMYUVUMAZJR-UHFFFAOYSA-N,CC1=CC=C(CC1)C(C)C,,-4.255776496
2484,C-2485,,ZUWXHHBROGLWNH-UHFFFAOYSA-N,Clc1ccc(c(c1)C(=O)c1ccccc1)N,,-4.255308123
2485,C-2486,,ADGGJQPKBDIZMT-IAXIIBAVSA-K,Oc1cc(cc2c1c(/N=N/c1ccc(c3c1cccc3S(=O)(=O)[O-])Nc1ccccc1)cc(c2)S(=O)(=O)[O-])S(=O)(=O)[O-].[Na+].[Na+].[Na+],,-4.254744592
2486,C-2487,,HWGAOXKGTHUMFZ-UHFFFAOYSA-N,N1CCNCC1.CCCCC1C(=O)N(N(C1=O)c1ccccc1)c1ccccc1,,-4.253645254
2487,C-2488,,LIAUJQLOCLVMMH-UHFFFAOYSA-N,COC(=O)c1nc(C)c2c(c1)c1ccccc1[nH]2,,-4.253580271
2488,C-2489,,FQISKWAFAHGMGT-SGJOWKDISA-M,[O-]C(=O)CCC(=O)OCC(=O)[C@@]1(O)CC[C@@H]2[C@]1(C)C[C@H](O)[C@H]1[C@H]2C[C@@H](C2=CC(=O)C=C[C@]12C)C.[Na+],,-4.251902456
2489,C-2490,,SJDCEXAILSGDEQ-SQQVDAMQSA-M,C/C=C/CC(c1cccc2c1cccc2)C(=O)[O-].[Na+],,-4.251454464
2490,C-2491,,CNIIGCLFLJGOGP-UHFFFAOYSA-N,C1CN=C(N1)Cc1cccc2c1cccc2,,-4.251284163
2491,C-2492,,IIEWJVIFRVWJOD-UHFFFAOYSA-N,CCC1CCCCC1,,-4.25
2492,C-2493,,XIPRKCKRTFFPII-UHFFFAOYSA-N,ClCC[NH+](Cc1ccccc1)CCOc1ccc(cc1)OC.[Cl-],,-4.248603907
2493,C-2494,,XCWPUUGSGHNIDZ-UHFFFAOYSA-N,COc1cc2c(cc1OC)[nH]c(c2CCN1CCN(CC1)c1ccccc1)C,,-4.24859969
2494,C-2495,,FOXWLWYGXYMRQO-UHFFFAOYSA-N,CCC(=O)c1ccc(cc1)OCC(CN1CCN(CC1)c1ccc(c(c1)C)C)O,,-4.248029138
2495,C-2496,,CSUWOZHJCIQEMQ-UHFFFAOYSA-N,Cc1c(N)ccc2c1nc1c(c2)ccc(c1C)N,,-4.24497495
2496,C-2497,,WXORVJKMLQDWJL-UHFFFAOYSA-N,Nc1ccc2c(c1)cc1c(n2)cc(cc1)N(C)C,,-4.24497495
2497,C-2498,,UWBICEKKOYXZRG-WNHSNXHDSA-N,O=C1CC[C@]2(C(=C1)CC[C@@H]1[C@@H]2CC[C@]2([C@H]1CC[C@]12CCC(=O)O1)C)C,,-4.242156353
2498,C-2499,,KGVXVPRLBMWZLG-UHFFFAOYSA-N,OC(=O)Cc1ccccc1Nc1c(Cl)cc(cc1Cl)O,,-4.241262188
2499,C-2500,,CHBRHODLKOZEPZ-UHFFFAOYSA-N,CCc1sc2c(c1)C(=NCC(=O)N2C)c1ccccc1Cl,,-4.240855851
2500,C-2501,,HKIZCIYTMMHSCB-UHFFFAOYSA-N,Clc1ccc2c(c1)c(C)cc(n2)OCCCCCNCCSS(=O)(=O)O,,-4.240146178
2501,C-2502,,CKQISVVSBPQHHP-UHFFFAOYSA-N,Cc1cc(OCCCCCNCCSS(=O)(=O)O)nc2c1cccc2Cl,,-4.240146178
2502,C-2503,,OSSQSXOTMIGBCF-UHFFFAOYSA-N,CCCCCCCC#C,,-4.2399998
2503,C-2504,,YOYAIZYFCNQIRF-UHFFFAOYSA-N,N#Cc1c(Cl)cccc1Cl,,-4.2399998
2504,C-2505,,SLZWBCGZQRRUNG-UHFFFAOYSA-N,CNC(=O)Oc1cc(cc(c1)C(C)(C)C)C(C)(C)C,,-4.2399998
2505,C-2506,,VHUXSAWXWSTUOD-UHFFFAOYSA-L,[O-]C(=O)C(c1cccc(c1)Oc1ccccc1)C.[O-]C(=O)C(c1cccc(c1)Oc1ccccc1)C.[Ca+2],,-4.239611212
2506,C-2507,,QUCYHTNWCIUCRQ-UHFFFAOYSA-N,CC(N(C)C)CCC12CC3CC(C2)CC(C1)C3.Cl,,-4.238466411
2507,C-2508,,DMWLJGCTBADESH-UHFFFAOYSA-N,CNC(CC12CC3CC(C2Cl)CC(C1Cl)C3)C.Cl,,-4.237453473
2508,C-2509,,HUPFGZXOMWLGNK-UHFFFAOYSA-N,Fc1ccc(c(c1)F)c1ccc(c(c1)C(=O)O)O,,-4.237220656
2509,C-2510,,UIAGMCDKSXEBJQ-UHFFFAOYSA-N,COCCOC(=O)C1=C(C)NC(=C(C1c1cccc(c1)[N+](=O)[O-])C(=O)OC(C)C)C,,-4.236927688
2510,C-2511,,XLMALTXPSGQGBX-UHFFFAOYSA-N,CCC(=O)OC(c1ccccc1)(C(CN(C)C)C)Cc1ccccc1,,-4.236346688
2511,C-2512,,LDHXSKPYAZKHNX-UHFFFAOYSA-N,SCCNCCCCCOc1ccc(cn1)I.Cl,,-4.235786252
2512,C-2513,,LRBRDKJDQNQZMK-BTJKTKAUSA-N,CN1CCN(CC1)C1Cc2ccccc2S(=O)c2c1cccc2.OC(=O)/C=C\C(=O)O,,-4.232642954
2513,C-2514,,BVMNPUCCRIKXTQ-UHFFFAOYSA-N,CCC(c1ccccc1)(C(=O)OCc1ccccc1)CN(C)C.Cl,,-4.231803039
2514,C-2515,,ORKBYCQJWQBPFG-WOMZHKBXSA-N,C#C[C@]1(O)CC[C@@H]2[C@]1(CC)CC[C@H]1[C@H]2CCC2=CC(=O)CC[C@H]12.C#C[C@]1(O)CC[C@@H]2[C@]1(C)CC[C@H]1[C@H]2CCc2c1ccc(c2)O,,-4.230636542
2515,C-2516,,IQRKAGUQCVXZSS-RGEXLXHISA-N,CCN(/N=C\C(=O)c1ccc(cc1)c1ccccc1)CC,,-4.230249146
2516,C-2517,,JVNBJLUJOYZINW-UHFFFAOYSA-N,FCCCCCCCCCl,,-4.230172793
2517,C-2518,,XHDRCKHCSHZSMF-UHFFFAOYSA-N,CNC(CC12CC3CC(C1)CC(C2Br)C3)C.Cl,,-4.230065551
2518,C-2519,,IBLIMURONGSVLV-UHFFFAOYSA-N,CNC(CC12CC3CC(C1)CC(C2)(C3)Br)C.Cl,,-4.230065551
2519,C-2520,,WVFBDVFCOCLEFM-UHFFFAOYSA-N,ClC(=CC(=C(Cl)Cl)Cl)Cl,,-4.23
2520,C-2521,,DOFZAZXDOSGAJZ-UHFFFAOYSA-N,CCSCCSP(=S)(OCC)OCC,,-4.23
2521,C-2522,,AEXMKKGTQYQZCS-UHFFFAOYSA-N,CCC(CC)(C)C,,-4.23
2522,C-2523,,DHAXYFHOHVOKHH-UHFFFAOYSA-N,OC(=O)C(=O)O.CN(CCCC1(OC(c2c1cccc2)C)c1ccccc1)C,,-4.229953449
2523,C-2524,,IMTFBWVBFMZNED-UHFFFAOYSA-N,C[NH+](CCCC1(OCCc2c1cccc2)c1ccccc1)C.[Cl-],,-4.228730244
2524,C-2525,,UCUOKZUJHTYPJT-UHFFFAOYSA-N,O=C(OC1N=C(c2ccccc2)c2c(NC1=O)ccc(c2)Cl)CCC(=O)O,,-4.227637498
2525,C-2526,,AOBYZQVXPIBGCZ-UHFFFAOYSA-N,CCN(C(C=C(c1cccs1)c1cccs1)C)CC.Cl,,-4.2257452
2526,C-2527,,RQUSKNJBURBAJD-RVDMUPIBSA-N,CCC(=O)N1C2CCC1CN(C2)C/C(=C/c1ccccc1)/C,,-4.224422462
2527,C-2528,,RIKCMEDSBFQFAL-UHFFFAOYSA-N,CCCCCCCCOC(=O)c1ccc(cc1)O,,-4.222435519
2528,C-2529,,ITCJXSWUTFPBKJ-UHFFFAOYSA-N,O=C1C(CCc2c1cc(C)c(c2)C)C[NH+]1CCCCC1.[Cl-],,-4.221184358
2529,C-2530,,MVNBKZSYYRLNSC-UHFFFAOYSA-N,OC(=O)C(=O)O.CCCOc1c(OC)cccc1C(=O)NCCCN(CC)CC,,-4.220954373
2530,C-2531,,LOMMDWBTANPFEJ-UHFFFAOYSA-N,Nc1cccc2c1cc1ccccc1n2,,-4.2199998
2531,C-2532,,VRQVVMDWGGWHTJ-CQSZACIVSA-N,COc1ccc2c(c1)N(C[C@@H](CN(C)C)C)c1c(S2)cccc1,,-4.2199998
2532,C-2533,,OCGNHCSQAXMFEA-UHFFFAOYSA-N,OC(=O)Cc1ccc2c(c1)N(C)C(S2)c1ccccc1,,-4.219866156
2533,C-2534,,NHCCUUKOKFWVLH-UHFFFAOYSA-N,CCCN1CCc2c(C1)cccc2NC(=O)c1cc(OC)c(c(c1)OC)OC,,-4.219381262
2534,C-2535,,WRILSPHRDWMEMQ-ONEGZZNKSA-N,CCC(=O)N1C2CCC1CN(C2)C/C=C/c1ccc(cc1)[N+](=O)[O-],,-4.218870505
2535,C-2536,,WPKXQUCVSYGYFP-GQCTYLIASA-N,CCC(=O)N1C2CCC1CN(C2)C/C=C/c1cccc(c1)[N+](=O)[O-],,-4.218870505
2536,C-2537,,GXGLAIVPXZPYBU-FNORWQNLSA-N,CCC(=O)N1C2CCC1CN(C2)C/C=C/c1ccccc1[N+](=O)[O-],,-4.218870505
2537,C-2538,,ASEVFPLMGHLBMI-RANVTSCRSA-N,OC(=O)C(=O)[O-].CCCCOc1c(OC)cccc1C(=O)NCCO/[NH+]=C(/CC)\C,,-4.218264707
2538,C-2539,,FSRLGULMGJGKGI-BTJKTKAUSA-N,OC(=O)/C=C\C(=O)O.CCC(c1ccccc1)(N(C)C)COC(=O)c1cc(OC)c(c(c1)OC)OC,,-4.217741036
2539,C-2540,,LEBVLXFERQHONN-MRXNPFEDSA-N,CCCCN1CCCC[C@@H]1C(=O)Nc1c(C)cccc1C,,-4.21700991
2540,C-2541,,LEBVLXFERQHONN-INIZCTEOSA-N,CCCCN1CCCC[C@H]1C(=O)Nc1c(C)cccc1C,,-4.21700991
2541,C-2542,,YDBOSOSNSKVUHP-UHFFFAOYSA-N,CCCCNC(=O)OCC(COC(=O)N)(CCCC)C,,-4.216939136
2542,C-2543,,JGOAIQNSOGZNBX-UHFFFAOYSA-N,CCN(CCOC(=O)C(c1ccccc1)c1ccccc1)CC,,-4.216891655
2543,C-2544,,KYLIZBIRMBGUOP-UHFFFAOYSA-N,COc1ccc(cc1)c1ssc(=S)c1,,-4.216199331
2544,C-2545,,VCKUSRYTPJJLNI-UHFFFAOYSA-N,COc1cc2nc(nc(c2cc1OC)N)N1CCN(CC1)C(=O)C1CCCO1,,-4.213639395
2545,C-2546,,YFJWYKLLZFEYFL-UHFFFAOYSA-N,FC1=C(C)C(F)(F)C(C(C1(F)F)(F)F)(F)F,,-4.210369022
2546,C-2547,,LJOZMWRYMKECFF-UHFFFAOYSA-N,O=C(c1ccccc1I)Nc1ccccc1,,-4.21
2547,C-2548,,RIGBPMDIGYBTBJ-UHFFFAOYSA-N,O=C(NS(=O)(=O)c1ccc(cc1)C)NC1CCCCC1,,-4.21
2548,C-2549,,KDDQDUIBYASSFC-UHFFFAOYSA-N,CCn1c2nc(C)cc(c2[nH]c(=O)c2c1nccc2)C(F)(F)F,,-4.21
2549,C-2550,,SYWHXTATXSMDSB-GSLJADNHSA-N,CC(=O)OCC(=O)[C@@]1(O)CC[C@@H]2[C@]1(C)C[C@H](O)[C@]1([C@H]2CCC2=CC(=O)CC[C@]12C)F,,-4.209179021
2550,C-2551,,BRBRZCHDAPWVRY-UHFFFAOYSA-N,CC[NH+](CCC1(C2CCCCC2)C(=O)Oc2c1cccc2)CC.[Cl-],,-4.207981297
2551,C-2552,,QIKOQLHSUDUZIY-UHFFFAOYSA-N,O=C(Cc1ccc(cc1)F)CCN1CCN2C(C1)CCc1c2cccc1.Cl.Cl,,-4.207161899
2552,C-2553,,GFWHYXLNDSQZAF-UHFFFAOYSA-N,CC[NH+](CCOC(=O)c1ccc(c(c1)I)F)CC.[Cl-],,-4.205902345
2553,C-2554,,LNNSWVQGTLENTF-UHFFFAOYSA-N,CC[NH+](Cc1ccccc1)CC(COc1c2oc(cc2c(c2c1occc2=O)O)C)O.[Cl-],,-4.204803232
2554,C-2555,,MWYHLEQJTQJHSS-UHFFFAOYSA-N,CCCc1c(OCCCCc2n[nH]nn2)ccc(c1O)C(=O)C,,-4.204088623
2555,C-2556,,FUKGUAVFRQEKLQ-UHFFFAOYSA-N,CCCOc1c(ccc(c1C(=O)O)C)C(C)C,,-4.203222223
2556,C-2557,,XREKTVACBXQCSB-UHFFFAOYSA-N,OC(=O)c1cc(I)c(c(c1)I)O,,-4.20215854
2557,C-2558,,OMMBWIJMWMSGBX-BGWNKZQTSA-N,CCN(CCn1c(=N)onc1c1ccccc1)CC.Cl,,-4.200620841
2558,C-2559,,ILBINFKDNNTWSC-UHFFFAOYSA-N,CCCCOc1nc(OCCCC)cc(c1)C(=O)NO,,-4.200352408
2559,C-2560,,RRNIZKPFKNDSRS-UHFFFAOYSA-N,CC(OP(=S)(OC(C)C)SCCNS(=O)(=O)c1ccccc1)C,,-4.1999998
2560,C-2561,,VKQFCGNPDRICFG-UHFFFAOYSA-N,COC(=O)C1=C(C)NC(=C(C1c1ccccc1[N+](=O)[O-])C(=O)OCC(C)C)C,,-4.197837183
2561,C-2562,,ATLJNLYIJOCWJE-CWMZOUAVSA-N,O[C@H]1CC[C@]2([C@@H](C1)CC[C@@H]1[C@@H]2CC[C@]2([C@]31O[C@@H]3C[C@@H]2c1ccc(=O)oc1)C)C,,-4.197168745
2562,C-2563,,JNULUVOGRXVBJY-UHFFFAOYSA-N,CCN(CCNc1nc(NCCN(CC)CC)nc(n1)NCCN(CC)CC)CC.Cl.Cl.Cl,,-4.196550341
2563,C-2564,,DVASNQYQOZHAJN-UHFFFAOYSA-N,CCC(c1cccc(c1)C(F)(F)F)(c1ccccc1)O,,-4.195726165
2564,C-2565,,BPRGSDPGYCSOSJ-UHFFFAOYSA-L,Oc1ccc(cc1NCS(=O)(=O)[O-])/[As]=[As]/c1ccc(c(c1)NCS(=O)(=O)[O-])O.[Na+].[Na+],,-4.195590515
2565,C-2566,,FNQQBFNIYODEMB-UHFFFAOYSA-N,Cc1cc2CCCS(=O)(=O)c2cc1S(=O)(=O)N,,-4.19534008
2566,C-2567,,WELIWWBEWVZBFS-OVAHNPOGSA-N,CNC(=O)[C@]1(CC[C@H](c2c1cccc2)[NH+](C)C)c1ccccc1.[Cl-],,-4.195249107
2567,C-2568,,FEJKLNWAOXSSNR-UHFFFAOYSA-N,CC(=O)Nc1ccc(cc1)OC(=O)c1ccccc1OC(=O)C,,-4.194942861
2568,C-2569,,GIVYEEPCHMGCEK-UHFFFAOYSA-N,Clc1ccc2c(c1)C(=NCC=N2)c1ccccc1,,-4.193870327
2569,C-2570,,ZDASUJMDVPTNTF-UHFFFAOYSA-N,Brc1cc(Br)c2c(c1O)nccc2,,-4.193797448
2570,C-2571,,CBUUEQJKUQEIID-LFIBNONCSA-N,CCCCN(CC(=O)N/N=C/c1ccc(o1)[N+](=O)[O-])CCCC,,-4.192992087
2571,C-2572,,GAGIXICTGYVZBX-UHFFFAOYSA-N,CC(C(c1ccccc1)(C(=O)N)CCN1CCCCC1)C,,-4.19287623
2572,C-2573,,YIMVBDBJPQQKNE-UHFFFAOYSA-N,CC(NCC1CCC(CC1)CNC(C)(C)C)(C)C.Cl.Cl,,-4.192830183
2573,C-2574,,MNVLQHLXKIKIFO-UHFFFAOYSA-N,CCN(CCCNc1nc(NCCCN(CC)CC)nc(n1)Cl)CC.Cl.Cl,,-4.191870982
2574,C-2575,,ACUALSMYKRGSLK-UHFFFAOYSA-N,CC[NH+](CCOC(=O)C1(O)c2ccccc2c2c1cccc2)CC.[Cl-],,-4.191191859
2575,C-2576,,PMZGFJILOVXDQX-UHFFFAOYSA-N,C1CCN(C1)CCC12CC3CC(C2)CC(C1)C3.Cl,,-4.190584424
2576,C-2577,,UBPJBMCYEHGSJS-UHFFFAOYSA-N,Fc1cccc(c1)C(=O)C(c1cccc(c1)F)CN1CCCC1.Cl,,-4.190297124
2577,C-2578,,RROQIUMZODEXOR-HTQZYQBOSA-N,O=CN[C@@H](C(Cl)(Cl)Cl)N1CCN(CC1)[C@H](C(Cl)(Cl)Cl)NC=O,,-4.1900001
2578,C-2579,,HKPHPIREJKHECO-UHFFFAOYSA-N,CCCCOCN(c1c(CC)cccc1CC)C(=O)CCl,,-4.1900001
2579,C-2580,,BCGWQEUPMDMJNV-UHFFFAOYSA-N,CN(CCCN1c2ccccc2CCc2c1cccc2)C,,-4.1900001
2580,C-2581,,XEOXEBNPBKUGJH-OCAPTIKFSA-N,O=CN[C@H](C(Cl)(Cl)Cl)n1ccn(cc1)[C@H](C(Cl)(Cl)Cl)NC=O,,-4.1900001
2581,C-2582,,HOQADATXFBOEGG-OAQYLSRUSA-N,CCO[P@@](=S)(Oc1ccccc1C(=O)OC(C)C)NC(C)C,,-4.1900001
2582,C-2583,,SDSIHESJXQVDJI-UHFFFAOYSA-N,CCOC(=O)N1C(SC)C=Cc2c1cccc2,,-4.189945177
2583,C-2584,,YGCXXYLQISERCR-UHFFFAOYSA-N,BrCc1onc(c1)c1ccc(cc1)Cl,,-4.189895274
2584,C-2585,,GWTVMUKCRYINJA-UHFFFAOYSA-N,CC(=O)Nc1nc(c(o1)c1ccccc1)c1ccccc1,,-4.189257867
2585,C-2586,,HLNLXXCWUOGYSY-BQKZNIKASA-N,O[C@H]([C@H](C(=O)O)O)C(=O)O.CN1CC[C@@]23[C@H]([C@H]1Cc1c3cc(cc1)OC(=O)c1cccnc1)CCCC2,,-4.188605797
2586,C-2587,,RWWBYAZXVYCRQA-UHFFFAOYSA-N,OS(=O)(=O)SCCNCCCCCOc1nc2ccccc2c(c1)C(F)(F)F,,-4.187104939
2587,C-2588,,UFXKNBSRFXTFIU-UHFFFAOYSA-N,ClCC[NH+](C(c1ccccc1)c1ccccc1)CC.[Cl-],,-4.186377204
2588,C-2589,,UOASDROHTULFOT-UHFFFAOYSA-N,C[NH+](CCCC1(c2ccccc2)c2ccccc2N(C1=O)C)C.[Cl-],,-4.18548927
2589,C-2590,,GTVGGHQLKNCAMB-UHFFFAOYSA-N,N#CC(=NNc1ccc(c(c1)Cl)Cl)C#N,,-4.185380518
2590,C-2591,,XZTUSOXSLKTKJQ-CESUGQOBSA-N,O[C@H]1CC[C@]2([C@@H](C1)CC[C@@H]1[C@@H]2CC[C@]2([C@]1(O)CC[C@@H]2C1=CC(=O)OC1)C)C,,-4.185019722
2591,C-2592,,VDNBWBPUFMZCEW-UHFFFAOYSA-N,O=Cc1ccc(cc1)Sc1ccccc1,,-4.184857656
2592,C-2593,,PVIYWTLLWCNTQD-UHFFFAOYSA-N,C1CCC(OC1)CNCC1CCC(CC1)CNCC1CCCCO1.Cl.Cl,,-4.184566898
2593,C-2594,,FJNJUBSOKARRGE-UHFFFAOYSA-N,CCCCCOc1ccc(cc1OCC)C=CC(=O)NO,,-4.184104124
2594,C-2595,,GAWAJYQYGZLYDZ-UHFFFAOYSA-N,CC(NC(=O)c1cc(Br)cc(c1O)C)C,,-4.183400722
2595,C-2596,,GGXQONWGCAQGNA-FXRZFVDSSA-N,OC(C(C(=O)O)O)C(=O)O.CN1CCCN=C1/C=C/c1sccc1C,,-4.183088166
2596,C-2597,,VDUVBBMAXXHEQP-SLINCCQESA-M,[O-]C(=O)[C@@H]1N2C(=O)[C@H]([C@H]2SC1(C)C)NC(=O)c1c(C)onc1c1ccccc1.[Na+],,-4.182725556
2597,C-2598,,NSSIGKVPZKVTNW-UHFFFAOYSA-N,SCCNCCCCCCOc1ccc(cn1)Br.Cl,,-4.182297211
2598,C-2599,,SVOAUHHKPGKPQK-AWEZNQCLSA-N,Clc1ccc2c(c1)[C@](O)(C(=O)O)c1c2cccc1,,-4.1799998
2599,C-2600,,LINPVWIEWJTEEJ-HNNXBMFYSA-N,COC(=O)[C@@]1(O)c2cc(Cl)ccc2c2c1cccc2,,-4.1799998
2600,C-2601,,KPSRODZRAIWAKH-UHFFFAOYSA-N,OC(=O)C(Oc1ccc(cc1)C1CC1(Cl)Cl)(C)C,,-4.179638328
2601,C-2602,,LMOMSYAUAHTACH-SEYXRHQNSA-N,CCCCNC(=O)/C(=C(\c1ccccc1)/C)/C,,-4.179557423
2602,C-2603,,PQQWTNHZXGJTDN-UHFFFAOYSA-N,CC(N(C(C)C)CCN1C(=O)CCCc2c1cccc2)C,,-4.179014591
2603,C-2604,,VSLIUWLPFRVCDL-UHFFFAOYSA-N,CS(=O)(=O)c1ccc(cc1)c1nc2n(c1)cccc2,,-4.178364966
2604,C-2605,,ASKZGJDEXADJKD-UHFFFAOYSA-N,O=C(CCc1ccccc1)OCCCN1CCCCC1C,,-4.178225825
2605,C-2606,,DJEUWFADFGMDAH-UXBLZVDNSA-N,CCC(=O)N1C2CCC1CN(C2)CC/C=C/c1ccccc1,,-4.178177274
2606,C-2607,,VVAZXWHTJKJOJO-JXMROGBWSA-N,CCC(=O)N1C2CCCC1CN(C2)C/C=C/c1ccccc1,,-4.178177274
2607,C-2608,,RFRXIWQYSOIBDI-UHFFFAOYSA-N,CCc1oc2c(c1C(=O)c1ccc(cc1)O)cccc2,,-4.176655891
2608,C-2609,,MDUCGIRKSXVGBH-UHFFFAOYSA-N,COc1ccccc1C1SCCCS1,,-4.175807408
2609,C-2610,,INEZXIFHJBJBRB-UHFFFAOYSA-N,COc1ccc(cc1)C1SCCCS1,,-4.175807408
2610,C-2611,,WMARGRHKDQCEBH-UHFFFAOYSA-N,CCc1ccc2c(c1)C(=O)C(CC2)C[NH+]1CCCCC1.[Cl-],,-4.174488866
2611,C-2612,,OKHBMCHTIXFPOE-UHFFFAOYSA-N,COc1ccc2c(c1CN(C)C)oc(c(c2=O)C)c1ccc(cc1)F,,-4.173405123
2612,C-2613,,UAPITOJWKANGFK-UHFFFAOYSA-N,OC(=O)C(=O)[O-].CCC1Oc2ccc(cc2N(C1=O)CC([NH+]1CCCC1)C)Cl,,-4.173330403
2613,C-2614,,VGTADLXBZBVHSO-UHFFFAOYSA-N,OC(=O)C(c1ccc2c(c1)nc(o2)c1ccccc1C)C,,-4.17272491
2614,C-2615,,JDFQJYHRSPYWNQ-UHFFFAOYSA-N,OC(=O)C(c1ccc2c(c1)nc(o2)c1cccc(c1)C)C,,-4.17272491
2615,C-2616,,GZHTYRWTDHLNPC-UHFFFAOYSA-N,OC(=O)C(c1ccc2c(c1)nc(o2)c1ccc(cc1)C)C,,-4.17272491
2616,C-2617,,LANUMOOLGLLMHD-UHFFFAOYSA-N,Cc1ccc(cc1)N1CN(C(=O)CN2CCCCC2)c2c(C1=O)cccc2.Cl,,-4.172219769
2617,C-2618,,GLBIGEIFLNBBRY-UHFFFAOYSA-M,C1CCC(CC1)C[N+]12CCCC(CC1)CC2.[Cl-],,-4.170811167
2618,C-2619,,CZZYITDELCSZES-UHFFFAOYSA-N,c1ccc(cc1)Cc1ccccc1,,-4.1700001
2619,C-2620,,ZMXIYERNXPIYFR-UHFFFAOYSA-N,CCc1cccc2c1cccc2,,-4.1700001
2620,C-2621,,QHMIESFIOZHTJY-UHFFFAOYSA-N,CC(C(c1ccccc1)(c1ccccc1)OC(=O)C)C[NH+](C)C.[Cl-],,-4.168521204
2621,C-2622,,UTMZWCTVPHAOJZ-UHFFFAOYSA-N,Cc1ccc(cc1)c1nc2c(o1)cccc2,,-4.168372971
2622,C-2623,,LLFIVQPKUFPAFJ-UHFFFAOYSA-N,CCN1CCCC(C1)OC(=O)Nc1c(C)cccc1Cl,,-4.167105225
2623,C-2624,,XZNWXEXXXURADS-UHFFFAOYSA-N,CCCN1CCC(C1)OC(=O)Nc1c(C)cccc1Cl,,-4.167105225
2624,C-2625,,UNVDLZFIUJGXJR-UHFFFAOYSA-N,CCN1CCC(CC1)OC(=O)Nc1c(C)cccc1Cl,,-4.167105225
2625,C-2626,,YLUWIWDPTZHXQS-UHFFFAOYSA-N,OC(=O)C(c1ccc2c(c1)nc(o2)c1ccc(cc1)[N+](=O)[O-])C,,-4.166165972
2626,C-2627,,BITVSRNAFFZUFW-UHFFFAOYSA-N,CC[n+]1c(c2ccccc2)c2cc(N)ccc2c2c1cc(N)cc2.[Cl-],,-4.165498874
2627,C-2628,,ZIROSOHFLOYBBU-UHFFFAOYSA-N,Clc1ccc2c(c1)nccc2Nc1ccc(c(c1)CN1CCCC1)O.Cl.Cl,,-4.164806951
2628,C-2629,,CEKKEXXOXOUODW-UHFFFAOYSA-N,C[NH+](CCCC1(C[NH+](c2c1cccc2)C)c1ccccc1)C.[Cl-].[Cl-],,-4.163688961
2629,C-2630,,ABVVEAHYODGCLZ-UHFFFAOYSA-N,CCCCCCCCCCCCCN,,-4.161699215
2630,C-2631,,VTOJJDGNQGCRLP-UHFFFAOYSA-N,O=c1[nH]nc(c(n1)c1ccccc1)c1ccccc1,,-4.161146776
2631,C-2632,,KLOXEYMSPNBMHD-UHFFFAOYSA-N,[O-][N+](=O)c1ccc(cc1)c1nc2c(o1)cccc2,,-4.160497459
2632,C-2633,,RGCVKNLCSQQDEP-UHFFFAOYSA-N,OCCN1CCN(CC1)CCCN1c2ccccc2Sc2c1cc(Cl)cc2,,-4.1599998
2633,C-2634,,AMVYOVYGIJXTQB-UHFFFAOYSA-N,COc1ccc(cc1)Oc1ccc(cc1)NC(=O)N(C)C,,-4.1599998
2634,C-2635,,CMWTZPSULFXXJA-VIFPVBQESA-N,COc1ccc2c(c1)ccc(c2)[C@@H](C(=O)O)C,,-4.1599998
2635,C-2636,,QGXBDMJGAMFCBF-LUJOEAJASA-N,O[C@H]1CC[C@]2([C@H](C1)CC[C@@H]1[C@@H]2CC[C@]2([C@H]1CCC2=O)C)C,,-4.1599998
2636,C-2637,,QYSPLQLAKJAUJT-UHFFFAOYSA-N,O=C(C1=C(O)c2ccccc2S(=O)(=O)N1C)Nc1ccccn1,,-4.1599998
2637,C-2638,,DSKJPMWIHSOYEA-UHFFFAOYSA-N,CCCCc1c(C)nc(nc1OS(=O)(=O)N(C)C)NCC,,-4.1599998
2638,C-2639,,UWYHMGVUTGAWSP-JKIFEVAISA-N,OC(=O)[C@@H]1N2C(=O)[C@H]([C@H]2SC1(C)C)NC(=O)c1c(C)onc1c1ccccc1,,-4.158948178
2639,C-2640,,CKURLAXVGVRCEI-UHFFFAOYSA-N,CCCCN1CCC(CC1)(OC(=O)CCC)C1CCCCC1.Cl,,-4.158804604
2640,C-2641,,GMNBUMFCZAZBQG-UHFFFAOYSA-N,CCC(C(c1ccccc1)(c1ccccc1)CC([NH+](C)C)C)O.[Cl-],,-4.157672766
2641,C-2642,,PQZSAKDDBHCRCN-UHFFFAOYSA-N,Clc1cc2NC(=NS(=O)(=O)c2cc1S(=O)(=O)N)c1ccccc1,,-4.157356794
2642,C-2643,,ADIMAYPTOBDMTL-UHFFFAOYSA-N,O=C1Nc2ccc(cc2C(=NC1O)c1ccccc1)Cl,,-4.156420419
2643,C-2644,,NJDUWAXIURWWLN-UHFFFAOYSA-N,O=C1C(c2ccc(cc2)Cl)C(=O)c2c1cccc2,,-4.155578052
2644,C-2645,,BDFDPVIJXDROQT-UHFFFAOYSA-N,Cc1cccc2c1[nH]cc2C1CCCN1Cc1ccccc1,,-4.155515529
2645,C-2646,,JGDLWBTULYDFPC-UHFFFAOYSA-N,CCCCNC(=O)OCC(CC(C)C)(COC(=O)N)C,,-4.154625816
2646,C-2647,,WOJATDXXHKRDIF-UHFFFAOYSA-N,COc1ccccc1N1CCN(CC1)CCC(=O)c1ccc(cc1)N1CCOCC1.Cl.Cl,,-4.153249021
2647,C-2648,,KUEUWHJGRZKESU-UHFFFAOYSA-N,O=C(c1cccnc1)OCC(COC(=O)c1cccnc1)(COC(=O)c1cccnc1)COC(=O)c1cccnc1,,-4.15297952
2648,C-2649,,XCNYTGVCVIZWBO-UHFFFAOYSA-N,COc1cc2c(cc1OC)CC[NH+](C2Cc1ccc(cc1)[N+](=O)[O-])C.[Cl-],,-4.151959469
2649,C-2650,,PHNLCHMJDSSPDQ-UHFFFAOYSA-N,NC(=O)N1c2ccccc2CCc2c1cccc2,,-4.151796517
2650,C-2651,,HWURPQUPKQFGJI-UHFFFAOYSA-N,NC(=N)c1ccc(cc1)OCCCCCOc1ccc(cc1)C(=N)N.Cl.Cl,,-4.150927725
2651,C-2652,,JJCLUKWQCSNXSQ-UHFFFAOYSA-N,O=C(C(c1ccccc1)CN1CCCC1(C)C)c1ccccc1.Cl,,-4.150819575
2652,C-2653,,PMLBXJKQYSENQH-UHFFFAOYSA-N,OC(=O)c1ccccc1Sc1ccccc1,,-4.150070521
2653,C-2654,,WJTCGQSWYFHTAC-UHFFFAOYSA-N,C1CCCCCCC1,,-4.1500001
2654,C-2655,,QHTJSSMHBLGUHV-UHFFFAOYSA-N,CCC(c1ccccc1)(C)C,,-4.1500001
2655,C-2656,,PLDUPXSUYLZYBN-UHFFFAOYSA-N,OCCN1CCN(CC1)CCCN1c2ccccc2Sc2c1cc(cc2)C(F)(F)F,,-4.1500001
2656,C-2657,,CJGXJKVMUHXVHL-UHFFFAOYSA-N,CC(Cc1ccccc1)(C)C,,-4.1500001
2657,C-2658,,UNLYSVIDNRIVFJ-CYBMUJFWSA-N,CCCOP(=S)(SCC(=O)N1CCCC[C@H]1C)OCCC,,-4.1500001
2658,C-2659,,SYTBZMRGLBWNTM-UHFFFAOYSA-N,OC(=O)C(c1ccc(c(c1)F)c1ccccc1)C	,,-4.15
2659,C-2660,,HIVTWVVWNPYTCZ-UHFFFAOYSA-M,CCOC(=O)C[S+](CCC)CCC.[Br-],,-4.149859043
2660,C-2661,,YCOBARWTFCFMKM-UHFFFAOYSA-N,Ic1ccc(nc1)SCCCCN1CSCC1.Cl,,-4.148598497
2661,C-2662,,ZNSUNUVCVXQNKB-UHFFFAOYSA-N,CCOc1ccc(cc1)C(=O)OCCCN1CCCCC1C,,-4.148434895
2662,C-2663,,RCFKEIREOSXLET-UHFFFAOYSA-N,Cc1cc(Cl)c(cc1S(=O)(=O)N)S(=O)(=O)N,,-4.147577954
2663,C-2664,,FLWFHHFTIRLFPV-UHFFFAOYSA-N,CCCCC(C(=O)N(c1ccccc1)Nc1ccccc1)C(=O)O,,-4.147135117
2664,C-2665,,OFAIGZWCDGNZGT-UHFFFAOYSA-N,CCN(CCOC(=O)C1(CCCC1)c1ccccc1)CC,,-4.147027826
2665,C-2666,,YNPFMWCWRVTGKJ-UHFFFAOYSA-N,CN1CCN2C(C1)c1ccccc1Cc1c2cccc1.Cl,,-4.145882669
2666,C-2667,,XDXDZDZNSLXDNA-TZNDIEGXSA-N,O[C@H]1[C@@H](N)C[C@@H](O[C@H]1C)O[C@H]1C[C@@](O)(Cc2c1c(O)c1c(c2O)C(=O)c2c(C1=O)cccc2)C(=O)C,,-4.14509917
2667,C-2668,,VBOVVOCVQISACR-UHFFFAOYSA-N,CC[NH+](CCN1C(=O)C(C)Oc2c1cc([N+](=O)[O-])c(c2)Cl)CC.[Cl-],,-4.143210033
2668,C-2669,,KDLRVYVGXIQJDK-AWPVFWJPSA-N,CCC[C@H]1CN([C@@H](C1)C(=O)N[C@@H]([C@H]1O[C@H](SC)[C@@H]([C@H]([C@H]1O)O)O)[C@@H](Cl)C)C,,-4.142506174
2669,C-2670,,RDNLAULGBSQZMP-UHFFFAOYSA-N,OC(C1CC2CC1C=C2)(c1ccccc1)CCN1CCCCC1.Cl,,-4.141814411
2670,C-2671,,ZZOUFPPAGDDGJX-UHFFFAOYSA-N,c1ccc2c(c1)C[NH2+]c1c(N2)cccc1.[Cl-],,-4.141507631
2671,C-2672,,PCOQOGIDTIFQAM-XFULWGLBSA-N,CCC[NH+]1CCc2c3[C@H]1Cc1ccc(c(c1c3ccc2)O)O.[Cl-],,-4.140717493
2672,C-2673,,QPKUCZZRNHHWCJ-UHFFFAOYSA-N,Clc1ccc(cc1)C(=O)OCCCN1CCCCC1C,,-4.140594688
2673,C-2674,,APQSQLNWAIULLK-UHFFFAOYSA-N,Cc1ccc(c2c1cccc2)C,,-4.1399999
2674,C-2675,,CGYGETOMCSJHJU-UHFFFAOYSA-N,Clc1ccc2c(c1)cccc2,,-4.1399999
2675,C-2676,,SESFRYSPDFLNCH-UHFFFAOYSA-N,O=C(c1ccccc1)OCc1ccccc1,,-4.139604987
2676,C-2677,,YIBWJJLTYYSHCZ-JEJPKGPBSA-N,O[C@H]([C@H](C(=O)O)O)C(=O)O.CCCCN1CC[C@@]23[C@H]([C@H]1Cc1c3cc(cc1)O)CCCC2,,-4.139554615
2677,C-2678,,ZMXGPGZXYJCCHZ-UHFFFAOYSA-N,O=C(c1cccnc1)OC(Cn1cnc2c1c(=O)n(C)c(=O)n2C)COC(=O)c1cccnc1,,-4.139297836
2678,C-2679,,MFZOSKPPVCIFMT-UHFFFAOYSA-N,C#CCN1C(=O)CN=C(c2c1ccc(c2)Cl)c1ccccc1,,-4.137638624
2679,C-2680,,YZIYKJHYYHPJIB-UUPCJSQJSA-N,N/C(=N\CCCCCC/N=C(/N=C(/Nc1ccc(cc1)Cl)\N)\N)/N=C(/Nc1ccc(cc1)Cl)\N.OC[C@H]([C@H]([C@@H]([C@H](C(=O)O)O)O)O)O.OC[C@H]([C@H]([C@@H]([C@H](C(=O)O)O)O)O)O,,-4.13758348
2680,C-2681,,WCIMWHNSWLLELS-UHFFFAOYSA-M,CNC(=O)c1c(I)c(NC(=O)C)c(c(c1I)C(=O)[O-])I.[Na+],,-4.136869485
2681,C-2682,,NMPSTUCZULEAMJ-UHFFFAOYSA-N,CCC(=O)OC1(CCN(CC1)C(CC)C)c1ccccc1.Cl,,-4.136476766
2682,C-2683,,BQGXUBAXUARNTB-UHFFFAOYSA-N,CCC(=O)OC1(CCN(CC1)CC(C)C)c1ccccc1.Cl,,-4.136476766
2683,C-2684,,DEHWKTMXSOUIDZ-UHFFFAOYSA-N,OCCN(c1c(I)c(C(=O)NC(CO)CO)c(c(c1I)C(=O)NC(CO)CO)I)C(=O)C,,-4.135186744
2684,C-2685,,VMFVHQCMVQSENS-UHFFFAOYSA-N,CC(=O)c1ccc2c(c1)nc(s2)c1ccccc1,,-4.134154821
2685,C-2686,,TZRUXHZIOJMWKW-UHFFFAOYSA-N,CN(CCC1(OC(c2c1cccc2)(C)C)c1ccccc1)C.Cl,,-4.133596489
2686,C-2687,,CDCOFPQIYLPBRQ-UHFFFAOYSA-N,CCN1CCCC(C1)OC(=O)Nc1ccc(cc1)Br,,-4.131027102
2687,C-2688,,DMBFFBKRQNVNGD-UHFFFAOYSA-N,CCN1CCCC(C1)OC(=O)Nc1cccc(c1)Br,,-4.131027102
2688,C-2689,,MBDSEQQSRUBDRQ-UHFFFAOYSA-N,C[NH2+]CCCN1c2ccccc2[NH2+]Cc2c1cccc2.[Cl-].[Cl-],,-4.130451186
2689,C-2690,,XGMPVBXKDAHORN-NEUNXDCKSA-N,CC(=O)O[C@@H]1C[C@@H]2[C@]([C@@]1(O)C(=O)COC(=O)C)(C)C[C@H]([C@]1([C@H]2CCC2=CC(=O)C=C[C@]12C)F)O,,-4.1300001
2690,C-2691,,XGMPVBXKDAHORN-RBWIMXSLSA-N,CC(=O)O[C@@H]1C[C@@H]2[C@]([C@@]1(O)C(=O)COC(=O)C)(C)C[C@@H]([C@]1([C@H]2CCC2=CC(=O)C=C[C@]12C)F)O,,-4.129665388
2691,C-2692,,STQGQHZAVUOBTE-VGBVRHCVSA-N,COc1cccc2c1C(=O)c1c(C2=O)c(O)c2c(c1O)[C@@H](O[C@H]1C[C@H](N)[C@@H]([C@@H](O1)C)O)C[C@](C2)(O)C(=O)C,,-4.129290298
2692,C-2693,,VWRXSXTYPJLXGI-UHFFFAOYSA-N,Oc1ccccc1CNCC1CCC(CC1)CNCc1ccccc1O.CC(=O)O.CC(=O)O,,-4.128551189
2693,C-2694,,GIYAQDDTCWHPPL-UHFFFAOYSA-N,CCN(CCNC(=O)c1cc(Br)c(cc1OC)N)CC,,-4.126944598
2694,C-2695,,DRONDEZXOJEUGU-UHFFFAOYSA-N,N#CC(c1ccccc1)Cc1ccccc1,,-4.126217321
2695,C-2696,,PSCSJABYVDGLPH-UHFFFAOYSA-L,[O-]S(=O)c1ccc2c(c1)c(SSSc1cccc3c1cc(cc3)S(=O)[O-])ccc2.[Na+].[Na+],,-4.125985983
2696,C-2697,,IOQDMVNNGGHLEA-UHFFFAOYSA-N,C[NH+](CCOC(c1cccc2c1cccc2)c1ccccc1)C.[Cl-],,-4.12563246
2697,C-2698,,SVMALHWUCBPBFC-UHFFFAOYSA-N,BrCCN(c1ccc(cc1)O)CCBr,,-4.125424829
2698,C-2699,,CWPGNVFCJOPXFB-UHFFFAOYSA-N,CC(=CCC1=C(O)c2c(C(=O)C1=O)cccc2)C,,-4.124235422
2699,C-2700,,XQYQSCYDDPMDFG-UHFFFAOYSA-N,Clc1ccc(cc1)C(c1ccncc1)(c1ccccc1)O,,-4.12264337
2700,C-2701,,YMXKFPLDZGQMDA-UHFFFAOYSA-N,OCC(C(=O)N1CC2CCC(C1)N2C)(c1ccccc1)C1CCCCC1,,-4.122319448
2701,C-2702,,HUAOWAKTVMUAOA-UHFFFAOYSA-N,OCC(C(=O)N1C2CCC1CN(C2)C)(c1ccccc1)C1CCCCC1,,-4.122319448
2702,C-2703,,QHCPEVCCVPNQHM-UHFFFAOYSA-N,c1ccc(cc1)Cc1nc2c(o1)cccc2,,-4.122004229
2703,C-2704,,WMYVHJWZUUEZNE-ARWFNKCKSA-J,Cc1cc(ccc1N/N=C\1/C(=O)c2c(N)cc(cc2C=C1S(=O)(=O)[O-])S(=O)(=O)[O-])c1ccc(c(c1)C)N/N=C\1/C(=O)c2c(N)cc(cc2C=C1S(=O)(=O)[O-])S(=O)(=O)[O-].[Na+].[Na+].[Na+].[Na+],,-4.121992427
2704,C-2705,,YQBNJPACAUPNLV-UHFFFAOYSA-N,COc1c(oc2c1cc1ccc(=O)oc1c2)C(C)C,,-4.121599211
2705,C-2706,,ODJHQMBSMIPWOW-UHFFFAOYSA-N,CCCCN1CCC(CC1)(Cl)c1ccccc1.Cl,,-4.121321877
2706,C-2707,,KXUHSQYYJYAXGZ-UHFFFAOYSA-N,CC(Cc1ccccc1)C,,-4.1199999
2707,C-2708,,FMGSKLZLMKYGDP-LQAQHOFVSA-N,O[C@H]1CC[C@]2(C(=CC[C@@H]3[C@@H]2CC[C@]2([C@H]3CCC2=O)C)C1)C,,-4.1199999
2708,C-2709,,ZNRUHYACSYSCBU-UHFFFAOYSA-N,COc1cc(cc(c1OC)OC)C(=O)N1CCCc2c1cccc2,,-4.118852797
2709,C-2710,,LODGIKWNLDQZBM-LBPRGKRZSA-N,COc1ccc2c(c1O)c1c3OCOc3cc3c1[C@H](C2)N(C)CC3,,-4.118618872
2710,C-2711,,GKQLYSROISKDLL-UHFFFAOYSA-N,CCOC(=O)N1C(OCC)C=Cc2c1cccc2,,-4.118132698
2711,C-2712,,AOEFLMCCBQFZAR-UHFFFAOYSA-N,CC(N(C)C)CC12CC3CC(C1)CC(C2Cl)C3.Cl,,-4.117506108
2712,C-2713,,ACIZPTCLQKKZKN-UHFFFAOYSA-N,CCC(=O)C(c1ccccc1)(c1ccccc1)CCC[NH+](C)C.[Cl-],,-4.117360459
2713,C-2714,,XEFOQDPAHAWQEH-UHFFFAOYSA-N,CCCCCCCCCSCCN1CSCC1.Cl,,-4.115716338
2714,C-2715,,RUNZJJWOUSDDRH-UHFFFAOYSA-N,CCCCCCCCSCCCN1CCSC1.Cl,,-4.115716338
2715,C-2716,,BOZCACJUSDJWPC-UHFFFAOYSA-N,CCCCCCCSCCCCN1CCSC1.Cl,,-4.115716338
2716,C-2717,,ZFOZGKFRTQWEQW-UHFFFAOYSA-N,CCCCCCSCCCCCN1CCSC1.Cl,,-4.115716338
2717,C-2718,,ZPROCDMEUHMNTJ-UHFFFAOYSA-N,CCCCCSCCCCCCN1CSCC1.Cl,,-4.115716338
2718,C-2719,,IPXDFCRSXWUBFA-UHFFFAOYSA-N,CCCCSCCCCCCCN1CCSC1.Cl,,-4.115716338
2719,C-2720,,CHIFCDOIPRCHCF-UHFFFAOYSA-N,O=C1CN=C(c2c(N1)ccc(c2)Cl)c1ccccc1Cl,,-4.115680239
2720,C-2721,,JTIGKVIOEQASGT-UHFFFAOYSA-N,Cc1ccc2c(c1)n(C(C)C)c(=O)nc2c1ccccc1,,-4.115404627
2721,C-2722,,MXZNFYAZTAGKQZ-UHFFFAOYSA-N,CCCCN1CCC(=O)C(C1)C1CCN(C(C1)OC(=O)CC)CCCC.Cl.Cl,,-4.115291437
2722,C-2723,,DQTVKTMIXALQNO-UHFFFAOYSA-N,CCCN1CCc2c(C1)cccc2NC(=O)c1ccc(c(c1)OC)OC,,-4.114986089
2723,C-2724,,GQSGZTBDVNUIQS-DGCLKSJQSA-N,C[C@@H]1C[C@@H](OC(=O)c2cccnc2)CC(C1)(C)C,,-4.113623901
2724,C-2725,,MBGGBVCUIVRRBF-UHFFFAOYSA-N,O=C1N(c2ccccc2)N(C(=O)C1CCS(=O)c1ccccc1)c1ccccc1,,-4.112885983
2725,C-2726,,QHPIKJYLKLSWLD-UHFFFAOYSA-N,OCCN1CCN(CC1)CCCC1(OC(c2c1cccc2)(C)C)c1ccccc1.Cl.Cl,,-4.111049829
2726,C-2727,,WYUAEPSEGJFWKX-YGICXTQQSA-N,Oc1ccc2c(c1)[C@]13CCCC[C@H]3[C@@H](C2)N(CC1)CCc1cccc(c1)N.Cl,,-4.110987215
2727,C-2728,,MBWCTVKYEHQORY-YGICXTQQSA-N,Nc1ccc(cc1)CCN1CC[C@@]23[C@H]([C@H]1Cc1c3cc(cc1)O)CCCC2.Cl,,-4.110987215
2728,C-2729,,BIRDTWYHBGEPKA-UHFFFAOYSA-N,OC(=O)Cc1ccc2c(c1)nc(s2)c1ccc(cc1)N(C)C,,-4.110877573
2729,C-2730,,JZUTXVTYJDCMDU-MOPGFXCFSA-N,COc1c(OC)ccc2c1C(=O)O[C@@H]2[C@@H]1N(C)CCc2c1cc1OCOc1c2,,-4.1100001
2730,C-2731,,JXVIIQLNUPXOII-JTDNENJMSA-N,O=C(Nc1ccccc1)N[C@@H]1CCCC[C@H]1C,,-4.1100001
2731,C-2732,,RZKYEQDPDZUERB-UHFFFAOYSA-N,O=C(C(C)(C)C)C1C(=O)c2c(C1=O)cccc2,,-4.1100001
2732,C-2733,,BULVZWIRKLYCBC-UHFFFAOYSA-N,CCSCSP(=S)(OCC)OCC,,-4.1100001
2733,C-2734,,YSEMEGXOKULCML-UHFFFAOYSA-N,CCn1c2ncccc2c(=O)n(c2c1nc(Cl)cc2)C,,-4.1100001
2734,C-2735,,RNKBIXXGAAQHCZ-UHFFFAOYSA-N,CCCc1cccc(c1OCC(CO)O)Br,,-4.10896923
2735,C-2736,,JMYUWUORMAYJLT-UHFFFAOYSA-N,Ic1ccc(nc1)OCCCCCN1CSCC1.Cl,,-4.10856294
2736,C-2737,,BHCOGFGUMGMUPP-XVQDCFBBSA-N,CCOc1ccc2c(c1)c(ccn2)[C@H]([C@@H]1C[C@@H]2CCN1C[C@@H]2CC)O.Cl.Cl,,-4.108496741
2737,C-2738,,BTLNKJBBYZNKSH-UHFFFAOYSA-M,CCCCOc1ccc(cc1)[N+]1(C)CCOC(C1)CCOOCC.[Br-],,-4.108345022
2738,C-2739,,LJOQGZACKSYWCH-LHHVKLHASA-N,CC[C@H]1CN2CC[C@H]1C[C@@H]2[C@H](c1ccnc2c1cc(OC)cc2)O,,-4.10794497
2739,C-2740,,MGJBHISEQPOUJP-OVAHNPOGSA-N,COC(=O)[C@]1(CC[C@H](c2c1cccc2)[NH+](C)C)c1ccccc1.[Cl-],,-4.107545363
2740,C-2741,,MGJBHISEQPOUJP-MLVYHOMMSA-N,COC(=O)[C@]1(CCC(c2c1cccc2)[NH+](C)C)c1ccccc1.[Cl-],,-4.107545363
2741,C-2742,,XXFVRXJPEIBBEZ-UHFFFAOYSA-N,CN(CCC(c1cccc2c1cccc2)(C(=O)N)C(C)C)C,,-4.107486543
2742,C-2743,,FDTSMJLKASTENG-UHFFFAOYSA-N,CCC(=O)C(C(C[NH+](C)C)C)(c1ccccc1)c1ccccc1.[Br-],,-4.107171022
2743,C-2744,,QMRJLXOCWJOZLU-UHFFFAOYSA-N,CC(=O)Nc1ccc2c(c1)cc1c(n2)cccc1,,-4.106244205
2744,C-2745,,AOFMKIDPLZIMSQ-UHFFFAOYSA-N,CC(=O)Nc1ccc2c(c1)nc1c(c2)cccc1,,-4.106244205
2745,C-2746,,BKYKPTRYDKTTJY-UHFFFAOYSA-N,Clc1cc2NC(CC3CCCC3)NS(=O)(=O)c2cc1S(=O)(=O)N,,-4.105131919
2746,C-2747,,HBCOGAOXPUSAQR-UHFFFAOYSA-N,O=C(Nc1c(C)cccc1Cl)OC1CCN(C1)C(C)C,,-4.105100674
2747,C-2748,,XCGOOGLJHMKVRE-UHFFFAOYSA-N,OC(=O)C(c1ccc2c(c1)nc(s2)c1ccccc1)C,,-4.10401069
2748,C-2749,,OUGWHDLNULSJCN-UHFFFAOYSA-N,CN(CCCNc1nc(c(o1)c1ccccc1)c1ccccc1)C,,-4.103957794
2749,C-2750,,JSNIFGPPGAINSG-UHFFFAOYSA-N,Clc1[nH]c2c(n1)n(C)c(=O)n(c2=O)C.CN1CCC(CC1)OC(c1ccccc1)c1ccccc1,,-4.102202614
2750,C-2751,,AAMVKUKGQPPIMG-NEPJUHHUSA-N,OC[C@@H](CN(c1c(I)c(C(=O)NC(CO)CO)c(c(c1I)N([C@H](CO)O)C(=O)C)I)C(=O)C)O,,-4.100770587
2751,C-2752,,FAOZLTXFLGPHNG-JQJXMUTFSA-N,O=C1C=C[C@]2(C(=C1)[C@@H](C)C[C@@H]1[C@]2(F)[C@H](O)C[C@]2([C@H]1CC[C@]2(O)C(=O)C)C)C,,-4.0999999
2752,C-2753,,CXOFVDLJLONNDW-UHFFFAOYSA-N,O=C1NC(=O)NC1(c1ccccc1)c1ccccc1,,-4.0999999
2753,C-2754,,RGXWDWUGBIJHDO-UHFFFAOYSA-N,CCCCCCCCCC(=O)OCC,,-4.0999999
2754,C-2755,,LMNZTLDVJIUSHT-UHFFFAOYSA-N,COP(=S)(SCN1C(=O)c2c(C1=O)cccc2)OC,,-4.0999999
2755,C-2756,,AAEVYOVXGOFMJO-UHFFFAOYSA-N,CSc1nc(NC(C)C)nc(n1)NC(C)C,,-4.0999999
2756,C-2757,,SOOXXPIIPHUERK-UHFFFAOYSA-N,CC(c1[nH]c2c(c1C(=O)c1cccnc1)cccc2)C,,-4.097860715
2757,C-2758,,KAAZGXDPUNNEFN-UHFFFAOYSA-N,CN1CCN(CC1)C1=Nc2ccccc2Sc2c1cc(Cl)cc2,,-4.097539405
2758,C-2759,,NMWQEPCLNXHPDX-UHFFFAOYSA-N,CC(c1nnc(s1)NS(=O)(=O)c1ccccc1)(C)C,,-4.094203661
2759,C-2760,,LXFFWIWHBKFGJU-UHFFFAOYSA-N,Brc1ccc(nc1)SCCCCCN1CSCC1.Cl,,-4.094136295
2760,C-2761,,UTXPWBKKZFLMPZ-UHFFFAOYSA-N,Nc1ccc2c(c1)cc1c(n2)cccc1,,-4.093540204
2761,C-2762,,GHCKERHPOQWERJ-UHFFFAOYSA-N,Nc1ccc2c(c1)nc1c(c2)cccc1,,-4.093540204
2762,C-2763,,YSXKPIUOCJLQIE-UHFFFAOYSA-N,OC(C1CC2CC1C=C2)(c1ccccc1)CCN1CCCCC1,,-4.093049541
2763,C-2764,,KDXCCWHVFRELBS-UHFFFAOYSA-N,CN1CCC(CC1)OC(=O)C(c1ccccc1)c1ccccc1.Cl,,-4.091751096
2764,C-2765,,GIJXKZJWITVLHI-YOFSQIOKSA-N,CN1[C@@H]2CC[C@H]1CC(C2)OC(c1ccccc1)c1ccccc1,,-4.091556801
2765,C-2766,,BRSYMLUWFHEDPI-UHFFFAOYSA-N,NC(=O)C1(OC1Cl)c1ccc(c(c1Cl)Cl)Cl,,-4.091095863
2766,C-2767,,RIGBEDNANJVICG-YEUQMBKVSA-N,COc1cc(/C=C/C(=O)CCN2CCN(CC2)Cc2cccc(c2)C)cc(c1OC)OC.Cl.Cl,,-4.090783965
2767,C-2768,,QWGDMFLQWFTERH-UHFFFAOYSA-N,Clc1ccc2c(c1)C(=Nc1c(O2)cccc1)N1CCNCC1,,-4.088561893
2768,C-2769,,ASFIIEDZBJDLBD-UHFFFAOYSA-N,CCCCN1CCC(CC1)(OC(=O)CC)c1cccs1.Cl,,-4.08803664
2769,C-2770,,NLVVRLKFCOJPRR-NYHCBIMJSA-M,C=CC1C[N+]2(CC)CCC1C[C@@H]2[C@H](c1ccnc2c1cc(OC)cc2)O.[Cl-],,-4.087451023
2770,C-2771,,VZSXTYKGYWISGQ-UHFFFAOYSA-N,CN1CCC(CC1)N(c1ccccc1)Cc1ccccc1,,-4.086451232
2771,C-2772,,DMNHYFOROKQPHR-UHFFFAOYSA-N,Clc1ccc(nc1)SCCCCCCN1CSCC1.Cl,,-4.085824317
2772,C-2773,,KUFUKKLCQUTJHH-UHFFFAOYSA-N,COc1ccc(c(c1)OCC(CN1CCN(CC1)c1ccc(c(c1)C)C)O)C(=O)C.Cl.Cl,,-4.08516804
2773,C-2774,,JXFXKSDXMALIDC-UHFFFAOYSA-N,CCC(=O)c1ccc(cc1)OCC(CC1CN=CC=C1c1ccccc1)O,,-4.084781849
2774,C-2775,,DBROMEGAUXOXCV-UHFFFAOYSA-L,C[N+]1(CCCCCCC[N+]2(C)CCOCC2)CCOCC1.[I-].[I-],,-4.08382556
2775,C-2776,,BULQNWJGGGMADX-UHFFFAOYSA-N,CC(C(c1cccc2c1cccc2)(C(=O)N)CCN1CCOCC1)C,,-4.083368717
2776,C-2777,,HSIBGVUMFOSJPD-CFDPKNGZSA-N,CC[C@H]1C[C@H]2CN3[C@@H]1[C@@H](C2)c1[nH]c2c(c1CC3)cc(cc2)OC,,-4.082045964
2777,C-2778,,WEZYGLVLIQZWQM-QXAKKESOSA-N,C=CCN1CC[C@@]23[C@H]([C@H]1Cc1c3cc(cc1)OP(=O)(O)O)CCCC2,,-4.081811269
2778,C-2779,,LTMHDMANZUZIPE-PUGKRICDSA-N,O=C1OCC(=C1)[C@H]1CC[C@]2([C@]1(C)[C@H](O)C[C@H]1[C@H]2CC[C@H]2[C@]1(C)CC[C@@H](C2)O[C@H]1C[C@H](O)[C@@H]([C@H](O1)C)O[C@H]1C[C@H](O)[C@@H]([C@H](O1)C)O[C@H]1C[C@H](O)[C@@H]([C@H](O1)C)O)O,,-4.081047651
2779,C-2780,,IDBPHNDTYPBSNI-UHFFFAOYSA-N,COCC1(CCN(CC1)CCn1nnn(c1=O)CC)N(c1ccccc1)C(=O)CC,,-4.080942736
2780,C-2781,,IENZQIKPVFGBNW-UHFFFAOYSA-N,COc1cc2nc(nc(c2cc1OC)N)N1CCN(CC1)C(=O)c1ccco1,,-4.0806881
2781,C-2782,,JOFWLTCLBGQGBO-UHFFFAOYSA-N,Clc1ccc2c(c1)C(=NCc1n2c(C)nn1)c1ccccc1Cl,,-4.0799999
2782,C-2783,,SPANOECCGNXGNR-UITAMQMPSA-N,Cl/C=C(/CSC(=O)N(C(C)C)C(C)C)\Cl,,-4.0799999
2783,C-2784,,LTMHDMANZUZIPE-KUPWFOFFSA-N,O=C1OCC(=C1)[C@H]1CC[C@@]2([C@]1(C)[C@H](O)C[C@H]1[C@H]2CC[C@@H]2[C@]1(C)CC[C@@H](C2)O[C@@H]1C[C@H](O)[C@H]([C@@H](O1)C)O[C@@H]1C[C@H](O)[C@H]([C@@H](O1)C)O[C@@H]1C[C@H](O)[C@H]([C@@H](O1)C)O)O,,-4.0799999
2784,C-2785,,FYGJHBPMTIZVSW-UHFFFAOYSA-N,O=C(C(c1ccccc1)(CN1CCCC1)C)c1ccccc1.Cl,,-4.079007507
2785,C-2786,,LWBAYRVWDMTLKC-UHFFFAOYSA-N,CC1CCCCN1CCCOC(=O)C1CCCCC1,,-4.078877637
2786,C-2787,,BCPWSYQGYBTINM-DTCMKFPYSA-N,CCCCCC/C=C\[N+](=N\[C@H]([C@@H](O)C)COC)\[O-],,-4.075768904
2787,C-2788,,KCMDIHWIVFNRSU-HAAWTFQLSA-N,COc1ccc(cc1)N1CCN(CC1)CCC(=O)/C=C/c1cc(OC)c(c(c1)OC)OC.Br,,-4.075740252
2788,C-2789,,FWQYPLYAWXMHTR-UHFFFAOYSA-N,Oc1ccc(cc1)S(=O)(=O)N1C(=O)NC(=O)C1(c1ccccc1)c1ccccc1,,-4.074557076
2789,C-2790,,FBHSPRKOSMHSIF-GRMWVWQJSA-N,CC(=O)OCC(=O)[C@@]12N=C(O[C@@H]1C[C@@H]1[C@]2(C)C[C@H](O)[C@H]2[C@H]1CCC1=CC(=O)C=C[C@]21C)C,,-4.074411366
2790,C-2791,,SZTCVSWEXLJTPD-UHFFFAOYSA-N,S=c1[nH]c2ccccc2[nH]c2c1cccc2,,-4.073645429
2791,C-2792,,ZTJORNVITHUQJA-UHFFFAOYSA-N,CCCCCCCOC(=O)c1ccc(cc1)O,,-4.072453942
2792,C-2793,,RBGWCEWDAHDPEH-UHFFFAOYSA-N,CCN1CCCC(C1)OC(=O)C(c1ccccc1)c1ccccc1.Cl,,-4.071874779
2793,C-2794,,KVPULOQUNZXTMV-UHFFFAOYSA-N,Cc1ccccc1OCC[NH2+]CCOc1ccccc1C.[Cl-],,-4.07148412
2794,C-2795,,PTYFYNKKKOLUQE-NWBUNABESA-N,OC(=O)C(=O)[O-].CCCC/C=[NH+]/CCNC(=O)c1cccc(c1OCC)OC,,-4.070547567
2795,C-2796,,SWJPEBQEEAHIGZ-UHFFFAOYSA-N,Brc1ccc(cc1)Br,,-4.0700002
2796,C-2797,,RGLYKWWBQGJZGM-ZCXUNETKSA-N,CC/C(=C(/c1ccc(cc1)O)\CC)/c1ccc(cc1)O,,-4.0700002
2797,C-2798,,ZRCMOECJOLTRBV-QPTUXGOLSA-N,Nc1ccc(cc1)CCN1CC[C@@]23[C@H]([C@H]1Cc1c3cc(cc1)O)CCCC2,,-4.069369898
2798,C-2799,,ZRCMOECJOLTRBV-NHTMILBNSA-N,Nc1ccc(cc1)CCN1CC[C@]23[C@@H]([C@@H]1Cc1c3cc(cc1)O)CCCC2,,-4.069369898
2799,C-2800,,ZSWYRNBDILXVMP-YEUQMBKVSA-N,COc1cc(/C=C/C(=O)CCN2CCN(CC2)c2ccccc2F)cc(c1OC)OC.Cl.O,,-4.069029225
2800,C-2801,,RQBBJSWBKDLENV-HPJBNNNXSA-N,COc1cc(/C=C/C(=O)CCN2CCN(CC2)c2ccc(cc2)F)cc(c1OC)OC.Cl.O,,-4.069029225
2801,C-2802,,OWMJKFSJIQIFBC-APSNUPSMSA-N,CC(CN(CC(=O)N/N=C\c1ccc(o1)[N+](=O)[O-])CC(C)C)C,,-4.068575653
2802,C-2803,,QNRATNLHPGXHMA-XZHTYLCXSA-N,CCOc1ccc2c(c1)c(ccn2)[C@H]([C@@H]1C[C@@H]2CCN1C[C@@H]2CC)O.Cl,,-4.06839906
2803,C-2804,,MBMQEIFVQACCCH-QBODLPLBSA-N,C[C@H]1CCCC(=O)CCC/C=C/c2c(C(=O)O1)c(O)cc(c2)O,,-4.068042639
2804,C-2805,,XJGFWWJLMVZSIG-UHFFFAOYSA-N,Nc1c2ccccc2nc2c1cccc2,,-4.067962329
2805,C-2806,,MPQHRPVQJUEINF-UHFFFAOYSA-N,COc1ccc2c(c1)c(N)c1c(n2)cccc1,,-4.067456399
2806,C-2807,,XDRYMKDFEDOLFX-UHFFFAOYSA-N,NC(=N)c1ccc(cc1)OCCCCCOc1ccc(cc1)C(=N)N,,-4.067236478
2807,C-2808,,WSKCLYSPBODMHR-UHFFFAOYSA-N,OC(=O)C1CCc2c1cc(O)c(c2)C1CCCCC1,,-4.067224377
2808,C-2809,,HHUZGDMRRLQZIQ-PXWUZWBYSA-N,O[C@@H]1CC[C@]2([C@@H](C1)[C@@H](O)C[C@@H]1[C@@H]2CC[C@]2([C@H]1CC[C@@H]2C(=O)C)C)C,,-4.066514225
2809,C-2810,,NFVCQZNBRFPYOP-WDDOJFKXSA-N,O[C@@H]1CC[C@]2([C@@H](C1)CC[C@@H]1[C@@H]2[C@H](O)C[C@]2([C@H]1CC[C@@H]2C(=O)C)C)C,,-4.066514225
2810,C-2811,,SSBDRUWRKMHEKG-UHFFFAOYSA-N,CCC(C(C(C[NH+](C)C)C)(c1ccccc1)c1ccccc1)O.[Cl-],,-4.065816944
2811,C-2812,,UIPBKZGYQDPIPY-UHFFFAOYSA-N,NCCCC(C(CCCCCCCCN=C(N)N)O)NC(=O)CCCCCCCCN=C(N)N,,-4.065367437
2812,C-2813,,GLSCRQYNOJCMSO-UHFFFAOYSA-N,CCC(=O)c1ccc(cc1)OCC(CN1CCN2C(C1)CCc1c2cccc1)O.Cl,,-4.065076143
2813,C-2814,,HJXQETKWGAZTPT-UHFFFAOYSA-M,CC(=O)NCCSSc1cc(Cl)ccc1c1ccc(cc1S(=O)[O-])Cl.[Na+],,-4.06351342
2814,C-2815,,YYUAYBYLJSNDCX-UHFFFAOYSA-N,Cc1onc(c1)NC(=O)C1=C(O)c2ccccc2S(=O)(=O)N1C,,-4.062032571
2815,C-2816,,QRJOQYLXZPQQMX-FWROMSNXSA-N,O[C@@H]1CC[C@]2([C@H](C1)CC[C@@H]1[C@@H]2C(=O)C[C@]2([C@H]1CC[C@@H]2C(=O)COC(=O)C)C)C,,-4.061571701
2816,C-2817,,LHERLWVEBQULCM-UHFFFAOYSA-N,COC(=O)c1ccc2c(c1)c(N)c1c(n2)cccc1,,-4.06142664
2817,C-2818,,UEDPIABBBXACGR-SFQUDFHCSA-N,CCOC(=O)c1ccc(cc1)/N=C/c1ccccc1,,-4.061214206
2818,C-2819,,KJPKPBMWHKBKHG-UHFFFAOYSA-N,O=C(C(c1ccccc1)CN1CCCCC1)c1ccccc1,,-4.060934731
2819,C-2820,,LRMYMYHAGWQOEO-UHFFFAOYSA-N,CCCC1(CCN(C1)CCc1ccc(cc1)O)c1cccc(c1)O,,-4.060700509
2820,C-2821,,FXYIDUGIODSYAI-UHFFFAOYSA-N,Brc1cc(Br)c2c(c1)nc(o2)N,,-4.060444996
2821,C-2822,,AHVZWIOHDYMAPH-UHFFFAOYSA-N,O=C(c1ccc(cc1)[N+](=O)[O-])Nc1ncccc1C(=O)O,,-4.060291286
2822,C-2823,,OCKPCBLVNKHBMX-UHFFFAOYSA-N,CCCCc1ccccc1,,-4.0599999
2823,C-2824,,HFBWPRKWDIRYNX-UHFFFAOYSA-N,CCNc1nc(Cl)nc(n1)N(CC)CC,,-4.0599999
2824,C-2825,,HYWYRSMBCFDLJT-UHFFFAOYSA-N,[O-][N+](=O)c1ccc(c(c1)Oc1ccccc1)NS(=O)(=O)C,,-4.058909753
2825,C-2826,,SVJMILFDDBKCGG-UHFFFAOYSA-N,N/C(=N\C(=N\C(C)C)\N)/Nc1ccc(c(c1)Cl)Cl.Cl,,-4.058075663
2826,C-2827,,JPGUEMQIAGJQSJ-UHFFFAOYSA-N,CC(=O)Oc1ccc(cc1)C1(c2ccc(cc2)OC(=O)C)C(=O)N(c2c1cccc2)C(=O)C,,-4.058017821
2827,C-2828,,AUYQRZBSZQENLZ-UHFFFAOYSA-N,CCOC(C(=O)N(CC[NH+](C)C)C)(c1ccccc1)c1ccccc1.[Cl-],,-4.057740992
2828,C-2829,,WNIFZUHTATXJSM-UHFFFAOYSA-N,CC(c1ccccc1)CNCC1CCc2c(N1)cccc2.Cl.Cl,,-4.056820036
2829,C-2830,,NRVYNZHIMCNVEP-UHFFFAOYSA-N,CC(N1CCC(CC1)C1CCCCC1)C.Cl,,-4.056189981
2830,C-2831,,XDXZMDODHZOHLT-UHFFFAOYSA-N,Brc1ccc(nc1)OCCCCCCN1CSCC1.Cl,,-4.05544772
2831,C-2832,,ZLZWUOKDFLNZFV-UNTBIKODSA-N,CCC(=O)C(c1ccccc1)(c1ccccc1)[C@@H](CN(C)C)C.Cl,,-4.054664546
2832,C-2833,,ZLZWUOKDFLNZFV-LMOVPXPDSA-N,CCC(=O)C(c1ccccc1)(c1ccccc1)[C@H](CN(C)C)C.Cl,,-4.054664546
2833,C-2834,,ZLZWUOKDFLNZFV-UHFFFAOYSA-N,CCC(=O)C(C(C[NH+](C)C)C)(c1ccccc1)c1ccccc1.[Cl-],,-4.054664546
2834,C-2835,,QCCCFHDTBTUDEA-UHFFFAOYSA-M,CCCN(S(=O)(=O)c1ccc(cc1)C(=O)[O-])CCC.[Na+],,-4.054649796
2835,C-2836,,QOVTVIYTBRHADL-UHFFFAOYSA-N,ClC(=C(c1cc(N)c(cc1S(=O)(=O)N)S(=O)(=O)N)Cl)Cl,,-4.054303291
2836,C-2837,,QCDFBFJGMNKBDO-UHFFFAOYSA-N,Ic1cc(Cl)c2c(c1O)nccc2,,-4.052681987
2837,C-2838,,MISZALMBODQYFT-URVXVIKDSA-N,COc1ccc2c(c1)[C@@]13CCCC[C@@H]3[C@H](C2)N(CC1)C.Br,,-4.051388041
2838,C-2839,,SCULJPGYOQQXTK-OLRINKBESA-N,O[C@H]1CC[C@]2([C@@H](C1)CC[C@@H]1[C@@H]2CC[C@]2([C@]31O[C@@H]3[C@@H]([C@@H]2c1ccc(=O)oc1)OC(=O)C)C)C,,-4.050468086
2839,C-2840,,OQZCSNDVOWYALR-GMSGAONNSA-N,ClC[C@@H]1CN(C(=O)[C@@H]1Cl)c1cccc(c1)C(F)(F)F,,-4.0500002
2840,C-2841,,AVOLMBLBETYQHX-UHFFFAOYSA-N,CCC(=C)C(=O)c1ccc(c(c1Cl)Cl)OCC(=O)O,,-4.049147842
2841,C-2842,,SOQHBMQZZHEBPB-UHFFFAOYSA-N,COC(=O)c1ccccc1OCC(CN1CCN(CC1)c1ccc(c(c1)C)C)O.Cl.Cl,,-4.048094641
2842,C-2843,,PLILWSQASBSXGX-UHFFFAOYSA-N,Clc1ccc(nc1)OCCCCCCCN1CCSC1.Cl,,-4.04740467
2843,C-2844,,CNBGNNVCVSKAQZ-UHFFFAOYSA-N,CN(CCCOc1nn(c2c1cccc2)Cc1ccccc1)C,,-4.047119081
2844,C-2845,,PNADBYWNNBOKJK-UHFFFAOYSA-N,CN(CC=C(c1cccc(c1)F)c1ccc(cc1)Cl)C.Cl,,-4.04666425
2845,C-2846,,KKEYFWRCBNTPAC-UHFFFAOYSA-N,OC(=O)c1ccc(cc1)C(=O)O,,-4.044362034
2846,C-2847,,FHKFDOULAQDMMV-UHFFFAOYSA-N,CCCC(CCC)C[NH2+]Cc1ccccc1.[Cl-],,-4.044339491
2847,C-2848,,WOWVKCQUDQVBGJ-UHFFFAOYSA-M,CCCCCCC1(CC)C(=O)NC(=S)N=C1[O-].[Na+],,-4.043184459
2848,C-2849,,YESHDEHJHNPWDU-UHFFFAOYSA-N,CC[NH+](CCN1C(=O)C(C)Oc2c1ccc(c2Cl)Cl)CC.[Cl-],,-4.043043503
2849,C-2850,,NIWCFXFECXNXGD-PFEQFJNWSA-N,COc1ccc2c(c1O)c1cccc3c1[C@@H](C2)N(C)CC3.Cl,,-4.042779156
2850,C-2851,,QAYGLHSZAFDOJZ-UHFFFAOYSA-N,CN1CCN(CC1)c1nc(c(o1)c1ccccc1)c1ccccc1,,-4.041947778
2851,C-2852,,VUPBWNXFSDRWJE-UHFFFAOYSA-N,COc1ccc(cc1)N(C(=O)c1ccc(cc1)Cl)CCCC(=O)O,,-4.041773721
2852,C-2853,,YQBRPZBLROENTD-UHFFFAOYSA-N,CCOC(=O)N1CCCc2c1cccc2,,-4.040456371
2853,C-2854,,DZSKWIJNUAODIH-UHFFFAOYSA-N,N(Cc1ccco1)CC1CCC(CC1)CNCc1ccco1.Cl.Cl,,-4.040391813
2854,C-2855,,WIYOPYDPWIXASZ-UHFFFAOYSA-N,COc1nnc(c(n1)c1ccccc1)c1ccccc1,,-4.040239601
2855,C-2856,,KPXAEWKEEYFYFK-UHFFFAOYSA-N,CCC(=O)OC1(CCN(CC1C)C)C1CCCCC1.Cl,,-4.040209486
2856,C-2857,,NVGOPFQZYCNLDU-UHFFFAOYSA-N,CNc1cnn(c(=O)c1Cl)c1cccc(c1)C(F)(F)F,,-4.04
2857,C-2858,,ZNOLGFHPUIJIMJ-UHFFFAOYSA-N,COP(=S)(Oc1ccc(c(c1)C)[N+](=O)[O-])OC,,-4.04
2858,C-2859,,WDMDRQDYTJNZNG-UHFFFAOYSA-N,COc1ccccc1N1CCN(CC1)CC(OC(=O)C)COc1ccccc1C(=O)C,,-4.039982672
2859,C-2860,,IQWYAQCHYZHJOS-UHFFFAOYSA-N,Clc1ccc2c(c1)C(=NCC(=O)N2C)C1=CCCCC1,,-4.039120187
2860,C-2861,,LLWOSCXMBDNLHR-UHFFFAOYSA-N,Clc1ccc2c(c1)c(C)cc(n2)OCCCN1CSCC1.Cl,,-4.036954144
2861,C-2862,,JDYPDROIHIKNOT-UHFFFAOYSA-M,N/C(=N\CC1CCCCCC1)/CSP(=O)(O)[O-].[Na+],,-4.034841113
2862,C-2863,,LKYQLAWMNBFNJT-UHFFFAOYSA-N,CCOC(=O)C1(CCN(CC1)CCc1ccc(cc1)N)c1ccccc1,,-4.033115835
2863,C-2864,,YSKCXFJVTRCGGD-UHFFFAOYSA-N,Brc1cnc(c(c1)Br)OCCCCCNCCSS(=O)(=O)O,,-4.031262266
2864,C-2865,,BLGXFZZNTVWLAY-DIRVCLHFSA-N,COC(=O)[C@@H]1[C@@H](O)CC[C@H]2[C@@H]1C[C@@H]1N(C2)CCc2c1[nH]c1c2cccc1,,-4.030514954
2865,C-2866,,GWQSENYKCGJTRI-UHFFFAOYSA-N,Clc1ccc(cc1)I,,-4.0300002
2866,C-2867,,JZCOHOFRCPHFPZ-LZMXEPDESA-N,CCCC/C=N/CCOC(=O)c1cccc(c1OC)OC.Cl,,-4.028319838
2867,C-2868,,YPQLFJODEKMJEF-UHFFFAOYSA-N,O=C(C(O)(C)C)Nc1ccc(c(c1)C(F)(F)F)[N+](=O)[O-],,-4.027158656
2868,C-2869,,SVUNHVRERLOSES-UHFFFAOYSA-N,ClCC[NH+](CCOc1ccccc1C(C)C)CC.[Cl-],,-4.026713389
2869,C-2870,,ULIQGBPQLPCTAJ-UHFFFAOYSA-N,c1ccc(cc1)CSc1ncnc2c1[nH]cn2,,-4.026418567
2870,C-2871,,NDSWVTKMCVPUFP-UHFFFAOYSA-N,CN1C2CCC1CN(C2)CCOC(=O)C(c1ccccc1)c1ccccc1,,-4.026390318
2871,C-2872,,HNNIWKQLJSNAEQ-UHFFFAOYSA-N,CN(CCCOc1nn(c2c1cccc2)Cc1ccccc1)C.Cl,,-4.024366397
2872,C-2873,,LDZSKXHAIBCHCF-UHFFFAOYSA-N,CCNCCCC12CC3CC(C2)CC(C1)C3.Cl,,-4.023970589
2873,C-2874,,VKRAZLAKVAQZGN-UHFFFAOYSA-N,CNCCCCC12CC3CC(C2)CC(C1)C3.Cl,,-4.023970589
2874,C-2875,,DBABZHXKTCFAPX-UHFFFAOYSA-N,CCCN(S(=O)(=O)c1ccc(cc1)C(=O)O)CCC,,-4.022741392
2875,C-2876,,BXRQFVDIGIQZHQ-UHFFFAOYSA-M,Clc1ccccc1C[N+]12CCCC(CC1)CC2.[Cl-],,-4.022161404
2876,C-2877,,UJRZYZOZJMDYJL-UHFFFAOYSA-N,CCCCC[NH2+]C(C(c1ccccc1)O)C.[Cl-],,-4.022120198
2877,C-2878,,KXJCBPYHSBXEBT-OCIYDRMTSA-N,C#CCN1CC[C@@]23[C@H]([C@H]1Cc1c3cc(cc1)OC)CCCC2.Br,,-4.020483636
2878,C-2879,,AFQKQSFAMSDDFK-UHFFFAOYSA-N,OCCOc1c(cc(cc1c1ccccc1)Br)C(=O)NCCO,,-4.020148903
2879,C-2880,,NUTCGOHCGOZXLH-UHFFFAOYSA-N,O=C(N1CC=Cc2c1cccc2)Nc1ccccc1,,-4.020064666
2880,C-2881,,ZQDJSWUEGOYDGT-UHFFFAOYSA-N,CN(CCOC(c1ccc(cc1)Br)c1ccccc1)C.Cl,,-4.020036897
2881,C-2882,,YZZVKLJKDFFSFL-UHFFFAOYSA-N,COc1c(O)c(Cl)c(c(c1Cl)Cl)Cl,,-4.02
2882,C-2883,,MUMGGOZAMZWBJJ-DYKIIFRCSA-N,O=C1CC[C@]2(C(=C1)CC[C@@H]1[C@@H]2CC[C@]2([C@H]1CC[C@@H]2O)C)C,,-4.02
2883,C-2884,,WSEQXVZVJXJVFP-UHFFFAOYSA-N,N#Cc1ccc2c(c1)COC2(CCCN(C)C)c1ccc(cc1)F,,-4.018458771
2884,C-2885,,GJQPMPFPNINLKP-UHFFFAOYSA-N,Clc1cc(cc(c1Cl)S(=O)(=O)N)S(=O)(=O)N,,-4.01704474
2885,C-2886,,YAQKGZXXQNKEET-UHFFFAOYSA-N,Clc1ccc2c(c1)C1N(CCc3c1cccc3)CC(=O)N2C,,-4.015255636
2886,C-2887,,AZFXSZIPSXMHIM-UHFFFAOYSA-N,CC[NH+](CCOC(=O)NC(c1ccccc1)c1ccccc1)CC.[Cl-],,-4.01447747
2887,C-2888,,APZVCLYXVHJXNZ-UHFFFAOYSA-N,CCC1CNC(=O)OC21CCN(CC2)CCCC(=O)c1ccc(cc1)F,,-4.013935008
2888,C-2889,,LYDULXUBCSVHIU-BUHFOSPRSA-N,CN(/N=N/c1cccc(c1)C(F)(F)F)C,,-4.013391476
2889,C-2890,,ZWYUGDUPLSGYSK-UHFFFAOYSA-N,O=C1NC(=O)C2(N1)CCc1c(C2)cccc1,,-4.012716758
2890,C-2891,,VDZOOKBUILJEDG-UHFFFAOYSA-M,CCCC[N+](CCCC)(CCCC)CCCC.[OH-],,-4.012700001
2891,C-2892,,BEHAYNJEBLPIAF-UHFFFAOYSA-N,CC[NH+](CCOC(=O)C=C(c1ccccc1)c1ccccc1)CC.[Cl-],,-4.010867502
2892,C-2893,,GWEKFXIDRLUTTF-UHFFFAOYSA-N,OC(CN1CCN(CC1)c1ccc(c(c1)C)C)COc1ccccc1C(O)C.Cl.Cl,,-4.010022817
2893,C-2894,,UVGXKOHVQFOLQY-UHFFFAOYSA-N,CC[NH2+]C(c1ccc(cc1)OC)Cc1ccc(cc1)OC.[Cl-],,-4.009336213
2894,C-2895,,JFSREJNHMRLMQA-UHFFFAOYSA-N,c1ccc(cc1)CN1CCN2C(C1)CCc1c2cccc1.Cl.Cl,,-4.009138251
2895,C-2896,,VWFBNRGXDCXMOJ-ZROIWOOFSA-N,N#C/C(=N/Nc1cccc(c1)Cl)/C(=O)OC,,-4.008382771
2896,C-2897,,GKOVMTHKJDWVMC-UHFFFAOYSA-N,Cc1ccc2c(c1)c(C)cc(n2)OCCCCCNCCSS(=O)(=O)O,,-4.008290811
2897,C-2898,,IUZCDJYHMMWBBE-UHFFFAOYSA-N,CCC(c1cnc(c(=O)n1O)CC(C)C)C,,-4.007428425
2898,C-2899,,PFPZRMUCMKVUEX-UHFFFAOYSA-N,CCCCCCCc1ccc(cc1O)O,,-4.006937473
2899,C-2900,,VZHYBDYSAGXDLU-OCIYDRMTSA-N,CC(CN1CC[C@@]23[C@H]([C@H]1Cc1c3cc(cc1)O)CCCC2)C.Br,,-4.005018412
2900,C-2901,,OYDAIYIGFOBNQU-UHFFFAOYSA-N,CN(CC(=O)N1Cc2ccccc2CC2C1CCCC2)C.Cl,,-4.003887144
2901,C-2902,,HPLFQKUIHGZHPH-UHFFFAOYSA-N,CCC(C1(O)CCC(CC1)c1ccccc1)C(=O)O,,-4.003739061
2902,C-2903,,IECCHUISCGCKKS-UHFFFAOYSA-N,OC(c1ccccc1)(c1ccccc1)CCN1CCCCC1.Cl,,-4.002472376
2903,C-2904,,FVYRUSCZCWSFLT-UHFFFAOYSA-N,CCOP(=O)(Cc1ccc(cc1)c1nc2c(s1)cccc2)OCC,,-4.001680841
2904,C-2905,,COAWNPJQKJEHPG-UHFFFAOYSA-N,Oc1cc(O)c2c(c1)[o+]c(c(c2)O)c1ccc(c(c1)O)O.[Cl-],,-4.001613937
2905,C-2906,,VJJPUSNTGOMMGY-MRVIYFEKSA-N,COc1cc(cc(c1O)OC)[C@H]1[C@H]2C(=O)OC[C@@H]2[C@@H](c2c1cc1OCOc1c2)O[C@@H]1O[C@@H]2CO[C@H](O[C@H]2[C@@H]([C@H]1O)O)C,,-4.001154125
2906,C-2907,,NMWSVYJLYUFTPR-UHFFFAOYSA-K,I[Bi](I)I.C=CC1CN2CCC1CC2C(c1ccnc2c1cc(OC)cc2)O.I,,-4.000846883
2907,C-2908,,XMGQYMWWDOXHJM-JTQLQIEISA-N,CC1=CC[C@@H](CC1)C(=C)C,,-4.0
2908,C-2909,,BEZDDPMMPIDMGJ-UHFFFAOYSA-N,Cc1cc(C)c(c(c1C)C)C,,-4.0
2909,C-2910,,RELMFMZEBKVZJC-UHFFFAOYSA-N,Clc1c(Cl)cccc1Cl,,-4.0
2910,C-2911,,ITRJWOMZKQRYTA-RFZYENFJSA-N,CC(=O)OCC(=O)[C@@]1(O)CC[C@@H]2[C@]1(C)CC(=O)[C@H]1[C@H]2CCC2=CC(=O)CC[C@]12C,,-4.0
2911,C-2912,,IROINLKCQGIITA-UHFFFAOYSA-N,CCNc1nc(SC)nc(n1)NC(C)(C)C,,-4.0
2912,C-2913,,LNTWEXZEWDVLCB-UHFFFAOYSA-N,Clc1ccc(cc1)C(c1ccccc1)OCCN1CCOCC1.Cl,,-3.999172994
2913,C-2914,,PINRKRQYFSAIKY-UHFFFAOYSA-N,OC(=O)c1ccc2c(c1)c(N)c1c(n2)cccc1,,-3.998627717
2914,C-2915,,KKHPNPMTPORSQE-UHFFFAOYSA-N,CN(CCOC(c1ccc(cc1)Cl)(c1ccccc1)C)C,,-3.9983308
2915,C-2916,,NMTBSNPBIGRZBL-UHFFFAOYSA-N,[O-][N+](=O)c1ccc(cc1)n1cc(nc1C)[N+](=O)[O-],,-3.997553697
2916,C-2917,,KTHVBAZBLKXIHZ-UHFFFAOYSA-N,CCN1CCCC(C1)OC(=O)C(c1ccccc1)c1ccccc1,,-3.996437559
2917,C-2918,,FPAFSTKWKCXYFZ-UHFFFAOYSA-N,C[NH2+]CCC[NH+]1Cc2ccccc2Nc2c1cccc2.[Cl-].[Cl-],,-3.995293284
2918,C-2919,,SBDNJUWAMKYJOX-UHFFFAOYSA-N,OC(=O)c1ccccc1Nc1c(Cl)ccc(c1Cl)C,,-3.994386083
2919,C-2920,,DMVWPCFYKFAELZ-UHFFFAOYSA-N,ClCC[NH+](CCOc1cccc2c1cccc2)CC.[Cl-],,-3.993484603
2920,C-2921,,RHMRYQBVNMDNNR-UHFFFAOYSA-N,ClCC[NH+](CCOc1ccc2c(c1)cccc2)CC.[Cl-],,-3.993484603
2921,C-2922,,LRXXRIXDSAEIOR-UHFFFAOYSA-N,CC(Cc1ccccc1)NCc1ccccc1Cl,,-3.992996787
2922,C-2923,,HCOHTDOXFIHFJZ-UHFFFAOYSA-N,Brc1ccc(nc1)OCCCCCN1CSCC1C.Cl,,-3.991837396
2923,C-2924,,WVEHPOKMRMWSLF-UHFFFAOYSA-N,O=C1NCC(C2(O1)CCN(CC2)CCCC(=O)c1ccc(cc1)Cl)C,,-3.991595217
2924,C-2925,,WEUCDJCFJHYFRL-UHFFFAOYSA-N,CN1CCCN(CC1)C(c1ccc(cc1)Cl)c1ccccc1,,-3.9905273
2925,C-2926,,DZMDPHNGKBEVRE-UHFFFAOYSA-N,CCCCCCCCl,,-3.99
2926,C-2927,,GCKMFJBGXUYNAG-MPRNQXESSA-N,O=C1CC[C@]2(C(=C1)CC[C@@H]1[C@@H]2CC[C@]2([C@H]1CC[C@@]2(C)O)C)C,,-3.99
2927,C-2928,,HEFNNWSXXWATRW-JTQLQIEISA-N,CC(Cc1ccc(cc1)[C@@H](C(=O)O)C)C,,-3.99
2928,C-2929,,PZRHRDRVRGEVNW-UHFFFAOYSA-N,N#Cc1cc(c2ccncc2)c([nH]c1=O)C,,-3.989285362
2929,C-2930,,SJCRQMUYEQHNTC-UHFFFAOYSA-N,OC(=O)Cc1cc(n(c1C)c1ccc(cc1)Cl)C,,-3.988816938
2930,C-2931,,FEXLEYOXHRRAET-UHFFFAOYSA-M,CCCCCCCCC1(C)OC(=O)[N-]C1=O.[Na+],,-3.988457924
2931,C-2932,,ZBLIDPKQJOFMPF-UHFFFAOYSA-N,CCCCOc1nc(OCCCC)cc(c1)C(=O)NN,,-3.988358323
2932,C-2933,,LZCBNYVJTNCPDR-UHFFFAOYSA-N,COc1ccc(cc1)S(=O)(=O)Nc1nnc(s1)CC(C)C,,-3.987471311
2933,C-2934,,SEYCAKMZVYADRS-UHFFFAOYSA-N,CCCCc1cc2ccccc2c(n1)OCCN(C)C.Cl,,-3.9873205
2934,C-2935,,XDFDQLZAZMKFFJ-DNHMSYDNSA-N,OC(=O)C(CC(=O)O)(CC(=O)O)O.C=CCc1cc2C[C@H]3N(C)CC[C@@]4(c2cc1O)[C@H]3CCCC4,,-3.986518984
2935,C-2936,,OOXHWFTXPIFDHP-OCIYDRMTSA-N,CC(=C)CN1CC[C@@]23[C@H]([C@H]1Cc1c3cc(cc1)O)CCCC2.Br,,-3.984612263
2936,C-2937,,SEBFSSWJENDFFN-VAWYXSNFSA-N,O=C(/C=C/c1ccccc1)OCCCN1CCCCC1C,,-3.981370073
2937,C-2938,,PKYOHQGXPPVIGD-HNNXBMFYSA-N,COc1c2c(CC[C@@H](c3c2ccc(c(=O)c3)SC)NC(=O)C)cc(c1OC)O,,-3.980411369
2938,C-2939,,LUALIOATIOESLM-UHFFFAOYSA-N,N#Cc1ccc2c(c1)N(CCCN1CCC(CC1)O)c1c(S2)cccc1,,-3.98
2939,C-2940,,XXUXXCZCUGIGPP-WLRTZDKTSA-N,[O-][N+](=O)c1ccc(o1)/C=N/NC(=O)c1cc(cc(c1O)[N+](=O)[O-])[N+](=O)[O-],,-3.979348631
2940,C-2941,,SKALQPVVCXEHKD-UHFFFAOYSA-N,Cc1ccc(cc1)SCCNc1ccccc1C(=O)N,,-3.978395918
2941,C-2942,,RPSRVESLGPZACW-UHFFFAOYSA-N,C=CCc1cc(Br)ccc1OCC(CO)O,,-3.978106445
2942,C-2943,,ITDDTOSAIBLWDV-UHFFFAOYSA-N,C=CCc1cccc(c1OCC(CO)O)Br,,-3.978106445
2943,C-2944,,IZHAHTWHSFEUDL-CFILVAQYSA-N,C[C@@H]1C[C@@H](C(=O)N1c1ccccc1)NCCc1ccccc1.Cl,,-3.978059758
2944,C-2945,,IZHAHTWHSFEUDL-UHFFFAOYSA-N,CC1CC(C(=O)N1c1ccccc1)NCCc1ccccc1.Cl,,-3.978059758
2945,C-2946,,OVEMTTZEBOCJDV-UHFFFAOYSA-N,CCCCCCc1ccc(cc1)N,,-3.976845083
2946,C-2947,,GYPZUNUCQUOPSL-UHFFFAOYSA-N,OC(=O)C(c1ccc2c(c1)nc(o2)c1ccc2c(c1)OCO2)C,,-3.975973457
2947,C-2948,,PAQUKACYLLABHB-UHFFFAOYSA-N,CN(CCOC(c1ccc(cc1)Cl)(c1ccccc1)C)C.Cl,,-3.975544121
2948,C-2949,,UOCAPIHAVVORKH-UHFFFAOYSA-N,OC(CN1CCN(CC1)c1cccc(c1)C(F)(F)F)COc1cccc(c1)C(=O)C.Cl.Cl,,-3.974765147
2949,C-2950,,VOKSWYLNZZRQPF-GDIGMMSISA-N,CC(=CCN1CC[C@@]2([C@H]([C@H]1Cc1c2cc(cc1)O)C)C)C,,-3.974632215
2950,C-2951,,MCHADYPYCJQLMV-AWEZNQCLSA-N,COc1ccc2c(cc1=O)[C@H](CCc1c2c(OC)c(c(c1)OC)OC)NC(=O)C(F)(F)F,,-3.973447887
2951,C-2952,,WZHCOOQXZCIUNC-UHFFFAOYSA-N,CC1CC(OC(=O)C(c2ccccc2)O)CC(C1)(C)C,,-3.972857674
2952,C-2953,,RXWNCPJZOCPEPQ-NVWDDTSBSA-N,OC[C@H]1O[C@H]([C@@H]([C@@H]1NC(=O)[C@H](Cc1ccc(cc1)OC)N)O)n1cnc2c1ncnc2N(C)C,,-3.972275801
2953,C-2954,,TZGOOZDYIXRJPG-UHFFFAOYSA-N,OCCN1CCN(CC1)CC(=O)N1c2ccccc2CCc2c1cccc2.Cl.Cl,,-3.970690778
2954,C-2955,,RRZXPUXXMBILMU-UHFFFAOYSA-N,Clc1ccccc1C[NH2+]CC[NH2+]Cc1ccccc1Cl.[Cl-].[Cl-],,-3.970510545
2955,C-2956,,JIVLDFFWTQYGSR-UHFFFAOYSA-N,Cc1ccnc2c1ccc1c2nccc1C,,-3.97
2956,C-2957,,XQMDNZHAFZMBBP-UHFFFAOYSA-N,CCC(C(c1ccccc1)O)[NH+](CCCC)CCCC.[Cl-],,-3.96917525
2957,C-2958,,BDVRKCMKQNMZQR-UHFFFAOYSA-N,COc1ccc(cc1)C(=O)N1CC=Cc2c1cccc2,,-3.96891205
2958,C-2959,,ADAILPWNRDCXTR-UHFFFAOYSA-L,C1CCCN1.C1CCCN1.[Cl-].[Cl-].[Pt+2],,-3.968440407
2959,C-2960,,TWLUQYYWLRMIFH-UHFFFAOYSA-N,CCCNC(c1ccccc1)Cc1ccccc1.Cl,,-3.964954582
2960,C-2961,,FRHWGEORUKRDBY-UHFFFAOYSA-N,ClCCN(Cc1ccccc1)CCOc1ccccc1.Cl,,-3.964561888
2961,C-2962,,NLKSFKLPWZLDGG-UHFFFAOYSA-N,O=c1n(C)c2ccccc2[nH]c2c1cccc2,,-3.963367801
2962,C-2963,,GHICCUXQJBDNRN-UHFFFAOYSA-N,OC(=O)c1ccc(cc1)I,,-3.963121188
2963,C-2964,,IMQPGJKTCYTPEI-UHFFFAOYSA-N,CCCCCCCC(=O)c1ccc(cc1)N,,-3.962696177
2964,C-2965,,BPKUDUSVDVLOPY-UHFFFAOYSA-N,Oc1ccc(cc1)C1(Oc2ccccc2NC1=O)c1ccc(cc1)O,,-3.961789943
2965,C-2966,,FVQFIRWEWAQNBZ-UHFFFAOYSA-N,CNC(CCC12CC3CC(C2)CC(C1)C3)C.Cl,,-3.961111307
2966,C-2967,,XXUJCIFAKQDYHT-UHFFFAOYSA-N,Cc1cc(OCCCCCCNCCSS(=O)(=O)O)nc2c1cccc2,,-3.960981079
2967,C-2968,,QGUPBYVADAJUNT-UHFFFAOYSA-N,CCC(=O)C(c1ccccc1)(c1ccccc1)CC(N1CCOCC1)C.Cl,,-3.960384587
2968,C-2969,,HXGDTGSAIMULJN-UHFFFAOYSA-N,c1cc2cccc3c2c(c1)C=C3,,-3.96
2969,C-2970,,USIUVYZYUHIAEV-UHFFFAOYSA-N,c1ccc(cc1)Oc1ccccc1,,-3.96
2970,C-2971,,DNXHEGUUPJUMQT-CBZIJGRNSA-N,Oc1ccc2c(c1)CC[C@@H]1[C@@H]2CC[C@]2([C@H]1CCC2=O)C,,-3.96
2971,C-2972,,DCOORNZXFCKEKZ-UHFFFAOYSA-N,CCCCOc1nc(C)nc(n1)NCC,,-3.957312069
2972,C-2973,,YBTSMQLFDICCCT-UHFFFAOYSA-N,CN1C2CCC1CN(C2)CCOC(=O)C1(CCCC1)c1ccccc1,,-3.957147219
2973,C-2974,,BEZZFPOZAYTVHN-UHFFFAOYSA-N,COC(=O)Nc1nc2c([nH]1)cc(cc2)S(=O)c1ccccc1,,-3.956461293
2974,C-2975,,MYEJFUXQJGHEQK-ALRJYLEOSA-N,O[C@H]1[C@H](O[C@H]2CC[C@]3(C(=C2)CC[C@@H]2[C@@H]3CC[C@]3([C@]2(O)CC[C@@H]3c2ccc(=O)oc2)C)C)O[C@H]([C@@H]([C@H]1O)O)C,,-3.955289712
2975,C-2976,,GIYXAJPCNFJEHY-UHFFFAOYSA-N,CNCCC(c1ccccc1)Oc1ccc(cc1)C(F)(F)F.Cl,,-3.954481218
2976,C-2977,,SMMIJKYSLDYXRR-UHFFFAOYSA-N,OC(=O)C(=O)O.CNCCCC1(OC(c2c1cccc2)C)c1ccccc1,,-3.952880157
2977,C-2978,,SQAYXAICYAMUOG-UHFFFAOYSA-N,CCC(Oc1ccc(cc1)C(=O)CCN1CCCCC1)C.Cl,,-3.951952339
2978,C-2979,,VMAUDRNSDVRVPM-UHFFFAOYSA-N,CC(COc1ccc(cc1)C(=O)CCN1CCCCC1)C.Cl,,-3.951952339
2979,C-2980,,RQXCLMGKHJWMOA-UHFFFAOYSA-N,OC(c1ccccc1)(c1ccccc1)CCN1CCCCC1,,-3.951803175
2980,C-2981,,WGXCKFMVBAOIFH-UHFFFAOYSA-N,S=C=Nc1cccc(c1)Cl,,-3.950738846
2981,C-2982,,MDNWOSOZYLHTCG-UHFFFAOYSA-N,Oc1ccc(cc1Cc1cc(Cl)ccc1O)Cl,,-3.95
2982,C-2983,,UWIGKXXCHKVGHW-UHFFFAOYSA-N,CCCCCCOC(=O)c1ccc(cc1)N,,-3.95
2983,C-2984,,KXGVEGMKQFWNSR-ASMMDWMDSA-N,O[C@H]1CC[C@]2([C@H](C1)CC[C@@H]1[C@@H]2C[C@@H](O)[C@]2([C@H]1CC[C@@H]2[C@H](CCC(=O)O)C)C)C,,-3.95
2984,C-2985,,ADIMAYPTOBDMTL-OAHLLOKOSA-N,O=C1Nc2ccc(cc2C(=N[C@@H]1O)c1ccccc1)Cl,,-3.95
2985,C-2986,,ULULAZKOCFNOIM-UHFFFAOYSA-N,CCCCCCOC(=O)c1ccc(cc1)O,,-3.948968195
2986,C-2987,,IQNOBTBYHWYITG-UHFFFAOYSA-N,C[NH2+]CCCC1(OCCc2c1cccc2)c1ccccc1.[Cl-],,-3.94834874
2987,C-2988,,SVQPFJPZAKQLCE-TTWKNDKESA-N,COc1cc(/C=C/C(=O)CCN2CCN(CC2)C2CCCCC2)cc(c1OC)OC.Cl.Cl,,-3.946223412
2988,C-2989,,DLEXINLCPPEMMI-UHFFFAOYSA-N,CCCCCCS(=O)CCCCCC,,-3.944798965
2989,C-2990,,WOHKFWLAUZYPMT-JVFQMWRPSA-N,COCC(=CCN1CC[C@@]23[C@H]([C@H]1Cc1c3cc(cc1)O)CCCC2)C.Cl,,-3.943969341
2990,C-2991,,GBIQBERJADTQJA-UHFFFAOYSA-M,[O-]C(=O)c1ccc(c(c1)I)F.[Na+],,-3.94350658
2991,C-2992,,WVKIYGXHDKTNFO-UHFFFAOYSA-M,[O-]C(=O)C(c1cccc(c1)Oc1ccccc1)C.[Na+],,-3.943458378
2992,C-2993,,BIRIVPOTERXIOW-UHFFFAOYSA-N,OC(=O)c1c[nH]c2c(c1=O)ccc(c2)C(F)(F)F,,-3.943349307
2993,C-2994,,MAFHATNPZLRYJY-UHFFFAOYSA-M,CC([N+](C)(C)C)CN1c2ccccc2Sc2c1cccc2.[I-],,-3.942247482
2994,C-2995,,BGWJTLLALYACOG-UHFFFAOYSA-N,CCOP(=O)(Oc1ccc(cc1)[N+](=O)[O-])SCC,,-3.941833629
2995,C-2996,,TZWJIEYUCJKWND-UHFFFAOYSA-N,OC(=O)C(c1ccccc1)NCc1ccccc1C,,-3.941696881
2996,C-2997,,LYOMMGYLWUESDC-UHFFFAOYSA-M,ClCCN(c1cc(ccc1C)C(=O)NCC(=O)[O-])CCCl.[Na+],,-3.940867556
2997,C-2998,,KNZADIMHVBBPOA-UHFFFAOYSA-N,CCCCOc1ccc(cc1)C(=O)CCN1CCCCC1.Cl,,-3.940182121
2998,C-2999,,LMINNBXUMGNKMM-UHFFFAOYSA-N,OC(=O)Cc1ccc2c(c1)N(C)c1c(S2)cccc1,,-3.9400001
2999,C-3000,,UQZVCDCIMBLVNR-TWYODKAFSA-N,O=C(NS(=O)(=O)C)CCC/C=C\C[C@H]1C(=O)C[C@H]([C@@H]1/C=C/[C@H](COc1ccccc1)O)O,,-3.939379349
3000,C-3001,,MPCWIZAWGSZCIC-UHFFFAOYSA-N,ClCCN(C(=O)NC(C(=O)O)C1CCCCC1)N=O,,-3.937354154
3001,C-3002,,GDGCCLGDBQIELP-UHFFFAOYSA-N,CCCCOc1ccc(cc1)C(=O)OCCN(CC)CC.Cl,,-3.936955536
3002,C-3003,,VKEBWCZVWZDPKV-UHFFFAOYSA-N,Cc1ccc(cc1)C1SCCS1,,-3.936951961
3003,C-3004,,RQLUJIORESNTSA-UHFFFAOYSA-N,CNC(CC12CC3CC(C2)CC(C1)C3)C.Cl,,-3.936818437
3004,C-3005,,BNQKBUOGDLGSFJ-UHFFFAOYSA-N,CCCN1CCC(C1)OC(=O)Nc1c(C)cccc1C,,-3.936356634
3005,C-3006,,GQBBRMZCLIBJIM-UHFFFAOYSA-N,CCN1CCCC(C1)OC(=O)Nc1c(C)cccc1C,,-3.936356634
3006,C-3007,,BYFMCKSPFYVMOU-UHFFFAOYSA-N,OC(=O)COc1nn(c2c1cccc2)Cc1ccccc1,,-3.934041796
3007,C-3008,,JTJMJGYZQZDUJJ-UHFFFAOYSA-N,C1CCC(CC1)(N1CCCCC1)c1ccccc1,,-3.933450532
3008,C-3009,,HEVSQLIUCMHBPN-UHFFFAOYSA-N,NCCc1c(C)n(c2c1cc(OC)cc2)Cc1ccccc1.Cl,,-3.933051697
3009,C-3010,,MBGTZOAOUKGRQG-UHFFFAOYSA-N,CCCC[NH2+]CCOC(=O)c1cccc(c1OCCCC)OC.[Cl-],,-3.932921684
3010,C-3011,,ZCKYMTCEZUCVKI-UHFFFAOYSA-L,C[N+]1(CCC[N+]2(C)CCCCC2)CCCCC1.[I-].[I-],,-3.932765584
3011,C-3012,,SXPONSAEIRBHLH-UHFFFAOYSA-N,SCCNCCCCCOc1ncc(cc1Cl)Cl.Cl,,-3.93125315
3012,C-3013,,NZVQLVGOZRELTG-UHFFFAOYSA-N,COc1c2c(=O)cc(oc2cc2c1cco2)C,,-3.93061656
3013,C-3014,,JTPNRXUCIXHOKM-UHFFFAOYSA-N,Clc1cccc2c1cccc2,,-3.9300001
3014,C-3015,,COGWTYZJZRNZQG-UHFFFAOYSA-N,Nc1ccc2c(c1)N(C)C(=O)c1c(O2)ccc(c1)C,,-3.9300001
3015,C-3016,,LEHOTFFKMJEONL-UHFFFAOYSA-N,O=c1[nH]c2c([nH]1)[nH]c(=O)[nH]c2=O,,-3.9300001
3016,C-3017,,DNTHHIVFNQZZRD-QYCNPIGJSA-N,O=C1NC(=O)[C@@H]2[C@H]1[C@H]1/C(=C(/c3ccccn3)\c3ccccc3)/[C@@H]2C=C1[C@](c1ccccn1)(c1ccccc1)O,,-3.9300001
3017,C-3018,,HMIBKHHNXANVHR-UHFFFAOYSA-N,O=C(N(C)C)SCCCCOc1ccccc1,,-3.9300001
3018,C-3019,,BLISXILRWQPCCP-UHFFFAOYSA-N,CCc1nc(NC(C)C)nc(n1)NC(C)C,,-3.928979669
3019,C-3020,,RSVYIRQHLXEENT-UHFFFAOYSA-N,OC(=O)COc1ccc(c(c1Cl)Cl)C(c1cccs1)O,,-3.928285057
3020,C-3021,,PYTCKRXHAISOQN-UHFFFAOYSA-N,CCCCOc1nc(OCCCC)cc(c1)C(=O)N(N)C,,-3.92756007
3021,C-3022,,WWKKKNWWXRBJSO-UHFFFAOYSA-N,CN1CC2CCC(C1)N2CCOC(=O)C1CCCC1c1ccccc1,,-3.926112985
3022,C-3023,,SAADBVWGJQAEFS-UHFFFAOYSA-N,CCN(CCN1C(=O)CN=C(c2c1ccc(c2)Cl)c1ccccc1F)CC,,-3.925942914
3023,C-3024,,KRZXDTYOZAQOGL-UHFFFAOYSA-N,COc1cc(ccc1OCc1ccccc1)Cc1cnc(nc1N)N,,-3.924572435
3024,C-3025,,WVADYUOPJSVCLD-UHFFFAOYSA-M,CCCN1C(=NC(=O)C(C1=O)(CC)CCC(C)C)[O-].[Na+],,-3.922575887
3025,C-3026,,QEVHRUUCFGRFIF-MDEJGZGSSA-N,COc1ccc2c(c1)[nH]c1c2CCN2[C@@H]1C[C@H]1[C@@H](C2)C[C@H]([C@@H]([C@H]1C(=O)OC)OC)OC(=O)c1cc(OC)c(c(c1)OC)OC,,-3.920833968
3026,C-3027,,UHQRXMSDIYLZDO-UHFFFAOYSA-N,OC(=O)C(=O)O.CNCCC1(OC(c2c1cccc2)(C)C)c1ccccc1,,-3.920545639
3027,C-3028,,NLYNUTMZTCLNOO-UHFFFAOYSA-N,CON(C(=O)Nc1ccc(c(c1)Cl)Br)C,,-3.9200001
3028,C-3029,,DOZRDZLFLOODMB-UHFFFAOYSA-N,O=Cc1cc(c(c(c1)C(C)(C)C)O)C(C)(C)C,,-3.916526232
3029,C-3030,,DUHUCHOQIDJXAT-CSXWOMMHSA-N,O[C@@H]1CC[C@]2([C@@H](C1)CC[C@@H]1[C@@H]2C(=O)C[C@]2([C@H]1CC[C@@H]2C(=O)C)C)C,,-3.915389399
3030,C-3031,,OKBVVJOGVLARMR-QSWIMTSFSA-N,Nc1nc(cs1)/C(=N/OCC(=O)O)/C(=O)N[C@H]1[C@H]2SCC(=C(N2C1=O)C(=O)O)C=C,,-3.915293249
3031,C-3032,,BFLQZZJZTFQHKJ-UHFFFAOYSA-N,COc1cc(CCN(CC2CCc3c(N2)cccc3)C)ccc1OC,,-3.915074696
3032,C-3033,,NOESKWHLOMLRIG-UHFFFAOYSA-L,C[N+]1(CC[N+]2(C)CCCC2)CC2CCCC(C1)C2.[I-].[I-],,-3.914788613
3033,C-3034,,YTBDPHYVGACIPC-UHFFFAOYSA-N,O=c1[nH]c(NCCSCc2nc[nH]c2C)ncc1Cc1ccc2c(c1)OCO2,,-3.914043297
3034,C-3035,,FAPJKUXLWRHQRD-UHFFFAOYSA-N,CN(CCC12CC3CC(C1)CC(C2)(C3)CCN(C)C)C.Cl.Cl,,-3.913344453
3035,C-3036,,JLBDOSAQLCZTSX-UHFFFAOYSA-N,O=C(c1ccccc1)c1cccc(c1)NS(=O)(=O)C(F)F,,-3.912714536
3036,C-3037,,IBBLRJGOOANPTQ-JKVLGAQCSA-N,CCOC(=O)[C@@H](N[C@H](C(=O)N1Cc2ccccc2C[C@H]1C(=O)O)C)CCc1ccccc1.Cl,,-3.91250101
3037,C-3038,,LWQZLQISFLBSGW-UHFFFAOYSA-N,ClC(=CCC1=C(O)c2c(C(=O)C1=O)cccc2)Cl,,-3.912493514
3038,C-3039,,GWJMJKOULKJMQA-UHFFFAOYSA-M,[O-]S(=O)(=O)O.CC([N+](C)(C)C)CN1c2ccccc2Sc2c1cccc2,,-3.910736125
3039,C-3040,,WWKINABOMDPLIE-UHFFFAOYSA-N,BrCCN(c1ccc(cc1)S(=O)(=O)N)CCBr,,-3.908183661
3040,C-3041,,NIACDRXJTWKKRD-UHFFFAOYSA-N,CCCCC(c1ccccc1)OC(=O)CCC(=O)O,,-3.907583932
3041,C-3042,,DWTDGCXSUCRGEH-UHFFFAOYSA-N,OC(CN1CCN(CC1)c1cccc(c1)C(F)(F)F)COc1ccccc1C(=O)C,,-3.905613955
3042,C-3043,,ARPYQKTVRGFPIS-UHFFFAOYSA-N,OC(=O)C(c1ccc2c(c1)nc(o2)c1ccc(cc1)F)C,,-3.905033823
3043,C-3044,,QPJRVPQZLARJGF-UHFFFAOYSA-N,OC(=O)C(c1ccc2c(c1)nc(o2)c1cccc(c1)F)C,,-3.905033823
3044,C-3045,,LVDKGYHINGQDRF-UHFFFAOYSA-N,OC(=O)C(c1ccc2c(c1)nc(o2)c1ccccc1F)C,,-3.905033823
3045,C-3046,,PZPZDEIASIKHPY-UHFFFAOYSA-N,Nc1ccc(cc1C(=O)c1ccccc1)[N+](=O)[O-],,-3.90422814
3046,C-3047,,PSFDQSOCUJVVGF-UHFFFAOYSA-N,Cc1nccc2c1[nH]c1c2cccc1,,-3.903819882
3047,C-3048,,KODJEKMBSLNJIH-UHFFFAOYSA-N,CC(NC(c1ccccc1)Cc1ccccc1)C.Cl,,-3.902806675
3048,C-3049,,UBWNEPDEJMUZTC-UHFFFAOYSA-N,CCCCCCCCCCCCNCCSS(=O)(=O)O,,-3.901925519
3049,C-3050,,SWMGZHSQTIHKNA-UHFFFAOYSA-N,ClCCN(c1cc(ccc1C)C(=O)N1CCOCC1)CCCl,,-3.900661581
3050,C-3051,,BYYMILHAKOURNM-VIFPVBQESA-N,C[C@H](N(C(=O)Nc1ccc(cc1)Cl)C)C#C,,-3.9000001
3051,C-3052,,KUAZQDVKQLNFPE-UHFFFAOYSA-N,CN(C(=S)SSC(=S)N(C)C)C,,-3.9000001
3052,C-3053,,PYGXAGIECVVIOZ-UHFFFAOYSA-N,CCCCOC(=O)CCCCCCCCC(=O)OCCCC,,-3.9000001
3053,C-3054,,BSXDHIQUZKZSEK-UHFFFAOYSA-N,C[NH+](CCOC(c1ccc(cc1)C)c1ccc(cc1)C)C.[Cl-],,-3.899672524
3054,C-3055,,VZIVJQXNNVIFLG-UHFFFAOYSA-N,Cc1cccc(c1)C(c1ccccc1C)OCC[NH+](C)C.[Cl-],,-3.899672524
3055,C-3056,,RNFMKVCEDRZYHI-UHFFFAOYSA-N,Cc1ccc(cc1)C(c1ccccc1C)OCC[NH+](C)C.[Cl-],,-3.899672524
3056,C-3057,,MECHNRXZTMCUDQ-RKHKHRCZSA-N,O[C@H]1CCC(=C)/C(=C\C=C\2/CCC[C@]3([C@H]2CC[C@@H]3[C@@H](/C=C/[C@@H](C(C)C)C)C)C)/C1,,-3.899447308
3057,C-3058,,ZQEHLMSPKOCPPS-UHFFFAOYSA-N,C[NH+]1C2CCC1CC(C2)OC(=O)C(=C)c1ccccc1Cl.[Cl-],,-3.895866902
3058,C-3059,,NNYJOYIOFGFCFP-UHFFFAOYSA-N,C[NH+]1C2CCC1CC(C2)OC(=O)C(=C)c1cccc(c1)Cl.[Cl-],,-3.895866902
3059,C-3060,,FFXJBGZEAHBHCF-UHFFFAOYSA-N,COP(=O)(Oc1ccc(c(c1)C(C)C)[N+](=O)[O-])OC,,-3.894325673
3060,C-3061,,SHAYBENGXDALFF-UHFFFAOYSA-N,CNCCC=C1c2ccccc2CCc2c1cccc2.Cl,,-3.892561256
3061,C-3062,,LYMCPICMHHGLKL-UHFFFAOYSA-N,Fc1cccc(c1)C(C(=O)c1ccccc1)CN1CCCC1.Cl,,-3.891069358
3062,C-3063,,XWVNWXNQELAUTL-UHFFFAOYSA-N,Fc1cccc(c1)C(=O)C(c1ccccc1)CN1CCCC1.Cl,,-3.891069358
3063,C-3064,,POKIXMUTMSQCFD-OISMXEOCSA-N,COc1cc(ccc1OC)/C(=[NH+]\OCC(=O)NCC[NH+]1CCOCC1)/c1nccc2c1cc(OC)c(c2)OC.[Cl-].[Cl-],,-3.89098601
3064,C-3065,,ZJMWRROPUADPEA-SECBINFHSA-N,CC[C@H](c1ccccc1)C,,-3.8900001
3065,C-3066,,PJVWKTKQMONHTI-HNNXBMFYSA-N,CC(=O)C[C@H](c1c(=O)oc2c(c1O)cccc2)c1ccccc1,,-3.8900001
3066,C-3067,,OXSRKPVVVMMMER-UHFFFAOYSA-N,CCCC1OC(CCC)OC(O1)CCC,,-3.889494479
3067,C-3068,,GXKPARDRBFURON-UHFFFAOYSA-N,C1CSC(SC1)c1ccccc1,,-3.888144102
3068,C-3069,,NTHXOOBQLCIOLC-UHFFFAOYSA-N,OCC(CN(c1c(I)c(C(=O)NCC(CO)O)c(c(c1I)C(=O)NCC(CO)O)I)C(=O)C)O,,-3.887068674
3069,C-3070,,STJGROCZENGPFG-UHFFFAOYSA-N,ClCC[NH+](CCOc1ccccc1OC)CCOc1ccccc1OC.[Cl-],,-3.885447798
3070,C-3071,,LGLQBSMADBVAHQ-UHFFFAOYSA-N,CCN(c1nc(nc(n1)N(C)C)N(C)C)CC,,-3.885413337
3071,C-3072,,XGJBEXXFJLMBJT-UHFFFAOYSA-N,CCC[NH+](C(CCC)CCC)CCC.[Cl-],,-3.88406675
3072,C-3073,,JCICIFOYVSPMHG-UHFFFAOYSA-N,O=C1Cc2c(N1c1c(Cl)cccc1Cl)cccc2,,-3.881958079
3073,C-3074,,DHDSALKEOLDSSE-UHFFFAOYSA-N,CCCCCOc1ccccc1C(=O)C,,-3.881498359
3074,C-3075,,LSQXNMXDFRRDSJ-UHFFFAOYSA-N,COc1cc(C)ccc1C(C)C,,-3.881046339
3075,C-3076,,UVTNFZQICZKOEM-UHFFFAOYSA-N,CC(N(C(C)C)CCC(c1ccccn1)(c1ccccc1)C(=O)N)C,,-3.878765183
3076,C-3077,,FBSKJMQYURKNSU-ZLSOWSIRSA-N,OC[C@H]1O[C@@H](OCCc2ccc(c(c2)O)O)[C@@H]([C@H]([C@@H]1OC(=O)/C=C/c1ccc(c(c1)O)O)O[C@@H]1O[C@@H](C)[C@@H]([C@H]([C@H]1O)O)O)O,,-3.876518311
3077,C-3078,,SLFSSUKLMIHWLW-UHFFFAOYSA-N,CN1CCCC1c1c[nH]c2c1cc(OCc1ccccc1)cc2,,-3.874578209
3078,C-3079,,CEQUUCYPMIWLLU-UHFFFAOYSA-N,O=C(Nc1c(C)cccc1C)OC1CCN(C1)C(C)C,,-3.873304888
3079,C-3080,,BWSSMIJUDVUASQ-UHFFFAOYSA-N,Clc1cc2NC(Cc3ccccc3)NS(=O)(=O)c2cc1S(=O)(=O)N,,-3.87283088
3080,C-3081,,CSWDSRGWVHVGBE-UHFFFAOYSA-N,Clc1ccc2c(c1)C(=NC(C(=O)N2)[n+]1cccc(c1)C(=O)N)c1ccccc1Cl.[Cl-],,-3.872694613
3081,C-3082,,DEVLSRYIZQUILC-UHFFFAOYSA-N,Clc1ccc2c(c1)C(=NC(C(=O)N2)[n+]1ccc(cc1)C(=O)N)c1ccccc1Cl.[Cl-],,-3.872694613
3082,C-3083,,SFKAGNBDQIEJKL-QKWMYHQSSA-N,COc1ccc(cc1)CC(N1CC[C@@]23[C@H]([C@H]1Cc1c3cc(cc1)O)CCCC2)O.Cl,,-3.872277482
3083,C-3084,,GIDHETAVKZYKOZ-BLSZYJJPSA-N,C/C=C/CN1CC[C@@]23[C@H]([C@H]1Cc1c3cc(cc1)O)CCCC2.Br,,-3.870328154
3084,C-3085,,XQYZDYMELSJDRZ-UHFFFAOYSA-N,COc1ccc(cc1OC)Cc1nccc2c1cc(OC)c(c2)OC	,,-3.87
3085,C-3086,,RUWKCARHAVFUFY-UHFFFAOYSA-L,CC[N+](CCOCC[N+](CC)(CC)CC)(CC)C.[Br-].[Br-],,-3.868420247
3086,C-3087,,TZRXHJWUDPFEEY-UHFFFAOYSA-N,[O-][N+](=O)OCC(CO[N+](=O)[O-])(CO[N+](=O)[O-])CO[N+](=O)[O-],,-3.866404138
3087,C-3088,,XWYBFXIUISNTQG-VKMGZQQJSA-N,OCC(=O)[C@H]1CC[C@@H]2[C@]1(C)CC(=O)[C@H]1[C@H]2CC[C@@H]2[C@]1(C)CC[C@H](C2)O,,-3.866403255
3088,C-3089,,QWLHJVDRPZNVBS-UHFFFAOYSA-N,O=Cc1ccc(cc1)Oc1ccccc1,,-3.86418035
3089,C-3090,,MPNVSKLDSKNFBT-SOFGYWHQSA-N,CCCCOc1ccc(cc1C)/C=C/C(=O)NO,,-3.86398532
3090,C-3091,,LXACVVADKCRIQI-UHFFFAOYSA-N,CCOC(=O)c1c(C)ccc(c1OCC(=O)OCCN(C)C)C(C)C,,-3.863709809
3091,C-3092,,QGHFKHLAYNXMED-UHFFFAOYSA-N,COC(=O)c1c(C)ccc(c1OCC(=O)OCCCN(C)C)C(C)C,,-3.863709809
3092,C-3093,,CLFJVCIWWFEVMI-UHFFFAOYSA-N,CCC(=O)OC1(C(=O)NC(=O)NC1=O)C(c1ccccc1)C,,-3.863168752
3093,C-3094,,NUKDUWOUXNVQNT-BGNBUWATSA-N,O=C(/C=C/c1ccccc1)CCN1CCN(CC1)c1ccccc1F.Cl.Cl,,-3.862923962
3094,C-3095,,FVDITDRRUMYAHJ-QVLKBJGCSA-N,O=C(/C=C/c1ccccc1)CCN1CCN(CC1)c1ccc(cc1)F.Cl.Cl,,-3.862923962
3095,C-3096,,ZMISODWVFHHWNR-UHFFFAOYSA-N,OC(c1ccccc1)(c1ccccc1)C1CCNCC1,,-3.86292348
3096,C-3097,,GRTOGORTSDXSFK-XJTZBENFSA-N,COC(=O)C1=CO[C@H]([C@@H]2[C@@H]1C[C@@H]1N(C2)CCc2c1[nH]c1c2cccc1)C,,-3.862860992
3097,C-3098,,VHBFFQKBGNRLFZ-UHFFFAOYSA-N,O=c1cc(oc2c1cccc2)c1ccccc1,,-3.862243562
3098,C-3099,,UPCGRNOLIKUHRT-UHFFFAOYSA-N,CN(CCC[N+]1([O-])c2ccccc2S(=O)c2c1cc(cc2)C(C)(C)C)C.O.O,,-3.861516351
3099,C-3100,,OJIOCNFCPOQZFN-UHFFFAOYSA-N,Cc1ccc(cc1)OC(=O)c1ccc(cc1O)N,,-3.861418543
3100,C-3101,,UFMAXJGHHZKXIO-UHFFFAOYSA-N,CC1CCCCN1CCCCOC(=O)c1ccccc1,,-3.86131211
3101,C-3102,,ITIONVBQFUNVJV-UHFFFAOYSA-N,CCN1C(=O)c2c(C1Nc1ccc(cc1)OCCN1CCCCC1)cccc2,,-3.859222531
3102,C-3103,,RGYOCHMZSLUCNP-UHFFFAOYSA-N,N#CC(c1cccc(c1)C(=O)c1ccccc1)C,,-3.858378486
3103,C-3104,,VABCILAOYCMVPS-UHFFFAOYSA-N,CC(=O)CC(c1c(=O)oc2c(c1O)cccc2)c1ccc(cc1)[N+](=O)[O-],,-3.857187469
3104,C-3105,,XZLBXQZCBMFFQT-UHFFFAOYSA-N,CCOC(=O)c1c(C)ccc(c1OCC(CNC(C)C)O)C(C)C,,-3.856124431
3105,C-3106,,QTQPVLDZQVPLGV-UHFFFAOYSA-N,CN(CC(CN1c2ccccc2S(=O)(=O)c2c1cccc2)C)C,,-3.855211214
3106,C-3107,,WISVKXCNQOLCJL-UHFFFAOYSA-N,O=C(C(C)(C)C)COc1ccc(cc1)Cl,,-3.854392258
3107,C-3108,,RMQKPRRJSKFBRU-UHFFFAOYSA-N,CCOC(=O)C(c1ccccc1)(C(=O)NCCN(CC)CC)CC,,-3.854005531
3108,C-3109,,MBEIYAXOZCKVDR-UHFFFAOYSA-N,CCC(=O)N1C2CCC1CN(C2)CCCc1ccccc1,,-3.853857467
3109,C-3110,,YQULREKUYCCSJA-UHFFFAOYSA-N,Oc1cccc(c1)Nc1ccccc1C(=O)O,,-3.853370202
3110,C-3111,,FJQXCDYVZAHXNS-UNTBIKODSA-N,CCC(=O)C(c1ccccc1)(c1ccccc1)C[C@H]([NH+](C)C)C.[Cl-],,-3.853222647
3111,C-3112,,FJQXCDYVZAHXNS-LMOVPXPDSA-N,CCC(=O)C(c1ccccc1)(c1ccccc1)C[C@@H](N(C)C)C.Cl,,-3.853222647
3112,C-3113,,PXLPCZJACKUXGP-UHFFFAOYSA-N,CCc1nc(N)nc(c1c1ccc(c(c1)Cl)Cl)N,,-3.853016544
3113,C-3114,,FHRIDUNQMHKUNM-TTWKNDKESA-N,COc1cc(/C=C/C(=O)CCN2CCN(CC2)CCc2ccccc2)cc(c1OC)OC.Cl.Cl,,-3.852707617
3114,C-3115,,YLQWCDOCJODRMT-UHFFFAOYSA-N,O=C1c2ccccc2c2c1cccc2,,-3.852477078
3115,C-3116,,ZAHXYMFVNNUHCP-UHFFFAOYSA-N,C1CN=C(N1)Cc1cccc2c1cccc2.[O-][N+](=O)O,,-3.852295679
3116,C-3117,,NPKOWFSBIXNSIE-UHFFFAOYSA-N,CCN(CCOCc1cc(Br)cc(c1OC)Br)CC,,-3.852217838
3117,C-3118,,BYVXYEQOFCJKRP-UHFFFAOYSA-M,C[N+](Cc1ccccc1)(CCOCCC1CCC2CC1C2(C)C)C.[Br-],,-3.851321841
3118,C-3119,,KZLNXGBVFTWMPS-UHFFFAOYSA-N,CCN(C(=O)C1CN2CCc3c(C2CC1OC(=O)C)cc(c(c3)OC)OC)CC.Cl,,-3.85131252
3119,C-3120,,LOKRZPSRQFVRBE-UHFFFAOYSA-N,CCCCOc1ccc(cc1Br)CC(=O)NO,,-3.850838871
3120,C-3121,,LYZGJWXNOGIVQA-DDWIOCJRSA-M,C=CCC1([C@@H](CCC)C)C(=O)NC(=S)N=C1[O-].[Na+],,-3.850363414
3121,C-3122,,LYZGJWXNOGIVQA-QRPNPIFTSA-M,CCC[C@@H](C1(CC=C)C(=O)NC(=NC1=O)[S-])C.[Na+],,-3.850363414
3122,C-3123,,UAEPNZWRGJTJPN-UHFFFAOYSA-N,CC1CCCCC1,,-3.8499999
3123,C-3124,,MXWJVTOOROXGIU-UHFFFAOYSA-N,CCNc1nc(NC(C)C)nc(n1)Cl,,-3.8499999
3124,C-3125,,QUQBHBRVKLEOEI-WVIDUPSYSA-N,OCC(=O)[C@H]1CC[C@H]2[C@@]31C[C@H](O[C@@H]3O)[C@H]1[C@H]2CCC2=CC(=O)CC[C@]12C,,-3.8499999
3125,C-3126,,PQSUYGKTWSAVDQ-JAZZVVOUSA-N,OCC(=O)[C@H]1CC[C@@H]2[C@]1(C=O)C[C@@H](O)[C@H]1[C@H]2CCC2=CC(=O)CC[C@]12C,,-3.8499999
3126,C-3127,,RCISIXJGNBXXPZ-UHFFFAOYSA-N,COc1ccc2c(c1CN(C)C)oc(c(c2=O)C)c1ccccc1.Cl,,-3.849403737
3127,C-3128,,WDGQNNMGINPRQL-UHFFFAOYSA-N,[NH3+]C1Cc2ccccc2Cc2c1cccc2.[Cl-],,-3.848914283
3128,C-3129,,AQXXZDYPVDOQEE-MXDQRGINSA-N,OC(=O)c1cc2ccccc2c(c1O)Cc1c(O)c(cc2c1cccc2)C(=O)O.CN1CCCN=C1/C=C/c1cccs1,,-3.847428092
3129,C-3130,,YBXQUVYQOUFMOM-UHFFFAOYSA-N,O=C1OC(CN(C1=O)C1CCCCC1)c1ccccc1,,-3.846740878
3130,C-3131,,PDOLRXVBUWVQQX-UHFFFAOYSA-N,COC(=O)c1c(C)ccc(c1OCC(=O)NCCN(C)C)C(C)C,,-3.846561797
3131,C-3132,,AMDBBAQNWSUWGN-UHFFFAOYSA-N,OCCN(c1c(I)c(C(=O)NCC(CO)O)c(c(c1I)C(=O)NCC(CO)O)I)C(=O)CO,,-3.844729604
3132,C-3133,,PDVQJRZXKZSVMU-UHFFFAOYSA-N,Clc1cnc(c(c1)Cl)SCCCCN1CSCC1.Cl,,-3.843353527
3133,C-3134,,WBDPNBDCQCWMSZ-UHFFFAOYSA-N,OC(CN1CCN2C(C1)CCc1c2cccc1)Cc1ccccc1.Cl.Cl,,-3.842653191
3134,C-3135,,GZVVNAWGGPWOOK-UHFFFAOYSA-N,CCOC(=O)N1CC=Cc2c1cccc2,,-3.842628472
3135,C-3136,,RSBZNKFYPLBYBR-UHFFFAOYSA-N,OCC(CN(C(=O)c1c(I)c(C(=O)N(CC(CO)O)C)c(c(c1I)NC(=O)C)I)C)O,,-3.842482071
3136,C-3137,,LWHDQPLUIFIFFT-UHFFFAOYSA-N,BrC1=C(Br)C(=O)C(=C(C1=O)Br)Br,,-3.842420661
3137,C-3138,,GVVXPMORGFYVOO-ZDUSSCGKSA-N,COc1c(OC)cc2c3c1c1cc(OC)c(cc1C[C@@H]3NCC2)O,,-3.841846863
3138,C-3139,,VLAXZGHHBIJLAD-UHFFFAOYSA-N,Oc1ccc(cc1N)/[As]=[As]/c1ccc(c(c1)N)O.Cl.Cl,,-3.84147166
3139,C-3140,,XWKGHFQYDTZPCD-UHFFFAOYSA-M,O=C(C(c1ccccc1)O)OC1CC2CCC(C1)[N+]2(C)Cc1ccc(cc1)Cl.[Br-],,-3.840004042
3140,C-3141,,VLKZOEOYAKHREP-UHFFFAOYSA-N,CCCCCC,,-3.8399999
3141,C-3142,,QNIUOGIMJWORNZ-UHFFFAOYSA-N,CCCCOc1ccc(cc1)C(=O)OCCN(CC)CC,,-3.8399999
3142,C-3143,,VZPIPJKBIZCCCK-UHFFFAOYSA-N,CCCCOc1ccc(c(c1)N(CC)CC)C(=O)OCC,,-3.8399999
3143,C-3144,,KKEAXAUOTXQKNV-UHFFFAOYSA-N,CCCCCOc1ccc(cc1Cl)CC(=O)NO,,-3.839762619
3144,C-3145,,GWRIEBWTOVUVEA-UHFFFAOYSA-N,Brc1ccc2c(c1)c(CC[NH+](C)C)cs2.[Cl-],,-3.839544414
3145,C-3146,,RRGCKMHKMCUKAH-UHFFFAOYSA-N,ClCCN(c1cc(ccc1C)C(=O)N1CC1)CCCl.O,,-3.839456294
3146,C-3147,,UZGWBNJMOBHHIU-UHFFFAOYSA-N,N#Cc1ccc2c(c1)c(N)c1c(n2)cccc1,,-3.83850652
3147,C-3148,,UPSFRSUKUUOJFH-UHFFFAOYSA-N,CNC(CC12CC3CC(C1)CC(C2Cl)C3)C.Cl,,-3.838070961
3148,C-3149,,ISXUHJXWYNONDI-UHFFFAOYSA-L,Cl[Sn](c1ccccc1)(c1ccccc1)Cl,,-3.837363645
3149,C-3150,,YMVWGSQGCWCDGW-UHFFFAOYSA-N,CN(CCCNc1c2ccccc2nc2c1c(ccc2)[N+](=O)[O-])C,,-3.836657612
3150,C-3151,,LTILHNGHWBCFLL-UHFFFAOYSA-N,Brc1cc(C)c(c(c1)C(=O)NC1CC1)O,,-3.835739627
3151,C-3152,,DZQHJJNXQKUMDH-UHFFFAOYSA-N,CC[NH+](CCC1(c2ccccc2)C(=O)Oc2c1cc(C)cc2)CC.[Cl-],,-3.834364003
3152,C-3153,,LGUQLTCUYSWFIN-UHFFFAOYSA-N,CCOC(=O)c1c(C)ccc(c1OCCN(C)C)C(C)C,,-3.83400203
3153,C-3154,,FGVITAFIUFLYQJ-UHFFFAOYSA-N,COC(=O)c1c(C)ccc(c1OCCCN(C)C)C(C)C,,-3.83400203
3154,C-3155,,UZQWAYFXMZILIT-UHFFFAOYSA-N,O=C(Nc1ccc(cc1)[N+](=O)[O-])CN1CCCCC1,,-3.833746109
3155,C-3156,,HJWLWNLAIBFKDO-UHFFFAOYSA-N,OC(=O)C(=C)CC(=O)c1ccc(cc1)c1ccccc1Cl,,-3.833651264
3156,C-3157,,NASXCEITKQITLD-UHFFFAOYSA-N,O=C1C(c2ccc(cc2)F)C(=O)c2c1cccc2,,-3.830159708
3157,C-3158,,IFKLAQQSCNILHL-QHAWAJNXSA-N,Oc1ccc2c(c1)[C@]13CCCC[C@]3([C@@H](C2)N(CC1)CC1CCC1)O,,-3.829248062
3158,C-3159,,SJDACOMXKWHBOW-UHFFFAOYSA-N,Oc1ccc(cc1)C1(c2ccc(cc2)O)C(=O)Nc2c1cccc2,,-3.827588279
3159,C-3160,,GQXCKOFQLIXWQR-UHFFFAOYSA-M,Brc1ccc(nc1)OCCCCC[N+]1(C)CSCC1.[Cl-],,-3.826674731
3160,C-3161,,WKDGHNKIZHDFPJ-UHFFFAOYSA-N,CC(=O)OC(CN1CCN(CC1)c1ccccc1)COc1ccccc1C(=O)C.Cl.Cl,,-3.825827861
3161,C-3162,,FVLVBPDQNARYJU-UHFFFAOYSA-N,ClCCN(C(=O)NC1CCC(CC1)C)N=O,,-3.825647263
3162,C-3163,,SGDBTWWWUNNDEQ-LBPRGKRZSA-N,ClCCN(c1ccc(cc1)C[C@@H](C(=O)O)N)CCCl,,-3.824857025
3163,C-3164,,SGDBTWWWUNNDEQ-UHFFFAOYSA-N,ClCCN(c1ccc(cc1)CC(C(=O)O)N)CCCl,,-3.82466692
3164,C-3165,,CYGPBPUSLWHJJI-UHFFFAOYSA-N,CN(C1CCN(C1=O)c1ccccc1)CCc1ccccc1.Cl.O,,-3.824163181
3165,C-3166,,FJKFBLLIOVQLFS-UHFFFAOYSA-L,[O-]C(=O)c1ccccc1.[O-]C(=O)c1ccccc1.[Hg+2],,-3.822168462
3166,C-3167,,IATOMHNNMDOQEO-UHFFFAOYSA-N,CCCC(c1ccccc1)C(=O)OCCN(CC)CC.Cl,,-3.821883132
3167,C-3168,,QLQCGYKBQYMJFD-UHFFFAOYSA-N,OCCNc1nc(c(o1)c1ccccc1)c1ccccc1,,-3.820299073
3168,C-3169,,OTTZHAVKAVGASB-HYXAFXHYSA-N,CCCC/C=C\C,,-3.8199999
3169,C-3170,,DGABKXLVXPYZII-QVHPXOQOSA-N,O[C@H]1CC[C@]2([C@H](C1)[C@@H](O)C[C@@H]1[C@@H]2CC[C@]2([C@H]1CC[C@@H]2[C@H](CCC(=O)O)C)C)C,,-3.8199999
3170,C-3171,,ZFFLXJVVPHACEG-UHFFFAOYSA-N,FC1=C(F)C(F)(F)C(C(C1(F)F)(F)F)(F)F,,-3.818610208
3171,C-3172,,GVEHAHIPWCDIMQ-UHFFFAOYSA-N,COc1cc(cc(c1OC)OC)C(=O)C(c1ccccc1)CN1CCCC1.Cl,,-3.818154227
3172,C-3173,,HAVJATCHLFRDHY-KSZYUSJVSA-N,COC(=O)C[C@@](C(=O)O[C@@H]1C(=C[C@]23[C@@H]1c1cc4OCOc4cc1CCN3CCC2)OC)(CCC(O)(C)C)O,,-3.817101579
3173,C-3174,,XSIAKDCMDYUKNA-UHFFFAOYSA-N,CCCCCCOC(=O)Oc1ccccc1C(=O)O,,-3.816833717
3174,C-3175,,HPNSFSBZBAHARI-RUDMXATFSA-N,COc1c(C/C=C(/CCC(=O)O)\C)c(O)c2c(c1C)COC2=O,,-3.816659064
3175,C-3176,,AVJWTAOORQVSBO-JXMROGBWSA-N,CCCCCOc1ccc(cc1)/C=C/C(=O)NO,,-3.815814723
3176,C-3177,,DHZBEENLJMYSHQ-XCVPVQRUSA-N,O=C1OC(=O)[C@@]2([C@@]1(C)[C@H]1CC[C@@H]2O1)C,,-3.815582175
3177,C-3178,,SWNNISFWMQYKEP-UHFFFAOYSA-N,OS(=O)(=O)SCCCNCCCCCOC1CCCCCCC1,,-3.814823381
3178,C-3179,,ZHMOADYMMOAGSH-UHFFFAOYSA-N,CCOC(=O)N1C(OC)C=Cc2c1cccc2,,-3.813970277
3179,C-3180,,JSZILQVIPPROJI-UHFFFAOYSA-N,CCN(C(=O)C1CN2CCc3c(C2CC1OC(=O)C)cc(c(c3)OC)OC)CC,,-3.813834431
3180,C-3181,,ZNSSPLQZSUWFJT-UHFFFAOYSA-N,CCCCCOC(=O)c1ccc(cc1)O,,-3.81344963
3181,C-3182,,AMZPPCYQXDTKCJ-UHFFFAOYSA-N,CCOC(=O)N(CC(Cl)C)CC(Cl)C,,-3.81003527
3182,C-3183,,MNDIARAMWBIKFW-UHFFFAOYSA-N,CCCCCCBr,,-3.8099999
3183,C-3184,,VYMDGNCVAMGZFE-UHFFFAOYSA-N,CCCCC1C(=O)N(N(C1=O)c1ccccc1)c1ccccc1,,-3.8099999
3184,C-3185,,OUZWUKMCLIBBOG-UHFFFAOYSA-N,CCOc1ccc2c(c1)sc(n2)S(=O)(=O)N,,-3.8099999
3185,C-3186,,DUTKSCXDHLBQRC-UHFFFAOYSA-N,CCOC(=O)c1c(C)ccc(c1OCCN1CCOCC1)C(C)C,,-3.809616685
3186,C-3187,,BYJAVTDNIXVSPW-UHFFFAOYSA-N,C1CN=C(N1)C1CCCc2c1cccc2,,-3.809027703
3187,C-3188,,NMRDXFFPHGFGSX-UHFFFAOYSA-N,CCc1cc2=C(NCC(=O)N=c2s1)c1ccccc1,,-3.8086771
3188,C-3189,,QAGNKTWKZGOINN-UHFFFAOYSA-M,CCC1CCC(C21C(=O)[N-]C(=S)NC2=O)CC.[Na+],,-3.806950751
3189,C-3190,,XQTMNRKZPMKUHJ-UHFFFAOYSA-N,CCN(C(=O)c1cccc(c1O)c1ccccc1)CC,,-3.806025194
3190,C-3191,,GLHXHBYDPQRLGS-UHFFFAOYSA-N,ClCC[NH+](Cc1ccccc1)CCOc1ccccc1OC.[Cl-],,-3.805944769
3191,C-3192,,USSIQXCVUWKGNF-UHFFFAOYSA-N,CCC(=O)C(c1ccccc1)(c1ccccc1)CC(N(C)C)C,,-3.805032086
3192,C-3193,,PMMGJFAJXQRKGJ-UHFFFAOYSA-N,Clc1cnc(c(c1)Cl)OCCCCCN1CSCC1.Cl,,-3.804577921
3193,C-3194,,GMRUSNUZAOUIJR-UHFFFAOYSA-N,Cc1cc(OCCCCN2CSCC2)nc2c1cccc2.Cl.Cl,,-3.804323428
3194,C-3195,,LHFKRBYXOIOTIX-UHFFFAOYSA-M,CCCCCCCC[N+](CCOC(=O)C(c1ccccc1)(c1ccccc1)O)(C)C.[Cl-],,-3.803748016
3195,C-3196,,DGUPZAJJVUHQHW-UHFFFAOYSA-N,Clc1ccc2c(c1)c(=O)c1c(n2CCC[NH+](C)C)nccc1.[Cl-],,-3.803352333
3196,C-3197,,CDBZVPAISMFCEH-UHFFFAOYSA-N,C#CC1(O)c2ccccc2CCc2c1cccn2,,-3.802222177
3197,C-3198,,SIXLXDIJGIWWFU-UHFFFAOYSA-N,OCc1c(CSSCc2cnc(c(c2CO)O)C)cnc(c1O)C,,-3.801623703
3198,C-3199,,GUYKUDVQANANFT-UHFFFAOYSA-N,COC(=O)c1c(C)ccc(c1OCC(=O)OC(CN(C)C)C)C(C)C,,-3.801561902
3199,C-3200,,AVEUZYHDYBJRPU-UHFFFAOYSA-N,CCOc1ccc(cc1)NC(=O)c1ccccc1O,,-3.8008268100000002
3200,C-3201,,HYPJZSYXUWYJDG-UHFFFAOYSA-N,OC(=O)Cc1ccccc1Nc1c(Cl)ccc(c1Cl)O,,-3.800630825
3201,C-3202,,XMTQQYYKAHVGBJ-UHFFFAOYSA-N,O=C(N(C)C)Nc1ccc(c(c1)Cl)Cl,,-3.8
3202,C-3203,,WHTBVLXUSXVMEV-UHFFFAOYSA-N,Cc1cc(ccc1NS(=O)(=O)C(F)(F)F)S(=O)(=O)c1ccccc1,,-3.8
3203,C-3204,,GWUSZQUVEVMBPI-UHFFFAOYSA-N,CN1C(=O)CN=C(c2c1ccc(c2)[N+](=O)[O-])c1ccccc1,,-3.8
3204,C-3205,,KJONHKAYOJNZEC-UHFFFAOYSA-N,O=C1CN=C(c2c(N1)ccc(c2)[N+](=O)[O-])c1ccccc1,,-3.8
3205,C-3206,,BYEVBITUADOIGY-UHFFFAOYSA-N,CCCCCCCCC(=O)OCC,,-3.8
3206,C-3207,,RSWGJHLUYNHPMX-UMGGQSCQSA-N,CC(C1=CC2=CC[C@H]3[C@@]([C@@H]2CC1)(C)CCC[C@]3(C)C(=O)O)C,,-3.8
3207,C-3208,,FIFLUHNFRVJEDU-UHFFFAOYSA-M,C=CC[N+](CCOCCC1CCC2CC1C2(C)C)(CC)CC.[Br-],,-3.799736514
3208,C-3209,,LJDVATIOWGCFIY-UHFFFAOYSA-N,CC1CCN(CC1)C(CCOC(=O)c1ccccc1)C,,-3.79847721
3209,C-3210,,QJCVXZRHWVDFSB-UHFFFAOYSA-N,CCN(C(=O)c1ccc[n+](c1)C1N=C(c2c(NC1=O)ccc(c2)Cl)c1ccccc1Cl)CC.[Cl-],,-3.798264206
3210,C-3211,,SEBFKMXJBCUCAI-HKTJVKLFSA-N,OC[C@H]1Oc2ccc(cc2O[C@@H]1c1ccc(c(c1)OC)O)[C@H]1Oc2cc(O)cc(c2C(=O)[C@@H]1O)O,,-3.794703257
3211,C-3212,,LTWLHRVVHNBGBR-UHFFFAOYSA-N,OCCN1CCN(CC1)CCC(=O)N1c2ccccc2Sc2c1cccc2.Cl.Cl,,-3.793083027
3212,C-3213,,CSEMVYTXVZNGDN-UHFFFAOYSA-N,COP(=O)(Oc1cc(C)c(c(c1)C)[N+](=O)[O-])OC,,-3.792260709
3213,C-3214,,BJCWIQWIQDDOBQ-UHFFFAOYSA-M,c1ccc(cc1)CN(Cc1ccccc1)/C=C/C=C/C=[N+](Cc1ccccc1)Cc1ccccc1.[Cl-],,-3.791468754
3214,C-3215,,ZCRYJNQQXADLBG-UHFFFAOYSA-N,COC(c1cccc(c1)C(F)(F)F)CNCc1ccccc1.Cl,,-3.791400634
3215,C-3216,,UPUIQOIQVMNQAP-UHFFFAOYSA-M,CCCCCCCCCCCCCCOS(=O)(=O)[O-].[Na+],,-3.791010449
3216,C-3217,,FGNNOAAYCXVNNV-PXQHBHPGSA-N,C[NH+](C1CC[C@@](c2c1cccc2)(C(=O)N)c1ccccc1)C.[O-]C(=O)/C=C\C(=O)O,,-3.790459776
3217,C-3218,,MTZBBNMLMNBNJL-UHFFFAOYSA-N,O=C(c1cc(c(cc1O)Cl)S(=O)(=O)N)Nc1c(C)cccc1C,,-3.79
3218,C-3219,,OWYWGLHRNBIFJP-UHFFFAOYSA-N,CCN(c1nc(NC(C)C)nc(n1)Cl)CC,,-3.79
3219,C-3220,,JZQKKSLKJUAGIC-UHFFFAOYSA-N,OC(COc1cccc2c1cc[nH]2)CNC(C)C	,,-3.79
3220,C-3221,,BZRYYBWNOUALTQ-HOTGVXAUSA-N,CCN(CCOCCC1=CC[C@H]2C[C@@H]1C2(C)C)CC,,-3.789188563
3221,C-3222,,KWCDIRFSULAMOC-UHFFFAOYSA-N,BrCC(=O)C12CC3CC(C2)CC(C1)C3,,-3.788007954
3222,C-3223,,UFUVLHLTWXBHGZ-MGZQPHGTSA-N,CCC[C@H]1CN([C@@H](C1)C(=O)N[C@@H]([C@H]1O[C@H](SC)[C@@H]([C@H]([C@H]1O)O)OP(=O)(O)O)[C@@H](Cl)C)C,,-3.787329757
3223,C-3224,,RRHGCGSSXPZSMF-UHFFFAOYSA-N,CC[NH+](CCCC1(c2ccccc2)C(=O)Oc2c1cccc2)CC.[Cl-],,-3.786059324
3224,C-3225,,PVSWBRFYDVJIQQ-UHFFFAOYSA-N,CN(CCCC12CC3CC(C2)CC(C1)C3)C.Cl,,-3.783994559
3225,C-3226,,HQFCELSVOFCACS-UHFFFAOYSA-N,[O-][N+](=O)c1cc(ccc1Oc1ccccc1)[N+](=O)[O-],,-3.783567546
3226,C-3227,,AQCHWTWZEMGIFD-UHFFFAOYSA-N,CC1Nc2cc(Cl)c(cc2C(=O)N1c1ccccc1C)S(=O)(=O)N,,-3.782964379
3227,C-3228,,ABIRUZQLXKXPPK-UHFFFAOYSA-M,CCOCC(Oc1ccccc1)(OC(=O)CCC(=O)[O-])C.[Na+],,-3.782678686
3228,C-3229,,QWCMRXJDYXVLTM-UHFFFAOYSA-N,CCCCOc1ccc(cc1Cl)CC(=O)NO,,-3.781728396
3229,C-3230,,UWXRMZYMTHVJOU-UHFFFAOYSA-N,COc1cc(ccc1OC)c1nc2c(s1)cc(cc2)CC(=O)O,,-3.780491397
3230,C-3231,,FQSNPFDKCZQZQY-UHFFFAOYSA-N,CCCCOc1ccc(cc1Cl)CC(=O)N,,-3.780159229
3231,C-3232,,AQCHWTWZEMGIFD-JTQLQIEISA-N,C[C@H]1Nc2cc(Cl)c(cc2C(=O)N1c1ccccc1C)S(=O)(=O)N,,-3.78
3232,C-3233,,HYYBABOKPJLUIN-UHFFFAOYSA-N,OC(=O)c1ccccc1Nc1cccc(c1C)C,,-3.78
3233,C-3234,,HKLYXHWNPAGMMW-UHFFFAOYSA-N,NC1c2ccccc2C=Cc2c1cccc2,,-3.778729924
3234,C-3235,,MZZVFXMTZTVUFO-UHFFFAOYSA-N,S=C=Nc1ccc(cc1)Cl,,-3.778013041
3235,C-3236,,RNFLPYXRXDOZNZ-UHFFFAOYSA-N,ONC(=O)Cc1ccc(c(c1)Cl)OCCC(C)C,,-3.777099316
3236,C-3237,,ZBJBRUSGEJORQL-UHFFFAOYSA-N,NC(=O)Oc1ccc(cc1)Cc1ccccc1,,-3.776630866
3237,C-3238,,XPHSDHDMBQDUMB-UHFFFAOYSA-N,CCOC1=C(F)C(F)(F)C(C(C1(F)F)(F)F)(F)F,,-3.775615739
3238,C-3239,,GMBMAHMMQCNOGV-UHFFFAOYSA-N,CN(C1(CCCCC1)CNC(=O)c1ccccc1)C,,-3.77512787
3239,C-3240,,JMNQTHQLNRILMH-OBBGIPBRSA-N,O[C@H]1CC[C@]2([C@](C1)(O)CC[C@@H]1[C@@H]2CC[C@]2([C@]31O[C@@H]3C[C@@H]2c1ccc(=O)oc1)C)C,,-3.773315024
3240,C-3241,,UREBDLICKHMUKA-DVTGEIKXSA-N,OCC(=O)[C@@]1(O)[C@@H](C)C[C@@H]2[C@]1(C)C[C@H](O)[C@]1([C@H]2CCC2=CC(=O)C=C[C@]12C)F,,-3.770981511
3241,C-3242,,QIMMUPPBPVKWKM-UHFFFAOYSA-N,Cc1ccc2c(c1)cccc2,,-3.77
3242,C-3243,,HFPZCAJZSCWRBC-UHFFFAOYSA-N,Cc1ccc(cc1)C(C)C,,-3.77
3243,C-3244,,YJKIALIXRCSISK-SECBINFHSA-N,COC(=O)[C@@H](Cc1ccc(cc1)Cl)Cl,,-3.77
3244,C-3245,,AOPDRZXCEAKHHW-UHFFFAOYSA-N,CCCCCOCCCCC,,-3.768719873
3245,C-3246,,ROTHJTLQTAIBOO-TTWKNDKESA-N,COc1cc(/C=C/C(=O)CCN2CCN(CC2)c2ccccc2)cc(c1OC)OC.Cl.O,,-3.76871563
3246,C-3247,,PBSOJKPTQWWJJD-ZBDZJSKLSA-N,O[C@H]1CC[C@]2([C@](C1)(O)CC[C@@H]1[C@@H]2CC[C@]2([C@]1(O)CC[C@@H]2c1ccc(=O)oc1)C)C,,-3.768475227
3247,C-3248,,AOJJSUZBOXZQNB-TZSSRYMLSA-N,OCC(=O)[C@@]1(O)C[C@H](O[C@H]2C[C@H](N)[C@@H]([C@@H](O2)C)O)c2c(C1)c(O)c1c(c2O)C(=O)c2c(C1=O)cccc2OC,,-3.767484409
3248,C-3249,,SOICWIOBKAGQQJ-UHFFFAOYSA-N,CC[NH+](CCN1C(=O)C(CC)Oc2c1cc(Cl)cc2)CC.[Cl-],,-3.766893328
3249,C-3250,,JWRZCPAJSVTHSO-UHFFFAOYSA-N,CC[NH+](CCCN1C(=O)C(C)Oc2c1cc(Cl)cc2)CC.[Cl-],,-3.766893328
3250,C-3251,,BMLQSGLVZQCULY-DHZHZOJOSA-N,CCC(=O)N1CC(C)N(C(C1)C)C/C=C/c1ccccc1,,-3.766805759
3251,C-3252,,JELNWDOXWGBBLO-DHZHZOJOSA-N,CCC(=O)N1C(C)CN(CC1C)C/C=C/c1ccccc1,,-3.766805759
3252,C-3253,,AOJJSUZBOXZQNB-VTZDEGQISA-N,OCC(=O)[C@@]1(O)C[C@H](O[C@H]2C[C@H](N)[C@H]([C@@H](O2)C)O)c2c(C1)c(O)c1c(c2O)C(=O)c2c(C1=O)cccc2OC,,-3.766736592
3253,C-3254,,KOKSXPBEMRYMNU-UHFFFAOYSA-N,NC1=NCC(O1)CSc1ccc(c(c1)Cl)Cl,,-3.766041628
3254,C-3255,,ZQJUQBSXMSRMMB-UHFFFAOYSA-N,C[NH+](CCN(c1ccccn1)Cc1ccc(cc1)Br)C.[Cl-],,-3.764905401
3255,C-3256,,MITFXPHMIHQXPI-UHFFFAOYSA-N,OC(=O)C(c1ccc2c(c1)nc(o2)c1ccc(cc1)Cl)C,,-3.764027198
3256,C-3257,,WDBIDLUYQMZRSF-UHFFFAOYSA-N,Cc1ccc(cc1)C(c1ccccc1)OCC[NH2+]N1CCOCC1.[Cl-],,-3.762517046
3257,C-3258,,ZBAFFZBKCMWUHM-UHFFFAOYSA-N,CCC(=O)N(c1ccccn1)C(CN1CCCCC1)C,,-3.761530306
3258,C-3259,,XOACXJFHGFUHET-UHFFFAOYSA-N,[NH-]c1ccc(cc1)S(=O)(=O)Nc1scc(n1)c1ccccc1.[Na+],,-3.761502846
3259,C-3260,,DCUJJWWUNKIJPH-UHFFFAOYSA-N,Clc1cccc(n1)C(Cl)(Cl)Cl,,-3.76
3260,C-3261,,WWRCMNKATXZARA-UHFFFAOYSA-N,CC(c1ccccc1C)C,,-3.76
3261,C-3262,,WSYXBHSXXTWQIB-UHFFFAOYSA-N,CC[NH+](CCOC(=O)C1CCCc2c1cccc2)CC.[Cl-],,-3.759946476
3262,C-3263,,FIISKTXZUZBTRC-UHFFFAOYSA-N,c1ccc(cc1)c1nc2c(o1)cccc2,,-3.759430964
3263,C-3264,,SXOYTTUKVFYFPB-UHFFFAOYSA-N,CSc1ccc2c(c1)N(CCC1CCCNC1)c1c(S2)cccc1,,-3.759023956
3264,C-3265,,ZZMAMUSXLOFMFS-UHFFFAOYSA-N,N1CCN(CC1)c1nc(c(o1)c1ccccc1)c1ccccc1,,-3.758930395
3265,C-3266,,KGLCGIINOLSTEG-UHFFFAOYSA-N,Cc1ccc2c(c1)c(C)cc(n2)OCCCN1CSCC1,,-3.75882287
3266,C-3267,,WOZGAFMPOSBQCU-UHFFFAOYSA-N,CCCC1(C)COB(OC1)c1ccc(cc1)C,,-3.758276248
3267,C-3268,,WUMKGWMLMOYKPD-UHFFFAOYSA-N,CCCCN1CCC(CC1)(CCCC)OC(=O)C.Cl,,-3.756753663
3268,C-3269,,ROYOYTLGDLIGBX-UHFFFAOYSA-N,Clc1ccc2c(c1)C(=NCC(=O)N2C)c1ccccc1F,,-3.756456249
3269,C-3270,,TUUUIDCCDQJUQA-UHFFFAOYSA-N,C(CCN1CSCC1)CCOc1ccc2c(n1)cccc2.Cl.Cl,,-3.756212829
3270,C-3271,,JJLGTRNWSYAQKN-UHFFFAOYSA-N,CC(C(c1ccccc1)(c1ccccc1)C#N)C[NH+](C)C.[Cl-],,-3.756174262
3271,C-3272,,MFVCIOLUKKPQLX-UHFFFAOYSA-N,c1ccc(cc1)N1CCN(CC1)CC1CCc2c(N1)cccc2,,-3.756173033
3272,C-3273,,XXPRYWVKIKJFRN-UHFFFAOYSA-N,CCC(=O)N1C2CCC1CN(C2)CCC1CCCC1,,-3.754829834
3273,C-3274,,PXZAWHSJYIECNQ-UHFFFAOYSA-N,C1CN1P1(=NP(=NP(=N1)(N1CC1)N1CC1)(N1CC1)N1CC1)N1CC1,,-3.754399482
3274,C-3275,,MFTITSKWDGOERL-UHFFFAOYSA-N,CCCCN1CCC(CC1)(OC(=O)CCC)c1cccnc1.Cl.Cl,,-3.753922721
3275,C-3276,,DFHBBMJTBBLQSA-UHFFFAOYSA-N,OC(=O)Cc1ccc(c(c1)Cl)OCc1ccccc1,,-3.752725412
3276,C-3277,,PCQXINPAZOWYGC-UHFFFAOYSA-N,CNCCC1(C=Cc2c1cccc2)c1ccccc1.Cl,,-3.751077058
3277,C-3278,,PLHJDBGFXBMTGZ-WEVVVXLNSA-N,O=C1OCCN1/N=C/c1ccc(o1)[N+](=O)[O-],,-3.750431249
3278,C-3279,,DSNHSQKRULAAEI-UHFFFAOYSA-N,CCc1ccc(cc1)CC,,-3.75
3279,C-3280,,AAOVKJBEBIDNHE-UHFFFAOYSA-N,Clc1ccc2c(c1)C(=NCC(=O)N2C)c1ccccc1,,-3.75
3280,C-3281,,UBUCNCOMADRQHX-UHFFFAOYSA-N,O=NN(c1ccccc1)c1ccccc1,,-3.75
3281,C-3282,,ZESRJSPZRDMNHY-YFWFAHHUSA-N,OCC(=O)[C@H]1CC[C@@H]2[C@]1(C)CC[C@H]1[C@H]2CCC2=CC(=O)CC[C@]12C,,-3.75
3282,C-3283,,NPIYRIYFDCBMQV-UHFFFAOYSA-L,c1ccc(cc1)C1C[N+]2(COC[N+]34CCC(CC3)C(C4)c3ccccc3)CCC1CC2.[Br-].[Br-],,-3.749415822
3283,C-3284,,BDNMWBHSKATDFB-UHFFFAOYSA-N,Fc1ccc(cc1)C(=O)Cc1ccccc1C(=O)O,,-3.749279118
3284,C-3285,,GWPGDZPXOZATKL-UHFFFAOYSA-N,Oc1ccc2c(c1)[nH]c1c2cccc1,,-3.748401446
3285,C-3286,,BKNGZNGNHIETPG-KCUXUEJTSA-N,CN(C/C=C(\c1ccccc1)/c1ccc(cc1)Cl)C.Cl,,-3.747745851
3286,C-3287,,HOUHCULPUAMVJW-UHFFFAOYSA-N,C[S+](CCOc1ccccc1)C.[O-][N+](=O)[O-],,-3.747220635
3287,C-3288,,HGWIZOCGEBLKOS-UHFFFAOYSA-N,N/C(=N\CCCC1CCCCC1)/CSS(=O)(=O)O,,-3.746345201
3288,C-3289,,WAZJRDVLNOHWSD-UHFFFAOYSA-N,N/C(=N\CC1CCCCCCC1)/CSS(=O)(=O)O,,-3.746345201
3289,C-3290,,XQCGNURMLWFQJR-ZNDDOCHDSA-N,CO[C@H]1C[C@H](O[C@H]2CC[C@]3([C@](C2)(O)CC[C@@H]2[C@@H]3CC[C@]3([C@]2(O)CC[C@@H]3C2=CC(=O)OC2)C)C=O)O[C@@H]([C@H]1O)C,,-3.744952414
3290,C-3291,,LHDOMIDCONKWJG-UHFFFAOYSA-M,CCC1CC(C(C21C(=O)[N-]C(=S)NC2=O)C)C.[Na+],,-3.744198679
3291,C-3292,,SNMPZGYSPHLFLT-UHFFFAOYSA-N,CC(OOC1(CCc2ccccc2)C(=O)NC(=O)NC1=O)(C)C,,-3.742189956
3292,C-3293,,JCFRXWVRVBVWNY-UHFFFAOYSA-N,CC([NH+](C)C)CC(c1ccccc1)c1ccccc1.[Cl-],,-3.741183036
3293,C-3294,,AFABGHUZZDYHJO-UHFFFAOYSA-N,CCCC(C)C,,-3.74
3294,C-3295,,DVQVBLBKEXITIK-UHFFFAOYSA-N,Nc1ccc(cc1)S(=O)(=O)Nc1nnc(s1)C(C)(C)C,,-3.74
3295,C-3296,,FMQVDNFQKSRNAK-UHFFFAOYSA-N,Brc1ccc(nc1)OCCCCCCCNCCSS(=O)(=O)O,,-3.739826478
3296,C-3297,,SCAOIWGKQJYZBB-UHFFFAOYSA-N,CCCCN1CCC(CC1)(OCC)c1ccccc1.Cl,,-3.738423492
3297,C-3298,,BLUAFEHZUWYNDE-NNWCWBAJSA-N,O=C1O[C@@H]2O[C@@]3(C)CC[C@@H]4[C@]2([C@H]([C@H]1C)CC[C@H]4C)OO3,,-3.736017497
3298,C-3299,,HBRNMIYLJIXXEE-UHFFFAOYSA-N,CC(=O)O.CCCCCCCCCCCCN,,-3.735710405
3299,C-3300,,SCHFUNOUOHIHSX-UHFFFAOYSA-N,O=Nc1c(C)nn(c1C)c1ccccc1,,-3.735488845
3300,C-3301,,PWHUBFUUJPVEOV-UHFFFAOYSA-N,O=Cc1ccccc1OCC(CN1CCN(CC1)c1ccc(c(c1)C)C)O.Cl.Cl,,-3.734734906
3301,C-3302,,DPXWHZUTDZONDB-UHFFFAOYSA-N,COc1ccc(cc1)C(=O)Cc1ccccc1C(=O)O,,-3.734590995
3302,C-3303,,BAMSHZXIILXXOZ-UHFFFAOYSA-N,OCC(c1ccccc1)(c1ccccc1)COC(=O)NCC,,-3.7342692
3303,C-3304,,SSGLLHWEINBKAA-UHFFFAOYSA-N,CCC(c1ccccc1)(C(=O)N)CCN1CCCCC1,,-3.734246236
3304,C-3305,,HBWMWQGHLIWUTR-UHFFFAOYSA-N,ClCC[NH+](CCOc1ccc(cc1OC)CC=C)CC.[Cl-],,-3.733123231
3305,C-3306,,HFHZKZSRXITVMK-UHFFFAOYSA-N,CCCCC1C(=O)N(N(C1=O)c1ccc(cc1)O)c1ccccc1,,-3.732902819
3306,C-3307,,PUIXISQSCVEHKU-FVWCLLPLSA-N,O=C1C[C@@H]2OCC=C3[C@H]4[C@@H]2[C@@H]2N1c1ccc(cc1[C@]12CCN([C@H]1C4)C3)[N+](=O)[O-],,-3.731111358
3307,C-3308,,KLOIYEQEVSIOOO-UHFFFAOYSA-N,CCOC(=O)COc1ccc2c(c1)oc(=O)c(c2C)CCN(CC)CC,,-3.730406094
3308,C-3309,,KICUGLVMRAJYPD-UHFFFAOYSA-N,Clc1ccc(c(c1)Cl)C1(OC1(Cl)Cl)C(=O)N,,-3.730297662
3309,C-3310,,HFHZKZSRXITVMK-QGZVFWFLSA-N,CCCC[C@@H]1C(=O)N(N(C1=O)c1ccc(cc1)O)c1ccccc1,,-3.73
3310,C-3311,,ZGEGCLOFRBLKSE-UHFFFAOYSA-N,CCCCCC=C,,-3.73
3311,C-3312,,JEPNDMLVRFWZTG-UHFFFAOYSA-N,ClCCN(c1cc(ccc1C)C(=O)N)CCCl,,-3.729488454
3312,C-3313,,WYDBQEACYWRGIP-UHFFFAOYSA-N,CC1CCCCN1CCCOC(=O)c1cccs1,,-3.729039727
3313,C-3314,,GVPOXPZELDAAGI-UHFFFAOYSA-N,CCCCOCCNc1ccc(cc1C(=O)N)Cl,,-3.728600852
3314,C-3315,,DIJNKKIYOHCAPO-UHFFFAOYSA-N,CCN(CCOC(c1ccccc1)c1ccccc1)CC.Cl,,-3.728276386
3315,C-3316,,LGNFRLBPCVLGOB-UHFFFAOYSA-N,Fc1ccc(cc1)C(=O)CCCN1CCc2c(C1)c1cc(F)ccc1[nH]2.Cl,,-3.728102751
3316,C-3317,,FWXKHHNBKIVAQU-UHFFFAOYSA-M,[O-]C(=O)c1ccc(cc1)NS(=O)(=O)Cc1ccccc1.[Na+],,-3.728066951
3317,C-3318,,NZKIQIJDMKXDFV-UHFFFAOYSA-N,OC(CN1CCN(CC1)c1ccc(c(c1)C)C)COc1ccccc1C(=O)C,,-3.727116825
3318,C-3319,,ICALPHVLOAKCMX-UHFFFAOYSA-N,OC(CN1CCN(CC1)c1ccc(c(c1)C)C)COc1cccc(c1)C(=O)C,,-3.727116825
3319,C-3320,,QXTVYOXRHUFOMG-UHFFFAOYSA-N,OC(CN1CCN(CC1)c1ccc(c(c1)C)C)COc1ccc(cc1)C(=O)C,,-3.727116825
3320,C-3321,,UOCRGKKCNCIQCZ-QILLFSRXSA-N,COc1ccc2c(c1)[C@]13CCCC[C@H]3[C@@H](C2=O)N(CC1)C,,-3.727080389
3321,C-3322,,YDTFRJLNMPSCFM-YDALLXLXSA-M,[O-]C(=O)[C@H](Cc1cc(I)c(c(c1)I)Oc1cc(I)c(c(c1)I)O)N.[Na+],,-3.726377253
3322,C-3323,,KMBNZJHARRJKGJ-UHFFFAOYSA-N,CC[NH+](CC(C1(c2ccccc2)C(=O)Oc2c1cccc2)C)CC.[Cl-],,-3.723027506
3323,C-3324,,ZSVPPOWKJGVDON-UHFFFAOYSA-N,CC[NH+](C(CC1(c2ccccc2)C(=O)Oc2c1cccc2)C)CC.[Cl-],,-3.723027506
3324,C-3325,,VOFCLKYNOMPMHJ-UHFFFAOYSA-N,CC(N(C)C)CC12CC3CC(C2)CC(C1)C3.Cl,,-3.721164335
3325,C-3326,,KPCLDXRCQCEGKE-UHFFFAOYSA-M,O=C(C(c1ccccc1)(c1ccccc1)O)OC1CC2CCC(C1)[N+]2(C)Cc1ccccc1.[Br-],,-3.720685755
3326,C-3327,,HZWYCZUXPQNXPD-UHFFFAOYSA-N,COc1cc(CCNCC2CCc3c(N2)cccc3)ccc1OC.Cl.Cl,,-3.719975546
3327,C-3328,,MCXQUAWISQTVDK-UHFFFAOYSA-N,OC(=O)C(=O)[O-].CC[NH+]1CCCC(C1)OC(=O)Nc1ccccc1Cl,,-3.718388704
3328,C-3329,,BKWAVXQSZLEURV-UHFFFAOYSA-N,ClC(C(F)(F)F)C(F)(F)F,,-3.717966373
3329,C-3330,,HLEVPWCWUZKNTL-UHFFFAOYSA-N,CCOC(=O)C1(CC[NH+](CC1)CCC(=O)c1ccccc1)c1ccccc1.[Cl-],,-3.713171907
3330,C-3331,,OQIQSTLJSLGHID-WNWIJWBNSA-N,COc1cc2O[C@@H]3[C@H](c2c2c1c1CCC(=O)c1c(=O)o2)C=CO3,,-3.712784638
3331,C-3332,,HFFGOURGAIOQBU-FOWHCLFSSA-N,C#C[C@]1(O)CC[C@@H]2[C@]1(C)CC[C@H]1[C@H]2CCC2=CC(=O)CC[C@H]12.C#C[C@]1(O)CC[C@@H]2[C@]1(C)CC[C@H]1[C@H]2CCc2c1ccc(c2)OC,,-3.712637562
3332,C-3333,,YFRZROIZOHWZNR-UHFFFAOYSA-N,Brc1ccc2c(c1)c(nc(=O)[nH]2)c1ccccc1,,-3.710652893
3333,C-3334,,RTHCYVBBDHJXIQ-UHFFFAOYSA-N,CNCCC(c1ccccc1)Oc1ccc(cc1)C(F)(F)F,,-3.710107537
3334,C-3335,,GGCSSNBKKAUURC-UHFFFAOYSA-N,COCC1(CCN(CC1)CCc1cccs1)N(c1ccccc1)C(=O)CC,,-3.71
3335,C-3336,,UULSXYSSHHRCQK-UHFFFAOYSA-N,CCC(c1ccc(cc1)CC(C)C)C(=O)O,,-3.70997388
3336,C-3337,,MAHSANFPQVGYHC-UHFFFAOYSA-N,CCc1sc2c(c1)C(=NCC(=O)N2C)c1ccccc1F.Cl,,-3.709774
3337,C-3338,,XBJNPWNVZQJOOQ-UHFFFAOYSA-N,CN(CC(c1ccc2c(c1)c1ccccc1cc2)O)C.Cl,,-3.709624086
3338,C-3339,,QPNQBCBHTTYDEN-UHFFFAOYSA-N,CC1N(CCOC1c1ccccc1)Cc1c(=O)n(n(c1C)C)c1ccccc1.Cl,,-3.70953234
3339,C-3340,,LMHAGAHDHRQIMB-UHFFFAOYSA-N,FC1(F)C(F)(F)C(C1(F)Cl)(F)Cl,,-3.708268061
3340,C-3341,,CUZXOMFGZRQMGT-UHFFFAOYSA-M,CC1CCC(N1C)CCCCCC[N+]1(C)CCCC1C.[I-].I,,-3.70823875
3341,C-3342,,JYWKEVKEKOTYEX-UHFFFAOYSA-N,Cl/N=C/1\C=C(Br)C(=O)C(=C1)Br,,-3.706796148
3342,C-3343,,ISXRXBARLXCMSX-UHFFFAOYSA-N,CCN(C(C=C(c1cccs1)c1cccs1)C)C.Cl,,-3.706508933
3343,C-3344,,LFDHHWHDYXAPIG-OSPZJNBRSA-N,OC[C@H]([C@H]([C@@H]([C@H](C(=O)O)O)O)O)O.CC[C@H]1CN2CC[C@H]1CC2[C@H](c1ccnc2c1cc(OC)cc2)O,,-3.705328001
3344,C-3345,,ZEVBVMDQMBCLIB-UHFFFAOYSA-N,SCCNCCCCCOc1ccc(cn1)Br.Cl.Cl,,-3.704741159
3345,C-3346,,RIHJGBQERCBTIA-UHFFFAOYSA-N,OC(=O)C(=O)O.CCOc1c(OC)cccc1C(=O)NCCCN(CC)CC,,-3.704405628
3346,C-3347,,WRUCRCKOLBABNZ-UHFFFAOYSA-N,C1CSC(S1)c1c[nH]c2c1cccc2,,-3.703577947
3347,C-3348,,AYPVFOVILLAVDR-UHFFFAOYSA-N,CCN(CC(C(=O)c1ccccc1)c1ccccc1)CC.Cl,,-3.702891217
3348,C-3349,,VYSJWMOSNCCCOS-UHFFFAOYSA-N,N/C(=N\C1CCCCCC1)/CSS(=O)(=O)O,,-3.702857893
3349,C-3350,,NAPPWIFDUAHTRY-XYDRQXHOSA-N,C#C[C@]1(O)CC[C@@H]2[C@]1(C)CC[C@H]1[C@H]2CCc2c1ccc(c2)O.C#C[C@]1(O)CC[C@@H]2[C@]1(C)CC[C@H]1[C@H]2CCC2=CC(=O)CC[C@H]12,,-3.702515237
3350,C-3351,,PCRSJGWFEMHHEW-UHFFFAOYSA-N,N#Cc1c(F)c(F)c(c(c1F)F)C#N,,-3.702010523
3351,C-3352,,MQOKYEROIFEEBH-UHFFFAOYSA-N,Nc1ccc2c(c1)c(c1ccccc1)[n+](c1c2ccc(c1)N)C.[Br-],,-3.701017884
3352,C-3353,,KEUMBYCOWGLRBQ-UHFFFAOYSA-N,CC(c1ccc(c(c1)C(C)C)O)C,,-3.700862068
3353,C-3354,,UHMWWIKRVZTBBR-UHFFFAOYSA-N,FCC(C(Cl)(F)F)(F)F,,-3.70023743
3354,C-3355,,OXKMQABFDJFCKD-UHFFFAOYSA-N,C=CCN(c1c(C)n(c2ccccc2)c(=O)n(c1=O)C)CC=C,,-3.700206102
3355,C-3356,,QPUYECUOLPXSFR-UHFFFAOYSA-N,Cc1cccc2c1cccc2,,-3.7
3356,C-3357,,PUFQVTATUTYEAL-UHFFFAOYSA-N,CCCCOc1nc2ccccc2c(c1)C(=O)NCCN(CC)CC,,-3.7
3357,C-3358,,DKYWVDODHFEZIM-NSHDSACASA-N,OC(=O)[C@H](c1cccc(c1)C(=O)c1ccccc1)C,,-3.7
3358,C-3359,,YEAICDDXRUOCKJ-UHFFFAOYSA-N,Nc1ccc(cc1)S(=O)(=O)Nc1cnccn1,,-3.7
3359,C-3360,,UEJJHQNACJXSKW-UHFFFAOYSA-N,O=C1CCC(C(=O)N1)N1C(=O)c2c(C1=O)cccc2	,,-3.7
3360,C-3361,,RBFWNACSJQWRQV-XTWSRORZSA-N,OC(=O)C(=O)[O-].CCCOc1c(OC)cccc1C(=O)NCCO/[NH+]=C(/CC)\C,,-3.69995989
3361,C-3362,,WQVZLXWQESQGIF-UHFFFAOYSA-N,CC(CCc1ccccc1)NCC(c1ccc(c(c1)C(=O)N)O)O.Cl,,-3.699410628
3362,C-3363,,DDLAHAHXSPIZQL-UHFFFAOYSA-N,O=C(C(c1ccccc1)CNC1CN2CCC1CC2)c1ccccc1,,-3.698921976
3363,C-3364,,JPIYZTWMUGTEHX-UHFFFAOYSA-N,CN(c1ccc(cc1)C(=N)c1ccc(cc1)N(C)C)C,,-3.698444071
3364,C-3365,,YLRFCQOZQXIBAB-RBZZARIASA-N,O=C1CC[C@]2(C(=C1)CC[C@@H]1[C@]2(F)[C@@H](O)C[C@]2([C@H]1CC[C@]2(C)O)C)C,,-3.697934693
3365,C-3366,,DKYWVDODHFEZIM-UHFFFAOYSA-N,OC(=O)C(c1cccc(c1)C(=O)c1ccccc1)C,,-3.697750566
3366,C-3367,,UQZKHTHEHKIDHJ-POCMBTLOSA-N,C[NH+]([C@@H]1CC[C@@](c2c1cccc2)(C(=O)N)c1ccccc1)C.[Cl-],,-3.696817356
3367,C-3368,,CQDBDTSGRAWSKF-UHFFFAOYSA-N,CCCNC(=O)OCC(COC(=O)N)(CCCC)C,,-3.696383284
3368,C-3369,,HNVFEIFBCWEIOW-UHFFFAOYSA-N,CCCCNC(=O)OCC(COC(=O)N)(CC)CC,,-3.696383284
3369,C-3370,,SJGNTKAHLOBSEZ-UHFFFAOYSA-N,CCCCC(COC(=O)N)(COC(=O)NCC)CC,,-3.696383284
3370,C-3371,,DJRKHTCUXRGYEU-UHFFFAOYSA-N,CCCCCCOc1ccc(cc1)N,,-3.696259762
3371,C-3372,,HQFWVSGBVLEQGA-UHFFFAOYSA-N,CCCCN(CCCC)CCCOC(=O)c1ccc(cc1)N,,-3.695019936
3372,C-3373,,RXTHKWVSXOIHJS-UHFFFAOYSA-N,CCC(=O)N(c1ccccc1)CC(N(CCc1ccccc1)C)C,,-3.694400446
3373,C-3374,,KXEHYHACSHCZFC-VOMIJIAVSA-N,N#C[C@@]1(CC[C@H](c2c1cccc2)[NH+](C)C)c1ccccc1.[Cl-],,-3.693919955
3374,C-3375,,KXEHYHACSHCZFC-STYNFMPRSA-N,N#C[C@]1(CC[C@H](c2c1cccc2)[NH+](C)C)c1ccccc1.[Cl-],,-3.693919955
3375,C-3376,,GNDPAVKYAUIVEB-NTEUORMPSA-N,O=C(c1ccncc1)N/N=C(/c1ccco1)\C,,-3.693770525
3376,C-3377,,WWOQNKXXDOLCLH-UHFFFAOYSA-N,NC(=O)c1nc(C)c2c(c1)c1ccccc1[nH]2,,-3.693701904
3377,C-3378,,ZZUKBDJWZXVOQG-UHFFFAOYSA-N,CCOC(=O)C(Br)(Br)Br,,-3.693514142
3378,C-3379,,BGLQEQJSABKOQX-UHFFFAOYSA-N,CCCCOc1c(OC)cccc1C(=O)OCC[NH+](CC)CC.[Cl-],,-3.693443446
3379,C-3380,,NJQADTYRAYFBJN-UHFFFAOYSA-N,BrC1C(=O)C2(C(C1CC2)(C)C)C,,-3.693059672
3380,C-3381,,GFNANZIMVAIWHM-OBYCQNJPSA-N,OCC(=O)[C@@]1(O)[C@H](O)C[C@@H]2[C@]1(C)C[C@H](O)[C@]1([C@H]2CCC2=CC(=O)C=C[C@]12C)F,,-3.692889862
3381,C-3382,,ZBIAKUMOEKILTF-UHFFFAOYSA-N,O=C(Nc1c(C)cccc1C)CN1CCN(CC1)CCCC(c1ccc(cc1)F)c1ccc(cc1)F,,-3.691635735
3382,C-3383,,VCQVXLBFBWVZNI-UHFFFAOYSA-N,Clc1ccc(c(c1)Cl)C1(OC1Br)C(=O)N,,-3.690609669
3383,C-3384,,NMQCHRIESWXCLN-UHFFFAOYSA-N,C[NH+](CCN1c2cc(Cl)ccc2OC(C1=O)c1ccccc1)C.[Cl-],,-3.690503625
3384,C-3385,,AUDJIMCCPSCDGO-UHFFFAOYSA-N,CC1CCCCN1CCCOCc1ccccc1,,-3.690076718
3385,C-3386,,GFNANZIMVAIWHM-CCIMGODBSA-N,OCC(=O)[C@@]1(O)[C@H](O)C[C@@H]2[C@]1(C)C[C@@H](O)[C@]1([C@H]2CCC2=CC(=O)C=C[C@]12C)F,,-3.6900001
3386,C-3387,,AEMFNILZOJDQLW-QAGGRKNESA-N,O=C1CC[C@]2(C(=C1)CC[C@@H]1[C@@H]2CC[C@]2([C@H]1CCC2=O)C)C,,-3.6900001
3387,C-3388,,UAAJQWHHGULTSL-UHFFFAOYSA-N,CCOC(=O)c1ccc(cc1)NCCCNCCSS(=O)(=O)O,,-3.687685964
3388,C-3389,,GBHPLASTJYCUFJ-UHFFFAOYSA-N,CCCC(COC(=O)Nc1ccc(cc1)C(=O)O)(CO)C,,-3.686411324
3389,C-3390,,DVEQCIBLXRSYPH-UHFFFAOYSA-N,CCCCC1C(=O)NC(=O)N(C1=O)C1CCCCC1,,-3.684128817
3390,C-3391,,CYKAGXAJJFUETC-LUAWRHEFSA-N,O=C1C=CC=C/C/1=C/NNC(=O)c1ccncc1,,-3.683497318
3391,C-3392,,FRLHFSFDBMVIIR-UHFFFAOYSA-N,Cc1ccccc1OCCNc1ccccc1C(=O)N,,-3.682779795
3392,C-3393,,RSIOYTUKUFAJPC-UHFFFAOYSA-N,O=C(N1CC=Cc2c1cccc2)c1ccccc1,,-3.682287227
3393,C-3394,,SQQKOTVDGCJJKI-UHFFFAOYSA-N,Brc1ccc(c(c1)C(=O)O)Br,,-3.681730258
3394,C-3395,,DABUAUJNVONJSH-UHFFFAOYSA-N,OC(=O)C(c1ccc(cc1)Cl)Cc1ccco1,,-3.680614515
3395,C-3396,,KEJCWVGMRLCZQQ-YJBYXUATSA-N,CO/N=C(/c1ccco1)\C(=O)N[C@@H]1C(=O)N2[C@@H]1SCC(=C2C(=O)OC(OC(=O)C)C)COC(=O)N,,-3.680216422
3396,C-3397,,YHRJYEJUZXLIEM-UHFFFAOYSA-N,CCN(CC(COc1c(ccc(c1C(=O)OC)C)C(C)C)O)CC,,-3.680033172
3397,C-3398,,PFEOZHBOMNWTJB-UHFFFAOYSA-N,CCC(CC)C,,-3.6800001
3398,C-3399,,AUNGANRZJHBGPY-MBNYWOFBSA-N,OC[C@@H]([C@@H]([C@@H](Cn1c2cc(C)c(cc2nc2c1nc(=O)[nH]c2=O)C)O)O)O,,-3.6800001
3399,C-3400,,RLBIQVVOMOPOHC-UHFFFAOYSA-N,COP(=S)(Oc1ccc(cc1)[N+](=O)[O-])OC,,-3.6800001
3400,C-3401,,XRTJYEIMLZALBD-UHFFFAOYSA-N,Nc1ccc(cc1)c1nc2c(s1)cc(cc2)C,,-3.6800001
3401,C-3402,,BMTAFVWTTFSTOG-UHFFFAOYSA-N,CCSC(=O)N(CC(C)C)CC(C)C,,-3.6800001
3402,C-3403,,OUDSBRTVNLOZBN-UHFFFAOYSA-N,O=C(NS(=O)(=O)c1ccc(cc1)C)NN1CCCCCC1,,-3.6800001
3403,C-3404,,MRBRHCRUXKHKKI-UHFFFAOYSA-N,CCN1C(=O)c2ccccc2Oc2c1cccc2,,-3.6800001
3404,C-3405,,HPOUDGQCZNPFSH-UHFFFAOYSA-N,CCCC1(CCN(C1)CCc1ccc(cc1)N)c1cccc(c1)O,,-3.679942165
3405,C-3406,,KGPAYJZAMGEDIQ-UHFFFAOYSA-N,COc1cc(ccc1OC)CC1N(C)CCc2c1cc(OC)c(c2)OC,,-3.679894712
3406,C-3407,,JHCPSTPESOERTA-NKGQWRHHSA-N,C[NH+]([C@H]1CC[C@H](c2c1cccc2)c1ccccc1)C.[Cl-],,-3.678820239
3407,C-3408,,AKPLHCDWDRPJGD-UHFFFAOYSA-N,O=C1CN=C(c2c(N1)ccc(c2)Cl)c1ccccc1,,-3.677020196
3408,C-3409,,QQIPHBFWQUGFGX-UHFFFAOYSA-M,C1CCCCN(CCC1)/C=C/C=C/C=[N+]1CCCCCCCC1.[Cl-],,-3.676774819
3409,C-3410,,JYYLQSCZISREGY-UHFFFAOYSA-N,Clc1ccc(c(c1)N)C(=O)O,,-3.676718922
3410,C-3411,,VKVXZTDIZODPAP-UHFFFAOYSA-N,CCN(C(=O)N1CCN(CC1)CC(=O)NN=Cc1ccc(o1)[N+](=O)[O-])CC,,-3.674990168
3411,C-3412,,JAGDGWYCWWBCLL-UHFFFAOYSA-N,CCCC(COC(=O)NCC)(COC(=O)NCC)C,,-3.674894368
3412,C-3413,,ZEAMUSTYAYFLDF-UHFFFAOYSA-N,CCNC(=O)OCC(COC(=O)NCC)(CC)CC,,-3.674894368
3413,C-3414,,JOFVJGBNXDXSEO-UHFFFAOYSA-N,CCOC(=O)NCC(CNC(=O)OCC)(CC)CC,,-3.674894368
3414,C-3415,,DWEQWXSKOHHBNT-VKAVYKQESA-N,NC(=O)CCCN/C(=C\1/C=C(F)C=CC1=O)/c1ccc(cc1)Cl,,-3.674413151
3415,C-3416,,RVFUNJWWXKCWNS-UHFFFAOYSA-N,CCN(CCNC(=O)c1cc(Cl)c(cc1OC)N)CC.Cl,,-3.673581791
3416,C-3417,,GSLWSSUWNCJILM-UHFFFAOYSA-N,ClCCN(Cc1ccccc1)Cc1ccccc1,,-3.673449115
3417,C-3418,,LXZKVRZDXPACMC-UHFFFAOYSA-N,CCCCOc1ccc(cc1Cl)CC(=O)O,,-3.673260776
3418,C-3419,,GAQAKFHSULJNAK-UHFFFAOYSA-N,CCOC(=O)Nc1ccc2c(c1)N(C(=O)CCN1CCOCC1)c1c(S2)cccc1.Cl,,-3.67217929
3419,C-3420,,PCGVPMHGSJFFTI-ZEYGOCRCSA-N,O=C1C[C@@H]2OCC=C3[C@H]4[C@@H]2[C@@H]2N1c1ccccc1[C@]12CCN([C@H]1C4)C3.[O-][N+](=O)O,,-3.671788718
3420,C-3421,,HGBYUSPXUFKKJJ-UHFFFAOYSA-N,Clc1cc(OCCCCCNCCSS(=O)(=O)O)nc2c1cccc2,,-3.670859787
3421,C-3422,,CKQHXOCXLJZGSX-UHFFFAOYSA-N,Clc1ccc2c(c1)nccc2OCCCCCNCCSS(=O)(=O)O,,-3.670859787
3422,C-3423,,YIVXMZJTEQBPQO-UHFFFAOYSA-N,OC(=O)CCCOc1ccc(cc1Cl)Cl,,-3.6700001
3423,C-3424,,VHHHONWQHHHLTI-UHFFFAOYSA-N,ClC(C(Cl)(Cl)Cl)(Cl)Cl,,-3.6700001
3424,C-3425,,DZBUGLKDJFMEHC-UHFFFAOYSA-N,c1ccc2c(c1)nc1c(c2)cccc1,,-3.6700001
3425,C-3426,,BBMMISOHGVCAMY-UHFFFAOYSA-N,O=C1N(C)c2ccccc2Oc2c1cccn2,,-3.6700001
3426,C-3427,,OGXBVBBMMWSZJO-UHFFFAOYSA-N,CCOC(=O)N(C1CC1)Cc1ccccc1,,-3.669834102
3427,C-3428,,GPVICVVBHHEQLV-UHFFFAOYSA-N,CCN(CCn1c(=O)n(c2ccccc2)c(=O)c2c1cccc2)CC.Cl,,-3.66964342
3428,C-3429,,YGWFCQYETHJKNX-UHFFFAOYSA-N,Cc1cc(cc(c1CC1=NCCN1)C)C(C)(C)C.Cl,,-3.669584492
3429,C-3430,,RKLNONIVDFXQRX-UHFFFAOYSA-N,Fc1ccc(cc1)C(=O)CCCN1CCC(CC1)(O)c1ccc(cc1)Br,,-3.669339602
3430,C-3431,,PVHUJELLJLJGLN-UHFFFAOYSA-N,CCOC(=O)C1=C(C)NC(=C(C1c1cccc(c1)[N+](=O)[O-])C(=O)OC)C,,-3.669014012
3431,C-3432,,ZHRVNCCPAKIGRH-UHFFFAOYSA-N,CCN(CCNC(c1ccccc1)C(=O)OCCC(C)C)CC.Cl.Cl,,-3.668999064
3432,C-3433,,FIVPIPIDMRVLAY-RBJBARPLSA-N,OC[C@@]12SS[C@@]3(N(C1=O)[C@@H]1[C@@H](O)C=CC=C1C3)C(=O)N2C,,-3.668632165
3433,C-3434,,ZXFQRFXLFWWKLX-UHFFFAOYSA-N,COc1ccc2c(c1CN(C)C)oc(c(c2=O)C)c1ccccc1,,-3.667432138
3434,C-3435,,LOXCOAXRHYDLOW-UHFFFAOYSA-N,CCC(=O)C(c1ccccc1)(c1ccccc1)CC(N1CCOCC1)C,,-3.665785639
3435,C-3436,,CRYJNUIPRHZUPU-UHFFFAOYSA-N,CN1C2CCC1CC(C2)Oc1cccc(c1)C(F)(F)F.Cl,,-3.66555806
3436,C-3437,,BASJUFZPHMWLOH-UHFFFAOYSA-N,CCC(C1CCCC(C1)C)CNC(CSS(=O)(=O)O)C,,-3.665410547
3437,C-3438,,VFLMIPREASACDX-UHFFFAOYSA-N,Nc1ccc2c(c1)nc1c(c2)cc(cc1)S(=O)(=O)O,,-3.66516163
3438,C-3439,,RCIMBBZXSXFZBV-UHFFFAOYSA-N,CCn1cc(C(=O)O)c(=O)c2c1nc(nc2)N1CCCC1,,-3.664114181
3439,C-3440,,YANZREKXCRAKRB-UHFFFAOYSA-N,CCN(CCOC(=O)C(c1ccc(cc1)OC)(c1ccc(cc1)OC)O)CC.Cl,,-3.663982727
3440,C-3441,,AGSLHFQPWVSWHT-UHFFFAOYSA-N,Brc1cc(Br)cc2c1oc(=O)[nH]2,,-3.663966404
3441,C-3442,,AXKPFOAXAHJUAG-UHFFFAOYSA-N,O=C(c1ccc(cc1)F)CCCN1CCC(CC1)(N1CCCCC1)C(=O)N,,-3.662639885
3442,C-3443,,GDBNOCCRDMUAGE-UHFFFAOYSA-N,SCCNCCCCCOc1ccc(cn1)Br.Cl,,-3.66236609
3443,C-3444,,OHXHEMDRMDVRBI-VQHVLOKHSA-N,CCCCCOc1cc(/C=C/C(=O)NO)ccc1OC,,-3.662223331
3444,C-3445,,BUFWGDYEFYPADP-VQHVLOKHSA-N,CCCCOc1ccc(cc1OCC)/C=C/C(=O)NO,,-3.662223331
3445,C-3446,,GXGWQUTZOBNBNJ-UHFFFAOYSA-N,O=C1C(CCN1c1ccc(cc1)Cl)N1CCCCC1,,-3.662072923
3446,C-3447,,FUZUXFGUZUHTCB-UHFFFAOYSA-N,C=NN1C(C)(C)CCCC1(C)C,,-3.661376762
3447,C-3448,,MATYDTQTFVEWLI-UHFFFAOYSA-N,CN1CCC(CC1)(c1ccccc1)c1ccccc1.Cl,,-3.661177908
3448,C-3449,,GELRVIPPMNMYGS-RVXRQPKJSA-N,Fc1ccc(cc1)[C@@H]1CCNC[C@H]1COc1ccc2c(c1)OCO2.Cl,,-3.660731362
3449,C-3450,,YTZKOQUCBOVLHL-UHFFFAOYSA-N,CC(c1ccccc1)(C)C,,-3.6600001
3450,C-3451,,UMIPWJGWASORKV-UHFFFAOYSA-N,CCCCCCC#C,,-3.6600001
3451,C-3452,,ZZUFCTLCJUWOSV-UHFFFAOYSA-N,OC(=O)c1cc(c(cc1NCc1ccco1)Cl)S(=O)(=O)N,,-3.6600001
3452,C-3453,,HCYAFALTSJYZDH-UHFFFAOYSA-N,CNCCCN1c2ccccc2CCc2c1cccc2,,-3.6600001
3453,C-3454,,QXKHYNVANLEOEG-UHFFFAOYSA-N,COc1c2oc(=O)ccc2cc2c1occ2,,-3.6600001
3454,C-3455,,JCLHQFUTFHUXNN-UHFFFAOYSA-N,CCOC(=O)C(c1c(=O)oc2c(c1O)cccc2)c1c(=O)oc2c(c1O)cccc2,,-3.6600001
3455,C-3456,,XRHGWAGWAHHFLF-UHFFFAOYSA-N,CCOP(=S)(Oc1nn(c(n1)Cl)C(C)C)OCC,,-3.6600001
3456,C-3457,,CZHLUSGQYSVABS-QXMHVHEDSA-N,CCCNC(=O)/C(=C(\c1ccccc1)/C)/C,,-3.659476756
3457,C-3458,,BBSJPRAFZYZZGW-RMKNXTFCSA-N,O=C(/C=C/c1ccccn1)OCCN1CCN(CC1)c1ccc(cc1)Cl,,-3.659227684
3458,C-3459,,TYNLGDBUJLVSMA-UHFFFAOYSA-N,CC(=O)Oc1cc(cc2c1C(=O)c1c(C2=O)cccc1OC(=O)C)C(=O)O,,-3.659109436
3459,C-3460,,RJPZIQRLRMWPRF-UHFFFAOYSA-N,CN(CCn1c2ccccc2n(c2c(c1=O)cccc2)C)C.Cl,,-3.658802577
3460,C-3461,,HQRJTGCTWZMXKJ-UHFFFAOYSA-N,O=C(Cc1ccccc1)OCCCN1CCCCC1C,,-3.657478696
3461,C-3462,,ZOPFXVXOZZFVGS-UHFFFAOYSA-N,O=C(c1ccc(c(c1)I)F)OCCC[NH+]1CCOCC1.[Cl-],,-3.656769891
3462,C-3463,,AAVUTVAWYYKIJW-UHFFFAOYSA-N,CC([NH+]1CCCC1)CN1C(=O)C(C)Oc2c1cc(Cl)cc2.OC(=O)C(=O)[O-],,-3.656316035
3463,C-3464,,RKNSPEOBXHFNTD-RMKNXTFCSA-N,CCC(=O)N1C2CCC1CN(C2)C/C=C/c1ccccc1,,-3.65597456
3464,C-3465,,PBAOPWLRQKRVIH-RMKNXTFCSA-N,CCC(=O)N1CC2CCC(C1)N2C/C=C/c1ccccc1,,-3.65597456
3465,C-3466,,YCWSUKQGVSGXJO-NTUHNPAUSA-N,Oc1ccc(cc1)C(=O)N/N=C/c1ccc(o1)[N+](=O)[O-],,-3.655633575
3466,C-3467,,RKNDYNPDCNJBBJ-UHFFFAOYSA-N,SCCNCCCCCCOc1ccc(cn1)Cl.Cl,,-3.655544479
3467,C-3468,,JYWZOJISGOBZDP-UHFFFAOYSA-N,COc1ccc(cc1)C1SCCS1,,-3.654903275
3468,C-3469,,JKPYCJKJEBIDIG-UHFFFAOYSA-N,COc1ccccc1C1SCCS1,,-3.654903275
3469,C-3470,,MUPNXGNOIBYHSG-UHFFFAOYSA-N,CCN(CCOC(=O)C1(CCCC1)c1ccccc1)CC.Cl,,-3.654516525
3470,C-3471,,VJTAPTNTBCXQPO-UHFFFAOYSA-N,NC1=NCC(O1)CN1CCN(CC1)c1ccc(c(c1)Cl)Cl,,-3.65037904
3471,C-3472,,PQMWYJDJHJQZDE-UHFFFAOYSA-M,CC[N+](CCOC(=O)C1c2ccccc2Oc2c1cccc2)(CC)C.[Br-],,-3.650249132
3472,C-3473,,ZFFMLCVRJBZUDZ-UHFFFAOYSA-N,CC(C(C)C)C,,-3.6500001
3473,C-3474,,QAHDLECDBKGHTA-UHFFFAOYSA-N,COc1cc2c(cc1OC)CC[NH+](C2Cc1ccccc1)C.[Br-],,-3.649964411
3474,C-3475,,AVSPYQKJZIZMFT-UHFFFAOYSA-N,CCC(c1cccc2c1cccc2)(C(=O)N)CCN(C)C,,-3.649794771
3475,C-3476,,POYMPTXRBMLDIL-GZTJUZNOSA-N,CN(c1ccc(cc1)/C=N/c1ccccc1C(=O)O)C,,-3.649050096
3476,C-3477,,PISKUTGWQHZKIK-UHFFFAOYSA-M,C[N+]1(CCCC1)CCC(c1ccccc1)(C1CCCCC1)O.[Cl-],,-3.648587556
3477,C-3478,,AUNGANRZJHBGPY-SCRDCRAPSA-N,OC[C@H]([C@H]([C@H](Cn1c2cc(C)c(cc2nc2c1nc(=O)[nH]c2=O)C)O)O)O,,-3.647832984
3478,C-3479,,SVANEUDZNISLJD-UHFFFAOYSA-N,NNc1c2ccccc2nc2c1cccc2,,-3.64764871
3479,C-3480,,SWZKVMOOTCVDGL-UHFFFAOYSA-N,CCCCSc1ccc(cc1C)CC(=O)NO,,-3.647101942
3480,C-3481,,YIEDSISPYKQADU-FMQUCBEESA-N,CC(=O)N(c1ccc(cc1C)/N=N/c1ccccc1C)C(=O)C,,-3.647057114
3481,C-3482,,FIQMHBFVRAXMOP-UHFFFAOYSA-N,O=P(c1ccccc1)(c1ccccc1)c1ccccc1,,-3.646816211
3482,C-3483,,CGJFGPQHBSLGOO-UHFFFAOYSA-N,OC(=O)Cc1ccc2c(c1)nc(s2)c1ccccc1,,-3.646361785
3483,C-3484,,DGIRRQAONAAJCV-UHFFFAOYSA-N,OC(=O)Cc1ccc2c(c1)sc(n2)c1ccccc1,,-3.646361785
3484,C-3485,,GWSLEGICZHIGNL-UHFFFAOYSA-M,O=C1[N-]C(=S)NC1(c1ccccc1)c1ccccc1.[Na+],,-3.645967147
3485,C-3486,,JWVJIHOQHASVCJ-UHFFFAOYSA-N,CN1CCCC(C1)OC(=O)Nc1c(C)cccc1Cl,,-3.645929417
3486,C-3487,,GLYGDCUZVIJKRL-UHFFFAOYSA-N,CN1CCC(CC1)OC(=O)Nc1c(C)cccc1Cl,,-3.645929417
3487,C-3488,,UREBDLICKHMUKA-CXSFZGCWSA-N,OCC(=O)[C@@]1(O)[C@H](C)C[C@@H]2[C@]1(C)C[C@H](O)[C@]1([C@H]2CCC2=CC(=O)C=C[C@]12C)F,,-3.64441315
3488,C-3489,,NHMMHCXTHYEVLE-VTBWALSUSA-N,Cl/N=C/1\C=C/C(=N/Cl)/C=C1,,-3.643184731
3489,C-3490,,SNEUTJSIVTXGAK-JVFQMWRPSA-N,CCN(CCN1CC[C@@]23[C@H]([C@H]1Cc1c3cc(cc1)O)CCCC2)CC.Cl,,-3.643114744
3490,C-3491,,PZTCVADFMACKLU-UEPZRUIBSA-N,N[C@H](C(=O)O)CCCCNCNC(=O)C1=C(O)[C@@]2([C@H]([C@@H](C1=O)N(C)C)C[C@H]1C(=C(O)c3c([C@@]1(C)O)cccc3O)C2=O)O,,-3.642704556
3491,C-3492,,UREBDLICKHMUKA-UAADTNEKSA-N,OCC(=O)[C@@]1(O)[C@H](C)C[C@@H]2[C@]1(C)C[C@@H](O)[C@]1([C@H]2CCC2=CC(=O)C=C[C@]12C)F,,-3.6400001
3492,C-3493,,RUDATBOHQWOJDD-IOEPXXRMSA-N,O[C@H]1CC[C@]2([C@H](C1)C[C@@H]([C@@H]1[C@@H]2CC[C@]2([C@H]1CC[C@@H]2[C@H](CCC(=O)O)C)C)O)C,,-3.6400001
3493,C-3494,,FHIVAFMUCKRCQO-UHFFFAOYSA-N,CCOP(=S)(Oc1cc(C)nc(n1)C(C)C)OCC,,-3.6400001
3494,C-3495,,YNZXWQJZEDLQEG-UHFFFAOYSA-N,COc1c(OC)c(OC)cc2c1nc(nc2N)N1CCN(CC1)C(=O)OCC(O)(C)C,,-3.6400001
3495,C-3496,,UGVJFCFVDRFHFP-UHFFFAOYSA-N,CCC1(c2ccccc2)C(=O)N(CC)C(=O)N(C1=O)CC,,-3.638401879
3496,C-3497,,AFYCEAFSNDLKSX-UHFFFAOYSA-N,CCN(c1ccc2c(c1)oc(=O)cc2C)CC,,-3.637439036
3497,C-3498,,NKWOBFAONPVDDE-UHFFFAOYSA-N,N#CC(=NNc1ccccc1[N+](=O)[O-])C#N,,-3.637041481
3498,C-3499,,IDELNEDBPWKHGK-UHFFFAOYSA-N,CCC(C1(CC)C(=O)NC(=S)NC1=O)C,,-3.636879168
3499,C-3500,,RINYHQOSGRLIMH-UHFFFAOYSA-N,CC(c1ccc2c(c1)nc(o2)c1ccc(cc1)C(=O)C)C(=O)O,,-3.636711208
3500,C-3501,,HJSFDYCHYVGVDC-UHFFFAOYSA-N,CC(NC(=O)OC1CCN(CC1)CCCC(=O)c1ccc(cc1)F)C,,-3.635050194
3501,C-3502,,QRZAKQDHEVVFRX-UHFFFAOYSA-N,OC(=O)Cc1ccc(cc1)c1ccccc1,,-3.634790242
3502,C-3503,,WAECBMNQMWVHQC-UHFFFAOYSA-N,FC1C(F)(F)C(C(C1(F)F)(F)F)F,,-3.634175075
3503,C-3504,,PPTYJKAXVCCBDU-UHFFFAOYSA-N,CN1C(=O)CN=C(c2c1ccc(c2)[N+](=O)[O-])c1ccccc1F,,-3.633991371
3504,C-3505,,AETKQQBRKSELEL-ZHACJKMWSA-N,O=C(c1ccccc1O)/C=C/c1ccccc1,,-3.633912158
3505,C-3506,,TWFMXSDQDOHDBM-UHFFFAOYSA-N,CCCCNC(=O)OCC(C(C)C)(COC(=O)N)C,,-3.633501683
3506,C-3507,,WIKXJKUZYYOTBP-UHFFFAOYSA-N,CCCCC(COC(=O)N)(COC(=O)NC(C)C)C,,-3.633501683
3507,C-3508,,CHRFQIPAIYEJEP-UHFFFAOYSA-N,CCCNC(=O)OCC(C(CC)C)(COC(=O)N)C,,-3.633501683
3508,C-3509,,PLZUGJMGQQVNND-UHFFFAOYSA-N,CCCC(COC(=O)N)(COC(=O)NC(C)C)CC,,-3.633501683
3509,C-3510,,ZSRGLQQAHXRPJC-UHFFFAOYSA-N,CCOC(=S)c1ccc(cc1)Cl,,-3.63318719
3510,C-3511,,ALTCHFUOYJHLAE-CALJPSDSSA-M,CC[N+](CCOc1ccc(cc1)/C=C/c1ccccc1)(CC)C.[I-],,-3.632243844
3511,C-3512,,LEQAKWQJCITZNK-AXHKHJLKSA-N,OC[C@H]1O[C@@H](Oc2cc3CC[C@@H](c4c(c3c(c2OC)OC)ccc(c(=O)c4)SC)NC(=O)C)[C@@H]([C@H]([C@@H]1O)O)O,,-3.630410908
3512,C-3513,,NHDODQWIKUYWMW-UHFFFAOYSA-N,Clc1ccc(cc1)Br,,-3.6300001
3513,C-3514,,MWKFXSUHUHTGQN-UHFFFAOYSA-N,CCCCCCCCCCO,,-3.6300001
3514,C-3515,,RDOUPJBDKWSTIZ-AYXDOIBJSA-N,O[C@H]([C@H](C(=O)O)O)C(=O)O.CCOC(=O)CCN1CC[C@@]23[C@H]([C@H]1Cc1c3cc(cc1)O)CCCC2,,-3.628875816
3515,C-3516,,BOCVNVQHUWMOEY-UHFFFAOYSA-N,Ic1ccc(nc1)SCCCN1CSCC1.Cl,,-3.627755318
3516,C-3517,,ADQDRPUFTMYUAP-UHFFFAOYSA-N,COc1ccc(cc1)C(=O)OCCCN1CCCCC1C,,-3.627519382
3517,C-3518,,USJULHZFGFGGBZ-UHFFFAOYSA-M,[Bi]Oc1cccc2c1nccc2.O.O,,-3.62681602
3518,C-3519,,PWGUBEJVBRMAQL-UHFFFAOYSA-N,CCCC(COC(=O)N)(COC(=O)N(CC)CC)C,,-3.626747355
3519,C-3520,,VWRCYAZJKNPEQR-NIEARKAZSA-N,O[C@H]([C@H](C(=O)O)O)C(=O)O.CN1CCCN=C1/C=C/c1cccs1,,-3.625072469
3520,C-3521,,RWECDRYGVAHWOO-UHFFFAOYSA-N,CCC(c1cccc2c1cccc2)(C(=O)N)CCN1CCOCC1,,-3.625062409
3521,C-3522,,XOTGIMIAOGYFEM-UHFFFAOYSA-N,CCCNC(=O)OCC(c1ccccc1)(COC(=O)N)C,,-3.623147512
3522,C-3523,,SUBDBMMJDZJVOS-UHFFFAOYSA-N,COc1ccc2c(c1)[nH]c(n2)S(=O)Cc1ncc(c(c1C)OC)C,,-3.623049412
3523,C-3524,,ZIMVVGOAOKKAAB-PFEQFJNWSA-N,CC[NH+]1CCc2c3[C@H]1Cc1ccc(c(c1c3ccc2)O)O.[Cl-],,-3.621929868
3524,C-3525,,JBDGDEWWOUBZPM-UHFFFAOYSA-N,OC1CCC(CC1)NCc1cc(Br)cc(c1N)Br,,-3.621207295
3525,C-3526,,SRQKTCXJCCHINN-NYYWCZLTSA-N,[O-][N+](=O)c1ccc(o1)/C=N/N1CC(OC1=O)CSC,,-3.620587202
3526,C-3527,,SBHXYTNGIZCORC-ZDUSSCGKSA-N,Oc1cc2O[C@@H](CC(=O)c2c(c1)O)c1ccc(c(c1)O)O,,-3.6199999
3527,C-3528,,VYCPPJUYLAXDGF-UHFFFAOYSA-N,ClCC[NH+](CCOc1ccc(c(c1)C)C)CC.[Cl-],,-3.618790264
3528,C-3529,,RPBJOYICBFNIMN-RDWMNNCQSA-M,O=C1C=C[C@]2(C(=C1)CC[C@@H]1[C@]2(F)[C@@H](O)C[C@]2([C@H]1C[C@H]([C@]2(O)C(=O)COC(=O)c1cccc(c1)S(=O)(=O)[O-])C)C)C.[Na+],,-3.618784385
3529,C-3530,,GZENKSODFLBBHQ-ILSZZQPISA-N,O=C1CC[C@]2(C(=C1)[C@@H](C)C[C@@H]1[C@@H]2[C@@H](O)C[C@]2([C@H]1CC[C@@H]2C(=O)C)C)C,,-3.618471258
3530,C-3531,,WRCHFMBCVFFYEQ-UHFFFAOYSA-N,CN(CCC(c1ccccc1Cl)(c1ccccc1)O)C,,-3.617812149
3531,C-3532,,DYIMWUCLECRKCE-UHFFFAOYSA-N,CCCCN(CCCC)CCCNC1=CC(=O)c2c(C1=O)cccn2,,-3.616811995
3532,C-3533,,HOYMCFARXRZEHA-UHFFFAOYSA-N,OCCN1CCN(CC1)CC(=O)N1c2ccccc2Sc2c1cccc2.Cl.Cl,,-3.616430349
3533,C-3534,,GDTRBAWPVCBCJA-UHFFFAOYSA-N,Clc1ccc2c(c1)CO[NH+](C2)CC[NH+]1CCCCC1.[Cl-].[Cl-],,-3.615162518
3534,C-3535,,AABXRENNINHJOR-UHFFFAOYSA-N,CCN(CCOC(=O)CC(c1ccccc1)(c1ccccc1)O)CC.Cl,,-3.615017899
3535,C-3536,,BANZVIZIJJNREP-UHFFFAOYSA-N,CCN(CCCOC(=O)C(c1ccccc1)(c1ccccc1)O)CC.Cl,,-3.615017899
3536,C-3537,,CFWATMFTYGZZAF-UHFFFAOYSA-N,C[NH+]1CCc2c(C1CCc1ccc(cc1)Cl)cc(c(c2)O)O.[Cl-],,-3.614332452
3537,C-3538,,WURBVZBTWMNKQT-UHFFFAOYSA-N,O=C(C(C)(C)C)C(n1ncnc1)Oc1ccc(cc1)Cl,,-3.613673327
3538,C-3539,,RJQFSZABCNPBQY-UHFFFAOYSA-N,CCCC(COC(=O)N)(COC(=O)NCC(=C)C)C,,-3.613605878
3539,C-3540,,AKFGKNDBVKJPBX-UHFFFAOYSA-N,N/C(=N\C1CC2C(C1(C)CC2)(C)C)/CSS(=O)(=O)O,,-3.612442439
3540,C-3541,,WOMKDMUZNBFXKG-ZWKOPEQDSA-N,C[C@H]1CCC[C@@H](O1)C[C@@H]1OC(=O)c2c(C1)cc(cc2O)O,,-3.612176646
3541,C-3542,,IHLIKQHIMNCJHD-UHFFFAOYSA-N,COc1cccc(c1)C1CCC2N(C1)CCCC2.Cl,,-3.611758768
3542,C-3543,,RJWFCNKUCLNCTI-UHFFFAOYSA-N,COc1ccc(cc1)C1CCC2N(C1)CCCC2.Cl,,-3.611758768
3543,C-3544,,UVCOILFBWYKHHB-UHFFFAOYSA-N,O=C1CN=C(c2c(N1)ccc(c2)Cl)c1ccccc1F,,-3.611589583
3544,C-3545,,KZKHRXIMQFERJC-UHFFFAOYSA-N,Clc1ccc(nc1)SCCCCCN1CSCC1.Cl.Cl,,-3.611163182
3545,C-3546,,MMMNTDFSPSQXJP-UHFFFAOYSA-N,[O-]C(=O)CC(C(=O)O)(CC(=O)O)O.C[NH+](CCOC(c1ccccc1C)c1ccccc1)C,,-3.611103604
3546,C-3547,,FCSHMCFRCYZTRQ-UHFFFAOYSA-N,S=C(Nc1ccccc1)Nc1ccccc1,,-3.610420173
3547,C-3548,,WURBVZBTWMNKQT-ZDUSSCGKSA-N,O=C(C(C)(C)C)[C@@H](n1ncnc1)Oc1ccc(cc1)Cl,,-3.6099999
3548,C-3549,,NRXQIUSYPAHGNM-UHFFFAOYSA-N,N#Cc1cc(I)c(c(c1)I)O,,-3.6099999
3549,C-3550,,WZOZEZRFJCJXNZ-ZBFHGGJFSA-N,CO[C@@]1(NC(=O)Cc2cccs2)C(=O)N2[C@@H]1SCC(=C2C(=O)O)COC(=O)N,,-3.608865528
3550,C-3551,,LDMNWDMAZKMCSI-UHFFFAOYSA-N,CCCCOc1ccc(cc1CC)CC(=O)NO,,-3.60784573
3551,C-3552,,XWIHRGFIPXWGEF-UHFFFAOYSA-N,CCCNCC(COc1ccccc1C(=O)CCc1ccccc1)O.Cl,,-3.607505591
3552,C-3553,,JOATXPAWOHTVSZ-UHFFFAOYSA-N,CCN(C(=O)Nc1ccc(c(c1)C(=O)C)OCC(CNC(C)(C)C)O)CC,,-3.606454852
3553,C-3554,,OAWRXBDGRIPUMA-UHFFFAOYSA-N,CCN1CCCC(C1)OC(=O)C(c1ccccc1)(C1CCCC1)O,,-3.606082715
3554,C-3555,,FJFRCZLGKLPJHB-UHFFFAOYSA-N,CCCC(COC(=O)N(C)C)(COC(=O)NCC)C,,-3.605175249
3555,C-3556,,DIWRORZWFLOCLC-UHFFFAOYSA-N,Clc1ccc2c(c1)C(=NC(C(=O)N2)O)c1ccccc1Cl,,-3.603627419
3556,C-3557,,KIUPORFCHKEHRJ-UHFFFAOYSA-N,OC(=O)C(c1ccc2c(c1)nc(o2)c1ccccc1)C,,-3.603498733
3557,C-3558,,UFWIBTONFRDIAS-UHFFFAOYSA-N,c1ccc2c(c1)cccc2,,-3.5999999
3558,C-3559,,DIWRORZWFLOCLC-OAHLLOKOSA-N,Clc1ccc2c(c1)C(=N[C@@H](C(=O)N2)O)c1ccccc1Cl,,-3.5999999
3559,C-3560,,HOTDMJSWRGBPDM-UHFFFAOYSA-N,CCCCCSc1ccc(cc1)CC(=O)NO,,-3.598917372
3560,C-3561,,GYWUCVKLUKFJLC-UHFFFAOYSA-N,CCC(=O)C(c1ccccc1)(c1ccccc1)CC[NH+](C)C.[Cl-],,-3.598780038
3561,C-3562,,XBQPHDPNQNWVDG-UHFFFAOYSA-N,CCN1CCCC(C1)OC(=O)Nc1ccc(cc1)Cl,,-3.598340746
3562,C-3563,,POVKKBUQFDAVOF-UHFFFAOYSA-N,CCN1CCCC(C1)OC(=O)Nc1cccc(c1)Cl,,-3.598340746
3563,C-3564,,PRUGQYWGIVNHEM-UHFFFAOYSA-N,O=c1ncc2c([nH]1)[nH]c(=O)[nH]2,,-3.59715708
3564,C-3565,,KVLQSJWHJRGPQB-QXMHVHEDSA-N,CC(NC(=O)/C(=C(\c1ccccc1)/C)/C)C,,-3.596721019
3565,C-3566,,YVIAOUXBSTVVRH-UHFFFAOYSA-N,CCCCCSCCCCCN1CSCC1.Cl,,-3.596187692
3566,C-3567,,KUUWPXMCNKAGMJ-UHFFFAOYSA-N,CCCCCCCSCCCN1CCSC1.Cl,,-3.596187692
3567,C-3568,,SQMVHTYCDBPBJL-UHFFFAOYSA-N,CCN(CC(=O)N1C(C)(C)CC=CC1(C)C)CC,,-3.595912801
3568,C-3569,,QEPSIRAPSOKGGM-UHFFFAOYSA-N,O=C(c1ccc(cc1)[N+](=O)[O-])Nc1ccccc1C,,-3.595769143
3569,C-3570,,IAJHEMNFBQPVCL-UHFFFAOYSA-N,FCCCCCCCC#C,,-3.595444311
3570,C-3571,,ZZMSHBOVYPIYOB-UHFFFAOYSA-N,O=C1NN(C(=O)C1c1ccccc1)c1ccccc1,,-3.595419431
3571,C-3572,,OKJPEAGHQZHRQV-UHFFFAOYSA-N,IC(I)I,,-3.595200702
3572,C-3573,,OCAKLJJBSJLFGA-UHFFFAOYSA-N,OCC(C(=O)N1C2CCC1CN(C2)C)(c1ccccc1)c1ccccc1,,-3.594276093
3573,C-3574,,RXUYUUWQHGNNTA-UHFFFAOYSA-N,OCC(C(=O)N1CC2CCC(C1)N2C)(c1ccccc1)c1ccccc1,,-3.594276093
3574,C-3575,,IHKNYPYJYZUMMA-UHFFFAOYSA-N,O=C(C(c1ccccc1)CN1CCCC1)c1ccccc1.Cl,,-3.592594971
3575,C-3576,,HDWIHXWEUNVBIY-UHFFFAOYSA-N,O=S1(=O)NC(Cc2ccccc2)Nc2c1cc(c(c2)C(F)(F)F)S(=O)(=O)N,,-3.591280051
3576,C-3577,,JRWUFQJVJGKCCT-UHFFFAOYSA-N,N#CC(c1ccccc1)CC(=O)c1ccccc1,,-3.591278774
3577,C-3578,,CUCUKLJLRRAKFN-UHFFFAOYSA-N,CC(=O)C1C(=O)C=C2C(C1=O)(C)c1c(O)c(C)c(c(c1O2)C(=O)C)O,,-3.590214053
3578,C-3579,,HEFNNWSXXWATRW-UHFFFAOYSA-N,CC(Cc1ccc(cc1)C(C(=O)O)C)C	,,-3.59
3579,C-3580,,PBKONEOXTCPAFI-UHFFFAOYSA-N,Clc1ccc(c(c1)Cl)Cl,,-3.5899999
3580,C-3581,,HDWIHXWEUNVBIY-AWEZNQCLSA-N,O=S1(=O)N[C@@H](Cc2ccccc2)Nc2c1cc(c(c2)C(F)(F)F)S(=O)(=O)N,,-3.5899999
3581,C-3582,,WKEDVNSFRWHDNR-UHFFFAOYSA-N,O=C(c1ccccc1O)Nc1ccccc1,,-3.5899999
3582,C-3583,,PIXFHVWJOVNKQK-OAZQVCGISA-N,O[C@H]1CC[C@]2([C@H](C1)CC[C@@H]1[C@@H]2[C@H](O)C[C@]2([C@H]1CCC2=O)C)C,,-3.5899999
3583,C-3584,,JFNWFXVFBDDWCX-UHFFFAOYSA-N,Nc1ccc(cc1)S(=O)(=O)N(c1onc(c1C)C)C(=O)C,,-3.5899999
3584,C-3585,,NDDAHWYSQHTHNT-SNVBAGLBSA-N,C[C@@H]1Cc2c(N1NC(=O)c1ccc(c(c1)S(=O)(=O)N)Cl)cccc2,,-3.5899999
3585,C-3586,,WIDMDEHGDAFXAJ-HXUWFJFHSA-N,Nc1ccc(cc1)[S@@](=O)N(c1onc(c1C)C)C(=O)C,,-3.5899999
3586,C-3587,,RKNGLZFRJZYNLH-UHFFFAOYSA-N,CCc1sc2=NC(=O)CNC(=c2c1)c1ccccc1Cl,,-3.589687487
3587,C-3588,,GKDHNCOWIDRBOR-LSHSPPPCSA-N,Oc1ccc2c(c1)[C@]13CCCC[C@H]3[C@@H](C2)N(CC1)CC(c1ccccc1)O.Cl,,-3.58917826
3588,C-3589,,NILOGSUCKNGCDM-UHFFFAOYSA-N,CCOP(=O)(OC(C(Cl)(Cl)Cl)Cl)OCC,,-3.589119623
3589,C-3590,,LLQAOIITXFNWED-UHFFFAOYSA-N,N#CC(=NNc1ccc(cc1)Cl)C#N,,-3.588719249
3590,C-3591,,ZFEBPJQSSNUJGT-UHFFFAOYSA-N,O=C(Cc1ccccc1)NC1CCCCC1,,-3.588120848
3591,C-3592,,CNCUKGDUDOASDV-UHFFFAOYSA-N,FCCCCCCBr,,-3.587741807
3592,C-3593,,UORKEUUXJMNISC-UHFFFAOYSA-N,c1ccc(cc1)CN1CCCC1c1c[nH]c2c1cccc2,,-3.586598304
3593,C-3594,,YPWPVPLDLYIPNI-UHFFFAOYSA-N,CCNC(=O)c1cc(Br)cc(c1O)C,,-3.585997782
3594,C-3595,,YOFROOKXIBMQTF-UHFFFAOYSA-N,CC(=O)Oc1c(C(=O)O)c(OC(=O)C)c(c(c1Cl)C)Cl,,-3.584961932
3595,C-3596,,ZYPGADGCNXOUJP-CXVPHVKISA-N,CCCC[C@H](/C=C(/C=C/C=C/C(=O)N1CCCC1=O)\C)O,,-3.584234343
3596,C-3597,,FOOCWHCIEFPXAT-UHFFFAOYSA-N,CCC(=O)OC1(CCN(CC1)C)C1CCCCC1.Cl,,-3.584217348
3597,C-3598,,VLPADTBFADIFKG-UHFFFAOYSA-N,O=C1c2ncccc2c2c(C1=O)nccc2,,-3.583835624
3598,C-3599,,ZHLAWCRBKNNTNO-UHFFFAOYSA-N,CN(CCNc1nc(c(o1)c1ccccc1)c1ccccc1)C,,-3.582984079
3599,C-3600,,UZSOAEWQSFKJHC-UHFFFAOYSA-N,OCCN(c1ccccc1)Cc1ccc2c(n1)cccc2,,-3.582467663
3600,C-3601,,UGTJLJZQQFGTJD-UHFFFAOYSA-N,N#CC(=NNc1cccc(c1)Cl)C#N,,-3.580159437
3601,C-3602,,UYTPUPDQBNUYGX-UHFFFAOYSA-N,Nc1[nH]c(=O)c2c(n1)[nH]cn2,,-3.5799999
3602,C-3603,,AOGCEVPCIJMAPG-UHFFFAOYSA-N,O=c1ccc2c(c1)[nH]c1c(c2)cccc1,,-3.579563392
3603,C-3604,,VUZCWTUAXNDZSX-UHFFFAOYSA-N,Oc1ccc2c(c1)cc1c(n2)cccc1,,-3.579563392
3604,C-3605,,SLHZPGCWJXXMAR-UHFFFAOYSA-N,[O-][N+](=O)c1ccc(s1)c1scc(n1)CN1CCCCC1.Cl,,-3.579381948
3605,C-3606,,RBBYLCGCSMGUJB-UHFFFAOYSA-N,CCC(C(c1ccccc1)(c1ccccc1)CC[NH+]1CCOCC1)O.[Cl-],,-3.579041428
3606,C-3607,,RSFZTDPRBQURSI-UHFFFAOYSA-N,CN(CC(C(c1ccccc1C)(c1ccccc1)O)C)C.Cl,,-3.578635123
3607,C-3608,,DDQGNGANBLTNFD-UHFFFAOYSA-N,CSc1nc2c(o1)ccc(c2)Cl,,-3.576817971
3608,C-3609,,AMTPYFGPPVFBBI-UHFFFAOYSA-N,CC(=O)Nc1ccc(cc1)S(=O)(=O)c1ccc(cc1)NC(=O)C,,-3.576256936
3609,C-3610,,BMZCSDMMUVZRRF-UHFFFAOYSA-N,CC([NH+](/C(=N/C(=N/c1ccc(cc1)Cl)/N)/N)C)C.[O-]C(=O)C,,-3.576106906
3610,C-3611,,WBEXQMNCOCWOMJ-UHFFFAOYSA-N,CCCc1cccc(c1OCC(CO)O)Cl,,-3.575747234
3611,C-3612,,YJVYEOGCTYVBEA-UHFFFAOYSA-N,CCCc1cc(Cl)ccc1OCC(CO)O,,-3.575747234
3612,C-3613,,VJMGTIWUJWAAPO-GQCTYLIASA-N,CCCOc1ccc(cc1Cl)/C=C/C(=O)NO,,-3.574580219
3613,C-3614,,BLFQCTZPRNTYFS-UHFFFAOYSA-N,Brc1ccc(nc1)SCCCCN1CSCC1.Cl,,-3.574488407
3614,C-3615,,YNZFUWZUGRBMHL-UHFFFAOYSA-N,OCCN1CCN(CC1)CCCN1c2ccccc2C=Cc2c1cccc2,,-3.574007374
3615,C-3616,,UDHXJZHVNHGCEC-UHFFFAOYSA-N,Clc1ccc(cc1)C(C(=O)C1C(=O)c2c(C1=O)cccc2)c1ccccc1,,-3.573822768
3616,C-3617,,MLHBDHJHNDJBLI-UHFFFAOYSA-N,CCN(C(CC(C)C)COC(=O)c1ccc(cc1)N)CC,,-3.572804775
3617,C-3618,,IGVRMQTYZVEVJA-UHFFFAOYSA-L,C[N+]1(CCCCCC[N+]2(C)CCOCC2)CCOCC1.[I-].[I-],,-3.571242031
3618,C-3619,,ITPBBIALPUKKHC-YISXUXMPSA-N,COc1cc(cc(c1OC)OC)C(=O)OC1CCC[C@H]2[C@@H]1CCN(C2)C,,-3.570999647
3619,C-3620,,GKJZVPXYCWSVCE-UHFFFAOYSA-N,ClCC[NH+](CCOc1cccc(c1)CC)CC.[Cl-],,-3.570875932
3620,C-3621,,GMCIKUIXWWYNKS-UHFFFAOYSA-N,CCC(C(C)C)(COC(=O)N)COC(=O)NC(C)C,,-3.570854873
3621,C-3622,,CBEQULMOCCWAQT-WOJGMQOQSA-N,Cc1ccc(cc1)/C(=C\CN1CCCC1)/c1ccccn1,,-3.570417833
3622,C-3623,,WXZVAROIGSFCFJ-ZDUSSCGKSA-N,CCN(C(=O)[C@@H](Oc1cccc2c1cccc2)C)CC,,-3.5699999
3623,C-3624,,VJJPUSNTGOMMGY-SBPDDUSOSA-N,COc1cc(cc(c1O)OC)[C@@H]1[C@H]2C(=O)OC[C@@H]2[C@H](c2c1cc1OCOc1c2)O[C@H]1O[C@H]2CO[C@@H](O[C@@H]2[C@H]([C@@H]1O)O)C,,-3.5699999
3624,C-3625,,HIHJBUYHDXQAJN-UHFFFAOYSA-N,CCC(=O)c1ccc(cc1)OCC(CN1CCN(C(C1)C)c1ccccc1)O,,-3.569798756
3625,C-3626,,QNNASOAFVHGFQC-UHFFFAOYSA-N,CCC(=O)C(c1ccccc1)(c1ccccc1)CC[NH+]1CCOCC1.[Cl-],,-3.568458471
3626,C-3627,,OOGNFQMTGRZRAB-UHFFFAOYSA-N,CC1N(CCOC1c1ccccc1)Cc1c(=O)n(n(c1C)C)c1ccccc1,,-3.56787742
3627,C-3628,,DVBJBNKEBPCGSY-UHFFFAOYSA-M,CCCCCCCCCCCCCCCC[n+]1ccccc1.[Br-],,-3.566134859
3628,C-3629,,UEYYGXZIKYKIMT-UHFFFAOYSA-N,OCC(COc1c(Cl)cc(cc1Cl)Cl)O,,-3.56574228
3629,C-3630,,WRBGACYDFKHNSU-UHFFFAOYSA-N,O=C1Oc2c(C1(CC[NH+]1CCCCC1)c1ccccc1)cccc2.[Cl-],,-3.565622149
3630,C-3631,,NOSIYYJFMPDDSA-UHFFFAOYSA-N,CN(CCCN1c2ccccc2Sc2c1cc(cc2)C(=O)C)C,,-3.565463273
3631,C-3632,,JDGBARYFQADTHZ-KCWPWBDNSA-M,C=CC1C[N+]2(C)CCC1C[C@@H]2[C@H](c1ccnc2c1cc(OC)cc2)O.[Cl-],,-3.565325694
3632,C-3633,,ATCGDUNXIDLZOF-UHFFFAOYSA-N,CCCCC(COC(=O)N)(COC(=O)NCC=C)C,,-3.565301198
3633,C-3634,,FLEBQACKYGHXTR-UHFFFAOYSA-N,CN1CCN(CC1)C(c1ccc(cc1)Cl)c1ccccc1.Cl.Cl,,-3.563976382
3634,C-3635,,JWHAUXFOSRPERK-UHFFFAOYSA-N,CCCNCC(COc1ccccc1C(=O)CCc1ccccc1)O,,-3.563539839
3635,C-3636,,BLFQGGGGFNSJKA-XHXSRVRCSA-N,CN[C@H]1CC[C@H](c2c1cccc2)c1ccc(c(c1)Cl)Cl.Cl,,-3.562696046
3636,C-3637,,HVDJTCQTYOACHS-UHFFFAOYSA-N,NCC1CCC(CC1)CNCc1ccccc1Cl.Cl.Cl,,-3.562649672
3637,C-3638,,MKXZASYAUGDDCJ-CGTJXYLNSA-N,COc1ccc2c(c1)[C@]13CCCC[C@H]3[C@@H](C2)N(CC1)C,,-3.560295626
3638,C-3639,,MKXZASYAUGDDCJ-NJAFHUGGSA-N,COc1ccc2c(c1)[C@@]13CCCC[C@@H]3[C@H](C2)N(CC1)C,,-3.560295626
3639,C-3640,,HQVJABAPEJNZED-UHFFFAOYSA-N,C[NH+](CCOC(c1ccccc1Cl)c1ccccc1)C.[Cl-],,-3.560288813
3640,C-3641,,SDTRPYDQWXMFOM-UHFFFAOYSA-N,CN(CCOC(c1ccc(cc1)Cl)c1ccccc1)C.Cl,,-3.560288813
3641,C-3642,,QBYBMXVKAQVJHV-UHFFFAOYSA-N,C[NH+](CCOC(c1cccc(c1)Cl)c1ccccc1)C.[Cl-],,-3.560288813
3642,C-3643,,PDLWQTVMGHECQL-UHFFFAOYSA-N,CNC(=O)N1C(=O)CN=C(c2c1ccc(c2)[N+](=O)[O-])c1ccccc1,,-3.560055428
3643,C-3644,,VLNWDJONOVINKT-UHFFFAOYSA-N,C[NH2+]CCc1csc2c1cc(Br)cc2.[Cl-],,-3.559266941
3644,C-3645,,IVHBBMHQKZBJEU-UHFFFAOYSA-N,CCCCOc1nc2ccccc2c(c1)C(=O)NCCN(CC)CC.Cl,,-3.558513134
3645,C-3646,,FYNJPVIXOGBPMW-UHFFFAOYSA-N,CN(C(c1ccc(cc1)Oc1ccccc1)C)C,,-3.557192393
3646,C-3647,,ASXOEJHJTPVQQL-PZAJBRPHSA-N,CN(CC/C=C/1\C2CC3CC1CC(C2)C3)C.Cl,,-3.55608187
3647,C-3648,,KYRVNWMVYQXFEU-UHFFFAOYSA-N,COC(=O)Nc1nc2c([nH]1)cc(cc2)C(=O)c1cccs1,,-3.555783955
3648,C-3649,,LPRLDRXGWKXRMQ-UHFFFAOYSA-N,CN1CCC(CC1)OC(c1ccccc1)c1ccccc1.Cl,,-3.554798045
3649,C-3650,,IEALZUDQNHAFKI-UHFFFAOYSA-N,CN1CCc2c(C1)cccc2NC(=O)C1CCCCC1,,-3.553809692
3650,C-3651,,WJJZQSCOTJYYSP-INIZCTEOSA-N,COc1c(OC)cc2c(c1OC)c1ccc(cc1[C@H](CC2)NC(=O)C)O,,-3.553161851
3651,C-3652,,AHGTVVKFAJFTJE-ATVHPVEESA-N,CN(/N=C\C(=O)c1ccc(cc1)Oc1ccccc1)C,,-3.55300665
3652,C-3653,,XEAVLJLNCQZBQI-UHFFFAOYSA-N,COc1ccccc1C1CCC2N(C1)CCCC2,,-3.551595161
3653,C-3654,,CROGROFAKDECNL-MBHUSPCXSA-N,CCCN1CC[C@@]23[C@H]([C@H]1Cc1c3cc(cc1)O)CCCC2.Br,,-3.551050661
3654,C-3655,,NEWLATOFXAHBFJ-UHFFFAOYSA-N,CN(CC=C(c1cccc(c1)F)c1cccc(c1)F)C.Cl,,-3.5505439
3655,C-3656,,RSKJGHLGGFOENO-UHFFFAOYSA-N,CN(CC=C(c1ccc(cc1)F)c1ccc(cc1)F)C.Cl,,-3.5505439
3656,C-3657,,HNRMPXKDFBEGFZ-UHFFFAOYSA-N,CCC(C)(C)C,,-3.55
3657,C-3658,,ZDPHROOEEOARMN-UHFFFAOYSA-N,CCCCCCCCCCC(=O)O,,-3.55
3658,C-3659,,JMLWXCJXOYDXRN-UHFFFAOYSA-N,Clc1cccc(c1)I,,-3.55
3659,C-3660,,QXGCRDZPPUDHNX-UHFFFAOYSA-N,O=C(c1ccc(cc1)[N+](=O)[O-])Nc1cccc(n1)C,,-3.548222299
3660,C-3661,,BFSMWENDZZIWPW-UHFFFAOYSA-N,CC([N+](C(C)C)(CCC(c1ccccc1)(c1ccccc1)C(=O)N)C)C.[I-],,-3.54713787
3661,C-3662,,IBLNKMRFIPWSOY-FNORWQNLSA-N,OC(C(C)(C)C)/C=C/c1ccc2c(c1)OCO2,,-3.546288791
3662,C-3663,,XPCKHMSVEPMTSS-UHFFFAOYSA-N,CCC1CC[Si](CC21C(=O)NC(=O)NC2=O)(C)C,,-3.545669735
3663,C-3664,,KNHUKKLJHYUCFP-UHFFFAOYSA-N,CCOC(=O)C(Oc1ccc(cc1)Cl)(C)C,,-3.545464275
3664,C-3665,,KEGGEHPMMDYTGB-UHFFFAOYSA-N,CC(c1ccc(c(c1O)C(C)C)C)C,,-3.544411457
3665,C-3666,,CZRKEJQELXKHAQ-UHFFFAOYSA-N,CCCNS(=O)(=O)c1ccc(cc1)Br,,-3.541754144
3666,C-3667,,JSRLURSZEMLAFO-UHFFFAOYSA-N,Brc1cccc(c1)Br,,-3.54
3667,C-3668,,RJKGJBPXVHTNJL-UHFFFAOYSA-N,[O-][N+](=O)c1cccc2c1cccc2,,-3.54
3668,C-3669,,PUIYMUZLKQOUOZ-UHFFFAOYSA-N,O=C(N(C)C)Nc1ccc(cc1)C(C)C,,-3.54
3669,C-3670,,MPEOPBCQHNWNFB-UHFFFAOYSA-N,Clc1ccccc1I,,-3.54
3670,C-3671,,MPHPHYZQRGLTBO-NSHDSACASA-N,CCC[C@@H]1C(=O)n2n(C1=O)c1cc(C)ccc1nc2N(C)C,,-3.54
3671,C-3672,,SFWZXFCJOWQJFZ-KAIFKDDSSA-N,C=C[C@H]1CN2CC[C@H]1C[C@@H]2[C@H](c1ccnc2c1cc(OC)cc2)O.O.O,,-3.539816522
3672,C-3673,,BPLBGHOLXOTWMN-MBNYWOFBSA-N,O=C(N[C@@H]1C(=O)N2[C@@H]1SC([C@@H]2C(=O)O)(C)C)COc1ccccc1,,-3.53979932
3673,C-3674,,BEWNZPMDJIGBED-UHFFFAOYSA-N,CC(c1ccccc1)NNC(=O)c1ccccc1,,-3.53934257
3674,C-3675,,BTNNPSLJPBRMLZ-LGMDPLHJSA-N,O=CN(/C(=C(\SC(=O)c1ccccc1)/CCOP(=O)(O)O)/C)Cc1cnc(nc1N)C,,-3.539114283
3675,C-3676,,PISUWIAFYNMOIB-UHFFFAOYSA-N,CC1CCCCN1CCCOC(=O)c1ccccc1O,,-3.538334562
3676,C-3677,,VGFFLHYAQABHTR-UHFFFAOYSA-N,ClCCN(C(=O)NC1CC2CC1CC2)N=O,,-3.537693619
3677,C-3678,,ZZYHCCDMBJTROG-UHFFFAOYSA-N,OC(=O)C(CC(=O)O)(CC(=O)O)O.CN(CCOc1ccccc1Cc1ccccc1)C,,-3.536834169
3678,C-3679,,LRZUYSRNNXQUAJ-UHFFFAOYSA-N,Brc1cccnc1OCCCCCN1CSCC1.Cl,,-3.536145296
3679,C-3680,,PUEQRAGPCUCQJI-UHFFFAOYSA-N,Brc1ccc(nc1)OCCCCCN1CSCC1.Cl,,-3.536145296
3680,C-3681,,IAHYAEQCVLEZTB-UHFFFAOYSA-N,Brc1cccc(n1)OCCCCCN1CSCC1.Cl,,-3.536145296
3681,C-3682,,ROXLQGHOPINWFU-UHFFFAOYSA-N,ICCn1c(C)ncc1[N+](=O)[O-],,-3.536034937
3682,C-3683,,WIQJRGFUJZSBKC-UHFFFAOYSA-N,[O-][N+](=O)c1cn(c(n1)C)CCI,,-3.536034937
3683,C-3684,,SYJOHJHUOWQNTH-UHFFFAOYSA-N,CCC(COC(=O)N(C)C)(COC(=O)N(C)C)CC,,-3.535775582
3684,C-3685,,RHFVHKHSFGQHJO-UHFFFAOYSA-N,O=C1NCCC2(O1)CCN(CC2)CCCC(=O)c1ccc(cc1)Cl,,-3.532275579
3685,C-3686,,ZPQAKYPOZRXKFA-UHFFFAOYSA-N,CCCCCC(=O)CCCCC,,-3.532234468
3686,C-3687,,KQFSLSHCXZRAJU-UHFFFAOYSA-N,CCCCC(COC(=O)N)(COC(=O)NCC#C)CC,,-3.529583095
3687,C-3688,,QHXLVTODHKJVJK-ZTMWJVNESA-N,O[C@H]([C@H](C(=O)O)O)C(=O)O.CC(=O)Oc1ccc2c(c1)[C@]13CCCC[C@H]3[C@@H](C2)N(CC1)C,,-3.528878055
3688,C-3689,,GCLBGKOMNXDAFZ-VAWYXSNFSA-N,C=CCNC(=O)/C(=C(/c1ccccc1)\C)/C,,-3.528215303
3689,C-3690,,GCLBGKOMNXDAFZ-QXMHVHEDSA-N,C=CCNC(=O)/C(=C(\c1ccccc1)/C)/C,,-3.528215303
3690,C-3691,,FYOZSKRVTISLHE-UHFFFAOYSA-N,CCOC(=O)c1cc2c(oc1=O)ccc1c2cccc1,,-3.528201759
3691,C-3692,,CTLQCKNLIJCWJU-UHFFFAOYSA-N,Clc1ccc(nc1)OCCCCCCN1CSCC1.Cl,,-3.528020217
3692,C-3693,,PEEJUZZCANIEIL-UHFFFAOYSA-N,Nc1oc2c(n1)cc(c(c2)Br)Cl,,-3.527837028
3693,C-3694,,SMXDRKKGVLJUFQ-UHFFFAOYSA-N,Nc1oc2c(n1)cc(c(c2)Cl)Br,,-3.527837028
3694,C-3695,,PPSVFZXMDMUIGB-FJUODKGNSA-N,O=C1OC(CN1/N=C/c1ccc(o1)[N+](=O)[O-])CN1CCOCC1.Cl,,-3.527823778
3695,C-3696,,GMXVMPBZOIMNDW-UHFFFAOYSA-N,c1ccc(cc1)CNC1CCN(CC1)Cc1ccccc1.Cl.Cl,,-3.526992431
3696,C-3697,,JXYWFNAQESKDNC-BTJKTKAUSA-N,OC(=O)/C=C\C(=O)O.COc1ccc(cc1)CN(c1ccccn1)CCN(C)C,,-3.52446429
3697,C-3698,,SXKOCXTXIUNMEN-UHFFFAOYSA-N,CCC(=O)C(c1ccccc1)(c1ccccc1)CCN1CCOCC1,,-3.523904802
3698,C-3699,,JPKQTZQKHUBTAW-UHFFFAOYSA-N,CN(C1=Nc2ccc(cc2N(C(=O)C1)c1ccccc1)C(F)(F)F)C,,-3.523722711
3699,C-3700,,ZCKKHYXUQFTBIK-MDZDMXLPSA-N,CCOC(=O)/C=C\1/SC(C(=O)N1C)N1CCCCC1,,-3.523654219
3700,C-3701,,UONKAYXKEKSURY-UHFFFAOYSA-N,C1CCc2c(N(C1)CCN1CCCC1)cccc2,,-3.52296524
3701,C-3702,,XMFMYKMPBCMDFG-UHFFFAOYSA-N,O=C1C(NCCc2ccccc2)CCN1c1ccccc1.Cl,,-3.521276566
3702,C-3703,,BBOPZOKILMKZKZ-UHFFFAOYSA-N,CN(CC=C(c1ccccc1C)c1ccccc1)C.Cl,,-3.520117775
3703,C-3704,,WJIFKOVZNJTSGO-UHFFFAOYSA-N,Cc1cccc(c1)Br,,-3.52
3704,C-3705,,DMEGYFMYUHOHGS-UHFFFAOYSA-N,C1CCCCCC1,,-3.52
3705,C-3706,,XKJMBINCVNINCA-UHFFFAOYSA-N,CON(C(=O)Nc1ccc(c(c1)Cl)Cl)C,,-3.52
3706,C-3707,,IBSQPLPBRSHTTG-UHFFFAOYSA-N,Cc1ccccc1Cl,,-3.52
3707,C-3708,,MJZULVRFNYHKTJ-UHFFFAOYSA-L,C[N+]1(CCOCC[N+]2(C)CCCC2)CCCC1.[I-].[I-],,-3.519579505
3708,C-3709,,FFYZLGACXSITOH-UHFFFAOYSA-N,C=CCOc1c(cccc1C(=O)N)c1ccccc1,,-3.519408118
3709,C-3710,,MSIJLVMSKDXAQN-UHFFFAOYSA-N,CN1CCN(CC1)C(c1ccc(cc1)Cl)c1ccccc1.Cl,,-3.519400706
3710,C-3711,,KESIVIFULUTLKQ-UHFFFAOYSA-L,NCCCl.NCCCl.[Cl-].[Cl-].[Pt+2],,-3.517838039
3711,C-3712,,ZSJQFFPKUUUVMH-UHFFFAOYSA-N,OCC[N+]1(CCOCC1)C1N=C(c2c(NC1=O)ccc(c2)Cl)c1ccccc1Cl.[Cl-],,-3.517477345
3712,C-3713,,ACAZKHULUUVWCY-JFGNBEQYSA-N,CCCCCC(=O)N[C@@H]1C(=O)N2[C@@H]1SC([C@@H]2C(=O)O)(C)C,,-3.516842956
3713,C-3714,,LBGVKIMCKGXEEF-UHFFFAOYSA-N,CCOP(=O)(Oc1ccc(cc1)Cl)OCC,,-3.515247409
3714,C-3715,,MLOMFNIJYZFUBS-ISLYRVAYSA-N,CN(Cc1ccccc1)/N=N/c1ccc(cc1)C(=O)N,,-3.514415714
3715,C-3716,,NGXZRVUMBBHGBE-UHFFFAOYSA-N,CCC1(CCC(C)C)C(=O)NC(=S)NC1=O,,-3.513138772
3716,C-3717,,DRVFXZCCIRGBTB-UHFFFAOYSA-N,CCCCCCC(=O)c1ccc(cc1)N.Cl,,-3.512978745
3717,C-3718,,QQRSPHJOOXUALR-UHFFFAOYSA-N,C=CCc1cc(OC)c2c(c1OC)OCO2,,-3.511639178
3718,C-3719,,DMBHHRLKUKUOEG-UHFFFAOYSA-N,c1ccc(cc1)Nc1ccccc1,,-3.51
3719,C-3720,,SEEPANYCNGTZFQ-UHFFFAOYSA-N,Nc1ccc(cc1)S(=O)(=O)Nc1ncccn1,,-3.51
3720,C-3721,,GYQOYYFIHYKFEO-UHFFFAOYSA-N,O=C1CNC(c2c(N1)ccc(c2)Cl)c1ccccc1,,-3.509908507
3721,C-3722,,MMBKLVFHUYWVND-UHFFFAOYSA-N,COc1c(OC)cc(cc1OC)C(=O)N1CCCCCO1,,-3.507945568
3722,C-3723,,MCRZDGWCWKQOMX-UHFFFAOYSA-N,CCCC(COC(=O)N)(COC(=O)Nc1ccco1)C,,-3.506361484
3723,C-3724,,NUUUXJAVFDBNRA-UHFFFAOYSA-N,CCNCCC12CC3CC(C2)CC(C1)C3.Cl,,-3.505682889
3724,C-3725,,BCNBYGOPXQXENY-UHFFFAOYSA-N,CNCCCC12CC3CC(C2)CC(C1)C3.Cl,,-3.505682889
3725,C-3726,,XKBWIZLELLNISH-UHFFFAOYSA-N,Clc1ccc2c(c1)C(=NC(C(=O)N2C)[n+]1ccc(cc1)C(=O)N)c1ccccc1.[Cl-],,-3.50486666
3726,C-3727,,BBWAQXBRCHTNQE-UHFFFAOYSA-N,[O-][N+](=O)O.CCCC1CNCCC1CCC(c1ccnc2c1cc(OC)cc2)O,,-3.504181783
3727,C-3728,,OVJVJGCIIHYJMS-UHFFFAOYSA-N,CC[NH+](Cc1ccccc1)CCOc1ccccc1.[Cl-],,-3.503218091
3728,C-3729,,WVCOAAVBRUYWPP-UHFFFAOYSA-N,O=C(C(c1ccccc1)(c1ccccc1)O)OCCC[NH+]1CCCC1.[Cl-],,-3.503182242
3729,C-3730,,QRMUFSMOMPPWPK-GIDUJCDVSA-N,NC(=S)N/N=C/c1ccnc2c1cccc2Cl,,-3.502681457
3730,C-3731,,YLYGPLGSAOZVSS-UHFFFAOYSA-N,C=CCNC(=O)OCC(C(CC)C)(COC(=O)N)C,,-3.502645642
3731,C-3732,,XRCFXMGQEVUZFC-UHFFFAOYSA-N,COc1ccc(cc1)C1C(=O)c2c(C1=O)cccc2,,-3.50007874
3732,C-3733,,BLPUOQGPBJPXRL-FNORWQNLSA-N,O=C(N1CCCCC1)/C=C/c1ccc2c(c1)OCO2,,-3.500049988
3733,C-3734,,WQONPSCCEXUXTQ-UHFFFAOYSA-N,Brc1ccccc1Br,,-3.5
3734,C-3735,,DGBIGWXXNGSACT-UHFFFAOYSA-N,O=C1CN=C(c2c(N1)ccc(c2)[N+](=O)[O-])c1ccccc1Cl,,-3.5
3735,C-3736,,YFQMJRKDDFCXOC-UHFFFAOYSA-N,O=C(C(C)C)Nc1nc2c(o1)ccc(c2)Cl,,-3.499852719
3736,C-3737,,SDDCXRABBOAPJP-UHFFFAOYSA-N,c1ccc(cc1)CCNCC1CCc2c(N1)cccc2,,-3.498657948
3737,C-3738,,ISBUYSPRIJRBKX-UHFFFAOYSA-N,CC1=NN(C(=O)C1)CCOc1ccc2c(c1)cccc2,,-3.497290437
3738,C-3739,,LNAOLPBKJQWTOC-UHFFFAOYSA-N,CCCCOc1ccc(cc1)C(C(=O)NO)CC,,-3.497147432
3739,C-3740,,FHYFQRCUSZETDW-UHFFFAOYSA-N,c1ccc2c(c1)c1ccccc1CNC2,,-3.496834021
3740,C-3741,,BLXXJMDCKKHMKV-UHFFFAOYSA-N,COc1ccc2c(c1)ccc(c2)CCC(=O)C,,-3.496297759
3741,C-3742,,SLARELGEGUUVPI-UHFFFAOYSA-N,CCCOc1ccc(cc1)C(=O)CCN1CCCCC1.Cl,,-3.495686424
3742,C-3743,,GUZOHLPBYOGINP-UHFFFAOYSA-N,Nc1cnccc1N1CCN2C(C1)CCc1c2cccc1,,-3.494946844
3743,C-3744,,BLQOLXMZXQXGOL-UHFFFAOYSA-N,CCS(=O)(=O)c1ccc(c2c1cccc2)S(=O)(=O)N,,-3.493288216
3744,C-3745,,VNDAPXAHSWGLCJ-SOFGYWHQSA-N,[O-][N+](=O)/C(=C/c1cnc(n1C)[N+](=O)[O-])/CCCC,,-3.493032072
3745,C-3746,,ICFXSIAFGXAWNF-UHFFFAOYSA-N,OCCNC(=O)c1cc(cc(c1O)C(C)C)C(C)C,,-3.492874971
3746,C-3747,,STJLVHWMYQXCPB-DOMZBBRYSA-N,CCC[C@@H]1CO[C@](O1)(Cn1cncn1)c1ccc(cc1Cl)Cl,,-3.49
3747,C-3748,,AQHHHDLHHXJYJD-UHFFFAOYSA-N,OC(COc1cccc2c1cccc2)CNC(C)C	,,-3.49
3748,C-3749,,AVQDABCAQFMRFT-SFYZADRCSA-N,ClCCN(C(=O)N[C@H]1CCCC[C@H]1Cl)N=O,,-3.48749339
3749,C-3750,,AVQDABCAQFMRFT-UHFFFAOYSA-N,ClCCN(C(=O)NC1CCCCC1Cl)N=O,,-3.48749339
3750,C-3751,,DORJTLCHLYFCTG-UHFFFAOYSA-N,CCCC(COC(=O)N1CCOCC1)(COC(=O)N1CCOCC1)C,,-3.486224549
3751,C-3752,,VETRAJBMFDGTPT-ZHACJKMWSA-N,O=C(/C(=C(/c1ccccc1)\C)/C)NC1CC1,,-3.486080656
3752,C-3753,,JVVTYCMWJNWWET-UHFFFAOYSA-N,O=C(N1C(C)(C)CCCC1(C)C)CNCc1ccco1,,-3.485621599
3753,C-3754,,WPPOGHDFAVQKLN-UHFFFAOYSA-N,CCCCCCCCN1CCCC1=O,,-3.485615816
3754,C-3755,,DVLZNYFUUUDCOL-UHFFFAOYSA-N,C=CCN1CCC2(C(C1Cc1c2cc(cc1)O)C)CC,,-3.484714467
3755,C-3756,,RQNSIOJWOLUEDD-UHFFFAOYSA-N,O=C(C(c1ccccc1)CN1CCCC1)c1cccs1.Cl,,-3.482365203
3756,C-3757,,YTWIPINUWDJHFC-UHFFFAOYSA-N,NC1=NCC(O1)CN1CCN(CC1)c1cccc(c1)C(F)(F)F,,-3.481694001
3757,C-3758,,PFBQVGXIMLXCQB-VMPITWQZSA-N,CCOC(=O)/C=C/c1ccc(cc1)[N+](=O)[O-],,-3.480891325
3758,C-3759,,RZRPTBIGEANTGU-IRIMSJTPSA-N,O=C1CC[C@]2(C(=C1)CC[C@@H]1[C@@H]2C(=O)C[C@]2([C@H]1CCC2=O)C)C,,-3.48
3759,C-3760,,XSIFPSYPOVKYCO-UHFFFAOYSA-N,CCCCOC(=O)c1ccccc1,,-3.48
3760,C-3761,,YXVFYQXJAXKLAK-UHFFFAOYSA-N,Oc1ccc(cc1)c1ccccc1,,-3.48
3761,C-3762,,CMVQZRLQEOAYSW-UHFFFAOYSA-N,[O-][N+](=O)c1cccc(c1Cl)Cl,,-3.48
3762,C-3763,,IWVTXAGTHUECPN-ANBBSHPLSA-N,CCOC(=O)OC(OC(=O)[C@@H]1N2C(=O)[C@H]([C@H]2SC1(C)C)NC(=O)[C@@H](c1ccccc1)N)C.Cl,,-3.477969078
3763,C-3764,,HSCDRQYKRDWPKB-UHFFFAOYSA-N,COc1ccc2c(c1)c(C)cc(n2)OCCCN1CSCC1,,-3.477714931
3764,C-3765,,OPXDCLLLVPPBHM-UHFFFAOYSA-N,CCN(C(=O)c1ccc[n+](c1)C1N=C(c2ccccc2)c2c(NC1=O)ccc(c2)Cl)CC.[Cl-],,-3.47747449
3765,C-3766,,TZYNTOLBNMSWOH-UHFFFAOYSA-N,C1CCc2c(N(C1)CC1=NCCN1)cccc2,,-3.476793755
3766,C-3767,,MWCRBRYMIOQZAQ-UHFFFAOYSA-N,CC1=NC(SC1)(C)C,,-3.475849317
3767,C-3768,,VPIRVRHBFOMBQB-UHFFFAOYSA-N,CN1C2CCC1CN(C2)C(c1ccccc1)c1ccccc1,,-3.474789893
3768,C-3769,,YXKTVDFXDRQTKV-HNNXBMFYSA-N,CN([C@H](Cc1ccccc1)C)Cc1ccccc1,,-3.474393747
3769,C-3770,,JGDCRWYOMWSTFC-AZGSIFHYSA-N,O[C@H]1CC[C@]2([C@@H](C1)CC[C@@H]1[C@@H]2[C@H](O)C(=O)[C@]2([C@]1(O)CC[C@@H]2c1ccc(=O)oc1)C)C,,-3.473501578
3770,C-3771,,WXAVSBXISBMWAC-UHFFFAOYSA-N,OCCN1CCN(CC1)c1nc(c(o1)c1ccccc1)c1ccccc1.Cl,,-3.472522423
3771,C-3772,,DSVCXDBXXBVSEB-UHFFFAOYSA-N,CCOP(=O)(Sc1ccc(cc1)[N+](=O)[O-])OCC,,-3.472166375
3772,C-3773,,AMVODTGMYSRMNP-GNIMZFFESA-N,O=CC1=C[C@@]2(C)C(=CC1=O)CC[C@@H]1[C@@H]2[C@H](O)C[C@]2([C@H]1CC[C@]2(C)O)C,,-3.471547723
3773,C-3774,,AOPGIPYEZTWCFO-UHFFFAOYSA-M,CCCCCCCC1(C)OC(=O)[N-]C1=O.[Na+],,-3.470087925
3774,C-3775,,OINJRSNCEMPEFS-UHFFFAOYSA-N,Nc1ccc2c(c1)cc1c(n2)ccc(c1)[NH3+].[Cl-],,-3.469777848
3775,C-3776,,VPOOPIJRSJBRBE-UHFFFAOYSA-N,CNCC=C(c1ccccc1)c1ccc(cc1)Cl.Cl,,-3.4686707
3776,C-3777,,JFPVXVDWJQMJEE-IZRZKJBUSA-N,CO/N=C(\C(=O)N[C@@H]1C(=O)N2[C@@H]1SCC(=C2C(=O)O)COC(=O)N)/c1ccco1,,-3.46699044
3777,C-3778,,XRSAGOMOWZOXDY-UHFFFAOYSA-M,CCCCC1(CC)C(=O)N=C(N(C1=O)CCC)[O-].[Na+],,-3.465508626
3778,C-3779,,HMVVCUFELKIQGF-UHFFFAOYSA-N,CCCN1CCN(CC1C(=O)Nc1c(C)cccc1C)CCC.ON=O.ON=O,,-3.465153883
3779,C-3780,,CMHHMUWAYWTMGS-UHFFFAOYSA-N,CCCCOc1cc(ccc1N)C(=O)OCCN(CC)CC,,-3.464659681
3780,C-3781,,ZLMQPGUWYWFPEG-UHFFFAOYSA-N,CCCCOc1cc(N)ccc1C(=O)OCCN(CC)CC,,-3.464659681
3781,C-3782,,LJQWYEFHNLTPBZ-UHFFFAOYSA-N,CCCCOc1c(N)cccc1C(=O)OCCN(CC)CC,,-3.464659681
3782,C-3783,,XNTLMQPDSQCANY-GDNBJRDFSA-N,CCCN1CCN(CC1)CC(=O)N/N=C\c1ccc(o1)[N+](=O)[O-],,-3.464353916
3783,C-3784,,ACGUYXCXAPNIKK-UHFFFAOYSA-N,Clc1cc(Cl)c(c(c1O)Cc1c(O)c(Cl)cc(c1Cl)Cl)Cl,,-3.463347924
3784,C-3785,,ISWCFTDIWKTFSI-UHFFFAOYSA-N,CC([NH2+]CCOC(c1ccccc1)c1ccccc1)C.[Cl-],,-3.460196954
3785,C-3786,,MXXWOMGUGJBKIW-YPCIICBESA-N,O=C(N1CCCCC1)/C=C/C=C/c1ccc2c(c1)OCO2,,-3.46
3786,C-3787,,MXXWOMGUGJBKIW-BPMFVRGZSA-N,O=C(N1CCCCC1)/C=C\C=C\c1ccc2c(c1)OCO2,,-3.46
3787,C-3788,,XLOMZPUITCYLMJ-MRVPVSSYSA-N,CCC[C@H](C1(CC=C)C(=O)NC(=S)NC1=O)C,,-3.46
3788,C-3789,,JXCGFZXSOMJFOA-UHFFFAOYSA-N,O=C(N(C)C)Nc1ccc(c(c1)Cl)C,,-3.46
3789,C-3790,,VJOVAKSZILJDBB-UHFFFAOYSA-N,Ic1[nH]c(c(c1I)I)I,,-3.46
3790,C-3791,,XWSYYWABEPNTFA-UHFFFAOYSA-L,C[N+]1(C)CCC(CC1)CC[N+]1(C)CCOCC1.[I-].[I-],,-3.45762466
3791,C-3792,,STMDPCBYJCIZOD-UHFFFAOYSA-N,CC(CC(C(=O)O)Nc1ccc(cc1[N+](=O)[O-])[N+](=O)[O-])C,,-3.456113361
3792,C-3793,,RSDHECOYTIQWRA-UHFFFAOYSA-N,O=C(CN1CCN(CC1)CCc1ccccc1)NN=Cc1ccc(o1)[N+](=O)[O-],,-3.455604997
3793,C-3794,,QMMGBBVOMRWEGD-XFULWGLBSA-N,C#CC[NH+]1CCc2c3[C@H]1Cc1ccc(c(c1c3ccc2)O)O.[Cl-],,-3.454921721
3794,C-3795,,IGUGQDSSBKNSBH-UHFFFAOYSA-N,FC(C(C(F)F)(Cl)Cl)F,,-3.454793178
3795,C-3796,,WRLTVIOYEHUKMB-UHFFFAOYSA-N,COc1cc(ccc1OC)C1CCC2N(C1)CCCC2.Cl,,-3.452553077
3796,C-3797,,GEYJUFBPCGDENK-UHFFFAOYSA-M,CC(c1ccc(c2c(c1)c(C)cc2S(=O)(=O)[O-])C)C.[Na+],,-3.452318865
3797,C-3798,,LDOCMFAHAVONEI-UHFFFAOYSA-N,Fc1ccc(cc1)S(=O)(=O)Nc1ccccc1,,-3.452225645
3798,C-3799,,JIVPVXMEBJLZRO-AWEZNQCLSA-N,O=C1N[C@](c2c1cccc2)(O)c1ccc(c(c1)S(=O)(=O)N)Cl,,-3.45
3799,C-3800,,SGUAFYQXFOLMHL-UHFFFAOYSA-N,CC(CCc1ccccc1)NCC(c1ccc(c(c1)C(=O)N)O)O,,-3.448233143
3800,C-3801,,OXDSKEQSEGDAFN-UHFFFAOYSA-N,FC(S(=O)(=O)Nc1ccccc1)(F)F,,-3.448040303
3801,C-3802,,QRRNAEXZIDFDBE-UHFFFAOYSA-N,C=CCn1c(=O)oc2c1cc(Cl)cc2,,-3.447549765
3802,C-3803,,MQHYXXIJLKFQGY-UHFFFAOYSA-N,CC1CCN(CC1)CCCC(=O)c1ccc(cc1)F.Cl,,-3.447468131
3803,C-3804,,MLCPCDOOBNXTFB-UHFFFAOYSA-N,O=C(c1ccccc1)Cc1ccccc1C(=O)O,,-3.44719057
3804,C-3805,,NJXDTGLUPRKMFN-UHFFFAOYSA-N,O=C(c1ccccc1C(=O)O)Cc1ccccc1,,-3.44719057
3805,C-3806,,WOSDTAOMYCNNJE-UHFFFAOYSA-N,CCNC(c1ccccc1)Cc1ccccc1.Cl,,-3.447146419
3806,C-3807,,WVIUOSJLUCTGFK-JUJPXXQGSA-N,CN(C(=O)N[C@@]1([C@@H](O)C)[C@@H](N)[C@@H]([C@]([C@]1(C)O)(O)COC(=O)c1c(C)cccc1O)Nc1cccc(c1)C(=O)C)C,,-3.446530341
3807,C-3808,,BPICBJMTKZLFNL-UHFFFAOYSA-N,C=CCc1cc(Cl)ccc1OCC(CO)O,,-3.44504985
3808,C-3809,,RBMARMBAZFJJRX-UHFFFAOYSA-N,C=CCc1cccc(c1OCC(CO)O)Cl,,-3.44504985
3809,C-3810,,BBAZDLONIUABKI-UHFFFAOYSA-N,C#CCN(CCCOc1ccc(cc1Cl)Cl)C.Cl,,-3.444110953
3810,C-3811,,OXZCDNQVGNORAH-UHFFFAOYSA-M,CC[N+](CCn1c2ccccc2n(c(=O)c2c1cccc2)C)(CC)C.[I-],,-3.4424975
3811,C-3812,,NLGFLXKEBMNEDE-UHFFFAOYSA-N,CCN(c1c(C)n(c2ccccc2)c(=O)n(c1=O)CC)CC,,-3.441702355
3812,C-3813,,BRBTWQMWSVOGOW-UHFFFAOYSA-N,CCCCOc1ccc(cc1C)CC(=O)O,,-3.441652155
3813,C-3814,,HYLCRKVCRPLFRE-UHFFFAOYSA-N,O=C(c1ccccc1O)NC1CCCCC1,,-3.440093877
3814,C-3815,,GHVNFZFCNZKVNT-UHFFFAOYSA-N,CCCCCCCCCC(=O)O,,-3.4400001
3815,C-3816,,AWLILQARPMWUHA-OGFXRTJISA-M,CCC[C@H](C1(CC)C(=O)[N-]C(=S)NC1=O)C.[Na+],,-3.43985715
3816,C-3817,,AWLILQARPMWUHA-FJXQXJEOSA-M,CCC[C@@H](C1(CC)C(=O)NC(=S)N=C1[O-])C.[Na+],,-3.43985715
3817,C-3818,,IRYFCWPNDIUQOW-UHFFFAOYSA-N,COc1ccccc1N1CCN(CC1)CCCC(=O)c1ccc(cc1)F,,-3.439717897
3818,C-3819,,HBWWYZMOHJIFTI-UHFFFAOYSA-N,Cc1cc(OCCCCCNCCSS(=O)(=O)O)nc2c1cccc2,,-3.438778474
3819,C-3820,,UCIDKFGCIPMMOX-UHFFFAOYSA-N,CCCc1cc(OCCCNCCSS(=O)(=O)O)nc2c1cccc2,,-3.438778474
3820,C-3821,,BUAJNGPDPGKBGV-UHFFFAOYSA-N,C1CCC(CC1)(N1CCCCC1)c1ccccc1.Cl,,-3.438328228
3821,C-3822,,NKGDBNZWJKTIEF-UHFFFAOYSA-N,C[NH+](CCCC1(c2ccccc2)[NH+](C)Cc2c1cccc2)C.[Cl-].[Cl-],,-3.437984704
3822,C-3823,,PDBXHPORMXSXKO-UHFFFAOYSA-N,OCCN(CCn1c(Cc2ccccc2)nc2c1c(=O)n(C)c(=O)n2C)CC.Cl,,-3.437715557
3823,C-3824,,UIBCAPLKHMYITB-UHFFFAOYSA-N,CCN(CCn1cc(c2c1cccc2)C1CCCN1C)CC.Cl.Cl,,-3.437445095
3824,C-3825,,OJCPSBCUMRIPFL-UHFFFAOYSA-N,CCCC(N1CCCC1)Cc1ccccc1,,-3.437296437
3825,C-3826,,ZTHVHELPCLGXHF-JPPAUQSISA-N,COc1ccc2c(c1)[C@]13CCN4[C@H]1C[C@@H]1[C@@H]5[C@@H]3N2C(=O)C[C@@H]5OCC=C1C4,,-3.437127783
3826,C-3827,,OBDQAMHBCJKXJD-UHFFFAOYSA-N,CCNc1nc(OCC)nc(n1)CC,,-3.436694073
3827,C-3828,,KSHPBBBLYZZQBO-UHFFFAOYSA-N,CC(Oc1ccc(cc1)C(=O)CCN1CCCCC1)C.Cl,,-3.433247922
3828,C-3829,,FCNBIVGBRLYZIR-UHFFFAOYSA-N,CCCC(COC(=O)N)(COC(=O)NC(C#C)(C)C)C,,-3.432673082
3829,C-3830,,UQZKYYIKWZOKKD-UHFFFAOYSA-N,CN(CCOC(c1ccccc1C)c1ccccc1)C.Cl,,-3.432424376
3830,C-3831,,WDBNXBYLAMPADA-UHFFFAOYSA-N,CCCCC(COC(=O)N)(COC(=O)NNC(C)C)C,,-3.432078746
3831,C-3832,,REVYDCJKWVXJGT-UHFFFAOYSA-N,OS(=O)(=O)NC1CCCCC1.CC(C(c1ccccc1)(C#N)CC(N(C)C)C)C,,-3.431072703
3832,C-3833,,AAXVEMMRQDVLJB-NGGQNULTSA-N,OCC(=O)[C@@]1(O)CC[C@@H]2[C@]1(C)C[C@@H](O)[C@]1([C@H]2CCC2=CC(=O)CC[C@]12C)F,,-3.4300001
3833,C-3834,,RZILCCPWPBTYDO-UHFFFAOYSA-N,O=C(N(C)C)Nc1cccc(c1)C(F)(F)F,,-3.4300001
3834,C-3835,,WVIDHXRYTCCXBY-UHFFFAOYSA-N,O=C1C(CCN1c1ccc(cc1)C)N1CCCCC1,,-3.429962431
3835,C-3836,,OWTTYIRLLHUZKU-UHFFFAOYSA-N,CNCCCC1(OCc2c1cccc2)c1ccccc1.Cl,,-3.429552196
3836,C-3837,,SRVJKTDHMYAMHA-WUXMJOGZSA-N,CC(=O)Nc1ccc(cc1)/C=N/NC(=S)N,,-3.428968184
3837,C-3838,,YJGVMLPVUAXIQN-XVVDYKMHSA-N,COc1cc(cc(c1OC)OC)[C@H]1[C@H]2C(=O)OC[C@@H]2[C@H](c2c1cc1OCOc1c2)O,,-3.427378809
3838,C-3839,,HPGCBEMVWCCLIT-UHFFFAOYSA-N,CCCC(=O)N1CCN(CC1)CC=Cc1ccccc1.Cl,,-3.425289631
3839,C-3840,,YCDHOJVBJDPREI-UHFFFAOYSA-N,S=C1NC(=O)C2(C(=O)N1)CCC[Si](C2)(C)C,,-3.425283248
3840,C-3841,,SUWFVOCAJFPMMR-UHFFFAOYSA-L,C[N+]1(CCCC[N+]2(C)CCCC2)CCCC1.[I-].[I-],,-3.423758964
3841,C-3842,,SWECWXGUJQLXJF-BTJKTKAUSA-N,CN(CCC1=C(C(c2ccccn2)C)c2c(C1)cccc2)C.OC(=O)/C=C\C(=O)O,,-3.423669203
3842,C-3843,,VUFGUVLLDPOSBC-XRZFDKQNSA-M,CC(=O)OCC1=C(C(=O)[O-])N2[C@H](SC1)[C@@H](C2=O)NC(=O)Cc1cccs1.[Na+],,-3.423499209
3843,C-3844,,YQNQNVDNTFHQSW-UHFFFAOYSA-N,CC(=O)Oc1ccccc1C(=O)Nc1ncc(s1)[N+](=O)[O-],,-3.423076305
3844,C-3845,,JHZOXYGFQMROFJ-UHFFFAOYSA-N,O=Cc1cc(Br)cc(c1O)Br,,-3.421720322
3845,C-3846,,DOBMPNYZJYQDGZ-UHFFFAOYSA-N,O=c1oc2ccccc2c(c1Cc1c(=O)oc2c(c1O)cccc2)O,,-3.420194735
3846,C-3847,,VQQGMYWNLQESNT-VNMUXGFYSA-N,OP(=O)(O)O.CN1CC[C@@]23[C@H]([C@H]1Cc1c3cccc1)CCCC2,,-3.42008631
3847,C-3848,,IRCMYGHHKLLGHV-GFCCVEGCSA-N,CCO[C@@H]1Oc2c(C1(C)C)cc(cc2)OS(=O)(=O)C,,-3.4200001
3848,C-3849,,MUWDJVKYGSDUSH-KALLACGZSA-N,CCOC(=O)[C@@]1(CCC=C[C@H]1N(C)C)c1ccccc1.Cl,,-3.419247081
3849,C-3850,,AHRWWYGWQKBKBF-PCHYHQBZSA-N,O=C1CC[C@]2([C@@H](C1)CC[C@@H]1[C@@H]2C(=O)C[C@]2([C@H]1CC[C@@H]2C(=O)C)C)C,,-3.418758854
3850,C-3851,,BNCADMBVWNPPIZ-UHFFFAOYSA-N,COCN(c1nc(nc(n1)N(COC)COC)N(COC)COC)COC,,-3.418369159
3851,C-3852,,RENLSHPSGMACFW-UHFFFAOYSA-N,OC(C(COC(=O)N)(Cl)Cl)c1ccc(cc1)Cl,,-3.418103511
3852,C-3853,,XGWFJBFNAQHLEF-UHFFFAOYSA-N,OC(=O)c1c2ccccc2cc2c1cccc2,,-3.417409165
3853,C-3854,,SCJPIULIASRFNK-ODTJPNJJSA-N,ClCCN(C(=O)N[C@H]1[C@@H](OC(=O)C)O[C@@H]([C@H]([C@@H]1OC(=O)C)OC(=O)C)C)N=O,,-3.416578012
3854,C-3855,,LBNGBAZFYRPPDY-MVFUPKDGSA-N,C[NH2+]C1CC[C@@](c2c1cccc2)(C#N)c1ccccc1.[Cl-],,-3.414703101
3855,C-3856,,ZSRFQUOAJPNPCV-UHFFFAOYSA-L,Cn1c2ccccc2c2c1c(C)[n+](CCC[N+]1(C)CCCC1)cc2.[Br-].[Br-],,-3.414696653
3856,C-3857,,BZMOMWMLUGUGGX-UHFFFAOYSA-N,CCN1CCC(C1)OC(=O)Nc1c(C)cccc1C,,-3.414564661
3857,C-3858,,YYEAOJQVTHGSAL-UHFFFAOYSA-N,CN1CCCC(C1)OC(=O)Nc1c(C)cccc1C,,-3.414564661
3858,C-3859,,OUUGPBMCNAINCY-UHFFFAOYSA-N,CN1CCC(CC1)OC(=O)Nc1c(C)cccc1C,,-3.414564661
3859,C-3860,,OPIGMRDAPFQALU-UHFFFAOYSA-N,Nc1ccc(cc1)S(=O)(=O)Nc1nnc(s1)C(C)C,,-3.414070414
3860,C-3861,,BZNDWPRGXNILMS-MNDMWVCDSA-N,CCN[P@](=S)(O/C(=C/C(=O)OC(C)C)/C)OC,,-3.4100001
3861,C-3862,,HDKXNOZGPYDIMX-UHFFFAOYSA-N,CN(C1CN(C(=O)C1)c1ccccc1)CCc1ccccc1,,-3.40823703
3862,C-3863,,BYDMLFDOUPNUJD-UHFFFAOYSA-M,CCCC(CCC1(C)OC(=O)[N-]C1=O)C.[Na+],,-3.407286616
3863,C-3864,,VDWRVVZCWMZANS-UHFFFAOYSA-N,O=C(N(c1ccccc1C(=O)N(c1ccccc1)C)C)CN1CCOCC1,,-3.40683459
3864,C-3865,,KRQAMFQCSAJCRH-UHFFFAOYSA-N,COc1cc(cc(c1OC)OC)C(=O)OCCCN(CCN(CCCOC(=O)c1cc(OC)c(c(c1)OC)OC)C)C,,-3.404351808
3865,C-3866,,SNNIGNLXYVEYOC-UHFFFAOYSA-N,[O-][N+](=O)c1ccc(s1)c1scc(n1)C(=O)O,,-3.4043425
3866,C-3867,,ZTYRCJNTGWMELW-UHFFFAOYSA-N,CCC1(C(=O)NC(=O)N(C1=O)CN1CCCCC1)c1ccccc1,,-3.403780229
3867,C-3868,,LYFYXKGHAQOPTP-DHDCSXOGSA-N,CC(N1CCN(CC1)CC(=O)N/N=C\c1ccc(o1)[N+](=O)[O-])C,,-3.402466925
3868,C-3869,,IUJDSEJGGMCXSG-UHFFFAOYSA-N,CCCC(C1(CC)C(=O)NC(=S)NC1=O)C,,-3.402103275
3869,C-3870,,FWOOQMMHLXHORO-UHFFFAOYSA-N,CCC(C(c1ccccc1)O)(C(=O)OCC)CC,,-3.401140394
3870,C-3871,,HJSPWKGEPDZNLK-UHFFFAOYSA-N,Oc1ccc(cc1)Cc1ccccc1,,-3.400868153
3871,C-3872,,XIURVHNZVLADCM-IUODEOHRSA-N,CC(=O)OCC1=C(C(=O)O)N2[C@H](SC1)[C@@H](C2=O)NC(=O)Cc1cccs1,,-3.400061716
3872,C-3873,,AMOPBNMABDFREG-UHFFFAOYSA-N,Nc1ccc2c(c1)nc1c(c2N)cccc1,,-3.400024616
3873,C-3874,,AXNLREBQOMGJMQ-UHFFFAOYSA-N,Nc1ccc2c(c1)nc1c(c2)cc(cc1)N,,-3.400024616
3874,C-3875,,XTSOELQVDLSJFM-SQQLFYIASA-N,CN[C@@H]1CC[C@H](c2c1cccc2)c1ccccc1.Cl,,-3.400013275
3875,C-3876,,XTSOELQVDLSJFM-RVXRQPKJSA-N,CN[C@H]1CC[C@H](c2c1cccc2)c1ccccc1.Cl,,-3.400013275
3876,C-3877,,AUHZEENZYGFFBQ-UHFFFAOYSA-N,Cc1cc(C)cc(c1)C,,-3.4000001
3877,C-3878,,ODQWQRRAPPTVAG-BOPFTXTBSA-N,CN(CC/C=C/1\c2ccccc2OCc2c1cccc2)C,,-3.4000001
3878,C-3879,,FRPZMMHWLSIFAZ-UHFFFAOYSA-N,C=CCCCCCCCCC(=O)O,,-3.4000001
3879,C-3880,,DFCAFRGABIXSDS-UHFFFAOYSA-N,CCN(C(=O)SCC)C1CCCCC1,,-3.4000001
3880,C-3881,,DRAVOWXCEBXPTN-UHFFFAOYSA-N,Oc1nc(N)c2c(n1)nc[nH]2,,-3.4000001
3881,C-3882,,IVBHGBMCVLDMKU-GXNBUGAJSA-N,CCN1CCN(C(=O)C1=O)C(=O)N[C@@H](C(=O)N[C@@H]1C(=O)N2[C@@H]1SC([C@@H]2C(=O)O)(C)C)c1ccccc1,,-3.398827878
3882,C-3883,,DEUSSOTUEGORRC-UHFFFAOYSA-N,O=c1[nH]c2c(o1)c(Cl)cc(c2Cl)Cl,,-3.398756736
3883,C-3884,,WWZYSFVVLXIGSX-UHFFFAOYSA-N,COc1cc(ccc1OC)C1CCC2N(C1)CCCC2,,-3.398558635
3884,C-3885,,FGCDXTDNXMUIEB-UHFFFAOYSA-N,CNC(=O)c1cc(Br)cc(c1O)C,,-3.398497272
3885,C-3886,,ZKNXZJZQQIQXOD-UHFFFAOYSA-N,OC(C1CC1c1ccncc1)(c1ccccc1)c1ccccc1.Cl,,-3.398386273
3886,C-3887,,XTKDAFGWCDAMPY-UHFFFAOYSA-N,Fc1ccc(cc1)C(=O)CCCN1CCN(CC1)c1ccccn1,,-3.397811385
3887,C-3888,,RPVSMPDRWQVGJR-UHFFFAOYSA-N,N#CC(=NNc1ccc(cc1[N+](=O)[O-])C)C#N,,-3.397559333
3888,C-3889,,OJYOTLHNSMYONM-UHFFFAOYSA-N,CCN1CCCC(C1)OC(=O)C(c1ccccc1)(c1ccccc1)O,,-3.397217713
3889,C-3890,,ZKVDZTJLEAYWEW-UHFFFAOYSA-N,CCC(C(=O)Nc1c(C)cccc1C)N(CC)CC.Cl,,-3.396279295
3890,C-3891,,FFINMCNLQNTKLU-UHFFFAOYSA-N,O=C(Nc1c(I)cc(c(c1I)C(=O)O)I)CCCCC(=O)Nc1c(I)cc(c(c1I)C(=O)O)I,,-3.394058247
3891,C-3892,,WGUJDBLMJBJUQU-VKRLOHBMSA-N,O=CC[C@H]1C[C@@H](C)C(=O)/C=C/C(=C/[C@@H]([C@H](OC(=O)C[C@H]([C@@H]([C@H]1O[C@@H]1O[C@H](C)[C@H]([C@@H]([C@H]1O)N(C)C)O)C)O)CC)CO)/C,,-3.39306036
3892,C-3893,,AZNVGKVGQKSOIC-UHFFFAOYSA-N,O=C(C(c1ccccc1)CN1CC=CC1)c1ccccc1.Cl,,-3.39288383
3893,C-3894,,KKHORYRSUULMHO-UHFFFAOYSA-N,CCCC1(CC[NH+](CC)CC)C(=O)Oc2c1cc(C)cc2.[Cl-],,-3.392479792
3894,C-3895,,VJXSSYDSOJBUAV-UHFFFAOYSA-N,COc1ccc(cc1Cc1cnc2c(c1C)c(N)nc(n2)N)OC,,-3.391806259
3895,C-3896,,WTYDEBIGLNBNNF-UHFFFAOYSA-N,CSc1c(Cl)nc(nc1N1CCN(CC1)C)Nc1ccccc1,,-3.391632027
3896,C-3897,,ICMGLRUYEQNHPF-UHFFFAOYSA-N,COc1ccccc1N1CCN(CC1)CCCNc1cc(=O)n(c(=O)n1C)C,,-3.391249057
3897,C-3898,,HZKFHDXTSAYOSN-UHFFFAOYSA-N,OC1=C(c2ccccc2)C(=O)C(=C(C1=O)c1ccccc1)O,,-3.390267011
3898,C-3899,,GHKISGDRQRSCII-ZOCIIQOWSA-N,CN1Cc2c([C@@H]3[C@H]1c1cc4OCOc4cc1C[C@@H]3O)ccc1c2OCO1,,-3.390173786
3899,C-3900,,XJCLWVXTCRQIDI-UHFFFAOYSA-N,CCN(C(=S)SCC(=C)Cl)CC,,-3.3900001
3900,C-3901,,YYZUSRORWSJGET-UHFFFAOYSA-N,CCCCCCCC(=O)OCC,,-3.3900001
3901,C-3902,,JGHZJRVDZXSNKQ-UHFFFAOYSA-N,CCCCCCCC(=O)OC,,-3.3900001
3902,C-3903,,JLRGJRBPOGGCBT-UHFFFAOYSA-N,CCCCNC(=O)NS(=O)(=O)c1ccc(cc1)C,,-3.3900001
3903,C-3904,,FYFDQJRXFWGIBS-UHFFFAOYSA-N,[O-][N+](=O)c1ccc(cc1)[N+](=O)[O-],,-3.3900001
3904,C-3905,,BFCRRLMMHNLSCP-UHFFFAOYSA-N,COc1cc(Cc2cnc(nc2N)N)cc(c1Br)OC,,-3.389938825
3905,C-3906,,QLKCCGLEUFIVEC-UHFFFAOYSA-N,CN(CCCC1(NCCc2c1cccc2)c1ccccc1)C,,-3.389818498
3906,C-3907,,NIHRMUCHYZKKDX-UHFFFAOYSA-N,OC(CN1CCN(CC1)c1ccccc1Cl)COc1ccccc1C(=O)C,,-3.388431885
3907,C-3908,,IMWZZHHPURKASS-UHFFFAOYSA-N,O=C1NCC(O1)COc1cc(C)cc(c1)C,,-3.387192015
3908,C-3909,,YEKMWXFHPZBZLR-UHFFFAOYSA-N,ClCCC1NC(=O)c2c(O1)cccc2,,-3.387138325
3909,C-3910,,DWYHDSLIWMUSOO-UHFFFAOYSA-N,c1ccc(cc1)c1nc2c([nH]1)cccc2,,-3.385024882
3910,C-3911,,ODZHRFXEXCFPRQ-UHFFFAOYSA-N,O=C(Nc1ccccc1)OCCCN1CCCCC1C,,-3.384601761
3911,C-3912,,BJVUKUWSDFUNPA-UHFFFAOYSA-N,CNCCC12CC3CC(C1)CC(C2Cl)C3.Cl,,-3.384562218
3912,C-3913,,RBOUBJPHXSVUTH-UHFFFAOYSA-N,O=c1ccc2c(c1)[nH]c1c2cc[nH]c1C.Cl,,-3.383709897
3913,C-3914,,AVZIYZHXZAYGJS-UHFFFAOYSA-N,OC(c1ccccc1)(c1ccccc1)CCCN1CCCCC1.Cl,,-3.383628348
3914,C-3915,,CAZAGSKJTOEERZ-PDGQHHTCSA-N,O=C(CN1CCN(CC1)c1ccccc1)N/N=C\c1ccc(o1)[N+](=O)[O-],,-3.382856377
3915,C-3916,,DGMKFQYCZXERLX-UHFFFAOYSA-N,CCCN(C(=O)C(NC(=O)c1ccccc1)CCC(=O)O)CCC,,-3.3806478
3916,C-3917,,CWJSHJJYOPWUGX-UHFFFAOYSA-N,CC(OC(=O)Nc1cccc(c1)Cl)C,,-3.3800001
3917,C-3918,,OWZPCEFYPSAJFR-ZCFIWIBFSA-N,CC[C@H](c1cc(cc(c1O)[N+](=O)[O-])[N+](=O)[O-])C,,-3.3800001
3918,C-3919,,NXFQHRVNIOXGAQ-YCRREMRBSA-N,O=C1NC(=O)N(C1)/N=C/c1ccc(o1)[N+](=O)[O-],,-3.3800001
3919,C-3920,,IJXHLVMUNBOGRR-UHFFFAOYSA-N,CCCCCCCCC(=O)OC,,-3.3800001
3920,C-3921,,AUEJBFDAJLTUHB-UHFFFAOYSA-N,CCCCCCCCCCCNCCSS(=O)(=O)O,,-3.379513291
3921,C-3922,,XHZUSMBAWAVCRE-UHFFFAOYSA-N,[O-]S(=O)(=O)NC1CCCCC1.CCCC[NH+]1CCCC1c1c[nH]c2c1cccc2,,-3.379387945
3922,C-3923,,PHKGDSCTROXFQC-UHFFFAOYSA-N,CCCN1CCN(CC1C(=O)Nc1ccccc1C)CCC.ON=O.ON=O,,-3.379202834
3923,C-3924,,SQFIORDXMAQZNW-UHFFFAOYSA-N,CC(=O)N(c1nc(c(o1)c1ccccc1)c1ccccc1)C(=O)C,,-3.378517205
3924,C-3925,,QVYRGXJJSLMXQH-UHFFFAOYSA-N,CN(CCOC(c1ccccc1C)c1ccccc1)C,,-3.376915641
3925,C-3926,,NCPKFGJFXZBRFD-UHFFFAOYSA-N,CC1CC(C(=O)N1c1ccccc1)N1CCCCC1.Cl,,-3.376139676
3926,C-3927,,OFBIFZUFASYYRE-UHFFFAOYSA-N,CCOC(=O)c1ncn2c1CN(C)C(=O)c1c2ccc(c1)F,,-3.376011713
3927,C-3928,,JRBPAEWTRLWTQC-UHFFFAOYSA-N,CCCCCCCCCCCCN,,-3.375909703
3928,C-3929,,MHIJSBZYRPBLSD-UHFFFAOYSA-N,C=CCN1CCCCC1Cc1ccccc1.Cl,,-3.375746411
3929,C-3930,,BQNBYMWITANTPB-UHFFFAOYSA-N,NC(=O)c1ccc(cc1)c1sc2c(n1)cc(cc2)C(=O)C,,-3.374886111
3930,C-3931,,QPUCQMFFYMYWCS-UHFFFAOYSA-N,CCN(CCn1c(nc2c1c(=O)n(c(=O)n2C)C)C(c1ccccc1)O)CC.Cl,,-3.374816276
3931,C-3932,,DPFSZEXJIOUDSW-UHFFFAOYSA-N,O=C(COc1ccccc1)OCCCN1CCCCC1C,,-3.374571008
3932,C-3933,,VBQYVPWJXQKIMF-UHFFFAOYSA-N,CCC(=O)c1ccc(cc1)OCC(CN1CCC(CC1)(O)c1ccccc1)O,,-3.374236775
3933,C-3934,,DNYZBFWKVMKMRM-UHFFFAOYSA-N,ON=C(c1ccccc1)c1ccccc1,,-3.372678225
3934,C-3935,,CVMSKRHCTWCITE-UHFFFAOYSA-N,CC(=O)OC(COc1ccccc1C)COC(=O)C,,-3.372281307
3935,C-3936,,UXQSJMBMFDCPMM-UHFFFAOYSA-N,CC[NH+](CCOC(=O)c1cccc2c1cccc2)CC.[Cl-],,-3.371022702
3936,C-3937,,DELIDJVURHPKPP-UHFFFAOYSA-N,N/C(=N/C1CCCCCC1)/CSSC/C(=N/C1CCCCCC1)/N.Cl.Cl,,-3.370465113
3937,C-3938,,ODLMAHJVESYWTB-UHFFFAOYSA-N,CCCc1ccccc1,,-3.3699999
3938,C-3939,,JWUCHKBSVLQQCO-MRXNPFEDSA-N,Fc1ccc(cc1)[C@@](c1ccccc1F)(Cn1cncn1)O,,-3.3699999
3939,C-3940,,MHWLWQUZZRMNGJ-UHFFFAOYSA-N,CCn1cc(C(=O)O)c(=O)c2c1nc(C)cc2,,-3.3699999
3940,C-3941,,BHQCQFFYRZLCQQ-GLVFPOCZSA-N,O[C@H]1CC[C@]2([C@H](C1)C[C@@H]([C@@H]1[C@@H]2C[C@@H](O)[C@]2([C@H]1CC[C@@H]2[C@H](CCC(=O)O)C)C)O)C,,-3.3699999
3941,C-3942,,JXSJBGJIGXNWCI-QMMMGPOBSA-N,CCOC(=O)C[C@@H](C(=O)OCC)SP(=S)(OC)OC,,-3.3699999
3942,C-3943,,KEWNKZNZRIAIAK-UHFFFAOYSA-N,Clc1cc(Cl)c(c(c1Cl)O)Cl,,-3.3699999
3943,C-3944,,RKBPDPLCHXWHRQ-UHFFFAOYSA-N,C1CSC(S1)c1ccccc1,,-3.367022524
3944,C-3945,,AMNIUADSZBSURC-UHFFFAOYSA-N,C1CCN2C(C1)CCC(=C2)c1ccccc1,,-3.366670403
3945,C-3946,,UONWZNLVCSWMSI-UHFFFAOYSA-N,CCN1CCCC(C1)OC(=O)Nc1ccc(cc1)C,,-3.365807591
3946,C-3947,,ISADCDVTGCDIGA-UHFFFAOYSA-N,CCN1CCCC(C1)OC(=O)Nc1cccc(c1)C,,-3.365807591
3947,C-3948,,UMCNJMVTYNYAGF-UHFFFAOYSA-N,CCN1CCCC(C1)OC(=O)Nc1ccccc1C,,-3.365807591
3948,C-3949,,MQHNKCZKNAJROC-UHFFFAOYSA-N,CCCOC(=O)c1ccccc1C(=O)OCCC,,-3.365026701
3949,C-3950,,CLPTUIWEBUOUCQ-UHFFFAOYSA-N,CC(P(=O)(c1ccccc1)c1ccccc1)C,,-3.362571379
3950,C-3951,,FFDZEZLZHNZTBO-UHFFFAOYSA-N,Clc1ccc(cc1)SCC/N=C(/CSS(=O)(=O)O)\N,,-3.362307966
3951,C-3952,,KSRLIXGNPXAZHD-HAZZGOGXSA-M,O=C1CN(C(=N1)[O-])/N=C/c1ccc(o1)c1ccc(cc1)[N+](=O)[O-].[Na+],,-3.362295243
3952,C-3953,,CYWGCYGKXOAPHY-UHFFFAOYSA-N,CNC(=O)c1cccc(c1OC)c1ccccc1,,-3.361350006
3953,C-3954,,URIZBPYQIRFMBF-UHFFFAOYSA-N,OC(=O)CCC(=O)OC(c1oc2c(c1C)cc(cc2)C1=CC(=O)OC1)C,,-3.360621544
3954,C-3955,,HCAUQPZEWLULFJ-UHFFFAOYSA-N,c1ccc2c(c1)ccc1c2cccn1,,-3.3599999
3955,C-3956,,OPXLLQIJSORQAM-UHFFFAOYSA-N,COC(=O)Nc1[nH]c2c(n1)cc(cc2)C(=O)c1ccccc1,,-3.3599999
3956,C-3957,,IUJDSEJGGMCXSG-ZETCQYMHSA-N,CCC[C@@H](C1(CC)C(=O)NC(=S)NC1=O)C,,-3.3599999
3957,C-3958,,RSPPUQXSQYBMEE-UHFFFAOYSA-N,OCCN(c1ccc2c(n1)n(CC)c1ncccc1c(=O)[nH]2)C,,-3.3599999
3958,C-3959,,UUVWYPNAQBNQJQ-UHFFFAOYSA-N,CN(c1nc(nc(n1)N(C)C)N(C)C)C,,-3.3599999
3959,C-3960,,MRWQRJMESRRJJB-UHFFFAOYSA-N,CCCCCCn1c(=O)c2n(C)cnc2n(c1=O)C,,-3.35881147
3960,C-3961,,WJLRKYSNJJCEPP-UHFFFAOYSA-N,N#CC(=NNc1ccccc1Cl)C#N,,-3.358100856
3961,C-3962,,SHZWWHZISZGGHB-UHFFFAOYSA-N,CCCCCCc1[nH]c2c(n1)n(C)c(=O)n(c2=O)C,,-3.35768684
3962,C-3963,,VSVAVMVWTLLTCH-BJMVGYQFSA-N,O=C1NCCN1/N=C/c1ccc(o1)[N+](=O)[O-],,-3.357152866
3963,C-3964,,XJDALFQCSYEWSB-UHFFFAOYSA-N,COCCNc1nc2nc(nc(c2nc1C(=O)NCCOC)N)c1ccccc1,,-3.356232433
3964,C-3965,,MTENFETUMWYLRL-UHFFFAOYSA-N,NC1=NCC(O1)CSc1ccc(cc1)Cl,,-3.355723557
3965,C-3966,,GYIBSRBIOHMGPQ-CGTJXYLNSA-N,Oc1ccc2c(c1)[C@]13CCCC[C@H]3[C@@H](C2)N(CC1)C(=O)C,,-3.355063626
3966,C-3967,,QBILRDAMJUPXCX-AGAUEGNUSA-N,O=C[C@@]12CC[C@@H](C[C@@]2(O)CC[C@@H]2[C@@H]1CC[C@]1([C@]2(O)CC[C@@H]1C1=CC(=O)OC1)C)O[C@H]1C[C@H](O)[C@@H]([C@H](O1)C)O,,-3.352402708
3967,C-3968,,XUWZZJXBIFVOSR-UHFFFAOYSA-N,CCCCOc1c(OC)cccc1C(=O)OCC[NH2+]C(C)C.[Cl-],,-3.351384652
3968,C-3969,,SGEJQUSYQTVSIU-UHFFFAOYSA-N,CCCCN(C(=O)SCCC)CC,,-3.3499999
3969,C-3970,,MTBZIGHNGSTDJV-UHFFFAOYSA-N,CCOP(=S)(N1C(=O)c2c(C1=O)cccc2)OCC,,-3.3499999
3970,C-3971,,FMINYZXVCTYSNY-UHFFFAOYSA-N,CN(C(=O)NC(c1ccccc1)(C)C)c1ccccc1,,-3.3499999
3971,C-3972,,BKPHTVREKNCZDU-UHFFFAOYSA-N,CN1CCN(CC1)CCC12CC3CC(C2)CC(C1)C3.Cl.Cl,,-3.349416104
3972,C-3973,,DCJINIWOQCDNLR-XERUHLCMSA-N,CCC(c1ccnc2c1cc(O)cc2)(C1CC2CCN1C/C/2=C/C)O.Cl.Cl,,-3.349411626
3973,C-3974,,GPYLCFQEKPUWLD-UHFFFAOYSA-N,O=c1[nH]c2c3c1cccc3ccc2,,-3.349260842
3974,C-3975,,XYLUMUDIJHWKSB-UHFFFAOYSA-N,CC[NH+](CCN1C(=O)C(C)Oc2c1cc(cc2)[N+](=O)[O-])CC.[Cl-],,-3.34879527
3975,C-3976,,IMZMKUWMOSJXDT-UHFFFAOYSA-N,OC(COc1cccc2c1c(=O)cc(o2)C(=O)O)COc1cccc2c1c(=O)cc(o2)C(=O)O,,-3.348369775
3976,C-3977,,OTMLATMCCJDRRG-UHFFFAOYSA-N,CC1CCCCN1CCCOc1ccccc1,,-3.346827812
3977,C-3978,,KHBXWZCAOWERPF-UHFFFAOYSA-N,Cc1ccc(nc1)OCCCCCCN1CSCC1.Cl.Cl,,-3.346803067
3978,C-3979,,HRZWYHGGJOWGRI-UHFFFAOYSA-N,OCc1c(CSSCc2cnc(c(c2CO)O)C)cnc(c1O)C.Cl.Cl,,-3.345961532
3979,C-3980,,XOXFLDFMLLOORP-UHFFFAOYSA-M,O=C(C(c1ccccc1)(c1ccccc1)O)OC1CC2CCC(C1)[N+]2(C)C.[I-],,-3.344881088
3980,C-3981,,MAODNVTZUXOBNL-UHFFFAOYSA-N,CCN(C(C(=O)Nc1c(C)cccc1C)C)CC,,-3.343560747
3981,C-3982,,IBHICZHJJGSIKX-UHFFFAOYSA-N,COC(=O)c1c(C)ccc(c1OCC(=O)OCCN(C)C)C(C)C,,-3.343474229
3982,C-3983,,GSUNXHODQPCMLL-UHFFFAOYSA-N,ClCCN(C(=O)NC1CCC(CC1)COC(=O)C)N=O,,-3.342989783
3983,C-3984,,KCVHFFSPDODYOG-UHFFFAOYSA-N,OC(=O)C(CC(=O)O)(CC(=O)O)O.CCOC(=O)C1(CCCN(CC1)C)c1ccccc1,,-3.342698589
3984,C-3985,,KUINUAAHDPVJRS-WJDWOHSUSA-N,OC(=O)Cc1ccc2c(c1)s/c(=C\1/C=CC=C(C1=O)C)/[nH]2,,-3.342631635
3985,C-3986,,OSVWSAJDSWJMAA-UHFFFAOYSA-N,CCCc1cc(C)ccc1OCC(CO)O,,-3.342229102
3986,C-3987,,WFVXOSNUKDDNPO-UHFFFAOYSA-N,CCCc1cccc(c1OCC(CO)O)C,,-3.342229102
3987,C-3988,,PHNSAMVICKDQJR-UHFFFAOYSA-N,CCCOc1ccc(cc1C)C=CC(=O)NO,,-3.342206771
3988,C-3989,,FGPJTMCJNPRZGF-JXMROGBWSA-N,Oc1ccc(cc1)/C=C/C(=O)c1ccccc1O,,-3.339285172
3989,C-3990,,MHZBPWPPBRJQTI-UHFFFAOYSA-N,CCC1CN(C)CCC1(OC(=O)CC)c1ccccc1.Cl,,-3.338609725
3990,C-3991,,NPSSKLWIPCMJBU-UHFFFAOYSA-N,Cc1n(C)c(=O)n(c(=O)c1Br)Cc1ccccc1,,-3.337899154
3991,C-3992,,COMXLJMCXIJWOR-UHFFFAOYSA-N,OCC(COc1ccccc1C(=O)NC1CCCCC1)O,,-3.337071584
3992,C-3993,,RCVMLADERZSPNA-UHFFFAOYSA-N,COc1ccc(cc1)CCCCN1CCSC1C.Cl,,-3.336809456
3993,C-3994,,JNLHPPFPJXHLKE-UHFFFAOYSA-N,COC(=O)c1c(C)ccc(c1OCC(CNC(C)C)O)C(C)C,,-3.333693083
3994,C-3995,,OZOMQRBLCMDCEG-VIZOYTHASA-N,O=C1CN(C(=O)N1)/N=C/c1ccc(o1)c1ccc(cc1)[N+](=O)[O-],,-3.333527422
3995,C-3996,,BNFDLGUZDIWYJK-UHFFFAOYSA-N,C[NH+](CCOC(c1ccc(cc1)C)c1ccccc1)C.[Cl-],,-3.333214475
3996,C-3997,,JYZPVFDNYWNWHP-UHFFFAOYSA-N,C[NH+](CCOC(c1cccc(c1)C)c1ccccc1)C.[Cl-],,-3.333214475
3997,C-3998,,RZYSYUCNZPOXMK-UHFFFAOYSA-N,COc1ccc(cc1)C(=C)C(=O)OC1CC2CCC(C1)N2C,,-3.332995024
3998,C-3999,,HWCWLOMWKWGDCW-UHFFFAOYSA-N,C1CCN2C(C1)CCC(C2)c1ccccc1.Cl,,-3.332866414
3999,C-4000,,PKIXYTOIAIGZDT-UHFFFAOYSA-M,CC(CC1(OC(=O)[N-]C1=O)c1ccccc1)C.[Na+],,-3.331417071
4000,C-4001,,QMGVPVSNSZLJIA-FVWCLLPLSA-N,O=C1C[C@@H]2OCC=C3[C@H]4[C@@H]2[C@@H]2N1c1ccccc1[C@]12CCN([C@H]1C4)C3	,,-3.33
4001,C-4002,,UPMXNNIRAGDFEH-UHFFFAOYSA-N,N#Cc1cc(Br)c(c(c1)Br)O,,-3.3299999
4002,C-4003,,MDQKYGOECVSPIW-UHFFFAOYSA-N,N#Cc1c(O)c(Cl)c(c(c1Cl)C#N)Cl,,-3.329045264
4003,C-4004,,ODAJVSVRPUSJQQ-UHFFFAOYSA-M,C=CCC1(C(CC)C)C(=O)NC(=S)N=C1[O-].[Na+],,-3.328898163
4004,C-4005,,MLYYVTUWGNIJIB-BXKDBHETSA-N,O=C(N[C@@H]1C(=O)N2[C@@H]1SCC(=C2C(=O)O)CSc1nnc(s1)C)Cn1cnnn1,,-3.327524266
4005,C-4006,,PJXYUBAEEYRXTO-UHFFFAOYSA-M,CCCC(C1(CC(=C)Br)C(=O)NC(=NC1=O)[O-])C.[Na+],,-3.326291059
4006,C-4007,,BNPWEZZZLIFSAA-UHFFFAOYSA-N,COC(=O)NC1CCCc2c(C1)c(OC)c(c(c2)OC)OC,,-3.326114111
4007,C-4008,,IGPQBGUKWXQYCV-UHFFFAOYSA-N,CCN1CCCC(C1)OC(=O)Nc1ccc(cc1)C#N,,-3.326107124
4008,C-4009,,AMVPMAPIOLCPIE-UHFFFAOYSA-N,COc1cccc(c1)NC(=O)CN1CCCCC1,,-3.326094581
4009,C-4010,,URGQKRKYPFAIGP-MIIBGCIDSA-N,COc1cc(/C=C/C(=O)CCN2CCN(CC2)c2ccccn2)cc(c1OC)OC.Cl.Cl,,-3.32538479
4010,C-4011,,LWUJMIFHFTUYOU-UHFFFAOYSA-N,CCCCCCCCNCCCNCCSP(=O)(O)O.CCCCCCCCNCCCNCCSP(=O)(O)O.O.O.O,,-3.324323613
4011,C-4012,,FFGPTBGBLSHEPO-UHFFFAOYSA-N,NC(=O)N1c2ccccc2C=Cc2c1cccc2,,-3.324197911
4012,C-4013,,WRVLEDLJKOSANT-UHFFFAOYSA-N,ClCCN(c1ccc(cc1)O)CCCl,,-3.324115537
4013,C-4014,,SENPVRDOTJDJJN-UHFFFAOYSA-N,Clc1cnc(c(c1)Cl)SCCCN1CSCC1.Cl,,-3.32388695
4014,C-4015,,SWIJYDAEGSIQPZ-UHFFFAOYSA-N,CCN(CC#CCOC(=O)C(c1ccccc1)(C1CCCCC1)O)CC.Cl,,-3.323834008
4015,C-4016,,VUIMBZIZZFSQEE-UHFFFAOYSA-N,CC(=O)c1c[nH]c2c1cccc2,,-3.323618377
4016,C-4017,,GQYIWUVLTXOXAJ-UHFFFAOYSA-N,ClCCN(C(=O)NC1CCCCC1)N=O,,-3.322156115
4017,C-4018,,QEQAPQHGLVGWMO-UHFFFAOYSA-N,ICC(=O)Nc1ccc(c(c1)O)C(=O)O,,-3.321908311
4018,C-4019,,QMGVPVSNSZLJIA-VKGYTDKUSA-N,O=C1C[C@@H]2OCC=C3[C@H]4[C@H]2[C@H]2N1c1ccccc1[C@@]12CCN([C@H]1C4)C3,,-3.3199999
4019,C-4020,,QIBWCUCLHZVYNL-UHFFFAOYSA-N,CCn1c2ncccc2c(=O)n(c2c1cccc2)C,,-3.3199999
4020,C-4021,,ZRCXCAQABNQEEL-UHFFFAOYSA-N,COc1ccc(cc1)C1CCN(C1=O)N1CCCCC1.Cl,,-3.319325468
4021,C-4022,,WITMQGCBPSZFPH-UHFFFAOYSA-M,CCC(C1(CC(=C)Br)C(=O)NC(=NC1=O)[O-])C.[Na+],,-3.318943132
4022,C-4023,,PIDSZXPFGCURGN-UHFFFAOYSA-N,CC(c1ccc(c(c1)Cl)N1CC=CC1)C(=O)O,,-3.318115117
4023,C-4024,,FLPKLUXQXNQTEB-UHFFFAOYSA-N,CCCCCCCCCC(NCCSS(=O)(=O)O)C,,-3.317365384
4024,C-4025,,ZGGPNDKKJIWQJU-WDZFZDKYSA-N,O=C(c1ccncc1)N/N=C(\C(=O)O)/C,,-3.316366694
4025,C-4026,,QPMZZGUMMBFZBE-UHFFFAOYSA-N,CCC(c1ccc(cc1)OCC(CN1CCN(CC1)c1ccccc1)O)O,,-3.315926988
4026,C-4027,,HTJGQVQAJLHQNY-UHFFFAOYSA-M,O=C1[N-]C(=O)OC1(c1ccccc1)c1ccccc1.[Na+],,-3.315858346
4027,C-4028,,KFTODZKBBUMDQB-UHFFFAOYSA-N,FC(C(Br)(F)F)Cl,,-3.315798096
4028,C-4029,,NAILKKRDWBJCNH-UHFFFAOYSA-N,CCCc1cccc(c1O)CCC,,-3.313121418
4029,C-4030,,MFLUYHDIXUHWTL-UHFFFAOYSA-N,ON1CCN(CC1)C(CC12CC3CC(C2)CC(C1)C3)C.Cl.Cl,,-3.312751251
4030,C-4031,,YJVPMWAGSODFAA-UHFFFAOYSA-N,COC(=O)c1c(C)ccc(c1OCCN(C)C)C(C)C,,-3.312656405
4031,C-4032,,WKSAUQYGYAYLPV-UHFFFAOYSA-N,CCc1nc(N)nc(c1c1ccc(cc1)Cl)N,,-3.311839431
4032,C-4033,,FZNPVRNXYVQHOC-UHFFFAOYSA-N,CCC(=O)c1ccc(cc1)OCC(CN1CCN(CC1)c1ccc(c(c1)OC)OC)O.Cl.Cl,,-3.31105723
4033,C-4034,,QCZZSANNLWPGEA-UHFFFAOYSA-N,CC(=O)c1ccc(cc1)c1ccccc1,,-3.310355279
4034,C-4035,,GWHJZXXIDMPWGX-UHFFFAOYSA-N,Cc1ccc(c(c1)C)C,,-3.3099999
4035,C-4036,,XRHGYUZYPHTUJZ-UHFFFAOYSA-N,OC(=O)c1ccc(cc1)Cl,,-3.3099999
4036,C-4037,,DHZVWQPHNWDCFS-UHFFFAOYSA-N,Ic1cc(I)c(c(c1)C(=O)O)O,,-3.3099999
4037,C-4038,,ZAJNGDIORYACQU-UHFFFAOYSA-N,CCCCCCCCC(=O)C,,-3.3099999
4038,C-4039,,HCCFPODVEOBUMM-YOQTYQRRSA-N,O=C1C[C@@H]2OCC=C3[C@H]4[C@@H]2[C@@H]2N1c1ccccc1[C@]12CCN([C@]1(C4)O)C3,,-3.30931053
4039,C-4040,,LLQDKWNQIWGVIT-LAJPFITQSA-N,CNCC/C=C/1\C2CC3CC1CC(C2)C3.Cl,,-3.307914705
4040,C-4041,,GKCBAIGFKIBETG-UHFFFAOYSA-N,CCCCNc1ccc(cc1)C(=O)OCCN(C)C,,-3.305934924
4041,C-4042,,WFZSQGXGYLPWPC-UHFFFAOYSA-N,Clc1ccc(cc1)C(=O)Nc1ncccc1C,,-3.305798756
4042,C-4043,,AFPRJLBZLPBTPZ-UHFFFAOYSA-N,O=C1C(=O)c2c3c1cccc3ccc2,,-3.305578352
4043,C-4044,,VLQYRAJKFGZRNV-UHFFFAOYSA-N,Ic1ccc2c(c1)nc(o2)N,,-3.304440426
4044,C-4045,,PGQAXGHQYGXVDC-UHFFFAOYSA-N,CCCCCCCCCCCCN(C)C.Cl,,-3.304287217
4045,C-4046,,REJBTXQSIQFRRE-XZBQRBHSSA-N,O=C1CC[C@]2([C@@H](C1)CC[C@@H]1[C@@H]2CC[C@]2([C@]1(O)CC[C@@H]2C1=CC(=O)OC1)C)C,,-3.303960378
4046,C-4047,,SRIJBBUJJSYXHB-UHFFFAOYSA-N,CCC(c1ccccc1)C(=O)OCCN(CC)CC.Cl,,-3.303701838
4047,C-4048,,GMZHWOAPIKGZAJ-UHFFFAOYSA-N,CC([NH2+]/C(=N/C(=N/c1ccc(cc1)Cl)/N)/N)C.[O-]C(=O)C,,-3.303508979
4048,C-4049,,YLDFTMJPQJXGSS-UHFFFAOYSA-N,Oc1ccc2c(c1)ccc(c2)Br,,-3.303116242
4049,C-4050,,WAUDIBKITGHWMS-UHFFFAOYSA-N,CCCCOCC(OC(=O)C)COCCCC,,-3.301642166
4050,C-4051,,FRYICJTUIXEEGK-NNWVIVGYSA-N,O[C@H]1CC[C@]2([C@](C1)(O)CC[C@@H]1[C@@H]2CC[C@]2([C@]31O[C@@H]3[C@@H]([C@@H]2c1ccc(=O)oc1)O)C)C,,-3.301566279
4051,C-4052,,GDOPTJXRTPNYNR-UHFFFAOYSA-N,CC1CCCC1,,-3.3
4052,C-4053,,YPNZTHVEMNUDND-UHFFFAOYSA-N,CCCCCCCCOC(=O)N,,-3.3
4053,C-4054,,JFSPBVWPKOEZCB-UHFFFAOYSA-N,O=C(c1ccoc1C)Nc1ccccc1,,-3.3
4054,C-4055,,YPTFHLJNWSJXKG-UHFFFAOYSA-N,CCOc1cc(OCC)c(cc1C(=O)CCC(=O)O)OCC,,-3.299557554
4055,C-4056,,QITBNSBMBQCBAD-UHFFFAOYSA-M,CC1CCC(N1C)CC[N+]1(C)CCCC1C.[I-].I,,-3.299420497
4056,C-4057,,NFBAXHOPROOJAW-UHFFFAOYSA-N,O=C1C(c2ccccc2)C(=O)c2c1cccc2,,-3.298386287
4057,C-4058,,CZWHCHAGVJACTE-UHFFFAOYSA-N,CCCCc1cccc(c1)OCC(CO)O,,-3.29775083
4058,C-4059,,OAKWIWZBECYOJE-UHFFFAOYSA-N,CCCCc1ccc(cc1)OCC(CO)O,,-3.29775083
4059,C-4060,,VNYXTZQJJLBMQI-UHFFFAOYSA-N,CCN1CCN=C1Nc1ncc(s1)[N+](=O)[O-],,-3.297567949
4060,C-4061,,LPJNJBLMADVVOB-RMKNXTFCSA-N,CCCCOc1ccc(cc1)/C=C/C(=O)NO,,-3.296043588
4061,C-4062,,JPYQFYIEOUVJDU-UHFFFAOYSA-N,ClCCC(=O)NCc1ccccc1,,-3.295923185
4062,C-4063,,IJWNKPCTJRPNLS-UHFFFAOYSA-N,O=C(Nc1ccc(cc1)I)NC=CP(=O)(N1CC1)N1CC1,,-3.295022194
4063,C-4064,,NHXXLEBCTOQKJS-UHFFFAOYSA-N,O=C(NC(=O)c1ccccc1)NNC(=O)c1ccccc1,,-3.293864138
4064,C-4065,,XCWKEQWYRJVKOK-UHFFFAOYSA-N,Clc1ccc(c(c1)Cl)C1(OC1Cl)C(=O)N,,-3.292161581
4065,C-4066,,GCOXVMRWVAFFEE-UHFFFAOYSA-N,CCC(C1(CC=C)C(=O)NC(=S)NC1=O)C,,-3.290886611
4066,C-4067,,RMAAHPVCLURWMW-UHFFFAOYSA-N,O=C(Nc1ccccc1C(=O)N(c1ccccc1)C)CN1CCOCC1,,-3.290615005
4067,C-4068,,AGMMTXLNIQSRCG-SECBINFHSA-N,CC[C@H]1NC(=O)c2c(N1)cc(c(c2)S(=O)(=O)N)Cl,,-3.29
4068,C-4069,,FWZMBTIUIQUJFF-UHFFFAOYSA-N,CCC(C1(CC(=C)Br)C(=O)NC(=O)NC1=O)C,,-3.28965659
4069,C-4070,,ODGVWYWNVOTPQG-UHFFFAOYSA-M,CCC1CCC(C21C(=O)[N-]C(=S)NC2=O)C.[Na+],,-3.288469506
4070,C-4071,,FNWNGQGTFICQJU-UHFFFAOYSA-N,CC(c1ccc(c(c1O)C(=O)O)C)C,,-3.28831631
4071,C-4072,,STLWFARPOWOHSM-UHFFFAOYSA-N,COC(=O)c1c(C)ccc(c1OCCN1CCOCC1)C(C)C,,-3.286960742
4072,C-4073,,ITJWERYFHMJKKT-UHFFFAOYSA-N,Cc1cc(OCCCN2CSCC2)nc2c1cccc2.Cl.Cl,,-3.286056417
4073,C-4074,,AGMMTXLNIQSRCG-UHFFFAOYSA-N,CCC1NC(=O)c2c(N1)cc(c(c2)S(=O)(=O)N)Cl,,-3.285908218
4074,C-4075,,FHHPUSMSKHSNKW-SMOYURAASA-M,O[C@@H]1CC[C@]2([C@@H](C1)CC[C@@H]1[C@@H]2C[C@H](O)[C@]2([C@H]1CC[C@@H]2[C@@H](CCC(=O)[O-])C)C)C.[Na+],,-3.285151041
4075,C-4076,,WCORBEUIUCKPIG-UHFFFAOYSA-N,CN(CCC(c1cccc2c1cccc2)(C(=O)N)CCN(C)C)C,,-3.284725224
4076,C-4077,,XEDWWPGWIXPVRQ-UHFFFAOYSA-N,O=C(c1ccc(c(c1O)O)O)c1cc(O)c(c(c1)O)O,,-3.284514255
4077,C-4078,,ACFSLNOJYWCHEO-UHFFFAOYSA-N,OCCN1CCN(CC1)CC(COc1c(ccc(c1C(=O)OC)C)C(C)C)O,,-3.284306346
4078,C-4079,,NWXMGUDVXFXRIG-WESIUVDSSA-N,CN([C@@H]1C(=O)C(=C([C@@]2([C@H]1C[C@H]1C(=C(O)c3c([C@@]1(C)O)cccc3O)C2=O)O)O)C(=O)N)C,,-3.284013193
4079,C-4080,,KVOJTUXGYQVLAJ-UHFFFAOYSA-N,O=c1cc(C)c2c(o1)cc(c(c2)O)O,,-3.28368559
4080,C-4081,,XIHHEYPANRXLFS-UHFFFAOYSA-N,OCC(COc1cc(C)ccc1C(C)C)O,,-3.282643412
4081,C-4082,,MOTVHOCKVVIRIG-UHFFFAOYSA-N,OCC(COc1cc(ccc1C)C(C)C)O,,-3.282643412
4082,C-4083,,ZFSPFXJSEHCTTR-UHFFFAOYSA-N,OC(c1ccccc1)(C1CCCCC1)CCN1CCCC1.Cl,,-3.282530947
4083,C-4084,,BQJCRHHNABKAKU-KBQPJGBKSA-N,O[C@H]1C=C[C@@H]2[C@@]34[C@H]1Oc1c4c(C[C@H]2N(CC3)C)ccc1O,,-3.282180939
4084,C-4085,,HASNHXSBVHIGQX-UHFFFAOYSA-M,CNC(=O)c1c(cccc1c1ccccc1)OCC(=O)[O-].[Na+],,-3.280709846
4085,C-4086,,BQJCRHHNABKAKU-AROOSSJZSA-N,O[C@H]1C=C[C@H]2[C@]34[C@@H]1Oc1c4c(C[C@@H]2N(CC3)C)ccc1O,,-3.28
4086,C-4087,,CVXBEEMKQHEXEN-UHFFFAOYSA-N,CNC(=O)Oc1cccc2c1cccc2,,-3.28
4087,C-4088,,VLYWMPOKSSWJAL-UHFFFAOYSA-N,COc1ccc(nn1)NS(=O)(=O)c1ccc(cc1)N,,-3.28
4088,C-4089,,KVNYFPKFSJIPBJ-UHFFFAOYSA-N,CCc1ccccc1CC,,-3.28
4089,C-4090,,FFISWZPYNKWIRR-UHFFFAOYSA-N,[O-][n+]1c2ccccc2nc2c1cccc2,,-3.2798817
4090,C-4091,,FTJDCBUTDLGPDM-UHFFFAOYSA-N,c1ccc(cc1)N1CCN(CC1)Cc1ccc2c(n1)cccc2.Cl.Cl,,-3.278897892
4091,C-4092,,KLPVACBCXCZPDM-UHFFFAOYSA-N,CC(C1(OC(=O)C)C(=O)NC(=O)NC1=O)c1ccccc1,,-3.278118188
4092,C-4093,,SNJDSTGQYRTZJT-UHFFFAOYSA-N,CC(c1ccc(cc1)Cl)(CC(O)(C)C)O,,-3.277949239
4093,C-4094,,ONLCMWSDRRGYML-UHFFFAOYSA-N,CCCCNC(=O)OCC(CCC)(CO)C,,-3.277883391
4094,C-4095,,NLQAPNFYYXMZEG-UHFFFAOYSA-N,CCCCC(COC(=O)NCC)(CO)CC,,-3.277883391
4095,C-4096,,AOHWZLNRXYUCPR-UHFFFAOYSA-N,CC(OC(=O)c1ccccc1)CN1CCCCC1C,,-3.277368327
4096,C-4097,,JDPIYUBQEKGSRE-UHFFFAOYSA-N,SC/C(=N\CCCC12CC3CC(C2)CC(C1)C3)/N.Cl,,-3.27718646
4097,C-4098,,IRGXGIZCHCTASM-UHFFFAOYSA-N,Ic1ccc(nc1)OCCCCCNCCSS(=O)(=O)O,,-3.27673239
4098,C-4099,,YDSIWJMQLZGKPN-UHFFFAOYSA-N,CCOC(=O)N1CSc2c1cccc2,,-3.275369468
4099,C-4100,,WDFKMLRRRCGAKS-UHFFFAOYSA-N,Clc1cc(Cl)c2c(c1O)nccc2,,-3.272838983
4100,C-4101,,IHBSVVZENGBQDY-BBWFWOEESA-N,CN1CC[C@@]23[C@H]([C@H]1Cc1c3cccc1)CCCC2,,-3.272107992
4101,C-4102,,TZTWZRVTCGXBEZ-UHFFFAOYSA-N,Oc1cccc(c1)C(C1CCCCN1C)c1ccccc1.Cl,,-3.271782845
4102,C-4103,,NWSILLQQTSAKHH-UHFFFAOYSA-N,OC(COc1ccc2c(c1)CCCC2)COC(=O)N,,-3.271463622
4103,C-4104,,KTUFKADDDORSSI-UHFFFAOYSA-N,CCCC(=O)Nc1ccc(c(c1)C(=O)C)OCC(CNC(C)C)O.Cl,,-3.270550753
4104,C-4105,,QELUYTUMUWHWMC-UHFFFAOYSA-N,O=C1CC(=NN1c1ccccc1)C,,-3.270429853
4105,C-4106,,CTMHWPIWNRWQEG-UHFFFAOYSA-N,CC1=CCCCC1,,-3.27
4106,C-4107,,RWGFKTVRMDUZSP-UHFFFAOYSA-N,CC(c1ccccc1)C,,-3.27
4107,C-4108,,OCJBOOLMMGQPQU-UHFFFAOYSA-N,Clc1ccc(cc1)Cl,,-3.27
4108,C-4109,,KVBWBCRPWVKFQT-UHFFFAOYSA-N,Ic1cccc(c1)C(=O)O,,-3.27
4109,C-4110,,LGYTZKPVOAIUKX-UHFFFAOYSA-N,CC(=O)CCC1C(=O)N(N(C1=O)c1ccccc1)c1ccccc1,,-3.27
4110,C-4111,,UYXHCVFXDBNRQW-UHFFFAOYSA-N,CCCCCNCCOC(=O)c1ccc(cc1)N,,-3.27
4111,C-4112,,SARMGXPVOFNNNG-UHFFFAOYSA-N,CC(/N=C(/N=C(/Nc1ccc(cc1)Cl)\N)\N)C.Cl,,-3.269560822
4112,C-4113,,LVQRQSCTKFPBSE-UHFFFAOYSA-N,C[NH2+]CC=C(c1cccc(c1)F)c1cccc(c1)F.[Cl-],,-3.269539376
4113,C-4114,,PCUCDCGDXBQWEX-UHFFFAOYSA-N,O=C(C(c1ccccc1)(c1ccccc1)O)OC1CN2CCC1CC2.Cl,,-3.269532703
4114,C-4115,,ROSJKFFLIXTTAW-UHFFFAOYSA-N,ClCCN(c1ccccc1)CCCl,,-3.268659613
4115,C-4116,,HMXQSWAWRXDIOX-UHFFFAOYSA-N,OCC(c1ccc(cc1)Br)C(=O)OC1CC2CCC(C1)N2C,,-3.267314445
4116,C-4117,,MGYMHQJELJYRQS-UHFFFAOYSA-N,CC(C12CCC(OO1)(C=C2)C)C,,-3.267068456
4117,C-4118,,VCWIQHZDDCAWHO-UHFFFAOYSA-N,CN(CCC12CC3CC(C2)CC(C1)C3)C.Cl,,-3.266493615
4118,C-4119,,WVRIPRILKKOIQL-BQYQJAHWSA-N,C/C(=C\C(=O)O)/C1CCCCC1,,-3.26592407
4119,C-4120,,DDBLLZWYBUXMDY-UHFFFAOYSA-N,ClCC(=O)Nc1nc2c(o1)ccc(c2)Cl,,-3.265419034
4120,C-4121,,SEQDDYPDSLOBDC-UHFFFAOYSA-N,Clc1ccc2c(c1)C(=NC(C(=O)N2C)O)c1ccccc1,,-3.26361513
4121,C-4122,,LKZWCRGTHNZTQN-UHFFFAOYSA-N,c1ccc(cc1)c1nnc(s1)c1ccccc1,,-3.26319527
4122,C-4123,,UAYKDHALAVBVGN-UHFFFAOYSA-N,CCCN(CCC)CCOCCCOC(=O)c1ccc(cc1)N,,-3.26294838
4123,C-4124,,XOVPZXXZORJJCG-UHFFFAOYSA-N,CCc1ccc(nc1)c1nc2c([nH]1)cccc2,,-3.262488067
4124,C-4125,,WJDDCFNFNAHLAF-UHFFFAOYSA-N,O=C(c1ccc[nH]c1=O)Nc1c(C)cccc1C,,-3.262098102
4125,C-4126,,VHVOLFRBFDOUSH-IHWYPQMZSA-N,C/C=C\c1ccc2c(c1)OCO2,,-3.262095099
4126,C-4127,,PFENFDGYVLAFBR-UHFFFAOYSA-N,CCOC(=O)c1c(N)sc2c1CCN(C2)Cc1ccccc1,,-3.261464005
4127,C-4128,,BROSADJFIKBHRF-UHFFFAOYSA-N,CCC(C(c1ccccc1)(C(=O)N)CCN(C)C)C,,-3.260596373
4128,C-4129,,DTSSCQVCVYZGSI-UHFFFAOYSA-N,COC(=O)c1cc(Cl)cc(c1Cl)N,,-3.26
4129,C-4130,,XCSGPAVHZFQHGE-UHFFFAOYSA-N,COCN(c1c(CC)cccc1CC)C(=O)CCl,,-3.26
4130,C-4131,,VKYWCHMXHQTCJQ-UHFFFAOYSA-N,CCCCCOC(=O)c1ccc(cc1)N,,-3.26
4131,C-4132,,VTJMSIIXXKNIDJ-UHFFFAOYSA-N,CC(C(c1ccc(cc1)Cl)C(=O)O)C,,-3.259526496
4132,C-4133,,SZXRJFXCKOFLMP-UHFFFAOYSA-M,Cn1c(=O)n(C)c2c(c1=O)[nH]cn2.COC(CNC(=O)NC(=O)CCC(=O)[O-])C[Hg].[Na+].O,,-3.259142496
4133,C-4134,,MHPYROYXMZWPNN-UHFFFAOYSA-N,CCC(c1ccc(cc1)CC(=O)NO)(C)C,,-3.258621583
4134,C-4135,,RXPVDFOFHSWFKA-UHFFFAOYSA-N,O=C(C(Cl)Cl)Nc1ccccc1C(=O)C,,-3.258508842
4135,C-4136,,UKVLTPAGJIYSGN-UHFFFAOYSA-N,Clc1ccc(c(c1)Cl)C(Cn1cncc1)O,,-3.257837397
4136,C-4137,,RRLUFPHCTSFKNR-DUXPYHPUSA-N,OC(=O)/C=C/c1ccc(c(c1)Cl)Cl,,-3.25736854
4137,C-4138,,OIPVGRCXMFBNAN-SNAWJCMRSA-N,OC(=O)/C=C/c1c(Cl)cccc1Cl,,-3.25736854
4138,C-4139,,MEEKGULDSDXFCN-UHFFFAOYSA-N,CCCCCc1ccccc1O,,-3.256458698
4139,C-4140,,VMIYHDSEFNYJSL-UHFFFAOYSA-N,O=C1CN=C(c2c(N1)ccc(c2)Br)c1ccccn1,,-3.25637006
4140,C-4141,,FLAYZKKEOIAALB-UHFFFAOYSA-N,BrCC(=O)c1ccc(cc1)Cl,,-3.252988834
4141,C-4142,,NBBYUWQRZGTKFI-UHFFFAOYSA-N,CN(CC=C(c1cccc(c1)F)c1ccccc1)C.Cl,,-3.252888768
4142,C-4143,,HHVAAYJHSMKDFD-UHFFFAOYSA-N,CN(CC=C(c1ccccc1)c1ccc(cc1)F)C.Cl,,-3.252888768
4143,C-4144,,SIULLDWIXYYVCU-UHFFFAOYSA-N,CC(=O)Nc1ccc(cc1)I,,-3.25
4144,C-4145,,DDUHZTYCFQRHIY-RBHXEPJQSA-N,COC1=CC(=O)C[C@H]([C@@]21Oc1c(C2=O)c(OC)cc(c1Cl)OC)C	,,-3.25
4145,C-4146,,SJORMDVXATZFFN-UHFFFAOYSA-N,OC(=O)C(=O)[O-].CCC1Oc2ccc(cc2N(C1=O)CC([NH+](C)C)C)Cl,,-3.249062543
4146,C-4147,,WNDFVBQJYJRMQO-AFEZEDKISA-N,CC1N(C)C(=N)SC1c1ccccc1.SC#N,,-3.247798221
4147,C-4148,,AZGDDQNRNNQAFK-UHFFFAOYSA-N,CC[NH+](CCN1C(=O)C(C)Oc2c1cc(Cl)cc2)CC.[Cl-],,-3.24631225
4148,C-4149,,FYANTOKNZNJBQX-UHFFFAOYSA-N,CC(C(c1ccccc1)c1ccccc1)CN(C)C.Cl,,-3.244684835
4149,C-4150,,GPTXWRGISTZRIO-UHFFFAOYSA-N,Cc1ccc2c(n1)c(O)c(cc2Cl)Cl,,-3.244462839
4150,C-4151,,ZZRIQDWDJVLELF-UHFFFAOYSA-N,O=C1CNC(=S)N1c1ccccc1,,-3.242442013
4151,C-4152,,VCFUJWHEYRPYSG-UHFFFAOYSA-N,CNCC=C(c1ccccc1C)c1ccccc1.Cl,,-3.24154012
4152,C-4153,,RGFVICVNWNMBQG-UHFFFAOYSA-N,FCCCCI,,-3.240917029
4153,C-4154,,WSSSPWUEQFSQQG-UHFFFAOYSA-N,C=CCC(C)C,,-3.24
4154,C-4155,,SDYWXFYBZPNOFX-UHFFFAOYSA-N,Nc1ccc(c(c1)Cl)Cl,,-3.24
4155,C-4156,,OKIBNKKYNPBDRS-UHFFFAOYSA-N,CC(=O)Nc1cc(NS(=O)(=O)C(F)(F)F)c(cc1C)C,,-3.24
4156,C-4157,,BCQMBFHBDZVHKU-UHFFFAOYSA-N,CCNc1nc(OC)nc(n1)NC(C)(C)C,,-3.24
4157,C-4158,,OMFXVFTZEKFJBZ-IIJALIKYSA-N,OCC(=O)[C@H]1CC[C@@H]2[C@]1(C)C[C@@H](O)[C@H]1[C@H]2CCC2=CC(=O)CC[C@]12C,,-3.24
4158,C-4159,,FQXXSQDCDRQNQE-VMDGZTHMSA-N,CN1CCN(CC1)C1=Nc2cc(Cl)ccc2Nc2c1cccc2	,,-3.24
4159,C-4160,,NXFQHRVNIOXGAQ-OQFOIZHKSA-N,O=C1NC(=O)N(C1)/N=C/c1ccc(o1)[N+](=O)[O-]	,,-3.24
4160,C-4161,,OMFXVFTZEKFJBZ-HJTSIMOOSA-N,OCC(=O)[C@H]1CC[C@@H]2[C@]1(C)C[C@H](O)[C@H]1[C@H]2CCC2=CC(=O)CC[C@]12C	,,-3.24
4161,C-4162,,REEUQZUMFVRILK-UHFFFAOYSA-N,Cc1n(C2CCCC2)c(=O)n(c(=O)c1Br)C,,-3.238011335
4162,C-4163,,UEKGKTSCDCCRKX-UHFFFAOYSA-N,Cc1n(C)c(=O)n(c(=O)c1Br)C1CCCC1,,-3.238011335
4163,C-4164,,VLKWQQFBFMQSNA-UHFFFAOYSA-N,CCNc1nc(NCC)nc(n1)C(F)(F)F,,-3.237924259
4164,C-4165,,SYCBXBCPLUFJID-UHFFFAOYSA-N,CCCCOc1ccc(cc1)OCCCN1CCOCC1.Cl,,-3.237302857
4165,C-4166,,ICYRROBWADKOAL-UHFFFAOYSA-N,NC(=O)C(c1cccc2c1cccc2)(CCN1CCOCC1)CCN1CCOCC1,,-3.236020473
4166,C-4167,,DYLNCLOFQCXHPR-UHFFFAOYSA-N,CCCCN1CCC(CC1)(OC(=O)CC)c1ccccn1.Cl.Cl,,-3.236010436
4167,C-4168,,XBKPDHARMKAQQU-UHFFFAOYSA-N,CCCCN1CCC(CC1)(OC(=O)CC)c1cccnc1.Cl.Cl,,-3.236010436
4168,C-4169,,WZRLTEAJABPZBF-UHFFFAOYSA-N,CCC(C(c1ccccc1)(C(=O)N)CCN1CCOCC1)C,,-3.235519873
4169,C-4170,,QYOYUQUNULCUIG-UHFFFAOYSA-N,COc1ccccc1C(=CCN(C)C)c1ccccc1.Cl,,-3.234657373
4170,C-4171,,NZAVDKRFUVOTLS-UHFFFAOYSA-N,CCC(=O)N1C2CCC1CN(C2)CC1CCCC1,,-3.234257186
4171,C-4172,,YIWXBCXYQCEEPG-UHFFFAOYSA-N,CC(=O)NC(c1ccccc1)(c1ccccc1)CC([N+](C)(C)C)C.[I-],,-3.233899469
4172,C-4173,,AHBRRAXTNYHHPH-UHFFFAOYSA-N,OCC(COc1cccc2c1CCCC2)O,,-3.232964851
4173,C-4174,,RQKDNQXTAVOGPU-UHFFFAOYSA-N,OCC(COc1ccc2c(c1)CCCC2)O,,-3.232964851
4174,C-4175,,SQVXWIUVAILQRH-UHFFFAOYSA-N,COc1ccc(cc1)c1cc(=O)c2c(o1)cc(cc2)O,,-3.232669235
4175,C-4176,,VLRAHRUEAVCNNS-UHFFFAOYSA-N,O1CCN(CC1)CCC12CC3CC(C2)CC(C1)C3.Cl,,-3.230838015
4176,C-4177,,WGPVGSNGYPUHBZ-PDGQHHTCSA-N,O=C1OCCN1/N=C\c1c(nc2n(c1=O)CCCC2)N1CCCCC1,,-3.230830093
4177,C-4178,,HFPQJHKCHYRJOJ-UHFFFAOYSA-N,CCOC(=O)c1c(C)ccc(c1OCC(CNCC#C)O)C(C)C,,-3.230746009
4178,C-4179,,LIKMAJRDDDTEIG-UHFFFAOYSA-N,CCCCC=C,,-3.23
4179,C-4180,,IOQOLGUXWSBWHR-UHFFFAOYSA-N,Cc1ccc(cc1)N1N=C(CC1=O)C,,-3.229365863
4180,C-4181,,GAUKOIAUVRRGOI-UHFFFAOYSA-N,O=C(c1ccccc1)NCCN1CCN2C(C1)Cc1c(C2)[nH]c2c1cccc2,,-3.228456504
4181,C-4182,,JWCSIUVGFCSJCK-CAVRMKNVSA-N,CO[C@@]1(NC(=O)C(c2ccc(cc2)O)C(=O)O)C(=O)N2[C@@H]1OCC(=C2C(=O)O)CSc1nnnn1C,,-3.227706523
4182,C-4183,,NSDGEQWRYXOZLN-UHFFFAOYSA-N,O=C1C=CC=CC1=c1sc2c([nH]1)cccc2,,-3.227195555
4183,C-4184,,IHDMJEPWSOHAAL-UHFFFAOYSA-N,CN(CCOC(=O)C(c1ccccc1)c1ccccc1)C.Cl,,-3.226164253
4184,C-4185,,VSJKWCGYPAHWDS-FQEVSTJZSA-N,CC[C@@]1(O)C(=O)OCc2c1cc1c3nc4ccccc4cc3Cn1c2=O,,-3.226055443
4185,C-4186,,PJMPHNIQZUBGLI-UHFFFAOYSA-N,CCC(=O)N(c1ccccc1)C1CCN(CC1)CCc1ccccc1,,-3.225927969
4186,C-4187,,WOSKONTXASGCAJ-UHFFFAOYSA-M,S=C1[N-]C(=O)C2(C(=O)N1)C(C)CC(C2C)C.[Na+],,-3.225678676
4187,C-4188,,ITVNCWVUKPYKMU-UHFFFAOYSA-N,N/C(=N\CCC1CCCCC1)/CSS(=O)(=O)O,,-3.225063087
4188,C-4189,,SCKFQSRDBBHBAR-UHFFFAOYSA-N,N/C(=N\CC1CCCCCC1)/CSS(=O)(=O)O,,-3.225063087
4189,C-4190,,RRXBGHRARYBGOA-UHFFFAOYSA-N,N/C(=N\C1CCCCCCC1)/CSS(=O)(=O)O,,-3.225063087
4190,C-4191,,UCBSMOSFCAQPAI-UHFFFAOYSA-N,Clc1ccc2c(c1)n(c1ccccc1)c(=O)[nH]2,,-3.224242048
4191,C-4192,,LDHFPUHSSYUQAA-MDZDMXLPSA-N,OC(/C=C/c1ccccc1)CCN1CCN(CC1)c1ccccn1,,-3.221991998
4192,C-4193,,DZUOQMBJJSBONO-CQSZACIVSA-N,COc1ccc2c(c1O)c1cccc3c1[C@@H](C2)N(C)CC3,,-3.221882211
4193,C-4194,,CVOGMKGEVNGRSK-OWOJBTEDSA-N,I/C=C/I,,-3.22
4194,C-4195,,RDXLYGJSWZYTFJ-UHFFFAOYSA-N,O=C1NCCN1c1ncc(s1)[N+](=O)[O-],,-3.22
4195,C-4196,,PYHXGXCGESYPCW-UHFFFAOYSA-N,OC(=O)C(c1ccccc1)c1ccccc1,,-3.22
4196,C-4197,,SPSSULHKWOKEEL-UHFFFAOYSA-N,[O-][N+](=O)c1cc([N+](=O)[O-])c(c(c1)[N+](=O)[O-])C,,-3.22
4197,C-4198,,JTTAUPUMOLRVRA-UHFFFAOYSA-N,CN(CCCN1c2ccccc2Sc2c1nccc2)C,,-3.218678564
4198,C-4199,,OYPPVKRFBIWMSX-SXGWCWSVSA-N,CN(C/C=C(\c1cccnc1)/c1ccc(cc1)Br)C,,-3.218525662
4199,C-4200,,ROAKRDRZFFSRSF-UHFFFAOYSA-N,Brc1ccc(nc1)OCCCCCCNCCSS(=O)(=O)O,,-3.21837268
4200,C-4201,,PZBPKYOVPCNPJY-UHFFFAOYSA-N,C=CCOC(c1ccc(cc1Cl)Cl)Cn1cncc1,,-3.217745597
4201,C-4202,,PWRPUAKXMQAFCJ-UHFFFAOYSA-N,CN1CCN(CC1)C1=Nc2ccccc2Cc2c1cccc2,,-3.215532966
4202,C-4203,,PWDPVPDCURNLMO-UHFFFAOYSA-N,O=C(N(C)C)OCCCc1ccccc1,,-3.215139362
4203,C-4204,,WBEZOZLFWDHDKW-UHFFFAOYSA-N,CCCC(COC(=O)NCC(C)C)(CO)C,,-3.215024109
4204,C-4205,,NOSZWUJZUTZABS-UHFFFAOYSA-N,NC(=O)C(c1ccccc1)(CCN1CCCCC1)C,,-3.214212183
4205,C-4206,,JKBZITVKMZPLJW-UHFFFAOYSA-N,CN(CCc1ccc(c(c1)OC1CCCCC1)O)C,,-3.213758583
4206,C-4207,,ZPOGTLCICRJACI-UHFFFAOYSA-N,C=CCc1cc(C)ccc1OCC(CO)O,,-3.213369295
4207,C-4208,,PDQZSLQGPNGYIF-UHFFFAOYSA-N,C=CCc1cccc(c1OCC(CO)O)C,,-3.213369295
4208,C-4209,,AQDHMDFRPGSAQA-UHFFFAOYSA-N,CCC(=O)N1C2CCC1CN(C2)CC#Cc1ccccc1,,-3.212798581
4209,C-4210,,NSFWQVLIKNSZQT-UHFFFAOYSA-N,OCC(c1ccccc1)(c1ccccc1)COC(=O)NC,,-3.212329159
4210,C-4211,,SSOLNOMRVKKSON-UHFFFAOYSA-N,CC(/N=C(/N=C(/Nc1ccc(cc1)Cl)\N)\N)C,,-3.211811196
4211,C-4212,,BIPNRIQANSKZIV-UHFFFAOYSA-N,Cn1c(C)c(N2CCCC2)c(=O)n(c1=O)c1ccccc1,,-3.211343691
4212,C-4213,,IRUFVVPEZOAVPC-UHFFFAOYSA-N,CCNC(=O)c1cc(Cl)cc(c1O)C,,-3.211129891
4213,C-4214,,JRGGUPZKKTVKOV-UHFFFAOYSA-N,Clc1cccc(c1)Br,,-3.21
4214,C-4215,,HYFLWBNQFMXCPA-UHFFFAOYSA-N,CCc1ccccc1C,,-3.21
4215,C-4216,,OIGNJSKKLXVSLS-MKIDGPAKSA-N,OCC(=O)[C@@]1(O)CC[C@@H]2[C@]1(C)C[C@@H](O)[C@H]1[C@H]2CCC2=CC(=O)C=C[C@]12C,,-3.21
4216,C-4217,,NCXMLFZGDNKEPB-CBXWSWNKSA-N,C[C@H]1C/C=C\C=C/C=C/C=C/[C@H](O[C@H]2O[C@H](C)[C@H]([C@@H]([C@@H]2O)N)O)C[C@H]2O[C@](C[C@H](C[C@H]3[C@H](/C=C\C(=O)O1)O3)O)(O)C[C@H]([C@@H]2C(=O)O)O,,-3.21
4217,C-4218,,NCXMLFZGDNKEPB-MJXHKMJHSA-N,C[C@H]1C/C=C\C=C\C=C/C=C/[C@H](O[C@H]2O[C@H](C)[C@H]([C@@H]([C@@H]2O)N)O)C[C@H]2O[C@](C[C@H](C[C@H]3[C@H](/C=C/C(=O)O1)O3)O)(O)C[C@H]([C@@H]2C(=O)O)O,,-3.21
4218,C-4219,,SNKLPZOJLXDZCW-UHFFFAOYSA-N,Oc1ccc(cc1C)C(C)(C)C,,-3.209890645
4219,C-4220,,VKIHKZMKDNVEIK-PKLMIRHRSA-N,C[NH+]([C@@H](c1ccccc1)Cc1ccccc1)C.[Cl-],,-3.208443015
4220,C-4221,,YVWGMAFXEJHFRO-UHFFFAOYSA-N,BrCC(C(F)F)(F)F,,-3.207508077
4221,C-4222,,BLVSIGRJPXXNPD-UHFFFAOYSA-N,COP(=O)(Oc1ccc(cc1Cl)[N+](=O)[O-])OC,,-3.206819691
4222,C-4223,,NMVPEQXCMGEDNH-TZVUEUGBSA-N,O=C1[C@@H](NC(=O)/C(=N\OC(C(=O)O)(C)C)/c2csc(n2)N)[C@@H]2N1C(=C(CS2)C[n+]1ccccc1)C(=O)[O-].O.O.O.O.O,,-3.205984915
4223,C-4224,,CXOXHMZGEKVPMT-UHFFFAOYSA-N,Clc1ccc2c(c1)N(C(=O)CC(=O)N2C)c1ccccc1,,-3.203805288
4224,C-4225,,PRBORDFJHHAISJ-UHFFFAOYSA-N,CCCC(COC(=O)N)(COC(=O)NCCCC)C,,-3.203299202
4225,C-4226,,JGSARLDLIJGVTE-MBNYWOFBSA-N,O=C(Cc1ccccc1)N[C@@H]1C(=O)N2[C@@H]1SC([C@@H]2C(=O)O)(C)C,,-3.201207559
4226,C-4227,,LQXHSCOPYJCOMD-UHFFFAOYSA-N,OS(=O)(=O)O.Nc1ncnc2c1[nH]cn2.Nc1ncnc2c1[nH]cn2,,-3.200751466
4227,C-4228,,FYGHSUNMUKGBRK-UHFFFAOYSA-N,Cc1c(C)cccc1C,,-3.2
4228,C-4229,,NTBYINQTYWZXLH-UHFFFAOYSA-N,[O-][N+](=O)c1ccc(c(c1)Cl)Cl,,-3.2
4229,C-4230,,UIYBGSIWFJRRAZ-UHFFFAOYSA-N,Clc1ccc2c(c1)c(C)cc(n2)OCCCNCCSS(=O)(=O)O,,-3.197610657
4230,C-4231,,PEIGKKFXAGEKFV-UHFFFAOYSA-N,Clc1cccc2c1nc(OCCCNCCSS(=O)(=O)O)cc2C,,-3.197610657
4231,C-4232,,BBIMHFSPNXQFAH-UHFFFAOYSA-N,CN(CCOC(c1ccccc1)(c1ccccc1)C)C,,-3.197128236
4232,C-4233,,STMCRUBVLOKMKB-UHFFFAOYSA-N,CN1CCC(CC1)NCC1CCC(CC1)CNC1CCN(CC1)C,,-3.196659036
4233,C-4234,,MMJRNJZURLUGLO-UHFFFAOYSA-N,CCCC(COC(=O)NCC(=C)C)(CO)C,,-3.196089096
4234,C-4235,,SIZKTOWSJXBSSB-UHFFFAOYSA-N,CCCCCC(COC(=O)N)(COC(=O)N)CC,,-3.19542282
4235,C-4236,,FLEXBPIGXXHGPR-UHFFFAOYSA-N,COc1cc(cc(c1C(=O)OC(C)C)OC)Cc1cnc(nc1N)N,,-3.194580158
4236,C-4237,,GDOTWPAJJGIXFK-UHFFFAOYSA-N,OP(=O)(O)O.COc1ccc(cc1)CN(c1ccccn1)CCN(C)C,,-3.194469044
4237,C-4238,,BDDYLBIKOCDHKY-UHFFFAOYSA-N,O1CCN(CC1)[NH2+]CCOC(c1ccccc1)c1ccccc1.[Cl-],,-3.194360007
4238,C-4239,,YTRMTPPVNRALON-UHFFFAOYSA-N,OC(=O)c1cc(nc2c1cccc2)c1ccccc1,,-3.192548289
4239,C-4240,,WFLSCFISQHLEED-UHFFFAOYSA-N,CC(C(c1ccccc1)(C#N)CC(N(C)C)C)C,,-3.192169562
4240,C-4241,,XZUULFZXNSIACY-UHFFFAOYSA-N,CN(CCOCCOC(=O)C1(CCCC1)c1ccccc1)C,,-3.190428403
4241,C-4242,,QBELEDRHMPMKHP-UHFFFAOYSA-N,Clc1ccccc1Br,,-3.1900001
4242,C-4243,,ZBTMRBYMKUEVEU-UHFFFAOYSA-N,Cc1ccc(cc1)Br,,-3.1900001
4243,C-4244,,NQDJXKOVJZTUJA-UHFFFAOYSA-N,Cc1ccnc2c1[nH]c(=O)c1c(n2C2CC2)nccc1,,-3.1900001
4244,C-4245,,JZCHJJOTIZFWJJ-UHFFFAOYSA-N,CCCC(C(NC(=O)C)C)CCC,,-3.188719954
4245,C-4246,,NASMVDMHYMZBIM-UHFFFAOYSA-N,FCCCCCCCl,,-3.187310846
4246,C-4247,,OBFGNODOJKVYIR-UHFFFAOYSA-N,C[NH+](C(C=C(c1cccs1)c1cccs1)C)C.[Cl-],,-3.18690565
4247,C-4248,,LNJDCWMEXDPRAY-UHFFFAOYSA-N,OC(=O)C(=O)O.CCCCOc1c(OC)cccc1C(=O)NCCN(C)C,,-3.186876122
4248,C-4249,,WPLQCARIFVAYOT-UHFFFAOYSA-N,N#CC(=NNc1ccc(cc1)[N+](=O)[O-])C#N,,-3.184491659
4249,C-4250,,DHCUQNSUUYMFGX-UHFFFAOYSA-N,CCCCNc1ccc(c(c1)O)C(=O)OCCN(C)C,,-3.182910636
4250,C-4251,,ZCIIPKQTVYFBHV-UHFFFAOYSA-N,SC/C(=N\CC12CC3CC(C2)(CC(C1)(C3)C)C)/N.Cl,,-3.182453366
4251,C-4252,,OFBQJSOFQDEBGM-UHFFFAOYSA-N,CCCCC,,-3.1800001
4252,C-4253,,TTWJBBZEZQICBI-UHFFFAOYSA-N,CCN(CCNC(=O)c1cc(Cl)c(cc1OC)N)CC,,-3.1800001
4253,C-4254,,YXIWHUQXZSMYRE-UHFFFAOYSA-N,Sc1nc2c(s1)cccc2,,-3.1800001
4254,C-4255,,ZXIJMRYMVAMXQP-UHFFFAOYSA-N,C1CCC=CCC1,,-3.1800001
4255,C-4256,,QWTDNUCVQCZILF-UHFFFAOYSA-N,CCC(C)C,,-3.1800001
4256,C-4257,,VDUWPHTZYNWKRN-UHFFFAOYSA-N,CCn1nc(C(=O)O)c(=O)c2c1cc1OCOc1c2,,-3.179368007
4257,C-4258,,LFWCBZHUGLQWRZ-UHFFFAOYSA-N,NC(=O)C(c1ccccc1)(CCN1CCOCC1)CCN1CCOCC1,,-3.177880228
4258,C-4259,,KPKQWXGFEKRQQA-UHFFFAOYSA-N,c1ccc(cc1)c1[nH]nc(n1)c1ccccc1,,-3.177591462
4259,C-4260,,QKFJKGMPGYROCL-UHFFFAOYSA-N,S=C=Nc1ccccc1,,-3.177165633
4260,C-4261,,BJBAFESJPDKJEJ-UHFFFAOYSA-N,CCCCNC(=O)OCC(COC(=O)N)(CC)C,,-3.17498166
4261,C-4262,,UUDDUULTKKTFNC-UHFFFAOYSA-N,CCCC(COC(=O)N)(COC(=O)NCCC)C,,-3.17498166
4262,C-4263,,KLYLIFFVIQXKAZ-UHFFFAOYSA-N,CCCCC(COC(=O)N)(COC(=O)NCC)C,,-3.17498166
4263,C-4264,,ATJFNCBLTADTPP-UHFFFAOYSA-N,CCCNC(=O)OCC(COC(=O)N)(CC)CC,,-3.17498166
4264,C-4265,,ATHNPVQWHCXXBZ-UHFFFAOYSA-N,CCCCC(COC(=O)N)(COC(=O)NC)CC,,-3.17498166
4265,C-4266,,XVYHWYZYTJJECW-WLHGVMLRSA-N,O=C(C(c1ccccc1)CN1CCC1)c1ccccc1.OC(=O)/C=C/C(=O)O,,-3.174872402
4266,C-4267,,BZGIPVGCJGXQTA-UHFFFAOYSA-N,CCN(CCSC(=O)N(c1ccccc1)c1ccccc1)CC,,-3.173880957
4267,C-4268,,RSBLYYMNHJDITE-NBYYMMLRSA-N,CC(C(c1ccccc1)O)[NH+](C/C=C/c1ccccc1)C.[Cl-],,-3.173852163
4268,C-4269,,CEZZCJWBLHCTMD-SEYXRHQNSA-N,CCOC(=O)CCn1c(=N)oc2c1cccc2,,-3.173789217
4269,C-4270,,YRTPZXMEBGTPLM-UVTDQMKNSA-N,O=C1O/C(=C\c2ccccc2)/c2c1cccc2,,-3.173641822
4270,C-4271,,QUIQLMJJIBJLJL-UHFFFAOYSA-N,CCCOc1c(OC)cccc1C(=O)OCC[NH+](CC)CC.[Cl-],,-3.173417388
4271,C-4272,,XXUJMEYKYHETBZ-UHFFFAOYSA-N,CCP(=O)(Oc1ccc(cc1)[N+](=O)[O-])OCC,,-3.173082398
4272,C-4273,,WHHIPMZEDGBUCC-UHFFFAOYSA-N,C=CCOC1=NS(=O)(=O)c2c1cccc2,,-3.172692427
4273,C-4274,,PQUUAATYCNQHBX-UHFFFAOYSA-N,CCCC1(CCN(C1)C)c1cccc(c1)OC,,-3.172117458
4274,C-4275,,IZJDOKYDEWTZSO-UHFFFAOYSA-N,S=C=NCCc1ccccc1,,-3.171428607
4275,C-4276,,IGDRIKGAYWASDW-UHFFFAOYSA-N,CN(c1c(C)n(C2CCCCC2)c(=O)n(c1=O)C)C,,-3.170977501
4276,C-4277,,ZWOWADWBRZWDLC-UHFFFAOYSA-N,CN(c1c(=O)n(C2CCCCC2)c(=O)n(c1C)C)C,,-3.170977501
4277,C-4278,,CWWODDIXPTUZOV-ZHACJKMWSA-N,CSc1cccc(c1)/N=N/N(C)C,,-3.170751252
4278,C-4279,,VLIZSQKTSLFMRP-GQCTYLIASA-N,CN1C2CCC1CN(C2)C/C=C/c1ccccc1Cl,,-3.170337047
4279,C-4280,,OUDYRLQMXADRRV-NSCUHMNNSA-N,CN1C2CCC1CN(C2)C/C=C/c1ccc(cc1)Cl,,-3.170337047
4280,C-4281,,GYHFUZHODSMOHU-UHFFFAOYSA-N,CCCCCCCCC=O,,-3.1700001
4281,C-4282,,RSWPVXFVQHCCCI-UHFFFAOYSA-N,O=C1NC(=O)NC(=O)C21CCCCCC2,,-3.1700001
4282,C-4283,,DHFMGRKPVMBKKX-UHFFFAOYSA-N,CCN(CCCOC(=O)C=Cc1ccccc1)CC.Cl,,-3.168606865
4283,C-4284,,UJBYRIKOTLHOAX-UHFFFAOYSA-N,OCCN(CC1CCc2c(N1)cccc2)CCc1ccccc1,,-3.167696632
4284,C-4285,,NPEHUZMVONIBGA-UHFFFAOYSA-N,CCCC(C(CC)CC)(CO)CO,,-3.16766572
4285,C-4286,,HLXIMLMWUHODOU-UHFFFAOYSA-N,CCN(c1c(C)n(c2ccccc2)c(=O)n(c1=O)C)CC,,-3.166174793
4286,C-4287,,BOBIZYYFYLLRAH-UHFFFAOYSA-N,Clc1ccc2c(c1)[nH]c(=S)o2,,-3.164832746
4287,C-4288,,MULDUPLDVOLZSA-UHFFFAOYSA-N,NC(=O)OCCCN(c1ccc(cc1)C)CCCOC(=O)N,,-3.162092979
4288,C-4289,,PMGCQNGBLMMXEW-UHFFFAOYSA-N,CC(CCOC(=O)c1ccccc1O)C,,-3.1600001
4289,C-4290,,ZBUVYROEHQQAKL-UHFFFAOYSA-N,CC(C(=O)c1ccc(cc1)C)CN1CCCCC1.Cl,,-3.159943379
4290,C-4291,,OLBCVFGFOZPWHH-UHFFFAOYSA-N,CC(c1cccc(c1O)C(C)C)C,,-3.158369776
4291,C-4292,,WMHPFELNGHYGPL-UHFFFAOYSA-N,OC(CN1CCN(CC1)c1ccccc1)COc1ccc(cc1C)C(=O)C,,-3.158170408
4292,C-4293,,HKUYGGWXIWIJIX-UHFFFAOYSA-N,OC(CN1CCN(CC1)c1ccc(cc1)C)COc1cccc(c1)C(=O)C,,-3.158170408
4293,C-4294,,SNFZSVZRZFZVIV-UHFFFAOYSA-N,CCOC(=O)c1c(C)ccc(c1OCC(CN(C)C)O)C(C)C,,-3.157601824
4294,C-4295,,WKNBBIOMXMDXFA-UHFFFAOYSA-N,COc1cc(OCCCCCNCCSS(=O)(=O)O)nc2c1cccc2,,-3.157006992
4295,C-4296,,LYKVTAYDCDKKNN-UHFFFAOYSA-N,CN1C2CCC1CC(C2)Oc1ccc(cc1)Cl.Cl,,-3.156516017
4296,C-4297,,UACSYZPPUXXDTL-UHFFFAOYSA-N,C=CCOc1ccccc1C(=O)N(CC)CC,,-3.155747611
4297,C-4298,,CUYFBDNSBSBVCF-UHFFFAOYSA-N,CCC(=O)Oc1ccc(cc1)OCC(CN1CCN(CC1)c1ccccc1)O,,-3.155116966
4298,C-4299,,BWLZUZVCVOPRLI-UHFFFAOYSA-N,O=C(C(F)(F)F)N1CC=Cc2c1cccc2,,-3.154984441
4299,C-4300,,SZYOCGSGLNKIQO-UHFFFAOYSA-N,Nc1nc(cc2c1cccc2)c1ccccn1,,-3.154857379
4300,C-4301,,OZDQCCZKFFTJBX-UHFFFAOYSA-N,O=C1Cc2ccccc2S(=O)(=O)N1Cc1ccccc1,,-3.153034153
4301,C-4302,,UFDPCEODINHIQK-UHFFFAOYSA-N,O=C1CCCc2c(N1CCN1CCCC1)cccc2,,-3.152162276
4302,C-4303,,VVMXABGKHYLKIX-NTEUORMPSA-N,CCCN(CC(=O)N/N=C/c1ccc(o1)[N+](=O)[O-])CCC,,-3.151624938
4303,C-4304,,UDCIYVVYDCXLSX-KAMYIIQDSA-N,OCC/C(=C(/N(Cc1cnc(nc1N)C)C=O)\C)/SSCCC,,-3.15135254
4304,C-4305,,UQVHXCHHCSBTMX-UHFFFAOYSA-N,COc1ccc(cc1OC)CCNCc1ccc2c(n1)cccc2.Cl.Cl,,-3.151348989
4305,C-4306,,KIFAGHRXQUQMRU-UHFFFAOYSA-N,O=C(c1ccccc1)CCC[NH+]1CCCCC1C.[Cl-],,-3.151124914
4306,C-4307,,MZZBPDKVEFVLFF-UHFFFAOYSA-N,CCNc1nc(nc(n1)Cl)NC(C#N)(C)C,,-3.1500001
4307,C-4308,,GWEHVDNNLFDJLR-UHFFFAOYSA-N,O=C(Nc1ccccc1)Nc1ccccc1,,-3.1500001
4308,C-4309,,ZQBAKBUEJOMQEX-UHFFFAOYSA-N,O=C(c1ccccc1O)Oc1ccccc1,,-3.1500001
4309,C-4310,,RULKYXXCCZZKDZ-UHFFFAOYSA-N,Clc1c(O)cc(c(c1Cl)Cl)Cl,,-3.1500001
4310,C-4311,,BWRPEDIXOHZKFD-UHFFFAOYSA-N,OC(=O)C(Oc1ccccc1)Oc1ccccc1,,-3.149781357
4311,C-4312,,QYQDKDWGWDOFFU-IUODEOHRSA-N,CN(CCn1nnnc1SCC1=C(C(=O)O)N2[C@H](SC1)[C@@H](C2=O)NC(=O)Cc1csc(n1)N)C,,-3.148847434
4312,C-4313,,LZXCEBPGNFLHEQ-UHFFFAOYSA-N,ClCCN(Cc1ccccc1)Cc1ccccc1.Cl,,-3.147971819
4313,C-4314,,XKKTXVIMQNCZHY-UHFFFAOYSA-N,C1CCC(CC1)CN1CCCCC1.Cl,,-3.147688309
4314,C-4315,,NKUIGIUMTOAMIW-UHFFFAOYSA-N,O=Cc1csc(n1)c1ccc(s1)[N+](=O)[O-],,-3.147669112
4315,C-4316,,PQZNQMUIWLNPBP-UHFFFAOYSA-N,CC[NH+](C1=Nc2ccccc2c2c(N1)cccc2)CC.[Cl-],,-3.147306663
4316,C-4317,,GZIZRUUMRJJNQT-UHFFFAOYSA-N,Cc1n(C2CCCCC2)c(=O)n(c(=O)c1N1CCOCC1)C,,-3.147251286
4317,C-4318,,QFHJRGYAPLZITA-UHFFFAOYSA-N,OC(=O)Cc1ccc2c(c1)nc(o2)c1ccccc1,,-3.14349007
4318,C-4319,,WHHJVZWAZFDIMO-UHFFFAOYSA-N,OS(=O)(=O)SCCNCCCOc1nc2ccccc2c(c1)C(F)(F)F,,-3.143412838
4319,C-4320,,ZQNFUXDRYQQYAQ-UHFFFAOYSA-N,NC(C(c1ccccc1)(c1ccccc1)O)c1ccccc1,,-3.143402161
4320,C-4321,,JZGUQAMYFQKVSO-ZHACJKMWSA-N,CN(/N=N/c1ccc(cc1)Cl)C,,-3.143391012
4321,C-4322,,DBNWBEGCONIRGQ-UHFFFAOYSA-N,CC(=O)C(c1ccccc1)c1ccccc1,,-3.143237916
4322,C-4323,,YBZJPJLESWJLTK-UHFFFAOYSA-N,CCC(=O)N1C2CCC1CN(C2)CCc1ccccc1,,-3.142938277
4323,C-4324,,HNYGUIIKHLACQV-UHFFFAOYSA-N,SCCNCCCCOc1ccc(cn1)Br.Cl,,-3.142699691
4324,C-4325,,HMCCXLBXIJMERM-UHFFFAOYSA-N,COCC(=O)Nc1cc(ccc1N/C(=N\C(=O)OC)/NC(=O)OC)Sc1ccccc1,,-3.142214024
4325,C-4326,,WLQUAZIPFVGROS-UHFFFAOYSA-N,Cc1ccc(cc1C)[NH2+]C(=O)c1ccncc1.[Cl-],,-3.140767636
4326,C-4327,,SHRQNPQSYFSSIN-UHFFFAOYSA-N,CCCCOc1ccc(cc1OC)C=CC(=O)NO,,-3.140450738
4327,C-4328,,AJSCNQJAGCMGAK-UHFFFAOYSA-N,CCCOc1ccc(cc1OCC)C=CC(=O)NO,,-3.140450738
4328,C-4329,,DDMYBPQSJMNVFE-UHFFFAOYSA-N,CCCCOc1cc(C=CC(=O)NO)ccc1OC,,-3.140450738
4329,C-4330,,TZMUWWOOCIMOBN-UHFFFAOYSA-N,N/C(=N\CCCc1c[nH]c2c1cccc2)/CSS(=O)(=O)O,,-3.140352866
4330,C-4331,,HJUGFYREWKUQJT-UHFFFAOYSA-N,BrC(Br)(Br)Br,,-3.1400001
4331,C-4332,,AKNNEGZIBPJZJG-MSOLQXFVSA-N,COc1ccc2c(c1OC)C(=O)O[C@@H]2[C@@H]1N(C)CCc2c1c(OC)c1c(c2)OCO1,,-3.1400001
4332,C-4333,,IWVCMVBTMGNXQD-RKLSJVJESA-N,CN([C@@H]1C(=C(C(=O)N)C(=O)[C@]2([C@H]1[C@@H](O)[C@H]1C(=C2O)C(=O)c2c([C@@]1(C)O)cccc2O)O)O)C,,-3.1400001
4333,C-4334,,GYSSRZJIHXQEHQ-UHFFFAOYSA-N,O=C(C1=C(C)OCCS1)Nc1ccccc1,,-3.1400001
4334,C-4335,,ORFOPKXBNMVMKC-DWVKKRMSSA-N,O=C1[C@@H](NC(=O)/C(=N\OC(C(=O)O)(C)C)/c2csc(n2)N)[C@@H]2N1C(=C(CS2)C[n+]1ccccc1)C(=O)[O-],,-3.139733703
4335,C-4336,,DZJTUNPUCLMFDQ-UHFFFAOYSA-N,NC(=O)OC(COc1ccccc1C)COC(C)C,,-3.139237862
4336,C-4337,,UYLXIECXAARLRA-KHPPLWFESA-N,CCNC(=O)/C(=C(\c1ccccc1)/C)/C,,-3.137843619
4337,C-4338,,PMTSPAGBAFCORP-HBUONDEYSA-N,CO[C@H]1[C@H](O)[C@H](O[C@H]2CC[C@]3([C@@H](C2)CC[C@@H]2[C@@H]3CC[C@]3([C@]2(O)CC[C@@H]3C2=CC(=O)OC2)C)C=O)O[C@H]([C@@H]1O)C,,-3.137253574
4338,C-4339,,WAZZTXCZNNAQDG-UHFFFAOYSA-N,SCCNCCCCCOc1ccc(cn1)Cl.Cl,,-3.137104446
4339,C-4340,,MDKCFLQDBWCQCV-UHFFFAOYSA-N,S=C=NCc1ccccc1,,-3.136374343
4340,C-4341,,DAHSCMLJGRYAKQ-UHFFFAOYSA-N,CC1Oc2ccc(cc2N(C1=O)CC[NH+]1CCCC1)Cl.[Cl-],,-3.136323477
4341,C-4342,,FVYNXBCYHZXKIV-UHFFFAOYSA-N,CCC(c1ccccc1)(COC(=O)N(C)C)CO,,-3.135419596
4342,C-4343,,BOFQCMILEGGFJN-UHFFFAOYSA-N,CCCC(C(C(COC(=O)N)CC)OC(=O)N)C,,-3.134497541
4343,C-4344,,OGBHACNFHJJTQT-UHFFFAOYSA-M,CCCCOC(=O)c1ccc(cc1)[O-].[Na+],,-3.13348269
4344,C-4345,,UBBHIBDVUFKRET-UHFFFAOYSA-N,OC(=O)c1ccccc1Nc1nc2c(o1)cccc2,,-3.133410814
4345,C-4346,,KVAWWXSLBDVXHJ-UHFFFAOYSA-N,O=c1[nH]c2c(o1)cc(c(c2)Cl)Br,,-3.130438675
4346,C-4347,,KOOGJYYOMPUGCW-UHFFFAOYSA-N,CCN(CC(=O)Nc1c(C)cc(cc1C)C)CC.Cl,,-3.130300225
4347,C-4348,,AQAWTFCMNPKTDA-UHFFFAOYSA-N,CCCC(C(=O)Nc1ncccn1)CCC,,-3.130145416
4348,C-4349,,YAMNETATHGQXBZ-UHFFFAOYSA-N,NC(=O)OCC(c1ccccc1)(c1ccccc1)COC(=O)N,,-3.130045109
4349,C-4350,,KGNQDBQYEBMPFZ-UHFFFAOYSA-N,Fc1ccc(cc1)I,,-3.1300001
4350,C-4351,,QUDWYFHPNIMBFC-UHFFFAOYSA-N,C=CCOC(=O)c1ccccc1C(=O)OCC=C,,-3.1300001
4351,C-4352,,RUVINXPYWBROJD-ONEGZZNKSA-N,C/C=C/c1ccc(cc1)OC,,-3.1300001
4352,C-4353,,ARHWPKZXBHOEEE-UHFFFAOYSA-N,C=CCOc1ccc(cc1Cl)CC(=O)O	,,-3.13
4353,C-4354,,CZGYJVKTYKYBAG-UHFFFAOYSA-N,Cc1ccc(cc1)SCC/N=C(/CSS(=O)(=O)O)\N,,-3.129169766
4354,C-4355,,VZZFPHAKJNPXQY-UHFFFAOYSA-N,CCCC(C1(CC)C(=O)N(C)C(=O)N(C1=O)C)C,,-3.128935787
4355,C-4356,,QBLFYKYECNTDCF-UHFFFAOYSA-N,CN(CCC(c1cccc2c1cccc2)(C(=O)N)C)C,,-3.128772097
4356,C-4357,,XJRXTTURVBVZRR-ZHACJKMWSA-N,Clc1cccc(c1)/N=N/N(C)C,,-3.128514243
4357,C-4358,,HTSWRCPRGNAPPG-UHFFFAOYSA-N,CCCCN1CCC(CC1)(OC(=O)C)C1CCCCC1.Cl,,-3.127539463
4358,C-4359,,BGBBHUXHUOMKPM-UHFFFAOYSA-N,CN(CCN(c1ccccn1)Cc1ccc(s1)Cl)C.Cl,,-3.127061657
4359,C-4360,,NZXDMTPYTKPXCD-UHFFFAOYSA-N,O=C1CC(CN1c1ccccc1)NCCc1ccccc1,,-3.125513796
4360,C-4361,,QERZBQVBUHVAFS-UHFFFAOYSA-N,CCC(COC(=O)C)(COC(=O)C)CC,,-3.125495302
4361,C-4362,,TUBNIQQVIOAZBQ-UNOMPAQXSA-N,O=C(CN1CCN(CC1)Cc1ccccc1)N/N=C\c1ccc(o1)[N+](=O)[O-],,-3.124234188
4362,C-4363,,UEHLXXJAWYWUGI-UHFFFAOYSA-M,[O-][N+](=O)c1ccc(c2c1[Hg]O2)C,,-3.12409127
4363,C-4364,,NIQMFMMHMRRKLU-UHFFFAOYSA-N,CN1CCC(C1)OC(=O)Nc1c(C)cccc1Cl,,-3.123982559
4364,C-4365,,ODNZLRLWXRXPOH-UHFFFAOYSA-N,Nc1cnn(c(=O)c1Br)c1ccccc1,,-3.1199999
4365,C-4366,,MLRVZFYXUZQSRU-UHFFFAOYSA-N,CCCCCCCl,,-3.1199999
4366,C-4367,,DDMOUSALMHHKOS-UHFFFAOYSA-N,FC(C(Cl)(F)F)(Cl)F,,-3.1199999
4367,C-4368,,OFVLGDICTFRJMM-NWKLCKOQSA-N,CN([C@@H]1C(=C(C(=O)N)C(=O)[C@]2([C@H]1C[C@H]1C(=C2O)C(=O)c2c([C@@]1(C)O)cccc2O)O)O)C,,-3.1199999
4368,C-4369,,IMFACGCPASFAPR-UHFFFAOYSA-N,CCCCN(CCCC)CCCC,,-3.1199999
4369,C-4370,,RWCCWEUUXYIKHB-UHFFFAOYSA-N,O=C(c1ccccc1)c1ccccc1,,-3.1199999
4370,C-4371,,UCMKQLSOWSNOED-UHFFFAOYSA-N,NC(=N)c1ccc(cc1)OCCCOc1ccc(cc1)C(=N)N.Cl.Cl,,-3.115964594
4371,C-4372,,MZWKCFGWAWRHDY-UHFFFAOYSA-N,CCN(CCSC(=O)C(c1ccccc1)c1ccccc1)CC.Cl,,-3.115430361
4372,C-4373,,WBBHOISPYYYBTC-IDJJGHEZSA-N,OS(=O)(=O)O.C=C[C@H]1CN2CC[C@H]1C[C@H]2[C@@H](c1ccnc2c1cccc2)O.C=C[C@H]1CN2CC[C@H]1C[C@H]2[C@@H](c1ccnc2c1cccc2)O,,-3.115062656
4373,C-4374,,WBBHOISPYYYBTC-SJFRDBBCSA-N,OS(=O)(=O)O.C=C[C@H]1CN2CC[C@H]1C[C@@H]2[C@H](c1ccnc2c1cccc2)O.C=C[C@H]1CN2CC[C@H]1C[C@@H]2[C@H](c1ccnc2c1cccc2)O,,-3.115062656
4374,C-4375,,CXKCZFDUOYMOOP-UHFFFAOYSA-N,OC(=O)c1cc(Cl)cc(c1)Cl,,-3.113731949
4375,C-4376,,GOEMGAFJFRBGGG-UHFFFAOYSA-N,CCCC(=O)Nc1ccc(c(c1)C(=O)C)OCC(CNC(C)C)O,,-3.113597546
4376,C-4377,,WIAALPGBRQCFDY-UHFFFAOYSA-N,N/C(=N\CCSC1CCCCC1)/CSS(=O)(=O)O,,-3.112778776
4377,C-4378,,SIUIZWIFPPQMHB-UHFFFAOYSA-N,CCC(COC(=O)N)(COC(=O)NC(C)C)CC,,-3.112334851
4378,C-4379,,DRAZTHQSSHSOGK-UHFFFAOYSA-N,CCCNC(=O)OCC(C(C)C)(COC(=O)N)C,,-3.112334851
4379,C-4380,,CHLMFHKZCVSJIJ-VAWYXSNFSA-N,CCN(CCCOC(=O)/C=C/c1ccccc1)CC,,-3.111896044
4380,C-4381,,MDXNMVCZLPPTQC-RMKNXTFCSA-N,CCC(=O)NN1C2CCC1CN(C2)C/C=C/c1ccccc1,,-3.11078992
4381,C-4382,,OETBURNRZVFMMY-UHFFFAOYSA-N,COc1cc(cc(c1OC)OC)C(=O)N(C(C)C)C(C)C,,-3.110544134
4382,C-4383,,ZQPXSRTZFYHSFB-UHFFFAOYSA-N,CCC(=O)c1ccc(cc1)OCC(CN1CCN(CC1)c1ccccc1)O,,-3.11004434
4383,C-4384,,JRLPEMVDPFPYPJ-UHFFFAOYSA-N,CCc1ccc(cc1)C,,-3.1099999
4384,C-4385,,MFYSYFVPBJMHGN-ZPOLXVRWSA-N,OCC(=O)[C@@]1(O)CC[C@@H]2[C@]1(C)CC(=O)[C@H]1[C@H]2CCC2=CC(=O)CC[C@]12C,,-3.1099999
4385,C-4386,,SKVLYVHULOWXTD-UHFFFAOYSA-N,O=C(Nc1ccc(cc1)S(=O)(=O)Nc1nccs1)CCC(=O)O,,-3.109944949
4386,C-4387,,NUNCOHUMTCDISK-AWEZNQCLSA-N,COc1c2c(CC[C@@H](c3c2ccc(c(=O)c3)SC)N)cc(c1OC)OC,,-3.109854247
4387,C-4388,,PMMVFTJVAUABLF-UHFFFAOYSA-N,OC(CN1CCCCC1)COc1cccc2c1cccc2.Cl,,-3.109706758
4388,C-4389,,VCZXDPUECVELRF-UHFFFAOYSA-N,CCC(c1ccccc1Cl)OC(=O)N,,-3.109617169
4389,C-4390,,QFKMMXYLAPZKIB-UHFFFAOYSA-N,CCCCCCCCCCCN,,-3.108672516
4390,C-4391,,OVHFHUINIGGZIU-UHFFFAOYSA-M,CCC1(CCc2ccccc2)C(=O)[N-]C(=O)NC1=O.[Na+],,-3.10824972
4391,C-4392,,QENJZWZWAWWESF-UHFFFAOYSA-N,Cc1cc(C(=O)O)c(cc1C)C,,-3.108173736
4392,C-4393,,BLGXFZZNTVWLAY-SCYLSFHTSA-N,COC(=O)[C@H]1[C@@H](O)CC[C@@H]2[C@@H]1C[C@@H]1N(C2)CCc2c1[nH]c1c2cccc1,,-3.107859857
4393,C-4394,,WFECYQKJNWJCBA-UHFFFAOYSA-N,O=C(Nc1ccccc1)CN1CCCCC1,,-3.107584145
4394,C-4395,,RIMDDIPKIZTBHU-KPDHXFAYSA-N,COC/C=C/1\CN2[C@@H]3[C@@H]4[C@@H]1CC2C1(C3)C(=Nc2c1c(OC)c(OC)cc2OC)OC4,,-3.107553331
4395,C-4396,,FDAYLTPAFBGXAB-UHFFFAOYSA-N,ClCCN(CCCl)CCCl,,-3.106613678
4396,C-4397,,ODPSQUCKFGXZLL-UHFFFAOYSA-N,CCCCC(COC(=O)N)(COC(=O)N(C)C)C,,-3.105900741
4397,C-4398,,OYZJQXIQTJRRCG-UHFFFAOYSA-N,Nc1ccc2c(c1)cc1c(n2)ccc(c1)N,,-3.10582577
4398,C-4399,,CSUHFMCPKPKGOF-UHFFFAOYSA-N,Nc1ccc2c(c1)nc1c(c2)c(N)ccc1,,-3.10582577
4399,C-4400,,YLRXBQGINRDTNY-UHFFFAOYSA-N,Nc1ccc2c(c1)nc1c(c2)cccc1N,,-3.10582577
4400,C-4401,,AOMUHOFOVNGZAN-UHFFFAOYSA-N,CCCCCCCCCCCC(=O)N(CCO)CCO,,-3.104444809
4401,C-4402,,KQPCUJSGFVRMQT-UHFFFAOYSA-N,NC(=O)C(c1cccc2c1cccc2)(CCN1CCOCC1)C,,-3.103793976
4402,C-4403,,HVILUKPDZDFAAL-UHFFFAOYSA-N,OCC(COc1cc(C)c(c(c1)C)Cl)O,,-3.102953616
4403,C-4404,,LEVWYRKDKASIDU-IMJSIDKUSA-N,N[C@H](C(=O)O)CSSC[C@@H](C(=O)O)N,,-3.101985729
4404,C-4405,,ZPHBZEQOLSRPAK-XLCYBJAPSA-N,CC(C[C@@H](C(=O)N[C@H](C(=O)O)Cc1c[nH]c2c1cccc2)NP(=O)(O[C@@H]1O[C@@H](C)[C@@H]([C@H]([C@H]1O)O)O)O)C,,-3.101739091
4405,C-4406,,GLQXWWOXSUHWEZ-UHFFFAOYSA-N,OCCN(C(CC12CC3CC(C2)CC(C1)C3)C)C.Cl,,-3.101264593
4406,C-4407,,LZJRNLRASBVRRX-ZDUSSCGKSA-N,COc1cc2c(cc1O)C[C@H]1c3c2c(OC)c(O)cc3CCN1C,,-3.100747456
4407,C-4408,,XDTMQSROBMDMFD-UHFFFAOYSA-N,C1CCCCC1,,-3.0999999
4408,C-4409,,VGVRPFIJEJYOFN-UHFFFAOYSA-N,Oc1c(Cl)cc(c(c1Cl)Cl)Cl,,-3.0999999
4409,C-4410,,IZUKQUVSCNEFMJ-UHFFFAOYSA-N,[O-][N+](=O)c1ccccc1[N+](=O)[O-],,-3.0999999
4410,C-4411,,SDQJTWBNWQABLE-UHFFFAOYSA-N,O=c1[nH]c2ccccc2c(=O)[nH]1,,-3.099321859
4411,C-4412,,VFZDNKRDYPTSTP-UHFFFAOYSA-N,O=C1OC(=O)C2(C(C1CC2)(C)C)C,,-3.099225633
4412,C-4413,,KBOPZPXVLCULAV-UHFFFAOYSA-N,Nc1ccc(c(c1)C(=O)O)O,,-3.099076401
4413,C-4414,,BCJQOGKTJLWKQB-UHFFFAOYSA-N,CSc1ccc(nc1)OCCCCCN1CSCC1.Cl.Cl,,-3.098525631
4414,C-4415,,RBNJBKJYVAQZTJ-UHFFFAOYSA-N,CCOc1ccc(cc1)CC(=O)N1CC2CCC(C1)N2C,,-3.098253852
4415,C-4416,,XCXZAVJKBNSINK-UHFFFAOYSA-N,CCN(c1c(C)n(C)c(=O)n(c1=O)c1ccccc1)CC,,-3.098026809
4416,C-4417,,RZECAXAHGCQWGS-UHFFFAOYSA-N,CCC1CN(C)CCC1(OC(=O)C)c1ccccc1.Cl,,-3.097381277
4417,C-4418,,CCEXTQVHYYYTOI-UHFFFAOYSA-N,CCC1(C(=O)NC(=O)N=C1OC(C)C)c1ccccc1,,-3.097020865
4418,C-4419,,KLTTUAXOCHIICS-WXIWBVQFSA-N,[O-][N+](=O)c1ccc(o1)/C=N/NC(=O)C[NH2+]CC=C.[O-]C(=O)C,,-3.096606957
4419,C-4420,,YWSIDZBIXJZMTH-UHFFFAOYSA-N,CCCCN1C(=O)c2ccccc2CS1(=O)=O,,-3.096166567
4420,C-4421,,MDKGKXOCJGEUJW-UHFFFAOYSA-N,OC(=O)C(c1ccc(cc1)C(=O)c1cccs1)C,,-3.095339578
4421,C-4422,,UPPUKRIDAPMTRP-UHFFFAOYSA-N,Clc1cc(C)c2c(c1)SCC2=O,,-3.093999193
4422,C-4423,,BODDZCXQPQPRES-OYALTWQYSA-N,OC[C@@H]1O[C@@H](O[C@H]([C@@H](C(=O)N[C@@H]([C@H]([C@@H](C(=O)N[C@H](C(=O)NCCc2scc(n2)c2scc(n2)C(=O)NCCC[S+](C)C)[C@H](O)C)C)O)C)NC(=O)c2nc(nc(c2C)N)[C@H](CC(=O)N)NC[C@@H](C(=O)N)N)c2[nH]cnc2)[C@H]([C@H]([C@@H]1O)O)O[C@H]1O[C@H](CO)[C@H]([C@@H]([C@@H]1O)OC(=O)N)O.[Cl-],,-3.093483047
4423,C-4424,,PGIQMCOLYCTABQ-UHFFFAOYSA-N,CCC(C(c1ccccc1)O)(CO)CC,,-3.093382052
4424,C-4425,,UYNVMODNBIQBMV-UHFFFAOYSA-N,Oc1ccc(cc1)C(C(N1CCC(CC1)Cc1ccccc1)C)O,,-3.093026872
4425,C-4426,,WDCROVAUQRFURX-UHFFFAOYSA-N,CCc1sc2=NC(=O)CNC(=c2c1)c1ccccc1F,,-3.090689037
4426,C-4427,,APKFDSVGJQXUKY-INPOYWNPSA-N,O[C@@H]1CC[C@@H](O)[C@H](O)C[C@H](O)C[C@]2(O)C[C@H](O)[C@H]([C@@H](O2)C[C@H](/C=C/C=C/C=C/C=C/C=C/C=C/C=C/[C@@H]([C@H]([C@H]([C@@H](OC(=O)C[C@@H](C1)O)C)C)O)C)O[C@@H]1O[C@H](C)[C@H]([C@@H]([C@@H]1O)N)O)C(=O)O,,-3.090653477
4427,C-4428,,OWFJMIVZYSDULZ-PXOLEDIWSA-N,CN([C@@H]1C(=C(C(=O)N)C(=O)[C@@]2([C@H]1[C@@H](O)[C@H]1C(=C2O)C(=O)c2c([C@@]1(C)O)cccc2O)O)O)C	,,-3.09
4428,C-4429,,XJHDMGJURBVLLE-YWGZHDIYSA-N,C[C@H]1C(=O)O[C@@H]2[C@@H]1CC[C@]1(C2=C(C)C(=O)C=C1)C,,-3.0899999
4429,C-4430,,OPASCBHCTNRLRM-UHFFFAOYSA-N,CCSCCSP(=S)(OC)OC,,-3.0899999
4430,C-4431,,AXKJGGRSAVLXTE-UHFFFAOYSA-M,O=C(C(c1ccccc1)(c1ccccc1)O)OCC1CCCC[N+]1(C)C.COS(=O)(=O)[O-],,-3.089222808
4431,C-4432,,BXDUGSCGMFHWBB-UHFFFAOYSA-N,O=C1NC(=O)C2(C(=O)N1)CCCC[Si](C2)(C)C,,-3.087387172
4432,C-4433,,APYAPSPMAOAUDX-UHFFFAOYSA-N,CCCCOc1ccc(cc1C)CC(=O)NO,,-3.085261297
4433,C-4434,,XSWHNYGMWWVAIE-UHFFFAOYSA-N,OC(c1ccccc1)(c1ccccc1)C1CCCCN1,,-3.085088253
4434,C-4435,,PWKLWQJZGQYOAQ-UHFFFAOYSA-N,CCN1CCCC(C1)OC(=O)Nc1ccc(cc1)OC,,-3.084758848
4435,C-4436,,HMHLTLDEACVVIE-UHFFFAOYSA-M,CCC1(CCC(C)C)C(=O)N=C(N(C1=O)C)[O-].[Na+],,-3.084319703
4436,C-4437,,OWQIUQKMMPDHQQ-UHFFFAOYSA-N,CCN(CC(COC(=O)c1ccc(cc1)N)(C)C)CC,,-3.081992061
4437,C-4438,,DVALMHFCJYLXPH-UHFFFAOYSA-N,O=C(c1ccc(cc1)I)NCC(=O)O,,-3.08162387
4438,C-4439,,VLQLJPWPRYUYMK-UHFFFAOYSA-N,OC(=O)Cc1cccc(c1)c1ccccc1,,-3.081330939
4439,C-4440,,WOYZXEVUWXQVNV-UHFFFAOYSA-N,Nc1ccc(cc1)Oc1ccccc1,,-3.080181227
4440,C-4441,,IQPDOPNOTVECJO-XLWJZTARSA-N,ClCCN(C(=O)N[C@H]1[C@H](OC(=O)C)[C@@H](COC(=O)C)O[C@H]([C@@H]1OC(=O)C)OC)N=O,,-3.080090358
4441,C-4442,,MSLICLMCQYQNPK-UHFFFAOYSA-N,CC(=O)Nc1ccc(cc1)Br,,-3.0799999
4442,C-4443,,QZXCCPZJCKEPSA-UHFFFAOYSA-N,OC(=O)Cc1c(Cl)ccc(c1Cl)Cl,,-3.0799999
4443,C-4444,,NPDACUSDTOMAMK-UHFFFAOYSA-N,Cc1ccc(cc1)Cl,,-3.0799999
4444,C-4445,,YXOLAZRVSSWPPT-UHFFFAOYSA-N,Oc1ccc(c(c1)O)c1oc2cc(O)cc(c2c(=O)c1O)O,,-3.0799999
4445,C-4446,,IUWVALYLNVXWKX-UHFFFAOYSA-N,CCCCOC(=O)c1ccc(cc1)N,,-3.0799999
4446,C-4447,,WLUHBKYWTLXULJ-UHFFFAOYSA-N,CCCCCCCSCCN1CSCC1.Cl,,-3.078443036
4447,C-4448,,ADUQCZNXZCXDGD-UHFFFAOYSA-N,CCCCCCSCCCN1CSCC1.Cl,,-3.078443036
4448,C-4449,,AEKKYOUYTGSRHQ-UHFFFAOYSA-N,CCCCSCCCCCN1CSCC1.Cl,,-3.078443036
4449,C-4450,,DUOSTAZRNKWZKT-UHFFFAOYSA-N,CCCSCCCCCCN1CCSC1.Cl,,-3.078443036
4450,C-4451,,GLEVLJDDWXEYCO-UHFFFAOYSA-N,Cc1c2OC(C)(CCc2c(c(c1C)O)C)C(=O)O,,-3.07830417
4451,C-4452,,PWCXFVBAQLRQEN-UHFFFAOYSA-N,CCCCSc1ccc(cc1)CC(=O)NO,,-3.077972571
4452,C-4453,,OALHHIHQOFIMEF-UHFFFAOYSA-N,O=C1OC2(c3c1cccc3)c1cc(I)c(c(c1Oc1c2cc(I)c(c1I)O)I)O,,-3.077054711
4453,C-4454,,ZLVFYUORUHNMBO-UHFFFAOYSA-N,Brc1cc(C)c(c(c1)C)O,,-3.075445454
4454,C-4455,,UMVOQQDNEYOJOK-UHFFFAOYSA-N,OC(=O)c1cc(C)cc(c1)C,,-3.07485635
4455,C-4456,,APKRUWBFFNIPGU-FLNCGGNMSA-N,Cn1ccn(/c/1=C/[NH+]=O)COC1CCCCCCCCCCC1.[Cl-],,-3.073638882
4456,C-4457,,XKCKSAJWVZAVIO-UHFFFAOYSA-N,Cc1ccc(cc1)C(=O)Nc1ncccc1C,,-3.073610903
4457,C-4458,,YCFUZOCNZLMFMG-UHFFFAOYSA-N,COc1ccccc1CCCCCNCCCSS(=O)(=O)O,,-3.072592494
4458,C-4459,,RAFCIQDIWCBIKJ-UHFFFAOYSA-N,ClCCN(C1CCCCC1)CCCl,,-3.071821973
4459,C-4460,,JLEGDNVOQSBHTR-UHFFFAOYSA-N,[O-][N+](=O)c1cccc(c1)P(=O)(c1cccc(c1)[N+](=O)[O-])O,,-3.070511615
4460,C-4461,,JEJOFYTVMFVKQA-UHFFFAOYSA-N,Clc1ccc2c(n1)C(=NC(C(=O)N2)O)c1ccccc1Cl,,-3.070300819
4461,C-4462,,GOZBHBFUQHMKQB-UHFFFAOYSA-N,CCN(CC(=O)Nc1c(C)cc(cc1C)C)CC,,-3.07019964
4462,C-4463,,YZWKKMVJZFACSU-UHFFFAOYSA-N,CCCCCBr,,-3.0699999
4463,C-4464,,KMPWYEUPVWOPIM-CFGMGRTJSA-N,C=C[C@@H]1CN2CC[C@H]1C[C@@H]2[C@H](c1ccnc2c1cccc2)O,,-3.0699999
4464,C-4465,,CYWFCPPBTWOZSF-UHFFFAOYSA-N,CC(Cc1ccc(cc1)CC(=O)O)C,,-3.069570523
4465,C-4466,,SCGDEDHSPCXGEC-UHFFFAOYSA-N,N#Cc1cc([N+](=O)[O-])c(c(c1)[N+](=O)[O-])Cl,,-3.069294195
4466,C-4467,,PBLPVWOFSDJWRG-UHFFFAOYSA-N,Ic1ccc(nc1)OCCCN1CSCC1.Cl,,-3.068833266
4467,C-4468,,FXSNEEBOGAOVIM-UHFFFAOYSA-N,FC(C(C(Cl)F)(F)F)F,,-3.068214216
4468,C-4469,,BXAMVNHBXFXFSK-UHFFFAOYSA-N,CCN(C(=O)C1C2C=CC(C1C(=O)N(CC)CC)C2)CC,,-3.06807152
4469,C-4470,,YECBIJXISLIIDS-UHFFFAOYSA-N,COc1ccc(cc1)CN(c1ccccn1)CCN(C)C,,-3.066274174
4470,C-4471,,PWQNAUQOWNUXPM-UHFFFAOYSA-N,O=C(c1ccc(cc1)[N+](=O)[O-])Nc1ccncc1C,,-3.065961405
4471,C-4472,,HTXDULDRRFEGRQ-UHFFFAOYSA-M,CC(c1ccc(c(c1O)C(=O)[O-])C)C.[Na+],,-3.06536687
4472,C-4473,,OPVAJFQBSDUNQA-UHFFFAOYSA-N,OC(=O)c1ccc(c(c1)C)C,,-3.065340911
4473,C-4474,,UPSPUYADGBWSHF-UHFFFAOYSA-N,OC(=O)Cc1ccc(n1C)C(=O)c1ccc(cc1)C,,-3.064655526
4474,C-4475,,SDKUOEOJAXGCLU-UHFFFAOYSA-N,OC(=O)c1ccc(c(c1)Cl)C,,-3.064641326
4475,C-4476,,SGMAKYJPZQNTQS-DUXPYHPUSA-N,CN1CC2CC1N(CC2)C(=O)/C=C/c1ccc(s1)[N+](=O)[O-],,-3.064412791
4476,C-4477,,KOLACBWIZQJURK-DUXPYHPUSA-N,CN1CCC2CC1N(C2)C(=O)/C=C/c1ccc(s1)[N+](=O)[O-],,-3.064412791
4477,C-4478,,VLAPOICCOPIXJJ-UHFFFAOYSA-N,CC(NC(Cc1cc(OC(=O)C)cc(c1)OC(=O)C)OC(=O)C)C,,-3.06421606
4478,C-4479,,YMUQBPRSTIPGNF-IYPIUBNXSA-N,CN1CC[C@@]2([C@@H]([C@@H]1Cc1c2cccc1)C)C.Br,,-3.06342134
4479,C-4480,,LXHOGENDFZKPSF-UHFFFAOYSA-N,CN(c1ccc(cc1)C(c1ccc(cc1)N(C)C)(c1ccccc1)O)C,,-3.062549395
4480,C-4481,,OEAWWTFUTOCGLS-UHFFFAOYSA-N,NCCc1csc2c1cc(Br)cc2.Cl,,-3.06146879
4481,C-4482,,QCHSEDTUUKDTIG-UHFFFAOYSA-L,[O-]C(=O)C1N=C(c2ccccc2)c2c(NC1=O)ccc(c2)Cl.[K+].[K+].[OH-],,-3.06141105
4482,C-4483,,SYCHUQUJURZQMO-UHFFFAOYSA-N,O=C(C1=C(O)c2ccccc2S(=O)(=O)N1C)Nc1nccs1,,-3.06064379
4483,C-4484,,XOFYZVNMUHMLCC-ZPOLXVRWSA-N,OCC(=O)[C@@]1(O)CC[C@@H]2[C@]1(C)CC(=O)[C@H]1[C@H]2CCC2=CC(=O)C=C[C@]12C,,-3.060254593
4484,C-4485,,NBLIVIWUPTWDMD-UHFFFAOYSA-N,O=C1NC(=O)NC(=O)C21CCCCC2,,-3.0599999
4485,C-4486,,QNPHCSSJLHAKSA-UHFFFAOYSA-N,C#CCOC(c1ccccc1)(c1ccccc1)C(=O)OCCN(C)C,,-3.059822216
4486,C-4487,,RUCYUEOPKJWVRX-UHFFFAOYSA-N,Cc1ccc(c(c1)Cl)C1(OC1Cl)C(=O)N,,-3.05865023
4487,C-4488,,WMYXMCBISNXBSE-UHFFFAOYSA-N,Clc1ccc(c(c1)C)C1(OC1Cl)C(=O)N,,-3.05865023
4488,C-4489,,NGNSUTIRTDXXGA-UHFFFAOYSA-N,CCn1c2cc(Cl)ccc2oc1=O,,-3.057780397
4489,C-4490,,FDPVTENMNDHFNK-UHFFFAOYSA-N,O=C(c1ccccc1N)Nc1ccccc1,,-3.057338847
4490,C-4491,,QUXIBURREFVNIB-UHFFFAOYSA-N,Clc1ccc(nc1)OCCCCCN1CSCC1.Cl.Cl,,-3.054922237
4491,C-4492,,CKSJXOVLXUMMFF-UHFFFAOYSA-N,CCCCCCOc1ccccc1C(=O)N,,-3.054724145
4492,C-4493,,YSEKTJDZLUWDBU-UHFFFAOYSA-N,Clc1ccc(cc1)C1[NH2+]CC[NH2+]Cc2c1cccc2.[Cl-].[Cl-],,-3.054389477
4493,C-4494,,PSTVHRSUNBSVIJ-UHFFFAOYSA-N,CCCCCCC1(CC)C(=O)NC(=O)NC1=O,,-3.054218506
4494,C-4495,,JYGXADMDTFJGBT-VWUMJDOOSA-N,OCC(=O)[C@@]1(O)CC[C@@H]2[C@]1(C)C[C@H](O)[C@H]1[C@H]2CCC2=CC(=O)CC[C@]12C,,-3.054117297
4495,C-4496,,HMYJLVDKPJHJCF-QMMMGPOBSA-N,COc1cc2[C@H](C)NCCc2cc1OC,,-3.054091623
4496,C-4497,,DMOJNFSULCPVQA-UHFFFAOYSA-N,ClCC[NH+](CCOc1ccc(cc1)C)CC.[Cl-],,-3.053448572
4497,C-4498,,RMFYWNFETXNTIQ-UHFFFAOYSA-N,Clc1ccc2c(c1)C(=NC(C(=O)N2C)O)c1ccccc1F,,-3.053176546
4498,C-4499,,HSPGJPTZBIXNJN-GQCTYLIASA-N,CCOc1ccc(cc1Cl)/C=C/C(=O)NO,,-3.052810784
4499,C-4500,,JJVXIAKMZKNEBD-UHFFFAOYSA-N,CC(C(COC(=O)N)(COC(=O)NC(C)C)C)C,,-3.050042923
4500,C-4501,,JBMKAUGHUNFTOL-UHFFFAOYSA-N,Clc1cc2N=CNS(=O)(=O)c2cc1S(=O)(=O)N,,-3.05
4501,C-4502,,RFFLAFLAYFXFSW-UHFFFAOYSA-N,Clc1ccccc1Cl,,-3.05
4502,C-4503,,AFOGBLYPWJJVAL-UHFFFAOYSA-N,CCCCNC(=O)NS(=O)(=O)c1ccccc1,,-3.05
4503,C-4504,,SIJUHDYJDHLNLY-UHFFFAOYSA-N,FCCN(C(=O)NC1CCCCC1)N=O,,-3.049146061
4504,C-4505,,VUSLTUGEJURGLB-UHFFFAOYSA-N,CC(=O)Nc1cc(Cl)c(cc1Cl)Cl,,-3.049094212
4505,C-4506,,FOMOAEUYWZDTNS-PMUMKWKESA-N,COc1ccc2c(c1O)[C@]13CCCC[C@H]3[C@@H](C2)N(CC1)C,,-3.048558204
4506,C-4507,,ZLOMYDCFJHNHGM-UHFFFAOYSA-N,COc1ccc(cc1)C(c1ccccc1)OCC[NH+](C)C.[Cl-],,-3.048254279
4507,C-4508,,IZMVXNJRIXIGGM-CUQLSPFUSA-N,O=C(c1ccncc1)N/N=C/C=C/c1ccccc1,,-3.04799096
4508,C-4509,,UFGACSXJDNIRCR-VXUSHFPBSA-N,COc1ccc2c(c1)[C@@]13CCCC[C@@H]3[C@H](C2O)N(CC1)C.Cl,,-3.047960641
4509,C-4510,,UFGACSXJDNIRCR-MIXIOINYSA-N,COc1ccc2c(c1)[C@]13CCCC[C@H]3[C@@H](C2O)N(CC1)C.Cl,,-3.047960641
4510,C-4511,,DXDRHHKMWQZJHT-FPYGCLRLSA-N,Oc1ccc(cc1)/C=C/C(=O)c1ccc(cc1O)O,,-3.046947885
4511,C-4512,,MWUNLOIXJCFZGY-UHFFFAOYSA-N,Clc1ccc(nc1)SCCCCN1CSCC1.Cl,,-3.046914562
4512,C-4513,,QQOBRRFOVWGIMD-OJAKKHQRSA-N,CC(=O)O[C@@H]1[C@H](OC(=O)C)[C@H](O[C@H]1n1ncc(=O)[nH]c1=O)COC(=O)C,,-3.046240956
4513,C-4514,,OIIGBIYLGSWNKY-UHFFFAOYSA-N,CCCC(C1(CC)C(=O)NC(=O)N(C1=O)C)C,,-3.045702655
4514,C-4515,,NZRHOWNFGASHMN-UHFFFAOYSA-N,Nc1nnc(c(n1)c1ccccc1)c1ccccc1,,-3.044709461
4515,C-4516,,MZPZTGNMUWMDBQ-UHFFFAOYSA-N,CN(CCOc1cc(C)ccc1C(C)C)C,,-3.044037739
4516,C-4517,,IQVNZWORTXPRJG-UHFFFAOYSA-N,FCCCCCCSC#N,,-3.043114574
4517,C-4518,,UDVZFCGWSYNODA-UHFFFAOYSA-N,CCCC(COC(=O)N)(COC(=O)NCC=C)C,,-3.042938795
4518,C-4519,,DWDXRBSFDKWBHA-UHFFFAOYSA-N,C=CCNC(=O)OCC(COC(=O)N)(CC)CC,,-3.042938795
4519,C-4520,,PMMKVFWFTRDMLW-UHFFFAOYSA-N,CCC(C(COC(=O)N)(COC(=O)N(C)C)C)C,,-3.042618905
4520,C-4521,,GKOYNKLWWVOIMC-UHFFFAOYSA-N,N/C(=N\CCCCOc1ccccc1)/CSS(=O)(=O)O,,-3.042083414
4521,C-4522,,HULMNSIAKWANQO-JQKSAQOKSA-N,O=C[C@@]12CC[C@@H](C[C@@]2(O)CC[C@@H]2[C@@H]1CC[C@]1([C@]2(O)CC[C@@H]1C1=CC(=O)OC1)C)O[C@@H]1O[C@@H](C)[C@@H]([C@H]([C@H]1O)O)O,,-3.041901712
4522,C-4523,,PQNFLJBBNBOBRQ-UHFFFAOYSA-N,C1Cc2c(C1)cccc2,,-3.04
4523,C-4524,,ZPQOPVIELGIULI-UHFFFAOYSA-N,Clc1cccc(c1)Cl,,-3.04
4524,C-4525,,AJDIZQLSFPQPEY-UHFFFAOYSA-N,FC(C(Cl)(F)F)(Cl)Cl,,-3.04
4525,C-4526,,BYPIURIATSUHDW-JTQLQIEISA-N,ONC(=O)[C@H](c1ccc(cc1)CC(C)C)C,,-3.04
4526,C-4527,,RQVYBGPQFYCBGX-UHFFFAOYSA-N,CCNc1nc(NC(C)C)nc(n1)SC,,-3.04
4527,C-4528,,MUKSMBAVCDPKRC-UHFFFAOYSA-N,Cc1ccc2c(c1)Oc1ncc(cc1C(=O)N2C)N,,-3.04
4528,C-4529,,AUQXBIOKBXZSPG-UHFFFAOYSA-N,N#CSc1ccc(cc1)Cl,,-3.039160748
4529,C-4530,,RSBGQTFIHFGTSY-UHFFFAOYSA-N,C#CCOC(c1ccccc1)(c1ccccc1)C(=O)OCCN(C)C.Cl,,-3.037434641
4530,C-4531,,LUMNFZCZEDAQNJ-QDPSZFTISA-N,O=C1C[C@@H]2OCC[C@H]3[C@H]4[C@@H]2[C@@H]2N1c1ccccc1[C@]12CCN([C@H]1C4)C3,,-3.036802165
4531,C-4532,,CKMXAIVXVKGGFM-UHFFFAOYSA-N,CC(c1ccc(cc1)C(=O)O)C,,-3.036406759
4532,C-4533,,MHMRAFONCSQAIA-UHFFFAOYSA-N,CC(=O)Nc1c(=O)n(c2c1ssc2)C,,-3.036256179
4533,C-4534,,FKSJEYYFXJIKAK-UHFFFAOYSA-N,c1ccc(cc1)CCNCc1ccc2c(n1)cccc2.Cl.Cl,,-3.035438806
4534,C-4535,,NGRDFVAIXCRXHN-UHFFFAOYSA-N,CC[NH+](CCNC(=O)c1ccc(cc1)[N+](=O)[O-])CC.[Cl-],,-3.034073299
4535,C-4536,,SSJCLYBTEHEIIL-FLCXFYETSA-N,CCN1CC[C@@]23[C@H]([C@H]1Cc1c3cc(cc1)O)CCCC2.Br,,-3.033714779
4536,C-4537,,STIDRZRESMTQBD-UHFFFAOYSA-N,Cc1cc(C)c(c(c1C)C(=O)O)C,,-3.0334993
4537,C-4538,,BBGKDYHZQOSNMU-UHFFFAOYSA-N,O1CCOC2CCCCC2OCCOCCOC2C(OCC1)CCCC2,,-3.033309525
4538,C-4539,,BMTLAPIIHHSIFJ-UHFFFAOYSA-N,O=C1NCCC2(O1)CCN(CC2)CCCC(=O)c1ccc(cc1)F,,-3.032892873
4539,C-4540,,NFYYATWFXNPTRM-QJICHLCESA-N,C=C[C@]12CN([C@H]3[C@@H]2[C@]2([C@H]4C[C@@H]1[C@@H]3CO4)C(=O)Nc1c2cccc1)C,,-3.032444207
4540,C-4541,,XXSMGPRMXLTPCZ-UHFFFAOYSA-N,OCCN(CCCC(Nc1ccnc2c1ccc(c2)Cl)C)CC,,-3.032163611
4541,C-4542,,YIANRXVOCWAPDK-UHFFFAOYSA-N,[O-][N+](=O)O.[O-][N+](=O)O.CCN1CCN(CC1C(=O)Nc1c(C)cc(cc1C)C)CC,,-3.030876886
4542,C-4543,,JFJVYCLGHWPODH-UHFFFAOYSA-N,OC(=O)CNC(=O)c1cccc(c1)I,,-3.030471348
4543,C-4544,,GZWDKGZNTUWBEC-UHFFFAOYSA-N,CS(=O)(=O)c1ccc(cc1)c1nc2n(c1)cccc2.Cl,,-3.030256675
4544,C-4545,,RKWGIWYCVPQPMF-UHFFFAOYSA-N,CCCNC(=O)NS(=O)(=O)c1ccc(cc1)Cl,,-3.03
4545,C-4546,,GGSUCNLOZRCGPQ-UHFFFAOYSA-N,CCN(c1ccccc1)CC,,-3.03
4546,C-4547,,MJVAVZPDRWSRRC-UHFFFAOYSA-N,O=C1C=C(C)C(=O)c2c1cccc2,,-3.03
4547,C-4548,,WWUVJRULCWHUSA-UHFFFAOYSA-N,CCCC(=C)C,,-3.03
4548,C-4549,,BBXXLROWFHWFQY-UHFFFAOYSA-N,CCCCc1c(C)nc([nH]c1=O)NCC,,-3.03
4549,C-4550,,KSEYRUGYKHXGFW-UHFFFAOYSA-N,C=CCN1CCCC1CNC(=O)c1cc2n[nH]nc2cc1OC,,-3.028566584
4550,C-4551,,BWMMRMDCODVQBX-UHFFFAOYSA-N,CNC(=O)Nc1c(OCCN2CCCC2)c(OC)c2c(c1OC)cco2,,-3.02815701
4551,C-4552,,LPQDBWXROSWZMP-UHFFFAOYSA-N,O=C(Nc1ccccc1Cl)Nc1ncco1,,-3.027620181
4552,C-4553,,WCSFICOQZXHPAJ-UHFFFAOYSA-N,O=C(Nc1ncco1)Nc1cccc(c1)Cl,,-3.027620181
4553,C-4554,,PRHMYCNOWXYHEI-UHFFFAOYSA-N,O=C(Nc1ncco1)Nc1ccc(cc1)Cl,,-3.027620181
4554,C-4555,,UQZPGHOJMQTOHB-UHFFFAOYSA-N,ClCCN(CCCl)CC,,-3.026525604
4555,C-4556,,HDSDGRXOONRLIE-VGOFMYFVSA-N,CC(N(C(C)C)CC(=O)N/N=C/c1ccc(o1)[N+](=O)[O-])C,,-3.024613193
4556,C-4557,,ZDPACSAHMZADFZ-UHFFFAOYSA-N,COc1cc(OC)cc(c1C(=O)CCCN1CCCC1)OC.Cl,,-3.02314889
4557,C-4558,,MOYRNPQPENKGPY-QUQDROCISA-N,CN1CC[C@@]23[C@H]([C@H]1Cc1c3cc(c(c1)C)O)CCCC2.Cl,,-3.022973235
4558,C-4559,,CQNGHORGWAQCJI-FLCXFYETSA-N,Oc1cc(C)c2c(c1)[C@]13CCCC[C@H]3[C@@H](C2)N(CC1)C.Cl,,-3.022973235
4559,C-4560,,OFDMOELKFCRQKE-UHFFFAOYSA-N,CCOC(=O)N1C(OC)Oc2c1cccc2,,-3.022412807
4560,C-4561,,GSDXPNOJFAITBE-UHFFFAOYSA-N,COc1ccc(cc1)CN(c1nccs1)CCN(C)C.Cl,,-3.021548411
4561,C-4562,,NIPRGEWHJUTVQK-UHFFFAOYSA-N,S=C1NCCC(O1)COc1ccccc1,,-3.020489651
4562,C-4563,,CEPUEFFXFOOTDZ-UHFFFAOYSA-N,CCNS(=O)(=O)c1ccc(cc1)Br,,-3.020428684
4563,C-4564,,BGJZMKPSRLHMME-UHFFFAOYSA-N,CCCCCOC(=O)c1ccco1,,-3.020044387
4564,C-4565,,BBXXLROWFHWFQY-UHFFFAOYSA-N,CCCCc1c(C)nc(nc1O)NCC,,-3.02
4565,C-4566,,JKEQJSXVKIBVBU-UHFFFAOYSA-N,Oc1cccc(c1)C(=O)OCCCN1CCCCC1C,,-3.019804234
4566,C-4567,,ASQZBIDTYBYRLK-UHFFFAOYSA-N,Oc1ccc(cc1)C(=O)OCCCN1CCCCC1C,,-3.019804234
4567,C-4568,,VAGQQSKCZRCJHF-UHFFFAOYSA-N,CCCCN1CCC(CC1)(OC(=O)CC)Cc1cccc(n1)C.Cl.Cl,,-3.019723709
4568,C-4569,,ANOMHKZSQFYSBR-UHFFFAOYSA-N,OCCOCCN1CCN(CC1)C(c1ccc(cc1)Cl)c1ccccc1.Cl.Cl,,-3.019664575
4569,C-4570,,NAMSOPNNAZYEMZ-UHFFFAOYSA-N,CC[NH+](CCN1C(=O)C(C)Oc2c1cc(C)cc2)CC.[Cl-],,-3.019648326
4570,C-4571,,TVZCRIROJQEVOT-CABCVRRESA-N,N#Cc1ccc2c(c1)[C@@H](N1CCCC1=O)[C@@H](C(O2)(C)C)O,,-3.018959319
4571,C-4572,,TVOAVZLZJXCTGE-ZJUUUORDSA-N,ClCCN(C(=O)N[C@@H]1CCCC[C@@H]1OC(=O)C)N=O,,-3.018757653
4572,C-4573,,APIXMWJMJACVBU-CMDGGOBGSA-N,C#CC(NC(=O)/C=C/c1cc(OC)c(c(c1)OC)OC)(C)C,,-3.018062463
4573,C-4574,,VXCUXAQPTKJOCT-MDZDMXLPSA-N,O=C(/C=C/c1ccccc1)CCN1CCN(CC1)c1ccccn1,,-3.017119836
4574,C-4575,,HWHHQAIKYRNUCS-UHFFFAOYSA-N,Clc1ccc2c(c1)CN(OC2)CCc1cc[nH+]cc1.[Cl-],,-3.015926693
4575,C-4576,,CLMSSAXBOFCANU-UHFFFAOYSA-N,Brc1ccc(nc1)OCCCCN1CSCC1.Cl,,-3.015884364
4576,C-4577,,SCYNFLAVUZUFTM-UHFFFAOYSA-N,COc1nc2c(o1)ccc(c2)Cl,,-3.015878121
4577,C-4578,,QYCSNMDOZNUZIT-UHFFFAOYSA-N,NN=C(c1ccccc1)c1ccccc1,,-3.015436352
4578,C-4579,,RJQXTJLFIWVMTO-TYNCELHUSA-N,COc1cccc(c1C(=O)N[C@@H]1C(=O)N2[C@@H]1SC([C@@H]2C(=O)O)(C)C)OC,,-3.015354972
4579,C-4580,,YGRSFVUXNRPCJA-UHFFFAOYSA-N,[O-][N+](=O)c1ncc(n1C)CCCC,,-3.014978279
4580,C-4581,,WUAAJHKTLJWUPX-UHFFFAOYSA-N,CCCCC(COC(=O)NNC(C)C)(CO)C,,-3.014977372
4581,C-4582,,YBMDPYAEZDJWNY-UHFFFAOYSA-N,FC1=C(F)C(C(C1(F)F)(F)F)(F)F,,-3.014668051
4582,C-4583,,XLNFLJOWTRDNCX-JXMROGBWSA-N,COC(=O)/C(=C/c1ccccc1)/C#N,,-3.01462263
4583,C-4584,,GLJATYFHELDGEA-AATRIKPKSA-N,Clc1ccc(cc1)/C=C/[N+](=O)[O-],,-3.014408426
4584,C-4585,,KZDCLQBOHGBWOI-UHFFFAOYSA-N,OC(=O)COc1c(Cl)cc(cc1Cl)Cl,,-3.013247123
4585,C-4586,,AVFGEQIITULSTD-UHFFFAOYSA-N,CCC(=O)N1OCc2c(C1)ccc(c2)Cl,,-3.013033563
4586,C-4587,,HXLCWJFBAHHGQB-UHFFFAOYSA-N,CCC(=O)N1Cc2cc(Cl)ccc2CO1,,-3.013033563
4587,C-4588,,HYOCUNMMJQCBHU-UHFFFAOYSA-N,CC(N(C)C)CC(c1ccccc1)(c1ccccc1)O.Cl,,-3.011286555
4588,C-4589,,KWASCACKNUFQKQ-UHFFFAOYSA-N,NCCCC12CC3CC(C2)CC(C1)C3.Cl,,-3.011086906
4589,C-4590,,XLOPRKKSAJMMEW-SFYZADRCSA-N,CC(=C[C@@H]1[C@H](C1(C)C)C(=O)O)C,,-3.01107506
4590,C-4591,,PMDUNHOOULGNCQ-UHFFFAOYSA-N,N#Cc1ccc2c(c1)C(=NCC(=O)N2C)c1ccccc1,,-3.0103943
4591,C-4592,,YVXHZKKCZYLQOP-UHFFFAOYSA-N,CCCCCC#C,,-3.01
4592,C-4593,,YGLMVCVJLXREAK-OOCWMUITSA-N,O=C(N(C)C)N[C@H]1C[C@H]2C[C@@H]1[C@H]1[C@@H]2CCC1,,-3.01
4593,C-4594,,ZWRUINPWMLAQRD-UHFFFAOYSA-N,CCCCCCCCCO,,-3.01
4594,C-4595,,CIDWJZPXRNBAKP-UHFFFAOYSA-N,SCCNCCCCc1ccc(cc1)OC.Cl,,-3.009285592
4595,C-4596,,OYMJHUCUQXLOTC-UHFFFAOYSA-N,CCCCC(COC(=O)N)(COC(=O)NCC#C)C,,-3.00864678
4596,C-4597,,WAOCXJLDAMRLHV-UHFFFAOYSA-N,Clc1ccc(nc1)OCCCCCN1CSCC1.Cl,,-3.008514202
4597,C-4598,,LMEKQMALGUDUQG-UHFFFAOYSA-N,Cn1cnc(c1Sc1ncnc2c1[nH]cn2)[N+](=O)[O-],,-3.007842695
4598,C-4599,,UCTWMZQNUQWSLP-VIFPVBQESA-N,CNC[C@@H](c1ccc(c(c1)O)O)O,,-3.007669558
4599,C-4600,,DLGSOJOOYHWROO-WQLSENKSSA-N,NC(=S)N/N=C\1/c2ccccc2N(C1=O)C,,-3.007624316
4600,C-4601,,KQLYMYILTPTBLL-UHFFFAOYSA-N,ClCCN(CCCOc1ccccc1)CC.Cl,,-3.005050985
4601,C-4602,,DJPYUBOZKZSLFO-UHFFFAOYSA-N,ClCCN(C1OCCN(C1)S(=O)(=O)c1ccc(cc1)C)CCCl,,-3.004939134
4602,C-4603,,CCZLMCQIVCOCNB-UHFFFAOYSA-M,CCCCC1(CC)C(=O)NC(=NC1=O)[S-].[Na+],,-3.003995305
4603,C-4604,,PTEUWWFEEPASRM-UHFFFAOYSA-N,CCCC(COC(=O)N)(COC(=O)NC1CC1)C,,-3.002221529
4604,C-4605,,ABUKMOCUMIPDHV-UHFFFAOYSA-N,OC(=O)C(c1ccccc1)Oc1ccccc1,,-3.000470212
4605,C-4606,,LFULEKSKNZEWOE-UHFFFAOYSA-N,CCC(=O)Nc1ccc(c(c1)Cl)Cl,,-3.0
4606,C-4607,,PAZQYDJGLKSCSI-UHFFFAOYSA-N,CCC1(C(=O)NC(=O)NC1=O)C1=CCCCCC1,,-3.0
4607,C-4608,,KBEBGUQPQBELIU-CMDGGOBGSA-N,CCOC(=O)/C=C/c1ccccc1,,-3.0
4608,C-4609,,XTRDKALNCIHHNI-UHFFFAOYSA-N,Cc1c(cccc1[N+](=O)[O-])[N+](=O)[O-],,-3.0
4609,C-4610,,SYSHPMOZZLONAK-UHFFFAOYSA-N,CCN(CCC1(CCC(=O)NC1=O)c1ccccc1)CC.Cl,,-2.999798173
4610,C-4611,,WWXMVRYHLZMQIG-SNAWJCMRSA-N,OC(=O)/C=C/c1cccc(c1)[N+](=O)[O-],,-2.99811097
4611,C-4612,,RZOXEODOFNEZRS-UHFFFAOYSA-N,C1CN=C(N1)Nc1cccc2c1CCCC2.Cl,,-2.997862759
4612,C-4613,,XVDVHWJHDXRAST-SOFGYWHQSA-N,CCCC1(C(=O)NC(=O)NC1=O)/C(=C/CC)/C,,-2.996889108
4613,C-4614,,RRTVVRIFVKKTJK-UHFFFAOYSA-N,O=C1CC(=O)N(c2c(N1)ccc(c2)Cl)c1ccccc1,,-2.996552572
4614,C-4615,,WCJFBSYALHQBSK-UHFFFAOYSA-N,CCC(=O)C(c1ccccc1)(c1ccccc1)CCN(C)C,,-2.995649881
4615,C-4616,,SXZZHGJWUBJKHH-UHFFFAOYSA-N,[O-][N+](=O)c1ccc(o1)c1nnc(s1)N,,-2.994272126
4616,C-4617,,IHWQUKMGROAAEH-UHFFFAOYSA-N,Nc1oc2c(n1)cc(c(c2)Cl)Cl,,-2.993675881
4617,C-4618,,UGNWTBMOAKPKBL-UHFFFAOYSA-N,ClC1=C(Cl)C(=O)C(=C(C1=O)Cl)Cl,,-2.992754934
4618,C-4619,,CPDDDTNAMBSPRN-ZZXKWVIFSA-N,OC(=O)/C=C/c1ccc(cc1)Br,,-2.99064693
4619,C-4620,,IPWGSXZCDPTDEH-UHFFFAOYSA-N,CN(CCOc1cc(C)c(cc1C(C)C)OC(=O)C)C.Cl,,-2.990261872
4620,C-4621,,VHRSUDSXCMQTMA-IZBRYJPGSA-N,OCC(=O)[C@@]1(O)CC[C@@H]2[C@]1(C)C[C@@H](O)[C@H]1[C@H]2C[C@@H](C2=CC(=O)C=C[C@]12C)C,,-2.99
4621,C-4622,,NEYWCGJURRTMTC-UHFFFAOYSA-N,CN1CCN(CC1)CC(C(=O)c1c[nH]c2c1cccc2)c1ccccc1,,-2.98945733
4622,C-4623,,PVMRHHYSMYVGQV-UHFFFAOYSA-N,CNCCC12CC3CC(C2)CC(C1)C3.Cl,,-2.988422921
4623,C-4624,,SHIBSTMRCDJXLN-KCZCNTNESA-N,O[C@H]1CC[C@]2([C@@H](C1)CC[C@@H]1[C@@H]2C[C@@H](O)[C@]2([C@]1(O)CC[C@@H]2C1=CC(=O)OC1)C)C,,-2.986446002
4624,C-4625,,GCFLVEVTCIKTNM-UHFFFAOYSA-N,Cc1ccc(cc1)C(=O)Nc1ccncc1,,-2.986407676
4625,C-4626,,JXKQVGCVDCOCJA-UHFFFAOYSA-N,CSc1c(Cl)nc(nc1N1CCN(CC1)C)NC(C)(C)C,,-2.985616075
4626,C-4627,,YRZQHIVOIFJEEE-UHFFFAOYSA-N,Clc1ccc(cc1)Nc1ncnc(n1)N,,-2.985449184
4627,C-4628,,VREDNSVJXRJXRI-UHFFFAOYSA-N,CCCCCCCC(O)(C)C,,-2.984595913
4628,C-4629,,BDQPXVWYFLTETB-UHFFFAOYSA-M,C[N+](CCOC(c1ccccc1)c1ccccc1)(C)C.[Br-],,-2.9845335
4629,C-4630,,MADQXQUXQNQNPF-UHFFFAOYSA-N,O=C(C(c1ccccc1)(c1ccccc1)O)OCC[NH+]1CCCC1.[Cl-],,-2.984516512
4630,C-4631,,XILVKGHOXYREOY-UHFFFAOYSA-N,COC(=O)c1c(C)ccc(c1OCC(CN1CCN(CC1)C)O)C(C)C,,-2.98418904
4631,C-4632,,KLPWJLBORRMFGK-UHFFFAOYSA-N,CCc1c(C)[nH]c2c1C(=O)C(CC2)CN1CCOCC1,,-2.983170987
4632,C-4633,,QRKPIRZTUBAFCF-UHFFFAOYSA-N,ClCCN(C(=O)NC1CCCC=C1)N=O,,-2.982871483
4633,C-4634,,IPSVAUIEEPSJRZ-UHFFFAOYSA-N,OCCOCCN1CCN(CC1)C(c1ccc(cc1)Cl)c1ccccc1.Cl,,-2.98278568
4634,C-4635,,UFNQVVBSSBHLEA-UHFFFAOYSA-N,C=CCNC(=O)OCC(C(C)C)(COC(=O)N)C,,-2.980790889
4635,C-4636,,JOHZPMXAZQZXHR-UHFFFAOYSA-N,CCn1cc(C(=O)O)c(=O)c2c1nc(nc2)N1CCNCC1,,-2.98
4636,C-4637,,QAHFOPIILNICLA-UHFFFAOYSA-N,CN(C(=O)C(c1ccccc1)c1ccccc1)C,,-2.98
4637,C-4638,,RQNKKIXVVHCBKY-UHFFFAOYSA-N,O=C1NC(=O)NC(=O)C21CCCCCCC2,,-2.98
4638,C-4639,,KRMIFNSJPWRCNE-UHFFFAOYSA-N,OC(=O)C(=O)[O-].CC[NH+]1CCC(C1)OC(=O)Nc1ccccc1C,,-2.97915065
4639,C-4640,,PJMSJOVJUFYHTQ-UHFFFAOYSA-N,O=C(c1ccc(cc1)[N+](=O)[O-])Nc1ccncc1,,-2.97776289
4640,C-4641,,DRCKREXMVGWWIE-UHFFFAOYSA-N,O=C(c1ccc(cc1)[N+](=O)[O-])Nc1cccnc1,,-2.97776289
4641,C-4642,,ATAJVFBUUIBIEO-UHFFFAOYSA-N,Oc1ccc(c2c1CCC2)Cl,,-2.977221657
4642,C-4643,,QZNPXKRALPFXPR-UHFFFAOYSA-N,O=C(c1cccnc1)Nc1ccccn1,,-2.977098381
4643,C-4644,,RDQOCZCEKVRDDZ-UHFFFAOYSA-N,CCOc1ccc(cc1)C(=O)CCN1CCCCC1.Cl,,-2.977028586
4644,C-4645,,PNJUPRNTSWJWAX-ZDUSSCGKSA-N,COc1cc2CCN([C@@H]3c2c(c1O)C1(C=CC(=O)C=C1)C3)C,,-2.976344137
4645,C-4646,,TVOAVZLZJXCTGE-NXEZZACHSA-N,ClCCN(C(=O)N[C@@H]1CCCC[C@H]1OC(=O)C)N=O,,-2.97601053
4646,C-4647,,QJQNTWZWSVBFOK-UHFFFAOYSA-L,C[N+]1(CCCCC[N+]2(C)CCOCC2)CCOCC1.[Br-].[Br-],,-2.974860481
4647,C-4648,,IAIWVQXQOWNYOU-FPYGCLRLSA-N,NC(=O)N/N=C/c1ccc(o1)[N+](=O)[O-],,-2.97474848
4648,C-4649,,RDJGWRFTDZZXSM-RNWLQCGYSA-N,CN1CC[C@@]23[C@@H]4[C@H]1Cc1c3c(O[C@H]2[C@H](C=C4)O)c(cc1)OCc1ccccc1,,-2.972512926
4649,C-4650,,QEPHYDVEKYUURE-UHFFFAOYSA-N,CNCC=C(c1ccccc1)c1ccc(cc1)F.Cl,,-2.972388937
4650,C-4651,,IDKUACLJPBLSHH-UHFFFAOYSA-N,C=CCn1c(=O)n(c2ccccc2)c(c(c1=O)N(C)C)C,,-2.972214071
4651,C-4652,,XQDQRCRASHAZBA-UHFFFAOYSA-N,N#CSc1ccc(cc1[N+](=O)[O-])[N+](=O)[O-],,-2.971952935
4652,C-4653,,LVHCUONWHLDNDW-ZROIWOOFSA-N,CCN(/N=C\C(=O)c1ccc(cc1)Cl)CC,,-2.971339529
4653,C-4654,,LEHGCEPMNDWJMX-VAWYXSNFSA-N,C#CCNC(=O)/C(=C(/c1ccccc1)\C)/C,,-2.971015285
4654,C-4655,,LEHGCEPMNDWJMX-QXMHVHEDSA-N,C#CCNC(=O)/C(=C(\c1ccccc1)/C)/C,,-2.971015285
4655,C-4656,,HEOJWSWARCJDBI-UHFFFAOYSA-N,[O-]C(=O)CCC(=O)O.[NH3+]CC(c1ccc2c(c1)nc(o2)c1ccccc1)C,,-2.970981655
4656,C-4657,,JYGXADMDTFJGBT-MKIDGPAKSA-N,OCC(=O)[C@@]1(O)CC[C@@H]2[C@]1(C)C[C@@H](O)[C@H]1[C@H]2CCC2=CC(=O)CC[C@]12C,,-2.97
4657,C-4658,,DMDGGSIALPNSEE-UHFFFAOYSA-N,FC(c1cc2NCNS(=O)(=O)c2cc1S(=O)(=O)N)(F)F	,,-2.97
4658,C-4659,,FYFNFZLMMGXBMT-UHFFFAOYSA-M,CCCC[N+](CCCC)(CCCC)CC.[OH-],,-2.969956715
4659,C-4660,,DMFIGDASQQYBJQ-UHFFFAOYSA-N,COc1ccc2c(c1)c(ccc2)C(CN1CCCCC1)O.Cl,,-2.968570668
4660,C-4661,,FHHFNHFFCVLLHX-MDWZMJQESA-N,CN1CCN(CC1)CC(=O)N/N=C/c1ccc(o1)[N+](=O)[O-],,-2.968381497
4661,C-4662,,XGOMGJMAAOSFKF-UHFFFAOYSA-N,Nc1ccc2c(c1)nc1c(c2)cc(cc1)S(=O)(=O)N,,-2.968308192
4662,C-4663,,JKJVFVAYXDTCRD-MDZDMXLPSA-N,CN(/N=N/c1cccc(c1)[N+](=O)[O-])C,,-2.966223369
4663,C-4664,,MDYALASTPGGXQH-UHFFFAOYSA-N,COc1c(OC)cc2c(c1OC)c1ccc(=O)c(cc1C(CC2)NC(=O)C)OC,,-2.965971057
4664,C-4665,,XFCDHFGTGWBPIE-UHFFFAOYSA-N,CC(Cc1ccccc1)NNC(C)C,,-2.9659295
4665,C-4666,,PVNRNJYIJJGSRB-UHFFFAOYSA-N,NNC(Cc1ccc(cc1)C(C)C)C,,-2.9659295
4666,C-4667,,DTTDXHDYTWQDCS-UHFFFAOYSA-N,OC1(CCCCC1)c1ccccc1,,-2.965800609
4667,C-4668,,BSUIFZACDFHAMH-UHFFFAOYSA-N,Cc1ccc2c(c1)c(C)cc(n2)OCCCNCCSS(=O)(=O)O,,-2.965622728
4668,C-4669,,CJECIMVYFNJMEE-UHFFFAOYSA-N,Clc1cnc(c(c1)Cl)OCCCCCNCCSS(=O)(=O)O,,-2.964978646
4669,C-4670,,HUTYWYSVZSSBDI-UHFFFAOYSA-L,C[N+](C(c1ccccc1)c1ccccc1)(CCCCCC[N+](C(c1ccccc1)c1ccccc1)(C)C)C.[Br-].[Br-],,-2.964117622
4670,C-4671,,WCYZEFXIUWZKER-WLHGVMLRSA-N,NC1c2ccccc2C=Cc2c1cccn2.OC(=O)/C=C/C(=O)O,,-2.963220451
4671,C-4672,,POWMMMXVDBMFMP-QPMAGJLNSA-N,O=C1CC[C@]2([C@@H](C1)CC[C@@H]1[C@@H]2C[C@@H](O)[C@]2([C@]1(O)CC[C@@H]2C1=CC(=O)OC1)C)C,,-2.963055127
4672,C-4673,,YLJREFDVOIBQDA-UHFFFAOYSA-N,Nc1c2CCCCc2nc2c1cccc2,,-2.961796915
4673,C-4674,,SPPPYRUQHOFCCJ-UHFFFAOYSA-N,ClCCn1c(CC)cnc1[N+](=O)[O-],,-2.960528388
4674,C-4675,,SMYMJHWAQXWPDB-UHFFFAOYSA-N,OC(=O)COc1cc(Cl)c(cc1Cl)Cl,,-2.96
4675,C-4676,,KMGBZBJJOKUPIA-UHFFFAOYSA-N,CCCCI,,-2.96
4676,C-4677,,ZZORFUFYDOWNEF-UHFFFAOYSA-N,COc1nc(OC)nc(c1)NS(=O)(=O)c1ccc(cc1)N,,-2.96
4677,C-4678,,BYUOBSUZYQAFJM-UHFFFAOYSA-N,O=c1[nH]c2c([nH]1)[nH]cnc2=O,,-2.959449889
4678,C-4679,,GITPCGSPKUQZTE-UHFFFAOYSA-N,CCCOc1cc(N)ccc1C(=O)OCCN(CC)CC.Cl,,-2.956866534
4679,C-4680,,BFMBKRQFMIILCH-UHFFFAOYSA-N,CCN(CCC1(CCC(=O)NC1=O)c1ccccc1)CC,,-2.956327169
4680,C-4681,,UXAFRQPVHYZDED-ZZEDUEFDSA-N,OC[C@H]1O[C@@H](Oc2cc3CC[C@@H](c4c(c3c(c2OC)OC)ccc(c(=O)c4)OC)NC(=O)C)[C@@H]([C@H]([C@@H]1O)O)O,,-2.955240652
4681,C-4682,,VJQAGNDBNAYVDB-UHFFFAOYSA-N,CN(CC=C(c1ccccc1)c1ccccc1)C.Cl,,-2.954566189
4682,C-4683,,GJOHLWZHWQUKAU-UHFFFAOYSA-N,OP(=O)(O)O.OP(=O)(O)O.NCCCC(Nc1cc(OC)cc2c1nccc2)C,,-2.953328798
4683,C-4684,,BPALSJRJYDXLOS-UHFFFAOYSA-M,CCCCCCC1(C)OC(=O)[N-]C1=O.[Na+],,-2.952150973
4684,C-4685,,OTUQTLCXMLMMOH-UHFFFAOYSA-N,OCCOc1cc(ccc1C(=O)NC)c1ccccc1,,-2.952032793
4685,C-4686,,MMWJCCRTDOVKIH-UHFFFAOYSA-N,OCCOc1ccc(cc1C(=O)NC)c1ccccc1,,-2.952032793
4686,C-4687,,DALJCFUPKQGBLK-UHFFFAOYSA-M,O=C1[N-]C(=O)C(C(=O)N1)(c1ccccc1)c1ccccc1.[Na+],,-2.951471176
4687,C-4688,,MXWLYAJUZGDOGU-UHFFFAOYSA-N,COc1cccc(c1)N1CCN(CC1)CC(COc1ccccc1C(=O)C)O.Cl.Cl,,-2.951018603
4688,C-4689,,BXXVTBZNDMLJMK-UHFFFAOYSA-N,COc1ccccc1N1CCN(CC1)CC(COc1ccccc1C(=O)C)O.Cl.Cl,,-2.951018603
4689,C-4690,,PLEZOOJZXNJFCF-UHFFFAOYSA-N,CN(CCCC1(OC(=O)c2c1cccc2)c1ccccc1)C.Cl,,-2.950385795
4690,C-4691,,HSUGRBWQSSZJOP-RTWAWAEBSA-N,COc1ccc(cc1)[C@@H]1Sc2ccccc2N(C(=O)[C@@H]1OC(=O)C)CCN(C)C,,-2.950092526
4691,C-4692,,BYERQZBUECJLQD-UHFFFAOYSA-M,CC[N+](CCOCCC1CCC2CC1C2(C)C)(CC)C.[I-],,-2.949385763
4692,C-4693,,WHCIYAMCNYHKDJ-UHFFFAOYSA-N,NC(=O)NCCc1c(Cl)cccc1Cl,,-2.949226077
4693,C-4694,,AMJINLQYPJSVRM-UHFFFAOYSA-N,CC(CC12CC3CC(C2)CC(C1)C3)N.Cl,,-2.94803516
4694,C-4695,,HWQQCBDKNXSNIC-KHPPLWFESA-N,N#C/N=[N+](/c1ccc(cc1)Cl)\[O-],,-2.947735644
4695,C-4696,,WCLAXUCLVJWBAU-UHFFFAOYSA-N,NC1=NCC(O1)CN1CCN(CC1)c1ccccc1Cl,,-2.947058186
4696,C-4697,,DHTRHEVNFFZCNU-UHFFFAOYSA-N,CCC(=O)N(c1ccccc1)C(CN1CCCCC1)C,,-2.946335148
4697,C-4698,,XTWSCSNDXKSPIX-UHFFFAOYSA-M,CCCCN1C(=NC(=O)C(C1=O)(CC)CC)[O-].[Na+],,-2.946017005
4698,C-4699,,ALODHPFRWSUBCD-UHFFFAOYSA-N,C#CCNC(=O)OCC(C(CC)C)(COC(=O)N)C,,-2.944754278
4699,C-4700,,LONJSZKHAGAXPS-UHFFFAOYSA-N,ClCCN(C(=O)NC1CSCSC1)N=O,,-2.944266981
4700,C-4701,,PUYOAVGNCWPANW-UHFFFAOYSA-N,CC(COC(=O)c1ccc(cc1)N)C,,-2.943687832
4701,C-4702,,NFLGRPGGSIWLGW-UHFFFAOYSA-N,CN(CC(C(=O)c1c[nH]c2c1cccc2)c1ccccc1)C,,-2.943506384
4702,C-4703,,KCLANYCVBBTKTO-UHFFFAOYSA-N,CCCOc1ccc(cc1N)C(=O)OCCN(CC)CC,,-2.943108463
4703,C-4704,,KLBGDUZWAJNQRX-UHFFFAOYSA-N,CCCCNc1ccccc1OC,,-2.943009769
4704,C-4705,,JCZOOFVQWBRCAL-ZROIWOOFSA-N,CCN1CCN(CC1)CC(=O)N/N=C\c1ccc(o1)[N+](=O)[O-],,-2.942641706
4705,C-4706,,CAJIGINSTLKQMM-UHFFFAOYSA-N,CCCOc1cc(N)ccc1C(=O)OCCN(CC)CC,,-2.942591138
4706,C-4707,,ZQDWXGKKHFNSQK-UHFFFAOYSA-N,OCCOCCN1CCN(CC1)C(c1ccc(cc1)Cl)c1ccccc1,,-2.942482097
4707,C-4708,,PLMWNIIKHJBQEG-KSMVGCCESA-N,[O-][N+](=O)c1ccc(s1)/C=C/c1scc(n1)CN1CCOCC1.Cl,,-2.942292743
4708,C-4709,,GHZZEIOJZKXANQ-UHFFFAOYSA-N,CN(CCN(c1ccccn1)Cc1ccsc1Br)C.Cl,,-2.940559139
4709,C-4710,,DOIBQIDXMYSSJY-XEZLXBQYSA-N,COC1=C[C@H]2[C@H](C(=C1)O)C(=O)[C@H]1[C@H](O2)C=CC(=C1)O,,-2.9400001
4710,C-4711,,XMUJIPOFTAHSOK-LLVKDONJSA-N,CCCCCCCCC[C@H](O)C,,-2.9400001
4711,C-4712,,UOTMYNBWXDUBNX-UHFFFAOYSA-N,COc1ccc(cc1OC)Cc1nccc2c1cc(OC)c(c2)OC.Cl,,-2.939529652
4712,C-4713,,OFZCIYFFPZCNJE-UHFFFAOYSA-N,CCCC(COC(=O)N)(COC(=O)NC(C)C)C,,-2.938409653
4713,C-4714,,XGMDBMXEIAXDGE-UHFFFAOYSA-N,CN1CCc2c(C1)cccc2NC(=O)c1ccccc1,,-2.938304526
4714,C-4715,,XPJVKCRENWUEJH-UHFFFAOYSA-N,CC(COC(=O)c1ccc(cc1)O)C,,-2.938068292
4715,C-4716,,JAOYNCHGTPCSOJ-UHFFFAOYSA-N,C=CCOc1ccccc1C(=O)NCC,,-2.937549631
4716,C-4717,,VRYMTAVOXVTQEF-UHFFFAOYSA-N,CN(CCOc1cc(C)c(cc1C(C)C)OC(=O)C)C,,-2.937127268
4717,C-4718,,HKSKSPMTGBSDOR-UHFFFAOYSA-N,COc1ccc(cc1)CC(c1ccc(cc1)OC)N,,-2.936279236
4718,C-4719,,XCFIZMVCZBZSST-JXMYBXCISA-N,O=C(Cc1ccc(cc1)C)OC1C[C@@H]2CC[C@H](C1)N2C.Cl,,-2.936034639
4719,C-4720,,CCGBNUKHCLUUFX-UHFFFAOYSA-N,O=c1occ([nH]1)c1ccc2c(c1)cccc2,,-2.935568954
4720,C-4721,,WGSVFWFSJDAYBM-BQYQJAHWSA-N,C/C(=C\c1ccccc1)/[N+](=O)[O-],,-2.933902655
4721,C-4722,,LDQABYIPLUEXCO-UHFFFAOYSA-N,NCC(c1ccc2c(c1)ccc1c2cccc1)O.Cl,,-2.933579325
4722,C-4723,,OZWKMVRBQXNZKK-UHFFFAOYSA-N,OC(=O)C1CCn2c1ccc2C(=O)c1ccccc1,,-2.933080172
4723,C-4724,,NIVZHWNOUVJHKV-UHFFFAOYSA-N,CN/C(=N\C)/NCc1ccccc1,,-2.931989416
4724,C-4725,,BRZANEXCSZCZCI-UHFFFAOYSA-N,O=C(c1cccnc1)Nc1c(=O)n(n(c1C)C)c1ccccc1,,-2.930922975
4725,C-4726,,XXPANQJNYNUNES-UHFFFAOYSA-N,CN1CC(c2ccccc2)c2c(C1)c(N)ccc2,,-2.93080419
4726,C-4727,,NUMYTLIHYKESKM-UHFFFAOYSA-N,N#CSCc1ccc(cc1)[N+](=O)[O-],,-2.930332246
4727,C-4728,,SQXZSACAVWZLES-UHFFFAOYSA-N,CNC(c1ccccc1)Cc1ccccc1.Cl,,-2.930148738
4728,C-4729,,OWNAXTAAAQTBSP-UHFFFAOYSA-N,O=C(NC(C)(C)C)Oc1cccc(c1)NC(=O)N(C)C,,-2.9300001
4729,C-4730,,XOXYHGOIRWABTC-UHFFFAOYSA-N,COc1cc(O)c2c(c1)oc1c(c2=O)cc(cc1)O,,-2.9300001
4730,C-4731,,RDHHZPRHIKNBBI-OLQVQODUSA-N,O=C1NC(=O)[C@@H]2[C@H]1C=CC=C2,,-2.9300001
4731,C-4732,,DDUIUBPJPOKOMV-UHFFFAOYSA-N,COCCCNc1nc(SC)nc(n1)NC(C)C,,-2.9300001
4732,C-4733,,LGHXOLFTXCZWDE-UHFFFAOYSA-N,CC(NC12CC3CC(C2)CC(C1)C3)C.Cl,,-2.92676602
4733,C-4734,,PWFIXEFPEFAERD-UHFFFAOYSA-N,COC(=O)NC1CCCc2c(C1)c(O)c(c(c2)OC)OC,,-2.926246859
4734,C-4735,,IBUZZCYYOXZDPV-UHFFFAOYSA-N,OC(CN1CCN(CC1)c1ccc(c(c1)C)C)COc1cc(O)ccc1C(=O)C.Cl.Cl,,-2.925995284
4735,C-4736,,WGROOPOBLKUOMN-GQCTYLIASA-N,[O-][N+](=O)c1ccc(o1)/C=C/C(=O)OCC,,-2.924791677
4736,C-4737,,FPPNZSSZRUTDAP-UWFZAAFLSA-N,O=C(C(c1ccccc1)C(=O)O)N[C@@H]1C(=O)N2[C@@H]1SC([C@@H]2C(=O)O)(C)C,,-2.923773427
4737,C-4738,,PICQEJDBZKDWOD-UHFFFAOYSA-N,OC(=O)C(NS(=O)(=O)c1ccccc1)Cc1ccccc1,,-2.923693682
4738,C-4739,,BFUUJUGQJUTPAF-UHFFFAOYSA-N,CCCOc1ccc(cc1N)C(=O)OCCN(CC)CC.Cl,,-2.92084457
4739,C-4740,,NAYYNDKKHOIIOD-UHFFFAOYSA-N,NC(=O)c1ccccc1C(=O)N,,-2.9200001
4740,C-4741,,YBQZXXMEJHZYMB-UHFFFAOYSA-N,c1ccc(cc1)NNc1ccccc1,,-2.9200001
4741,C-4742,,ZFMSMUAANRJZFM-UHFFFAOYSA-N,COc1ccc(cc1)CC=C,,-2.9200001
4742,C-4743,,BOKGTLAJQHTOKE-UHFFFAOYSA-N,Oc1cccc2c1cccc2O,,-2.9200001
4743,C-4744,,JEYCTXHKTXCGPB-UHFFFAOYSA-N,Cc1nc2ccccc2c(=O)n1c1ccccc1C,,-2.9200001
4744,C-4745,,CZGCEKJOLUNIFY-UHFFFAOYSA-N,Clc1ccc(cc1)[N+](=O)[O-],,-2.9200001
4745,C-4746,,YDQJFPLRVSPPGE-UHFFFAOYSA-N,CCCCCC(=O)c1ccc(cc1)N,,-2.919928104
4746,C-4747,,LJWZOKOFCBPNAG-HULHSAFCSA-N,C/C=C\C(=O)O[C@@H]1C[C@@H]2[C@]3([C@@]1(C)[C@@]1(C)CC(=O)C(=C[C@H]1O2)C)CO3,,-2.919595798
4747,C-4748,,RWGUGNHDBXRLSD-UHFFFAOYSA-N,CCOC(=O)c1cc(=O)c2c(o1)ccc(c2)[N+](=O)[O-],,-2.919234856
4748,C-4749,,IKVPZYAOGOJTLK-UHFFFAOYSA-N,O=C1NC(=O)NC(=O)C1(c1ccccc1)c1ccccc1,,-2.918294744
4749,C-4750,,CZSWOHZGKULBMJ-UHFFFAOYSA-N,Cc1cc(OCCCCNCCSS(=O)(=O)O)nc2c1cccc2,,-2.917489087
4750,C-4751,,KJMZMWZZTSTURU-UHFFFAOYSA-L,C[N+]1(CCC[N+]2(C)CCCC2)CCCC1.[I-].[I-],,-2.917283849
4751,C-4752,,MZMHSWCIXSDEPD-UHFFFAOYSA-N,CCN(c1c(C)n(CC)c(=O)n(c1=O)c1ccccc1)CC,,-2.916835988
4752,C-4753,,PKVHOAMFMQZDHR-UHFFFAOYSA-N,CCC(c1ccc(cc1)Cl)(CO)CO,,-2.915169286
4753,C-4754,,XLHIYUYCSMZCCC-VMPITWQZSA-N,COc1ccc(cc1)/C=C/c1cc(OC)cc(=O)o1,,-2.914872843
4754,C-4755,,XMGWVESVLPTSKA-UHFFFAOYSA-N,COC(=O)c1c(C)ccc(c1OCC(CN1CCOCC1)O)C(C)C,,-2.914411116
4755,C-4756,,AFGWGIRVJYUUMY-UHFFFAOYSA-N,CCNc1nc(OCC)nc(n1)C,,-2.914259775
4756,C-4757,,KMUNXDCQPABTSC-UHFFFAOYSA-N,CCNc1nc(CC)nc(n1)OC,,-2.914259775
4757,C-4758,,LNIMUDTVDWATDY-UHFFFAOYSA-N,Clc1cccc(c1)N1CCN(CC1)CC1CN=C(O1)N,,-2.912838157
4758,C-4759,,IZRPKIZLIFYYKR-UHFFFAOYSA-N,CN(CCOc1ccccc1Cc1ccccc1)C,,-2.912721655
4759,C-4760,,YEOTYALSMRNXLJ-UHFFFAOYSA-N,COC(C(=O)N1CCN(CC1)c1nc(N)c2c(n1)cc(c(c2)OC)OC)C,,-2.910732683
4760,C-4761,,HJCIGAUHTJBHBQ-UHFFFAOYSA-N,Clc1ccc2c(c1)nc(o2)C,,-2.910386063
4761,C-4762,,NHUHCSRWZMLRLA-UHFFFAOYSA-N,Nc1ccc(cc1)S(=O)(=O)Nc1onc(c1C)C,,-2.9100001
4762,C-4763,,NIBFSSALYRLHPY-UHFFFAOYSA-N,Ic1ncnc2c1[nH]cn2,,-2.909511898
4763,C-4764,,LTHJBDQSFIGMAZ-UHFFFAOYSA-N,[NH3+]C12CCC(CC1)(CC2)c1ccccc1.[Cl-],,-2.909291264
4764,C-4765,,FQGSDDOBFKGGOF-UHFFFAOYSA-N,SCCNCCCCCOc1nccc(c1)C.Cl,,-2.908574634
4765,C-4766,,NSJXKAZYJJSKSI-UHFFFAOYSA-N,SCCNCCCCCOc1ccc(cn1)C.Cl,,-2.908574634
4766,C-4767,,PJKVFARRVXDXAD-UHFFFAOYSA-N,O=Cc1ccc2c(c1)cccc2,,-2.90852954
4767,C-4768,,HDPUHIPIPLGBTR-UHFFFAOYSA-N,CN1CCCC1c1c[nH]c2c1cc(Br)cc2,,-2.908066763
4768,C-4769,,VKERRRJLZIDHSP-UHFFFAOYSA-N,O=C1C(CCN1c1ccc(cc1)C)N1CCCC1,,-2.907984072
4769,C-4770,,USWVMPGQVYZHCA-UHFFFAOYSA-K,[O-]C(=O)C(Oc1ccc(cc1)Cl)(C)C.[O-]C(=O)C(Oc1ccc(cc1)Cl)(C)C.[Al+3].[OH-],,-2.907594789
4770,C-4771,,PQSSZNQPCOJKJV-UHFFFAOYSA-N,COc1cc(OCCCN2CSCC2)nc2c1cccc2,,-2.907114697
4771,C-4772,,IAPGOFICYOCHPX-UHFFFAOYSA-N,Oc1ccc2c(c1)c(N)c1c(n2)cccc1,,-2.906066557
4772,C-4773,,XLDRMDBMIIRYOJ-UHFFFAOYSA-N,O=c1ccc2c(c1)[nH]c1c(c2N)cccc1,,-2.906066557
4773,C-4774,,GDZRJFWQCPISHE-UHFFFAOYSA-N,Oc1cccc2c1nc1ccccc1c2N,,-2.906066557
4774,C-4775,,AKTGKEBIBGSCLD-UHFFFAOYSA-N,CCP(=O)(c1ccccc1)c1ccccc1,,-2.905827928
4775,C-4776,,ULRSRGDZNASHQP-UHFFFAOYSA-N,Cc1ccc2c(c1)c(nc(=O)[nH]2)c1ccccc1,,-2.905364142
4776,C-4777,,PCHPORCSPXIHLZ-UHFFFAOYSA-N,CN(CCOC(c1ccccc1)c1ccccc1)C.Cl,,-2.90520694
4777,C-4778,,HKCCFWTYDQUANZ-UHFFFAOYSA-N,CC1CCCCN1CCOCCOC(=O)c1ccccc1,,-2.904569494
4778,C-4779,,YEJIOOCWBINOSK-UHFFFAOYSA-N,FCCCCCCS,,-2.903817459
4779,C-4780,,FTTMRGDSJHOGEJ-MELYUZJYSA-N,N[C@@H]1CC[C@H](c2c1cccc2)c1ccccc1.Cl,,-2.902717353
4780,C-4781,,FTTMRGDSJHOGEJ-OALZAMAHSA-N,N[C@@H]1CC[C@@H](c2c1cccc2)c1ccccc1.Cl,,-2.902717353
4781,C-4782,,IHHFWUALAIRFQB-NTMALXAHSA-N,Clc1ccc2c(c1)n(C)c(=N)o2,,-2.901681916
4782,C-4783,,LAAFGFCPKSXKEM-UHFFFAOYSA-N,CCCCCS(=O)CCCCC,,-2.901143572
4783,C-4784,,JHOCJIUCBUCJBK-UHFFFAOYSA-N,OCCN1CCN(CC1)CCSC(=O)N1c2ccccc2Sc2c1cccn2.Cl.Cl,,-2.900148916
4784,C-4785,,KJFMBFZCATUALV-UHFFFAOYSA-N,Oc1ccc(cc1)C1(OC(=O)c2c1cccc2)c1ccc(cc1)O,,-2.9000001
4785,C-4786,,BHDBEMWNWGBDBB-UHFFFAOYSA-N,CN(CCCC1(OC(=O)c2c1cccc2)c1ccccc1)C,,-2.899841072
4786,C-4787,,BDLSDHWCOJPHIE-KFUGMXNISA-N,COc1ccc2c3c1O[C@@H]1[C@@]43CC[N@@+]([C@H](C2)[C@@H]4C=C[C@@H]1O)([O-])C,,-2.899263396
4787,C-4788,,SJTMUPFIWQTRER-UHFFFAOYSA-N,N/C(=N\Cc1ccc(c(c1)C)C)/CSS(=O)(=O)O,,-2.898863754
4788,C-4789,,AWAPQLQRGOLHTD-UHFFFAOYSA-N,C1CCC2(CC1)OCCS2,,-2.898338422
4789,C-4790,,VRJLVIBIRBMQHY-ZHACJKMWSA-N,CN(C(=O)/C(=C(/c1ccccc1)\C)/C)C,,-2.898172211
4790,C-4791,,VRJLVIBIRBMQHY-KHPPLWFESA-N,CN(C(=O)/C(=C(\c1ccccc1)/C)/C)C,,-2.898172211
4791,C-4792,,IIEMWZNXXFGMCU-UHFFFAOYSA-N,CC(NCC(c1ccc(c(c1)Cl)Cl)O)C.Cl,,-2.896735339
4792,C-4793,,ILMZTINRCDWCLG-UHFFFAOYSA-N,Cc1oc2c(c1)c(O)c1c(c2OCC(C[NH2+]CC(C)C)O)occc1=O.[Cl-],,-2.896430157
4793,C-4794,,FXCPLDHPNOXGOM-UHFFFAOYSA-N,CCCCN1CCN(C1=O)CCCC,,-2.895944074
4794,C-4795,,DVUJZAFUMNITPR-UHFFFAOYSA-N,O=C1C(CCc2c1cccc2)C[NH+]1CCCCC1.[Cl-],,-2.894191927
4795,C-4796,,WDTNZRVRIDKXCF-UHFFFAOYSA-N,OC(C[NH+]1CCC(CC1)(O)c1ccccc1)COc1ccccc1C(=O)C.[Cl-],,-2.894109631
4796,C-4797,,GSASOFRDSIKDSN-UHFFFAOYSA-N,OC(=O)c1ccc(nc1)SSc1ccc(cn1)C(=O)O,,-2.893513913
4797,C-4798,,WPUIZWXOSDVQJU-XYPWUTKMSA-N,CN1[C@@H]2CC[C@H]1CC(C2)OC(=O)C(=C)c1ccccc1,,-2.892841031
4798,C-4799,,FSVJFNAIGNNGKK-UHFFFAOYSA-N,O=C(N1CC(=O)N2C(C1)c1ccccc1CC2)C1CCCCC1,,-2.892669092
4799,C-4800,,HBTVSGZSFGQRPQ-UHFFFAOYSA-N,CN1CCC(C1)OC(=O)Nc1c(C)cccc1C,,-2.892595073
4800,C-4801,,QHHNVIFYIZJACJ-RMKNXTFCSA-N,CCC(=O)N1C2CCC1C(=O)N(C2)C/C=C/c1ccccc1,,-2.891579654
4801,C-4802,,YXZFFTJAHVMMLF-UHFFFAOYSA-N,BrCCC(C)C,,-2.8900001
4802,C-4803,,BMLIZLVNXIYGCK-UHFFFAOYSA-N,CN(C(=O)Nc1ccc(cc1)Cl)C,,-2.8900001
4803,C-4804,,UATJOMSPNYCXIX-UHFFFAOYSA-N,[O-][N+](=O)c1cc(cc(c1)[N+](=O)[O-])[N+](=O)[O-],,-2.8900001
4804,C-4805,,MSDZXGWQPGEHBJ-UHFFFAOYSA-N,CN(c1c(=O)[nH]c(=O)n(c1C)C1CCCCC1)C,,-2.889699321
4805,C-4806,,XGFHLWWVVDNLGA-UHFFFAOYSA-N,CCN(C(=O)CN1C(C)(C)CCC1(C)C)CC,,-2.888157833
4806,C-4807,,MLNKXLRYCLKJSS-RMKNXTFCSA-N,O/N=C/C(=O)c1ccccc1,,-2.886266573
4807,C-4808,,DOHZIJDJOSBJFP-UHFFFAOYSA-N,CSCCC(C(=O)O)Nc1ccc(cc1[N+](=O)[O-])[N+](=O)[O-],,-2.8859401
4808,C-4809,,BSUVNHZVLSEXMX-UHFFFAOYSA-N,Clc1ccc(c(c1)Cl)C1(CO1)C(=O)N,,-2.885593345
4809,C-4810,,GASFPZMOLAWCDO-UHFFFAOYSA-N,Nc1ccc(cc1)C(=O)N(c1ncccc1C)C,,-2.884235987
4810,C-4811,,MIRHIEAGDGUXKL-UHFFFAOYSA-N,C#CCC1(CCCCC1)OC(=O)N,,-2.883493726
4811,C-4812,,VXLCNTLWWUDBSO-UHFFFAOYSA-N,CCC1Nc2cc(Cl)c(cc2S(=O)(=O)N1)S(=O)(=O)N,,-2.882906247
4812,C-4813,,RRTPMMGPNRYJFD-UHFFFAOYSA-N,COc1ccc(cc1)CCCCN1CSCC1.Cl,,-2.881668414
4813,C-4814,,FEWVYFMOKCOJNJ-UHFFFAOYSA-N,Nc1ccc(cc1)C(=O)Nc1cc(C)cc(n1)C,,-2.881487279
4814,C-4815,,FYZHOAYTFZAELD-UHFFFAOYSA-N,Nc1ccc(cc1)C(=O)Nc1ccc(c(n1)C)C,,-2.881487279
4815,C-4816,,WIIZEEPFHXAUND-UHFFFAOYSA-N,COc1cc(cc(c1OC)OC)C(=O)NCc1ccc(cc1)OCCN(C)C.Cl,,-2.880897409
4816,C-4817,,DHPRQBPJLMKORJ-XRNKAMNCSA-N,CN([C@@H]1C(=O)C(=C([C@@]2([C@H]1C[C@H]1C(=C(O)c3c([C@@]1(C)O)c(Cl)ccc3O)C2=O)O)O)C(=O)N)C,,-2.880887955
4817,C-4818,,CYDMQBQPVICBEU-NRDGTNLYSA-N,CN([C@@H]1C(=C(C(=O)N)C(=O)[C@]2([C@H]1C[C@H]1C(=C2O)C(=O)c2c([C@@]1(C)O)c(Cl)ccc2O)O)O)C,,-2.8800001
4818,C-4819,,WVMBPWMAQDVZCM-UHFFFAOYSA-N,CNc1ccccc1C(=O)O,,-2.8800001
4819,C-4820,,WFNAKBGANONZEQ-UHFFFAOYSA-N,CN1CCN(CC1)C(c1ccc(cc1)Cl)c1ccccc1,,-2.879202564
4820,C-4821,,GOLGILSVWFKZRQ-UHFFFAOYSA-N,Ic1ccc(c(c1)C(=O)O)N,,-2.878183123
4821,C-4822,,SOYVHSZVPQHVOP-UHFFFAOYSA-N,CC(C(=O)c1ccccc1)CN1CCCCC1,,-2.877676703
4822,C-4823,,QWDBCIAVABMJPP-UHFFFAOYSA-N,CC(OC(=O)c1ccccc1C(=O)OC(C)C)C,,-2.877312373
4823,C-4824,,IZNBPULXWXVBDC-UHFFFAOYSA-N,CNCC(COc1c(ccc(c1C(=O)OCC)C)C(C)C)O,,-2.875631529
4824,C-4825,,KXOZJFGEGGNJDX-UHFFFAOYSA-N,CCCCC1(CCCC)C(=O)NC(=O)NC1=O,,-2.875609196
4825,C-4826,,MGYKILFGZRQEFK-UHFFFAOYSA-N,COc1cccc(c1)N1CCN(CC1)CC(COc1cccc(c1)C(=O)C)O,,-2.875599286
4826,C-4827,,LUKBTGVFHUVGRT-UHFFFAOYSA-N,COc1ccccc1N1CCN(CC1)CC(COc1ccccc1C(=O)C)O,,-2.875599286
4827,C-4828,,DRPFIPXZBMWJTH-UHFFFAOYSA-N,COc1ccccc1N1CCN(CC1)CC(COc1cccc(c1)C(=O)C)O,,-2.875599286
4828,C-4829,,UVITTYOJFDLOGI-LICQEQMYSA-N,CCC(=O)OC1(C[C@H](C)N(C[C@H]1C)C)c1ccccc1,,-2.873867536
4829,C-4830,,PVRDHKBVCDWVPD-UHFFFAOYSA-N,CC(=O)OCCn1c2cc(C)c(cc2nc2c1nc(=O)[nH]c2=O)C,,-2.873843401
4830,C-4831,,JTLXCMOFVBXEKD-FOWTUZBSSA-N,OCC/C(=C(\N(Cc1cnc(nc1N)C)C=O)/C)/SSCC1CCCO1,,-2.873663245
4831,C-4832,,OSTVGDOKQXQLMU-UHFFFAOYSA-M,CCCC1(OC(=O)[N-]C1=O)c1ccccc1.[Na+],,-2.873214392
4832,C-4833,,LBOKTHVXIPFAJO-UHFFFAOYSA-N,OC(=O)CCCCCCC1=CCCC1=O,,-2.872534382
4833,C-4834,,SSAQWXVJZDVART-UHFFFAOYSA-N,Oc1ccc(cc1)C(=O)c1cc(oc1C)C,,-2.872529981
4834,C-4835,,OSLFBSQMMORMEI-UHFFFAOYSA-N,COc1ccoc2c1c(=O)c1c(c2OCC(C[NH2+]C(C)C)O)oc(c1)C.[Cl-],,-2.872180278
4835,C-4836,,KLJMYYFCWBVKEE-UHFFFAOYSA-N,CCCCOc1ccc(cc1)CC(=O)O,,-2.871441577
4836,C-4837,,WYKYKTKDBLFHCY-UHFFFAOYSA-N,Nc1cnn(c(=O)c1Cl)c1ccccc1,,-2.8699999
4837,C-4838,,JBIWCJUYHHGXTC-UZPHWJRLSA-N,CN([C@@H]1C(=C(C(=O)N)C(=O)[C@]2([C@H]1[C@@H](O)[C@@H]1[C@@H](C)c3cccc(c3C(=O)C1=C2O)O)O)O)C,,-2.8699999
4838,C-4839,,YAMYUNXLJMWLTK-UHFFFAOYSA-N,OS(=O)(=O)SCCNCCCCCOc1ccc2c(n1)cccc2,,-2.869797096
4839,C-4840,,HCCCKSXKQMGUDF-UHFFFAOYSA-N,OS(=O)(=O)SCCNCCCCCOc1nccc2c1cccc2,,-2.869797096
4840,C-4841,,HQSCPPCMBMFJJN-UHFFFAOYSA-N,N#Cc1ccc(cc1)Br,,-2.869360581
4841,C-4842,,AFMPMSCZPVNPEM-UHFFFAOYSA-N,N#Cc1ccccc1Br,,-2.869360581
4842,C-4843,,MMURVNDSFNJHAM-UHFFFAOYSA-N,NC(=N)c1ccc(cc1)C=Cc1ccc(cc1)C(=N)N,,-2.868266715
4843,C-4844,,MMURVNDSFNJHAM-OWOJBTEDSA-N,NC(=N)c1ccc(cc1)/C=C/c1ccc(cc1)C(=N)N,,-2.868145421
4844,C-4845,,YPRWUHITXSFUFV-UHFFFAOYSA-N,OC(C(Br)(Br)Br)NC(=O)C(F)(F)F,,-2.867712398
4845,C-4846,,AKBNYULNQSFESQ-UHFFFAOYSA-N,CCC1(CC)C(=O)NC(=O)N(C1=O)C(C)C,,-2.866793373
4846,C-4847,,KZPRCESDIPAEAE-OUKQBFOZSA-N,CC(=O)C(C(=O)C)/N=N/c1ccccc1,,-2.866072615
4847,C-4848,,YBKOBYPTHJKDFK-BUHFOSPRSA-N,CCOC(=O)C(C(=O)C)/N=N/c1ccccc1,,-2.865898186
4848,C-4849,,PBPCBTOCQIYTPL-UHFFFAOYSA-N,CCN(C(=O)c1nnn(c1C)c1ccccc1)CC,,-2.865623791
4849,C-4850,,XCYTWVOCYSIWKS-UHFFFAOYSA-N,ClCC[NH+](CCCl)CC[NH+](CCCl)CCCl.[Cl-].[Cl-],,-2.864697085
4850,C-4851,,OMNXUSQATUXCBP-UHFFFAOYSA-N,OC(CNC(C)(C)C)COc1c2occc2c(c2c1oc(C)cc2=O)O.Cl,,-2.864122635
4851,C-4852,,KVCJCEKJKGLBOK-UHFFFAOYSA-N,COc1cc(cc(c1OCCN1CCOCC1)OC)C(=O)c1ccc(cc1)Cl,,-2.863708238
4852,C-4853,,DLGIIZAHQPTVCJ-UHFFFAOYSA-N,CN(C(Cc1ccccc1)C)Cc1ccco1,,-2.863517967
4853,C-4854,,WIFUNPSFTQIUIF-UHFFFAOYSA-N,CCCCOCCNc1ccccc1C(=O)N,,-2.862946279
4854,C-4855,,STUSTWKEFDQFFZ-KPKJPENVSA-N,CN(/C=N/c1ccc(cc1C)Cl)C,,-2.8599999
4855,C-4856,,NYPYHUZRZVSYKL-SSDOTTSWSA-N,OC(=O)[C@@H](Cc1cc(I)c(c(c1)I)O)N,,-2.8599999
4856,C-4857,,IEDVJHCEMCRBQM-UHFFFAOYSA-N,COc1cc(Cc2cnc(nc2N)N)cc(c1OC)OC,,-2.8599999
4857,C-4858,,ISMYLNZMKJLINI-UHFFFAOYSA-N,CCn1c2ncccc2n(c(=O)c2c1nccc2)CC,,-2.8599999
4858,C-4859,,QBSJMKIUCUGGNG-UHFFFAOYSA-N,CNC(=O)Oc1ccccc1C(C)C,,-2.8599999
4859,C-4860,,ZPOLNCDBPYJDSE-ZDUSSCGKSA-N,ClCCN(c1ccc(cc1)C[C@@H](C(=O)O)NC=O)CCCl,,-2.859958905
4860,C-4861,,JZHFCTMECLSJFP-UHFFFAOYSA-N,O=C(c1ccc(cc1)Cl)C=NN1CCCC1,,-2.859648689
4861,C-4862,,BWZPDRUAQQXBIL-UHFFFAOYSA-N,CCCCCCCCCCNCCSS(=O)(=O)O,,-2.858548848
4862,C-4863,,FQSUTLQHSDLLAN-UHFFFAOYSA-N,[O-][N+](=O)c1cnc(s1)NC(=O)NCC,,-2.857764565
4863,C-4864,,DBJNGORDTSVFFQ-LHPQOZGMSA-N,OC[C@H]1O[C@H](C(C1O)O)n1cnc2c1ncnc2SC.O,,-2.857678607
4864,C-4865,,QUMOGDHLKCDWQZ-UHFFFAOYSA-N,CCC(C(=O)NC(C(Cl)(Cl)Cl)O)C(C)C,,-2.857492688
4865,C-4866,,ZJVKLBBPLUXEAC-UHFFFAOYSA-N,O=C(C(c1ccccc1)(c1ccccc1)O)OCCN1CCCCC1.Cl,,-2.857393747
4866,C-4867,,WROUIBGUWODUPA-UHFFFAOYSA-N,CCCC[NH2+]CC(=O)Nc1c(C)cccc1Cl.[Cl-],,-2.855689199
4867,C-4868,,DJIIKEYPSTUVKV-UHFFFAOYSA-N,NC(=O)C(c1cccc2c1cccc2)Cc1ccco1,,-2.855555186
4868,C-4869,,FPHLBGOJWPEVME-UHFFFAOYSA-N,CC(=C)CNc1ccc(cc1)C(C(=O)O)C,,-2.854576466
4869,C-4870,,GTEXBOVBADJOQH-FWEMWIAWSA-N,COC1=CC(=O)O[C@H](C1)/C=C/c1ccc2c(c1)OCO2,,-2.853963361
4870,C-4871,,TWUSOZWGHHLYHF-UHFFFAOYSA-N,OC(CN1CCC(CC1)(O)c1ccccc1)COc1cccc(c1)C(=O)C,,-2.853238842
4871,C-4872,,FEJIIZAOQRTGPC-UHFFFAOYSA-N,O=C1NCNC1(c1ccccc1)c1ccccc1,,-2.852579862
4872,C-4873,,GLKVEFVFCAAAQK-UHFFFAOYSA-N,CCCC([NH+](CC)CC)CCC.[Cl-],,-2.852233431
4873,C-4874,,CBEPLVOEOHUBOH-UHFFFAOYSA-N,CCC(=O)c1ccc(cc1)OCC(CNCCc1ccccc1)O,,-2.851409598
4874,C-4875,,KNVIWKFOCCEBOC-UHFFFAOYSA-N,CN1CCN(CC1)CN1C(=O)NC(C1=O)(c1ccccc1)c1ccccc1,,-2.850673656
4875,C-4876,,XDDCZCNSNJJQDF-UHFFFAOYSA-N,C=CCn1c(C)c(Br)c(=O)n(c1=O)c1ccccc1,,-2.850642192
4876,C-4877,,FCJSHPDYVMKCHI-UHFFFAOYSA-N,O=C(c1ccccc1)Oc1ccccc1,,-2.8499999
4877,C-4878,,QPPBRPIAZZHUNT-UHFFFAOYSA-N,Nc1ccc(cc1)S(=O)(=O)Nc1nccc(n1)C,,-2.8499999
4878,C-4879,,ISAOCJYIOMOJEB-ZDUSSCGKSA-N,O[C@H](C(=O)c1ccccc1)c1ccccc1,,-2.8499999
4879,C-4880,,RRJQTGHQFYTZOW-ILWKUFEGSA-N,COc1ccc2c3c1O[C@@H]1[C@@]43CCN([C@H](C2)[C@@H]4CC=C1OC(=O)C)C,,-2.849865135
4880,C-4881,,LGCMKPRGGJRYGM-UHFFFAOYSA-N,Oc1ccc(cc1)NC(=O)c1ccccc1O,,-2.849467917
4881,C-4882,,PXDGUZYTZGUSLZ-UHFFFAOYSA-N,CCC(=O)N1CCN(CC1)CC=Cc1ccccc1,,-2.848752578
4882,C-4883,,DRCWKSLSPAENOZ-UHFFFAOYSA-N,FC(Oc1cccc(c1)NC(=O)c1ccncc1)F.Cl,,-2.848709386
4883,C-4884,,FNUKUPRWKAMWNL-UHFFFAOYSA-N,FC(Oc1cccc(c1)NC(=O)c1cccnc1)F.Cl,,-2.848709386
4884,C-4885,,SGKRLCUYIXIAHR-AKNGSSGZSA-N,CN([C@@H]1C(=O)C(=C([C@@]2([C@H]1[C@@H](O)[C@@H]1[C@@H](C)c3cccc(c3C(=C1C2=O)O)O)O)O)C(=O)N)C,,-2.848472589
4885,C-4886,,XHQFUPTZQYGGHC-UHFFFAOYSA-N,O=C1N=c2c(=C1Nc1ccccc1)cccc2,,-2.847148805
4886,C-4887,,ZMROYCGIWPNZNJ-UHFFFAOYSA-N,CC(C(Cc1ccc(cc1)Cl)(O)C)CN(C)C.Cl,,-2.846652258
4887,C-4888,,CHOBRHHOYQKCOU-UHFFFAOYSA-N,CN(CCN(c1ccccc1)Cc1ccccc1)C,,-2.845571216
4888,C-4889,,IRAKAHJFDQRYNL-UHFFFAOYSA-N,OC(=O)CCC(=O)OCn1c(=O)oc2c1cc(Cl)cc2,,-2.84518934
4889,C-4890,,DMFSJTDYAUNOLX-UHFFFAOYSA-N,CN1CCCC(C1)OC(=O)Nc1ccccc1C,,-2.84479384
4890,C-4891,,ITYXRJDDBZMFAY-UHFFFAOYSA-N,CSc1c(Cl)nc(nc1N1CCN(CC1)C)NC,,-2.844208663
4891,C-4892,,WKPXEIUGKVJYTP-UHFFFAOYSA-N,OC(COc1ccccc1)CNCC1CCc2c(N1)cccc2.Cl.Cl.O,,-2.842247597
4892,C-4893,,GGUOCFNAWIODMF-UHFFFAOYSA-N,CC(=O)Nc1ccc(cc1)Cl,,-2.8399999
4893,C-4894,,ULSLJYXHZDTLQK-AWEZNQCLSA-N,O=c1oc2ccccc2c(c1[C@H]1CCCc2c1cccc2)O,,-2.8399999
4894,C-4895,,HCKPAAMFYJPGMI-UHFFFAOYSA-N,BrCCn1c(C)ncc1[N+](=O)[O-],,-2.839114495
4895,C-4896,,CSQXNWZCQFPOFB-UHFFFAOYSA-N,[O-][N+](=O)c1cn(c(n1)C)CCBr,,-2.839114495
4896,C-4897,,CBEIBWVAIGYFLV-UHFFFAOYSA-N,CCN(CCN1C(=O)CC(CC1=O)(CC)CC)CC.Cl,,-2.838676766
4897,C-4898,,VKMGSWIFEHZQRS-UHFFFAOYSA-N,CC(NCC(c1ccc(c(c1)Cl)Cl)O)C,,-2.83780376
4898,C-4899,,OQAYOKXYIRUJCF-UHFFFAOYSA-N,OC(C[NH+]1CCN(CC1)c1ccccc1)COc1cccc(c1)C(O)C.[Cl-],,-2.837672459
4899,C-4900,,KRQCFJVRGKISQO-UHFFFAOYSA-N,CCCCCc1[nH]c2c(n1)n(C)c(=O)n(c2=O)C,,-2.837362936
4900,C-4901,,FWMLYVACGDQRFU-ZTMWJVNESA-N,O[C@H]([C@H](C(=O)O)O)C(=O)O.C=CCN1CC[C@@]23[C@H]([C@H]1Cc1c3cc(cc1)O)CCCC2,,-2.835586404
4901,C-4902,,FWMLYVACGDQRFU-UHFFFAOYSA-N,OC(C(C(=O)O)O)C(=O)O.C=CCN1CCC23C(C1Cc1c3cc(cc1)O)CCCC2,,-2.835586404
4902,C-4903,,GUHPRPJDBZHYCJ-UHFFFAOYSA-N,OC(=O)C(c1ccc(s1)C(=O)c1ccccc1)C,,-2.83501708
4903,C-4904,,NJEKDDOCPZKREE-UHFFFAOYSA-N,CCC(c1ccccc1)CC(=O)O,,-2.834342736
4904,C-4905,,CJBVVZBGGFKPDA-UHFFFAOYSA-N,CC(Cc1ccccc1)CC(=O)O,,-2.834342736
4905,C-4906,,NWIUTZDMDHAVTP-UHFFFAOYSA-N,OC(COc1ccc(cc1)CCOCC1CC1)CNC(C)C,,-2.833864323
4906,C-4907,,NTJOBXMMWNYJFB-UHFFFAOYSA-N,CCN1CCCC1CNC(=O)c1cc(c(cc1OC)N)S(=O)(=O)CC,,-2.833191204
4907,C-4908,,ZHPKYOHYUWTINN-UHFFFAOYSA-N,CCC1(CCC(=O)NC1=O)c1ccc(cc1)[N+](=O)[O-],,-2.832153049
4908,C-4909,,FUQOTYRCMBZFOL-UHFFFAOYSA-N,Clc1ccc2c(c1)cc([nH]2)C(=O)O,,-2.831980826
4909,C-4910,,SLYWZSGKTGNBOI-UHFFFAOYSA-N,CCN1CCCC(C1)OC(=O)Nc1ccc(cc1)C(=O)C,,-2.830483998
4910,C-4911,,TZFWDZFKRBELIQ-UHFFFAOYSA-N,Clc1ccc2c(c1)[nH]c(=O)o2,,-2.8299999
4911,C-4912,,VFUVAPUEXXOHTB-UHFFFAOYSA-N,Cc1ccc(nc1)OCCCCCN1CSCC1.Cl.Cl,,-2.829904461
4912,C-4913,,LGGDXXJAGWBUSL-BKRJIHRRSA-N,COc1ccc2c3c1O[C@@H]1[C@@]43CCN([C@H](C2)[C@@H]4CC[C@@H]1OC(=O)C)C,,-2.828259202
4913,C-4914,,CTZOFCKLLMFZQM-UHFFFAOYSA-N,Nc1ccc(cc1)C(=O)Nc1ncccc1C(=O)O,,-2.826022454
4914,C-4915,,NGIVTUVVBWOTNT-UHFFFAOYSA-N,Nc1ccc(cc1)S(=O)(=O)[N-]c1nc(C)cc(n1)C.[Na+],,-2.82532636
4915,C-4916,,CJDRUOGAGYHKKD-RQBLFBSQSA-N,CC[C@H]1[C@@H]2C[C@@H]3N([C@@H]1O)[C@@H]1[C@H]2[C@@H](O)[C@]2([C@H]3N(C)c3c2cccc3)C1,,-2.823873265
4916,C-4917,,POIHJFVPVYHGMS-UTONKHPSSA-N,Oc1ccc2c(c1O)c1cccc3c1[C@@H](C2)[NH2+]CC3.[Cl-],,-2.823547677
4917,C-4918,,GVQDDKFXRUBBDY-UHFFFAOYSA-N,COc1nc(OC)ccc1Cc1cnc(nc1N)N,,-2.822721928
4918,C-4919,,AJCNOWKYMZKMFV-UHFFFAOYSA-N,CN(CCN(c1ccccc1)Cc1ccccc1)C.Cl,,-2.822172544
4919,C-4920,,ARWPUAOHSSHEBZ-UHFFFAOYSA-N,OCCNC(CC12CC3CC(C2)CC(C1)C3)C.Cl,,-2.821554764
4920,C-4921,,GZQJPGZDCLWDDG-FNORWQNLSA-N,CCOc1ccc(cc1C)/C=C/C(=O)NO,,-2.82114859
4921,C-4922,,GQKINSNJXWWLPV-UHFFFAOYSA-N,OCCC1C2CCN(C1CNC(CCCN(CC)CC)C)CC2,,-2.820640577
4922,C-4923,,GYIKTPXZXCJXBN-UHFFFAOYSA-N,COc1cc(cc(c1OC)OC)S(=O)(=O)CCN(Cc1ccccc1)C,,-2.820266711
4923,C-4924,,PPBRXRYQALVLMV-UHFFFAOYSA-N,C=Cc1ccccc1,,-2.8199999
4924,C-4925,,IVSZLXZYQVIEFR-UHFFFAOYSA-N,Cc1cccc(c1)C,,-2.8199999
4925,C-4926,,LRUUNMYPIBZBQH-UHFFFAOYSA-N,Clc1ccc(cc1Cl)n1oc(=O)n(c1=O)C,,-2.8199999
4926,C-4927,,CJDRUOGAGYHKKD-XKUWCPECSA-N,CC[C@@H]1[C@@H]2C[C@@H]3N([C@H]1O)[C@@H]1[C@H]2[C@@H](O)[C@]2([C@@H]3N(C)c3c2cccc3)C1,,-2.8199999
4927,C-4928,,IISBACLAFKSPIT-UHFFFAOYSA-N,CC(c1ccc(cc1)O)(c1ccc(cc1)O)C,,-2.8199999
4928,C-4929,,MQJKPEGWNLWLTK-UHFFFAOYSA-N,Nc1ccc(cc1)S(=O)(=O)c1ccc(cc1)N,,-2.8199999
4929,C-4930,,DZQVFHSCSRACSX-UHFFFAOYSA-N,Cc1cnc(nc1)NS(=O)(=O)c1ccc(cc1)N,,-2.8199999
4930,C-4931,,RMBFBMJGBANMMK-UHFFFAOYSA-N,[O-][N+](=O)c1ccc(c(c1)[N+](=O)[O-])C,,-2.8199999
4931,C-4932,,HTYIXCKSEQQCJO-UHFFFAOYSA-N,CC(C(O)(C)C)(c1ccc(cc1)Cl)O,,-2.819926432
4932,C-4933,,RXNYJUSEXLAVNQ-UHFFFAOYSA-N,O=C(c1ccc(cc1)O)c1ccc(cc1)O,,-2.819913066
4933,C-4934,,TUQVWHPFYRZAOJ-UHFFFAOYSA-N,CCCCOc1ccc(cc1F)CC(=O)NO,,-2.81900782
4934,C-4935,,YMRMDGSNYHCUCL-UHFFFAOYSA-N,FC(C(Cl)(F)F)Cl,,-2.818990504
4935,C-4936,,IESYQTXPSQWIGA-UHFFFAOYSA-N,CS(=O)(=O)N1CC=Cc2c1cccc2,,-2.816901764
4936,C-4937,,JIMXXGFJRDUSRO-UHFFFAOYSA-N,OC(=O)C12CC3CC(C2)CC(C1)C3,,-2.814958939
4937,C-4938,,OTMLGCBMOMNGCV-UHFFFAOYSA-N,COc1cc(cc(c1)[N+](=O)[O-])[N+](=O)[O-],,-2.813799798
4938,C-4939,,XNGOWNGMNKDJRX-UHFFFAOYSA-N,ClCC[NH2+]CCSc1ccccc1C.[Cl-],,-2.812463348
4939,C-4940,,MAQBLRFYCNOQJD-UHFFFAOYSA-N,CCC(=O)N1C2CCC1CN(C2)Cc1ccccc1,,-2.811260768
4940,C-4941,,VNMBHLAZEFBPDZ-UHFFFAOYSA-M,C=CCC1(C(C)C)C(=O)NC(=NC1=O)[S-].[Na+],,-2.810603515
4941,C-4942,,VAMSJDDNJTVJPS-UHFFFAOYSA-N,C[NH2+]CCc1csc2c1cc(C)cc2.[Cl-],,-2.810543364
4942,C-4943,,SAFNJPRIKYBKQZ-UHFFFAOYSA-N,NC1=NCC(O1)CN1CCN(CC1)c1ccc(cc1)Cl,,-2.810347139
4943,C-4944,,LOUPRKONTZGTKE-LHHVKLHASA-N,C=C[C@H]1CN2CC[C@H]1C[C@@H]2[C@H](c1ccnc2c1cc(OC)cc2)O	,,-2.81
4944,C-4945,,CULUWZNBISUWAS-UHFFFAOYSA-N,O=C(Cn1ccnc1[N+](=O)[O-])NCc1ccccc1,,-2.8099999
4945,C-4946,,ADRPZEYTIFWCBC-UHFFFAOYSA-N,FCC(=O)N(c1cccc2c1cccc2)C,,-2.809315891
4946,C-4947,,COVFEVWNJUOYRL-UHFFFAOYSA-N,O=C(c1cc(O)c(c(c1)O)O)Oc1cc(cc(c1O)O)C(=O)O,,-2.809189242
4947,C-4948,,VYMMCESYBCZZER-UHFFFAOYSA-N,Cn1c(=O)n(c2ccccc2)c(c(c1=O)N1CCCC1)C,,-2.808969554
4948,C-4949,,HGBLNBBNRORJKI-WCABBAIRSA-N,OC(=O)[C@@H]1N2C(=O)[C@H]([C@H]2SC1(C)C)NC(=O)C1(N)CCCCC1,,-2.808365663
4949,C-4950,,GCZZOZBWAZHCAN-UHFFFAOYSA-N,S=C(Nc1nccs1)Nc1ccccc1,,-2.806998312
4950,C-4951,,KVYGGMBOZFWZBQ-UHFFFAOYSA-N,O=C(c1cccnc1)OCc1ccccc1,,-2.806025193
4951,C-4952,,PZCDSVSZCJTGDJ-UHFFFAOYSA-N,COc1cccc(c1)N1CCN(CC1)CC(COc1cccc(c1)C=O)O,,-2.804552306
4952,C-4953,,XPJOIOLIBUKQBN-UHFFFAOYSA-N,ClCCN(C(=O)NC1CCSCC1)N=O,,-2.804336155
4953,C-4954,,BYBUKOLWVLGTJF-UHFFFAOYSA-N,CC(Cc1ccccc1)NNC(=O)c1noc(c1)C,,-2.803157411
4954,C-4955,,MFUHTALWGBAVOL-UHFFFAOYSA-N,CC(=O)OC(COC(=O)C)COc1ccccc1,,-2.803068231
4955,C-4956,,FGWJRZQNNZVCHR-BCRCDCHUSA-N,COC(=O)C1=CO[C@H]([C@H]2[C@@H]1C[C@H]1N(C2)CCc2c1[nH]c1c2cc(c(c1)OC)OC)C,,-2.802629495
4956,C-4957,,PZBIVIXQLIVFHJ-UHFFFAOYSA-N,Clc1cccc(c1)OC(C(=O)O)(C)C,,-2.800241859
4957,C-4958,,BFKJFAAPBSQJPD-UHFFFAOYSA-N,FC(=C(F)F)F,,-2.800040215
4958,C-4959,,CTQNGGLPUBDAKN-UHFFFAOYSA-N,Cc1ccccc1C,,-2.8
4959,C-4960,,OSDLLIBGSJNGJE-UHFFFAOYSA-N,Oc1cc(C)c(c(c1)C)Cl,,-2.8
4960,C-4961,,OTLNPYWUJOZPPA-UHFFFAOYSA-N,OC(=O)c1ccc(cc1)[N+](=O)[O-],,-2.8
4961,C-4962,,DUEPRVBVGDRKAG-UHFFFAOYSA-N,CNC(=O)Oc1cccc2c1OC(C2)(C)C,,-2.8
4962,C-4963,,KXZSVYHFYHTNBI-UHFFFAOYSA-N,S=c1ccc2c([nH]1)cccc2,,-2.799184339
4963,C-4964,,FTLSQEOSDKCVOB-UHFFFAOYSA-N,CN1CCN(CC1)CC(=O)N1C(C)(C)CCCC1(C)C,,-2.798113981
4964,C-4965,,QGQQPPFXESPMCO-UHFFFAOYSA-N,CCCOc1ccc(cc1Cl)CC(=O)NO,,-2.79688276
4965,C-4966,,QKRZVQSVSZJPJP-UHFFFAOYSA-N,O=C1Oc2c(C1(CCC[NH+]1CCOCC1)c1ccccc1)cccc2.[Cl-],,-2.79675443
4966,C-4967,,ISVQQJRVLCFYMV-UHFFFAOYSA-N,O=C(Nc1ccccc1C)Nc1ncco1,,-2.796586329
4967,C-4968,,JFGILDJCNBOAGG-UHFFFAOYSA-N,CCC(=O)N1C2CCC1CN(C2)CCC(=O)c1ccccc1,,-2.796461597
4968,C-4969,,FRLNZMQBNCIHJM-UHFFFAOYSA-N,CCc1csc(n1)[N-]S(=O)(=O)c1ccc(cc1)N.[Na+],,-2.796372427
4969,C-4970,,RXGPYPPCEXISOV-UHFFFAOYSA-N,CCCCCC(C(=O)O)CCC,,-2.795925424
4970,C-4971,,XQCSYUDWFUQARH-UHFFFAOYSA-N,CCCCCCCC(NCCSS(=O)(=O)O)CC,,-2.795839111
4971,C-4972,,ZWLAJJOWQDAKLK-UHFFFAOYSA-N,CCCCCCCCC(NCCSS(=O)(=O)O)C,,-2.795839111
4972,C-4973,,BQUJIAHAZAJIKW-UHFFFAOYSA-N,OC(CN1CCN(CC1)c1ccccc1)COc1ccccc1C(O)C,,-2.795382005
4973,C-4974,,ZEHBWBDRLQCJBQ-UHFFFAOYSA-N,COc1cc(Cc2cnc(nc2N)N)cc(c1C(O)(C)C)OC,,-2.794265907
4974,C-4975,,ACSIXWWBWUQEHA-UHFFFAOYSA-N,ClC(P(=O)(O)O)(P(=O)(O)O)Cl,,-2.792915159
4975,C-4976,,IRUXAEDBQBZIGG-UHFFFAOYSA-N,COc1cc(ccc1OC)N1CCN(CC1)CC(COc1cccc(c1)C(=O)C)O.Cl.Cl,,-2.792479017
4976,C-4977,,JDNAJAXZNLKSTI-UHFFFAOYSA-N,Fc1ccc(c(c1)Cl)C1(OC1Cl)C(=O)N,,-2.791645494
4977,C-4978,,MIQYLPZRCQLVEI-PSOYPTMXSA-N,CCC(=O)O[C@]12C=CC(=O)[C@H]3[C@]42CCN([C@@H]1Cc1c4c(O3)c(cc1)OC)C,,-2.791542534
4978,C-4979,,YPNGOYFSQMSAOZ-UHFFFAOYSA-N,OC(=O)c1ccccc1CC(=O)c1ccccc1C(=O)O,,-2.790968615
4979,C-4980,,PHJFLPMVEFKEPL-UHFFFAOYSA-N,COc1ccc2c(c1)ccc(c2)CC(=O)O,,-2.790859935
4980,C-4981,,KVHHQGIIZCJATJ-UHFFFAOYSA-N,CC(C(Cc1ccc(cc1)Cl)(O)C)CN(C)C,,-2.78836605
4981,C-4982,,AUJBYHKZNPPODV-DAXSKMNVSA-N,C/C=C(\C(=O)NC(=O)N)/CCCC,,-2.788260313
4982,C-4983,,UPOYFZYFGWBUKL-UHFFFAOYSA-N,Nc1nc(c(s1)c1ccccc1)N,,-2.787869183
4983,C-4984,,VRHAQNTWKSVEEC-UHFFFAOYSA-N,CCOC(=O)N1C(=O)c2c(C1=O)cccc2,,-2.786828304
4984,C-4985,,VHRHWROFSPKUJO-UHFFFAOYSA-N,OP(=O)(O)O.OP(=O)(O)O.OP(=O)(O)O.CCN(CCCC(NCC1CC2CCN1CC2)C)CC,,-2.785971023
4985,C-4986,,JTRRMFTWVJSBAA-UHFFFAOYSA-N,CN1CCN=C1Nc1ncc(s1)[N+](=O)[O-],,-2.785478931
4986,C-4987,,CHDCOQRRIRGECX-UHFFFAOYSA-N,OS(=O)(=O)SCCNCCCCCCc1ccccc1,,-2.784854038
4987,C-4988,,WSALIDVQXCHFEG-UHFFFAOYSA-L,Nc1cc(c(c2c1C(=O)c1c(C2=O)c(N)cc(c1O)S(=O)(=O)[O-])O)S(=O)(=O)[O-].[Na+].[Na+],,-2.783978657
4988,C-4989,,JTPUMZTWMWIVPA-UHFFFAOYSA-O,CC([N+](C(C)C)(CCC(c1ccccc1)(c1ccccc1)C(=O)N)C)C,,-2.783503289
4989,C-4990,,BCEQKAQCUWUNML-UHFFFAOYSA-N,OC(=O)c1ccc(c(c1)C(=O)O)O,,-2.783262617
4990,C-4991,,OYQZCMCEAPUWHK-UHFFFAOYSA-N,[O-][N+](=O)c1ccc(o1)c1n[nH]c(=O)[nH]c1=O,,-2.782302142
4991,C-4992,,NQAUNPZZVCXYEJ-UHFFFAOYSA-N,CN(S(=O)(=O)c1ccc(cc1)Br)C,,-2.781347788
4992,C-4993,,PPCNBCKABHGVMX-OWOJBTEDSA-N,N#C/C=C/c1ccc(cc1)Cl,,-2.780824627
4993,C-4994,,SNHMUERNLJLMHN-UHFFFAOYSA-N,Ic1ccccc1,,-2.78
4994,C-4995,,RDOWQLZANAYVLL-UHFFFAOYSA-N,c1ccc2c(c1)cnc1c2cccc1,,-2.78
4995,C-4996,,RGCKGOZRHPZPFP-UHFFFAOYSA-N,O=C1c2ccccc2C(=O)c2c1ccc(c2O)O,,-2.78
4996,C-4997,,YUKILTJWFRTXGB-UHFFFAOYSA-N,COc1cccc(c1)Cl,,-2.78
4997,C-4998,,YRGAYAGBVIXNAQ-UHFFFAOYSA-N,COc1ccc(cc1)Cl,,-2.78
4998,C-4999,,RBUDTHMFOGHSOD-VAWYXSNFSA-N,CN(/N=N/c1ccc(cc1)C#N)C,,-2.778218566
4999,C-5000,,JUIHCCIFJCSFON-UHFFFAOYSA-N,O=C1CC(C(=O)N1c1ccc(cc1Cl)S(=O)(=O)N)c1ccccc1,,-2.777009859
5000,C-5001,,HUNIPYLVUPMFCZ-UHFFFAOYSA-N,CCN(CCNC(=O)COc1ccc(cc1)OC)CC,,-2.776185374
5001,C-5002,,AYAPZOUDXCDGIF-FRFVDRIFSA-M,CCOc1ccc2c(c1C(=O)N[C@@H]1C(=O)N3[C@@H]1SC([C@@H]3C(=O)[O-])(C)C)cccc2.[Na+],,-2.775253434
5002,C-5003,,HEXPBLMJYQVQNU-UHFFFAOYSA-N,CCCc1cccc(c1)OCC(CO)O,,-2.775008785
5003,C-5004,,YDFZDHDSQUITOX-UHFFFAOYSA-N,CCCc1ccccc1OCC(CO)O,,-2.775008785
5004,C-5005,,JGFCZGSHTBKQHF-UHFFFAOYSA-N,CCCc1ccc(cc1)OCC(CO)O,,-2.775008785
5005,C-5006,,FIVDTHQNVVFVLG-UHFFFAOYSA-N,ClCC(Cc1ccccc1)OC(=O)N,,-2.774630808
5006,C-5007,,PMMVHZSWDJDSQU-UHFFFAOYSA-N,CCC(=O)N1OCc2c(C1)ccc(c2)[N+](=O)[O-],,-2.774539046
5007,C-5008,,AOQRGHOMWDKWEI-UHFFFAOYSA-N,CCCCOc1c(OC)cccc1C(=O)OCCN(C)C.CI,,-2.774510004
5008,C-5009,,SSBPLEKEDHPOCG-UHFFFAOYSA-N,[O-][N+](=O)c1ccc2c(c1)CON(C2)CCc1cc[nH+]cc1.[Cl-],,-2.774336124
5009,C-5010,,VLJKEQVJDMCCRE-UHFFFAOYSA-N,CC(CCn1c(=O)c2n(C)cnc2n(c1=O)C)C,,-2.774182224
5010,C-5011,,GDGHIDZSGIYVRJ-VMPITWQZSA-N,CCCOc1ccc(cc1)/C=C/C(=O)NO,,-2.773186225
5011,C-5012,,HXGHMCLCSPQMOR-UHFFFAOYSA-N,OC(=O)c1cccc(c1C)Cl,,-2.772566173
5012,C-5013,,NRYIIIVJCVRSSH-UHFFFAOYSA-N,CC(C(C(=O)O)C)c1ccccc1,,-2.772416748
5013,C-5014,,NVANJYCBQSEUNE-GDNBJRDFSA-N,OC(=O)Cc1ccc2c(c1)[nH]/c(=C/1\C=CC=CC1=O)/s2,,-2.772280595
5014,C-5015,,ZGLVYSGVOOIUBG-UHFFFAOYSA-N,Clc1ccc(c(c1)Cl)CN(S(=O)(=O)N)C,,-2.771966868
5015,C-5016,,RMSOEGBYNWXXBG-UHFFFAOYSA-N,Oc1ccc2c(c1Cl)cccc2,,-2.770475324
5016,C-5017,,YNQLUTRBYVCPMQ-UHFFFAOYSA-N,CCc1ccccc1,,-2.77
5017,C-5018,,URLKBWYHVLBVBO-UHFFFAOYSA-N,Cc1ccc(cc1)C,,-2.77
5018,C-5019,,NSQYIEOSFPLTJA-UHFFFAOYSA-N,CC(C1(C(C)C)C(=O)NC(=O)NC1=O)C,,-2.77
5019,C-5020,,KMAQZIILEGKYQZ-UHFFFAOYSA-N,Clc1cccc(c1)[N+](=O)[O-],,-2.77
5020,C-5021,,GTLUQRDIJWHQGF-UHFFFAOYSA-N,S=c1[nH]cnc2c1nccn2,,-2.77
5021,C-5022,,RAZOKRUZEQERLH-UHFFFAOYSA-N,CC#CC#CC(=O)c1ccccc1,,-2.769447074
5022,C-5023,,FZYOVNIOYYPUPY-ZTWDQPHTSA-N,CO[C@H]1/C=C/O[C@@]2(C)Oc3c(C2=O)c2C(=O)/C(=C/NN4CCN(CC4)C)/C(=C(c2c(c3C)O)O)NC(=O)/C(=C\C=C\[C@@H]([C@@H]([C@H]([C@H]([C@H]([C@@H]([C@@H]1C)OC(=O)C)C)O)C)O)C)/C,,-2.769246997
5023,C-5024,,ABFRBTDJEKZSRM-UHFFFAOYSA-N,OC(C(Cl)(Cl)Cl)c1ccccc1,,-2.76880184
5024,C-5025,,YBBLVLTVTVSKRW-UHFFFAOYSA-N,N#CC(c1cc(cc(c1)C(C#N)(C)C)Cn1ncnc1)(C)C,,-2.768451603
5025,C-5026,,NSFWWJIQIKBZMJ-CWFPLRNTSA-N,O=C1/C=C\C=C/[C@@H](OCC[C@H]([C@@H](C(=O)OC[C@]23[C@]4([C@H](O1)C[C@H]([C@]14CO1)O[C@@H]3C=C(CC2)C)C)O)C)[C@H](O)C,,-2.766907247
5026,C-5027,,WCCUCVYMWMWXAG-UHFFFAOYSA-N,CCC1C(=O)NC(=O)N(C1=O)C1CCCCC1,,-2.766440187
5027,C-5028,,HDESCHQXZHMCDB-UHFFFAOYSA-N,CN1CC[NH+](CC1)CCCN1C(=O)C(C)Oc2c1cc(Cl)cc2.[Cl-],,-2.766368759
5028,C-5029,,MZZQSAPGRDBPFR-UHFFFAOYSA-N,CN1CCCC(C1)OC(=O)C(c1cccs1)(c1ccccc1)O,,-2.766043468
5029,C-5030,,AXNKGLDCLYLVLQ-UHFFFAOYSA-N,C=CCc1ccc(c(c1)OC)OCC(=O)N(CC)CC,,-2.765899586
5030,C-5031,,CKOSQUYTLIODNV-UHFFFAOYSA-N,OC(=O)C(=O)O.CN(CCCC1OC(c2c1cccc2)(C)C)C,,-2.765432274
5031,C-5032,,IOKHTIHZBIJKOX-UHFFFAOYSA-N,C[NH+](C(CN1C(=O)C(C)Oc2c1cc(cc2)[N+](=O)[O-])C)C.[Cl-],,-2.765409213
5032,C-5033,,NYGZLYXAPMMJTE-ANVLNOONSA-M,[O-]S(=O)(=O)c1cccc(c1)/N=N/c1ccc(cc1)Nc1ccccc1.[Na+],,-2.765380673
5033,C-5034,,VIBYZASVNHEHTK-UHFFFAOYSA-N,CC[NH+](CCOC(=O)C(=C)c1ccccc1)CC.[Cl-],,-2.764586433
5034,C-5035,,ZIBOAPBPXIPVLG-UHFFFAOYSA-N,OCC(COc1ccc(cc1Cl)Cl)O,,-2.764227428
5035,C-5036,,QFDVMOCQOGCDKA-UHFFFAOYSA-N,CCOC(=O)c1cc(OC)ccc1O,,-2.76378673
5036,C-5037,,ALDSXDRDRWDASQ-UHFFFAOYSA-N,OC(=O)Cc1cccc(c1)C(=O)c1ccccc1,,-2.763677516
5037,C-5038,,RWOPZYIDUDXHIB-UHFFFAOYSA-N,OC(=O)Cc1ccccc1C(=O)c1ccccc1,,-2.763677516
5038,C-5039,,SWKGFZTXWQMFLK-UHFFFAOYSA-N,Cn1c2nc([nH]c2c(=O)n(c1=O)C)Cc1ccccc1,,-2.763447259
5039,C-5040,,JCDFYLCJMXKBNO-UHFFFAOYSA-N,CNc1nc2c(o1)ccc(c2)Cl,,-2.763206844
5040,C-5041,,FFHMRUWVKUUENH-UHFFFAOYSA-N,CN(C(=O)c1cccc(c1O)c1ccccc1)C,,-2.76240325
5041,C-5042,,AJOQSQHYDOFIOX-UHFFFAOYSA-N,CCC(c1ccccc1)C(=O)NC(=O)N,,-2.761471979
5042,C-5043,,QKLSNEUUBSCPLL-UHFFFAOYSA-N,O=C1OC2(c3c1cccc3)CCCC2,,-2.760530479
5043,C-5044,,FAMQYLIEZDSLBL-MBHUSPCXSA-N,C=CCN1CC[C@@]23[C@H]([C@H]1Cc1c3cc(cc1)O)CCCC2.Br,,-2.760087648
5044,C-5045,,LOUPRKONTZGTKE-ITHTXLDVSA-N,C=C[C@@H]1CN2CC[C@H]1C[C@@H]2[C@H](c1ccnc2c1cc(OC)cc2)O,,-2.76
5045,C-5046,,ZQMKOOCHXJRCFG-UHFFFAOYSA-N,Brc1ccc2c(c1)N(C(=O)CC(=N2)N)c1ccccc1,,-2.759845447
5046,C-5047,,SAZUGELZHZOXHB-UHFFFAOYSA-N,CCC(C(=O)NC(=O)NC(=O)C)(CC)Br,,-2.758997785
5047,C-5048,,XNUDZCVMVQKWCS-UHFFFAOYSA-N,CCCNC(=O)OCC(CCC)(CO)C,,-2.757294137
5048,C-5049,,LRWBJGZHGVHLEN-UHFFFAOYSA-M,CC[N+](CCOc1ccccc1c1ccccc1)(CC)C.[I-],,-2.75565002
5049,C-5050,,AMHZCJNIRZHOAJ-UHFFFAOYSA-N,Cc1nc(Nc2ccccc2)nc(n1)N,,-2.753470849
5050,C-5051,,MKMYPTLXLWOUSO-UHFFFAOYSA-N,OC(c1ccccc1)CC1CCCC(N1C)CC(=O)c1ccccc1.Cl,,-2.753235909
5051,C-5052,,GRPWOXJJPTXYQU-UHFFFAOYSA-N,CC(CCN1CCN2C(C1)CCc1c2cccc1)(O)C,,-2.752655014
5052,C-5053,,HYPPXZBJBPSRLK-UHFFFAOYSA-N,CCOC(=O)C1(CCN(CC1)CCC(c1ccccc1)(c1ccccc1)C#N)c1ccccc1,,-2.752622634
5053,C-5054,,ATCGGEJZONJOCL-UHFFFAOYSA-N,Clc1ccc(c(c1)c1nc(N)nc(n1)N)Cl,,-2.750763189
5054,C-5055,,NQXUSSVLFOBRSE-UHFFFAOYSA-N,Cc1ccc(c(c1)O)[N+](=O)[O-],,-2.750511202
5055,C-5056,,QNVOFASLYHPBMU-UHFFFAOYSA-N,CN(c1c(=O)n(Cc2ccccc2)c(=O)n(c1C)C)C,,-2.750060565
5056,C-5057,,NQQVFXUMIDALNH-UHFFFAOYSA-N,OC(=O)c1nc(Cl)c(c(c1Cl)N)Cl,,-2.75
5057,C-5058,,IOQPZZOEVPZRBK-UHFFFAOYSA-N,CCCCCCCCN,,-2.75
5058,C-5059,,FBUKVWPVBMHYJY-UHFFFAOYSA-N,CCCCCCCCC(=O)O,,-2.75
5059,C-5060,,HRZQMMXCASMDBP-UHFFFAOYSA-N,COc1cc(Cc2cnc(nc2N)N)cc(c1SC)OC,,-2.749630584
5060,C-5061,,DBGIVFWFUFKIQN-VIFPVBQESA-N,CCN[C@H](Cc1cccc(c1)C(F)(F)F)C,,-2.749207042
5061,C-5062,,DBGIVFWFUFKIQN-UHFFFAOYSA-N,CCNC(Cc1cccc(c1)C(F)(F)F)C,,-2.748996271
5062,C-5063,,MYQXHLQMZLTSDB-UHFFFAOYSA-N,CCC1Oc2c(C1)cc(cc2)CC(=O)O,,-2.74734864
5063,C-5064,,FNUHDZQFFYGALC-UHFFFAOYSA-N,COc1cc(cc(c1C(=O)N(C)C)OC)Cc1cnc(nc1N)N,,-2.747119922
5064,C-5065,,KSUUMAWCGDNLFK-UHFFFAOYSA-N,C=CCC(C(=O)NC(=O)N)C(C)C,,-2.746867628
5065,C-5066,,NGJLFMBOFBKYHK-VQHVLOKHSA-N,C/C(=C\c1ccccc1)/CC(=O)O,,-2.746355792
5066,C-5067,,XLFIZJCJAJYFNV-UHFFFAOYSA-N,CCN(CCN(c1c(C)cccc1C)C=O)CC,,-2.74547225
5067,C-5068,,STCLNNAAQVYUAF-UHFFFAOYSA-N,CN1CCN(CC1)CC(C(=O)c1ccccc1)c1ccccc1.Cl.Cl,,-2.744989385
5068,C-5069,,QJOAUKVCMSZLOA-UHFFFAOYSA-N,CCCCOCCCN1CCCCC1C,,-2.744791976
5069,C-5070,,HPRYBDMNZMRAKJ-IPZCTEOASA-N,COc1cc(/C=C/C(=O)CCN2CCN(CC2)c2ncccn2)cc(c1OC)OC.Cl,,-2.74424752
5070,C-5071,,RARQHAFNGNPQCZ-UHFFFAOYSA-N,Clc1ccc(cc1)OC(C(=O)OCc1cccnc1)(C)C,,-2.743674845
5071,C-5072,,XJLXINKUBYWONI-NNYOXOHSSA-N,O[C@@H]1[C@H](O)[C@H](O[C@H]1[n+]1cccc(c1)C(=O)N)COP(=O)(OP(=O)(OC[C@H]1O[C@H]([C@@H]([C@@H]1O)OP(=O)(O)O)n1cnc2c1ncnc2N)O)[O-],,-2.743474726
5072,C-5073,,JSIPUEXTEYSZGQ-UHFFFAOYSA-N,COc1cc(cc(c1OC)OC)C(=O)Nc1ncccc1C,,-2.743288587
5073,C-5074,,VRAXKPZRHYDZFB-UHFFFAOYSA-N,NC1=Nc2ccc(cc2N(C(=O)C1)c1ccccc1)C(F)(F)F,,-2.742253384
5074,C-5075,,MHOURTKZILVYRM-UHFFFAOYSA-N,ClCCN(C(=O)NC1CCS(=O)(=O)CC1)N=O,,-2.741853047
5075,C-5076,,QPFYXYFORQJZEC-FOCLMDBBSA-N,Nc1ccc(c(n1)N)/N=N/c1ccccc1,,-2.740045095
5076,C-5077,,UYXAWHWODHRRMR-GFCCVEGCSA-N,O=C1NC(=O)[C@@](C(=O)N1C)(C)C1=CCCCC1,,-2.74
5077,C-5078,,NGDNVOAEIVQRFH-SECBINFHSA-N,CCCCCCC[C@H](O)C,,-2.74
5078,C-5079,,ZAOHKACVOFGZOI-UHFFFAOYSA-N,CN(Cc1c(Cl)cccc1NC(=O)c1ccccc1)CC(=O)N1CCOCC1.Cl,,-2.739273241
5079,C-5080,,KYJJTIBGMAGFPS-UHFFFAOYSA-N,CCCCNc1c(C)n(C)c(=O)n(c1=O)c1ccccc1,,-2.73926537
5080,C-5081,,YBLZYROLKJTYHF-UHFFFAOYSA-N,CC(C(c1ccccc1)(C(=O)N)CCN(C)C)C,,-2.739000935
5081,C-5082,,WVXSKDLFWSXKCG-UHFFFAOYSA-M,C[N+]1(CCCCN2CC3CCCC(C2)C3)CCCC1.[I-],,-2.738175521
5082,C-5083,,UUCAQGDHTXMZSL-UHFFFAOYSA-N,CCCC(c1ccccc1)(C(=O)OC1CCCN(C1)CC)O,,-2.735931768
5083,C-5084,,SFLZPZAKIKUJKP-UHFFFAOYSA-N,CCOc1ccc(cc1)C(=O)OCCN(CC)CC.Cl,,-2.735442081
5084,C-5085,,IKGDGLRBESDXOX-UHFFFAOYSA-N,CN1OCc2c(C1)ccc(c2)Cl,,-2.735038735
5085,C-5086,,GUSWHRCHZVQFKH-UHFFFAOYSA-N,CN1Cc2cc(Cl)ccc2CO1,,-2.735038735
5086,C-5087,,UYXAWHWODHRRMR-UHFFFAOYSA-N,O=C1NC(=O)C(C(=O)N1C)(C)C1=CCCCC1,,-2.734921162
5087,C-5088,,PIFFQYJYNWXNGE-UHFFFAOYSA-N,CC(=O)c1c(O)cc(c(c1O)C(=O)C)O,,-2.734890754
5088,C-5089,,RUBFGAOTUOOEFZ-UHFFFAOYSA-N,O1CCN(CC1)CCOC(c1ccccc1)c1ccccc1.Cl,,-2.733978461
5089,C-5090,,NVINOPOHEGEHMH-UHFFFAOYSA-N,COc1cc(Cc2cnc(nc2N)N)cc(c1C#N)OC,,-2.733089978
5090,C-5091,,JCONBDKVSVCZHB-UHFFFAOYSA-N,CC(CCNCCSS(=O)(=O)O)CCCC(C)C,,-2.733083375
5091,C-5092,,UMKFEPPTGMDVMI-UHFFFAOYSA-N,ClCCN(P1(=O)OCCCN1CCCl)CCCl,,-2.732988757
5092,C-5093,,KXCQDIWJQBSUJF-UHFFFAOYSA-N,c1ccc(cc1)c1cscn1,,-2.731753116
5093,C-5094,,VHAXHUSUMSLYQT-LCYFTJDESA-N,CCN(/N=C\C(=O)c1ccc(cc1)[N+](=O)[O-])CC,,-2.731089023
5094,C-5095,,FBLJZPQLNMVEMR-UHFFFAOYSA-N,CCCc1nc2c([nH]1)cccc2,,-2.730500463
5095,C-5096,,SQCZQTSHSZLZIQ-UHFFFAOYSA-N,CCCCCCl,,-2.73
5096,C-5097,,WVQBLGZPHOPPFO-GFCCVEGCSA-N,COC[C@H](N(c1c(C)cccc1CC)C(=O)CCl)C,,-2.73
5097,C-5098,,CJNZAXGUTKBIHP-UHFFFAOYSA-N,OC(=O)c1ccccc1I,,-2.73
5098,C-5099,,MHNNAWXXUZQSNM-UHFFFAOYSA-N,CCC(=C)C,,-2.73
5099,C-5100,,YHQXBTXEYZIYOV-UHFFFAOYSA-N,C=CC(C)C,,-2.73
5100,C-5101,,UAYMEORMNOUCCG-UHFFFAOYSA-N,CCC1(C(=O)NC(=NC1=O)OC(C)C)c1ccccc1,,-2.729751607
5101,C-5102,,JPMXRTULSFBSIT-UHFFFAOYSA-O,CC1Oc2ccc(cc2N(C1=O)CCC[NH+](C)C)Cl.Cl,,-2.729493123
5102,C-5103,,FXTKWBZFNQHAAO-UHFFFAOYSA-N,Oc1cccc(c1)I,,-2.72785958
5103,C-5104,,BKZXZGWHTRCFPX-UHFFFAOYSA-N,Cc1cccc(c1O)C(C)(C)C,,-2.727796227
5104,C-5105,,APUYIVHTTCCVMF-UHFFFAOYSA-N,Brc1ccc2c(c1)oc(n2)N,,-2.726388931
5105,C-5106,,HMRSJGDFTOUVBW-UHFFFAOYSA-N,Brc1ccc2c(c1)nc(o2)N,,-2.726388931
5106,C-5107,,JLTVLLBWSZPXFN-UHFFFAOYSA-N,CCN(CCC1(c2ccccc2)C(=O)Oc2c1cccc2)CC.Cl,,-2.72599577
5107,C-5108,,LLMGYOJUHDRDFJ-UHFFFAOYSA-N,CCCC1C(=O)n2n(C1=O)c1cc(C)ccc1nc2N(C)C.O.O,,-2.722706227
5108,C-5109,,YAMHOIZEONCUIC-UHFFFAOYSA-N,C(CN1CSCC1)COc1ccc2c(n1)cccc2.Cl.Cl,,-2.721816868
5109,C-5110,,LCWQBSJESOQELG-UHFFFAOYSA-N,CCCCN1CCC(CC1)(C)OC(=O)CC.Cl,,-2.720580952
5110,C-5111,,BQIPXWYNLPYNHW-UHFFFAOYSA-N,OC(COc1cc(C)c(c(c1C)C)OC(=O)C)CNC(C)C,,-2.720118614
5111,C-5112,,QFOHBWFCKVYLES-UHFFFAOYSA-N,CCCCOC(=O)c1ccc(cc1)O,,-2.72
5112,C-5113,,ONIHPYYWNBVMID-UHFFFAOYSA-N,CCOC(=O)c1ccc(cc1)C(=O)OCC,,-2.719456391
5113,C-5114,,YYBRXCSJBNBHBZ-UHFFFAOYSA-N,CCCCN1CCC(CC1)(OC(=O)C)c1cccnc1.Cl.Cl,,-2.719067766
5114,C-5115,,PMAHPMMCPXYARU-UHFFFAOYSA-N,NC(=O)C(c1ccccc1)(c1ccccc1)CC[N+]1(C)CCCCC1.[Br-],,-2.717670284
5115,C-5116,,GBXFEIWAUUUQFE-YGCVIUNWSA-N,NC1=CC(=N)c2c(C1=O)cccc2.Cl,,-2.71734799
5116,C-5117,,KZOLMYACEQVWMI-UHFFFAOYSA-N,O=C(Nc1ccc(cc1)Br)NC=CP(=O)(N1CC1)N1CC1,,-2.717098712
5117,C-5118,,XDTNOYLBDDCJSK-UHFFFAOYSA-N,NC1=NC(N(C(=N1)N)OCc1ccc(c(c1)Cl)Cl)(C)C,,-2.715325344
5118,C-5119,,CQQQDWPTFATORJ-UHFFFAOYSA-N,CC(C(c1ccccc1)(C(=O)N)CCN1CCOCC1)C,,-2.714819068
5119,C-5120,,FWYFIIQCOLEFQP-UHFFFAOYSA-N,C[NH+](CCN(c1ccccc1)Cc1cccs1)C.[Cl-],,-2.712879435
5120,C-5121,,GFNAMNISEWNKBH-UHFFFAOYSA-N,OC(C(C(=O)O)O)C(=O)O.CCC(=O)OC1(CCN(CC1C)C)c1ccccc1,,-2.71285979
5121,C-5122,,BXUSEVHVYZZWLZ-UHFFFAOYSA-N,OCC(c1ccccc1)(c1ccccc1)COC(=O)N,,-2.712489678
5122,C-5123,,IPDQDGCZABYZKF-UHFFFAOYSA-N,S=C1NC(=S)NC1(c1ccccc1)c1ccccc1,,-2.71119681
5123,C-5124,,BTIWDWOBSODVCJ-UHFFFAOYSA-N,CCN(CC(C(=O)c1ccccc1)(C)C)CC.Cl,,-2.710903551
5124,C-5125,,FKOPCVJGLLMUNP-UHFFFAOYSA-N,CC(=O)O.CCCCCCCCCCN,,-2.710825272
5125,C-5126,,RCUDFXMNPQNBDU-VOTSOKGWSA-N,COc1cc(/C=C/C(=O)N2CCN(CC2)CC(=O)N2CCCC2)cc(c1OC)OC,,-2.710625608
5126,C-5127,,ONLCCQOVEHJJMB-UHFFFAOYSA-N,CN1CCN(C(C1)C(=O)Nc1c(C)cccc1C)C.ON=O.ON=O,,-2.710605207
5127,C-5128,,CKFMTGDMYVBVIB-HMXKFKBXSA-N,[O-][N+](=O)c1ccc(o1)/C=N/NC(=O)C[NH2+]CC.[O-]C(=O)C,,-2.710357524
5128,C-5129,,XZEDEVRSUANQEM-UHFFFAOYSA-N,[O-][N+](=O)c1cc(ccc1O)C(F)(F)F,,-2.710138125
5129,C-5130,,OWWVHQUOYSPNNE-UHFFFAOYSA-N,CCOc1ccc(cc1)C(=O)OCCN(CC)CC,,-2.71
5130,C-5131,,TVQGDYNRXLTQAP-UHFFFAOYSA-N,CCCCCCC(=O)OCC,,-2.71
5131,C-5132,,LDLJGAYVPOULLZ-UHFFFAOYSA-N,Sc1cnc2c(n1)cncn2,,-2.71
5132,C-5133,,XQPZMLWDJXTBRD-UHFFFAOYSA-N,C#CCNCC(COc1c(ccc(c1C(=O)OC)C)C(C)C)O,,-2.709151682
5133,C-5134,,TWTOBQHCWWWHCI-UHFFFAOYSA-N,CCCCCCC(COC(=O)N)COC(=O)N,,-2.707529641
5134,C-5135,,VBLYWGDAYORRDM-UHFFFAOYSA-N,CCC1=NCCS1,,-2.70732142
5135,C-5136,,NNCOZXNZFLUYGG-UHFFFAOYSA-N,CCOC(=O)C1(CCN(CC1)CCOCC1CCCO1)c1ccccc1,,-2.705484695
5136,C-5137,,PYSLAXNKITVDGO-NUEKZKHPSA-N,Oc1ccc2c(c1)[C@]13CCCC[C@H]3[C@@H](C2)[NH+](CC1)[O-],,-2.705463678
5137,C-5138,,YQGWWPIFPHGHTG-UHFFFAOYSA-N,CC1[NH2+]CCc2c3c1cccc3[nH]c2.[Cl-],,-2.704298742
5138,C-5139,,TXCTURVQEPLVTE-UHFFFAOYSA-N,ONC(=O)Cc1ccc(cc1)C(C)(C)C,,-2.703758856
5139,C-5140,,KXWBJMRKTBNVNY-UHFFFAOYSA-N,ONC(=O)Cc1ccc(cc1)CC(C)C,,-2.703758856
5140,C-5141,,CNNVSINJDJNHQK-UHFFFAOYSA-N,CN1CCOC(c2c(C1)cccc2)c1ccccc1.Cl,,-2.703191
5141,C-5142,,HBVPIONTJSERNY-UHFFFAOYSA-N,N/C(=N\CC1CCCCC1)/CSS(=O)(=O)O,,-2.702857893
5142,C-5143,,QBQMXWZTRRWPGK-UHFFFAOYSA-N,COc1cc(Cc2cnc(nc2N)N)cc(c1N(C)C)OC,,-2.702081942
5143,C-5144,,XRNBLQCAFWFFPM-UHFFFAOYSA-N,NC(=O)c1ccc(cc1)I,,-2.701853935
5144,C-5145,,IJTLAEIFTBOYHR-UHFFFAOYSA-M,CCOCC(OC(=O)CCC(=O)[O-])COc1ccccc1.[Na+],,-2.700064264
5145,C-5146,,RMISVOPUIFJTEO-ZXZARUISSA-N,C[C@H]([C@@H](Cl)C)Cl,,-2.7
5146,C-5147,,HFACYLZERDEVSX-UHFFFAOYSA-N,Nc1ccc(cc1)c1ccc(cc1)N,,-2.7
5147,C-5148,,GUOSQNAUYHMCRU-UHFFFAOYSA-N,NCCCCCCCCCCC(=O)O,,-2.7
5148,C-5149,,HLUCICHZHWJHLL-INIZCTEOSA-N,O=C1C=C2C[C@]3(C(=C2C=C1O)c1ccc(c(c1OC3)O)O)O,,-2.7
5149,C-5150,,GECHUMIMRBOMGK-UHFFFAOYSA-N,Nc1ccc(cc1)S(=O)(=O)Nc1ccccn1,,-2.7
5150,C-5151,,IPWBFGUBXWMIPR-UHFFFAOYSA-N,Fc1ccccc1Br,,-2.7
5151,C-5152,,YGOGAACPYALXRT-GKAPJAKFSA-N,CCC1(C(=O)NC(=O)NC1=O)C1=CC[C@H]2C[C@@H]1CC2,,-2.7
5152,C-5153,,QZUDBNBUXVUHMW-UHFFFAOYSA-N,Nc1ccc(cc1)S(=O)(=O)Nc1noc(c1)C	,,-2.7
5153,C-5154,,XRZMRABYCSOXIZ-UHFFFAOYSA-N,OCc1ccccc1OCc1ccccc1,,-2.69950546
5154,C-5155,,PYSJLPAOBIGQPK-UHFFFAOYSA-N,Nc1scc(n1)c1ccccc1,,-2.698322386
5155,C-5156,,QTALKBKPQXGYGL-UHFFFAOYSA-N,Brc1ccc(nc1)OCCCCCNCCSS(=O)(=O)O,,-2.697144508
5156,C-5157,,CHCWSQPFKCUFSC-UHFFFAOYSA-N,Brc1cccc(n1)OCCCCCNCCSS(=O)(=O)O,,-2.697144508
5157,C-5158,,PQGFVOURRHRXKN-AMDVSUOASA-N,N/C(=N\C[C@H]1CC2CC1CC2)/COS(=S)(=O)O,,-2.696457819
5158,C-5159,,YHUMTHWQGWPJOQ-UHFFFAOYSA-N,Cl/N=C/1\C=C(Cl)C(=O)C(=C1)Cl,,-2.696373312
5159,C-5160,,GGECDTUJZOXAAR-UHFFFAOYSA-N,CC(NNC(=O)COc1ccc(cc1)Cl)C,,-2.695943947
5160,C-5161,,ODJLBQGVINUMMR-HZXDTFASSA-N,O=C[C@@]12CC[C@@H](C[C@@]2(O)CC[C@@H]2[C@@H]1CC[C@]1([C@]2(O)CC[C@@H]1C1=CC(=O)OC1)C)O,,-2.695391274
5161,C-5162,,CYKYMRWEPMUFSS-UHFFFAOYSA-N,CCCC(COC(=O)NC(C)C)(CO)C,,-2.694613213
5162,C-5163,,BRYYFHODWLMSIM-UHFFFAOYSA-N,O=C(C1NCCNC1)Nc1c(C)cc(cc1C)C.Cl.Cl,,-2.693924981
5163,C-5164,,NEWGTAXNYDMBSR-UHFFFAOYSA-M,CC(c1cc(C(=O)[O-])c(cc1O)C)C.[Na+],,-2.693405704
5164,C-5165,,LDSBLKAMJYFFIF-UHFFFAOYSA-N,O=C(Nc1ccccc1)NC=CP(=O)(N1CC1)N1CC1,,-2.692742905
5165,C-5166,,DERZBLKQOCDDDZ-JLHYYAGUSA-N,c1ccc(cc1)/C=C/CN1CCN(CC1)C(c1ccccc1)c1ccccc1,,-2.691404501
5166,C-5167,,UNBRKDKAWYKMIV-QWQRMKEZSA-N,CC[C@H](NC(=O)[C@H]1CN(C)[C@H]2C(=C1)c1cccc3c1c(C2)c[nH]3)CO,,-2.691283692
5167,C-5168,,VTYSSUAOJXDZSK-UHFFFAOYSA-N,CCOC(=O)c1c(OC)cc(cc1OC)Cc1cnc(nc1N)N,,-2.691084223
5168,C-5169,,RVIZCXZRYPJRIC-UHFFFAOYSA-N,N/C(=N\CCSCc1ccccc1)/CSS(=O)(=O)O,,-2.690833542
5169,C-5170,,OOSYPTIYPDUFES-UHFFFAOYSA-N,CCN(CC(=O)N1C(C)(C)C=CC1(C)C)CC,,-2.690624437
5170,C-5171,,XXVROGAVTTXONC-UHFFFAOYSA-N,ClCCCNC(Cc1ccccc1)C,,-2.690103788
5171,C-5172,,TXTORVZCRUFBBO-BYPYZUCNSA-N,C[C@@H](C(Cl)(C)C)Cl,,-2.6900001
5172,C-5173,,NQRLPDFELNCFHW-UHFFFAOYSA-N,CC(=O)Nc1ccc(cc1)[N+](=O)[O-],,-2.6900001
5173,C-5174,,UNRHXEPDKXPRTM-UHFFFAOYSA-N,CCN1CCCC1CNC(=O)c1cc(ccc1OC)S(=O)(=O)CC,,-2.689774812
5174,C-5175,,PEWXRXAGXPYMIB-ANPZCEIESA-L,O=C(Cc1ccccc1)N[C@@H]1C(=O)N2[C@@H]1SC([C@@H]2C(=O)[O-])(C)C.O=C(Cc1ccccc1)N[C@@H]1C(=O)N2[C@@H]1SC([C@@H]2C(=O)[O-])(C)C.[Ca+2],,-2.687954333
5175,C-5176,,KFTWTNRNXVBUCC-UHFFFAOYSA-N,OC(=O)CCC(=O)Nc1ccc(cc1)S(=O)(=O)NC(=O)C,,-2.686456695
5176,C-5177,,MLAXRSNOPDZUTC-UHFFFAOYSA-N,OC(c1cccc2c1cccc2)CN1CCCCC1.Cl,,-2.686239093
5177,C-5178,,YAXWIYFUVISXRS-UHFFFAOYSA-N,CNCCOC(c1ccccc1C)c1ccccc1.Cl,,-2.685517074
5178,C-5179,,GZMFYOQJALCSLS-UHFFFAOYSA-N,Clc1ccc(nc1)OCCCCCCNCCSS(=O)(=O)O,,-2.685513391
5179,C-5180,,FJVAAURIDNIYAE-BJMVGYQFSA-N,[O-][N+](=O)c1ccc(o1)/C=N/N(C(=O)N)CCO,,-2.685187978
5180,C-5181,,QGMRQYFBGABWDR-FJXQXJEOSA-M,CCC[C@@H](C1(CC)C(=O)[N-]C(=O)NC1=O)C.[Na+],,-2.684785887
5181,C-5182,,QGMRQYFBGABWDR-OGFXRTJISA-M,CCC[C@H](C1(CC)C(=O)[N-]C(=O)NC1=O)C.[Na+],,-2.684785887
5182,C-5183,,ODFFJVKYNZZQHO-UHFFFAOYSA-N,COc1ccc2c(c1)c(C)cc(n2)OCCCNCCSS(=O)(=O)O,,-2.68403815
5183,C-5184,,BQZJOQXSCSZQPS-UHFFFAOYSA-N,COC(C(=O)c1ccccc1)c1ccccc1,,-2.683648951
5184,C-5185,,HTJXMOGUGMSZOG-UHFFFAOYSA-N,OCCN1CCN(CC1)C(=O)Cn1c(=O)sc2c1cc(Cl)cc2,,-2.68266545
5185,C-5186,,FYGCJWVUNPQAFB-UHFFFAOYSA-N,O=C(N(C)C)Cn1c(C)cnc1[N+](=O)[O-],,-2.682325209
5186,C-5187,,XZGYNWBIAGZROB-UHFFFAOYSA-N,ClCCN(C(=O)NC1CCCC1)N=O,,-2.682042698
5187,C-5188,,QYSUVIBYLINMGG-UHFFFAOYSA-N,OCC(COc1ccc(c(c1)C)Cl)(O)C,,-2.680879927
5188,C-5189,,UFNLPKGIMRMNLG-UHFFFAOYSA-N,ClCCSCC(=O)NCCNC(=O)CSCCCl,,-2.680207845
5189,C-5190,,PJVCNRSWJSLGCV-UHFFFAOYSA-N,C1CCN(CC1)CCc1c[nH]c2c1cccc2,,-2.680061716
5190,C-5191,,OPNPQXLQERQBBV-UHFFFAOYSA-N,CCC(C(=O)NC(=O)N)(CC)Br,,-2.6800001
5191,C-5192,,YWAKXRMUMFPDSH-UHFFFAOYSA-N,CCCC=C,,-2.6800001
5192,C-5193,,PYGSKMBEVAICCR-UHFFFAOYSA-N,C=CCCC=C,,-2.6800001
5193,C-5194,,LMJSLTNSBFUCMU-QMMMGPOBSA-N,ClC([C@H]1Nc2cc(Cl)c(cc2S(=O)(=O)N1)S(=O)(=O)N)Cl,,-2.6800001
5194,C-5195,,YUFRAQHYKKPYLH-UHFFFAOYSA-N,c1ccc2c(c1)ccc1c2nccn1,,-2.6800001
5195,C-5196,,ZOMSMJKLGFBRBS-UHFFFAOYSA-N,CC(N1C(=O)c2ccccc2NS1(=O)=O)C,,-2.6800001
5196,C-5197,,OZKOMUDCMCEDTM-UHFFFAOYSA-N,c1cnc2c(c1)ccc1c2cccn1,,-2.6800001
5197,C-5198,,UEJJHQNACJXSKW-SECBINFHSA-N,O=C1CC[C@H](C(=O)N1)N1C(=O)c2c(C1=O)cccc2,,-2.6800001
5198,C-5199,,PRLMFHYBTOQSLN-UHFFFAOYSA-N,CSc1nc(nc(n1)N(C)C)N(C)C,,-2.6800001
5199,C-5200,,BWCJVGMZEQDOMY-UHFFFAOYSA-N,CC1Cc2c(O1)cccc2,,-2.679903273
5200,C-5201,,POUMFISTNHIPTI-BOMBIWCESA-N,CCC[C@H]1CN([C@@H](C1)C(=O)N[C@@H]([C@H]1O[C@H](SC)[C@@H]([C@H]([C@H]1O)O)O)[C@H](O)C)C.Cl,,-2.679320071
5201,C-5202,,YPGSWQHGZLTTGJ-UHFFFAOYSA-N,CN(c1c(C)n(c2ccc(cc2)Cl)c(=O)n(c1=O)C)C,,-2.677694204
5202,C-5203,,LMJSLTNSBFUCMU-UHFFFAOYSA-N,ClC(C1Nc2cc(Cl)c(cc2S(=O)(=O)N1)S(=O)(=O)N)Cl,,-2.677423308
5203,C-5204,,RSIWXFIBHXYNFM-NSHDSACASA-N,COC1=CC(=O)O[C@H](C1)CCc1ccc2c(c1)OCO2,,-2.676439022
5204,C-5205,,CFPOQCPZKHPNPN-WJDWOHSUSA-N,CCCCN1CCN(CC1)CC(=O)N/N=C\c1ccc(o1)[N+](=O)[O-],,-2.67563934
5205,C-5206,,DFPFDNHWEJASOG-UHFFFAOYSA-N,CNCC=C(c1ccccc1)c1ccccc1.Cl,,-2.675028369
5206,C-5207,,JTLNSLROLLWUCQ-UHFFFAOYSA-N,CN(CCCC1=CC(N(C(C1)(C)C)C)(C)C)C,,-2.674910344
5207,C-5208,,OAUQNCDVPLLEAH-UHFFFAOYSA-N,CCCCC(COC(=O)N)(COC(=O)N)CC,,-2.674639049
5208,C-5209,,KRYLGICXMCHFHB-UHFFFAOYSA-N,CCCCCC(COC(=O)N)(COC(=O)N)C,,-2.674639049
5209,C-5210,,OWISXYQFTOYGRO-UHFFFAOYSA-N,N#Cc1ccc(c(c1)C)C,,-2.673816176
5210,C-5211,,GBPZSCQLDXUGNO-UHFFFAOYSA-N,CCC(c1ccccc1)C(=O)NC(=O)NC(=O)C,,-2.67354686
5211,C-5212,,PBTLILOQGAAHIW-UHFFFAOYSA-N,n1ccc(cc1)CCc1c[nH]c2c1cccc2.Cl,,-2.673306319
5212,C-5213,,NTKQTTAHVFXZJV-UHFFFAOYSA-N,n1ccc(cc1)CC[NH+]1C=Cc2c1cccc2.[Cl-],,-2.673306319
5213,C-5214,,ALLHKROWDHKMEZ-JVFQMWRPSA-N,OC(=O)c1ccccc1O.Oc1ccc2c(c1)[C@]13CCCC[C@H]3[C@@H](C2)N(CC1)CCN1CCOCC1,,-2.673092902
5214,C-5215,,UQNCVOXEVRELFR-UHFFFAOYSA-N,CN(C(C(=O)Nc1c(C)n(n(c1=O)c1ccccc1)C)C)C,,-2.672609455
5215,C-5216,,AJLQXEQUKXLZMN-UHFFFAOYSA-N,ClCCN(CCC(Cl)C)CCCl.Cl,,-2.670134497
5216,C-5217,,UDEWPOVQBGFNGE-UHFFFAOYSA-N,CCCOC(=O)c1ccccc1,,-2.6700001
5217,C-5218,,QDFKKJYEIFBEFC-UHFFFAOYSA-N,Fc1cccc(c1)Br,,-2.6700001
5218,C-5219,,HSQFVBWFPBKHEB-UHFFFAOYSA-N,Oc1ccc(c(c1Cl)Cl)Cl,,-2.6700001
5219,C-5220,,WWGQHTJIFOQAOC-UHFFFAOYSA-N,Clc1cc(O)c(c(c1)Cl)Cl,,-2.6700001
5220,C-5221,,KGLXZENKLRRZJM-KTKRTIGZSA-N,C/N=c/1\oc2c(n1C)cccc2,,-2.669699954
5221,C-5222,,WGJHHMKQBWSQIY-UHFFFAOYSA-N,CCOC(=O)C1(CCCN(CC1)C)c1ccccc1,,-2.667897653
5222,C-5223,,MUDHKEQEBJQRRG-KPKJPENVSA-N,CN(c1ccc(cc1)/C=N/NC(=S)N)C,,-2.667531102
5223,C-5224,,DGYOWBYTFBEFCO-UHFFFAOYSA-N,CNC(c1ccccc1)CC(=O)c1ccc(cc1)OC.Cl,,-2.667214428
5224,C-5225,,FLYYDGHNISORAD-UHFFFAOYSA-N,CCN(CCN1C(=O)CN(C1=O)N=Cc1ccc(o1)[N+](=O)[O-])CC,,-2.66712607
5225,C-5226,,IHTKSVYIDWAIPB-UHFFFAOYSA-N,CCCC(COC(=O)NC(=O)C)(COC(=O)NC(=O)C)CC,,-2.667026218
5226,C-5227,,CZGIRAWWWHPJHM-UHFFFAOYSA-N,CCC(OC(=O)c1ccccc1C(=O)O)(C#C)C,,-2.666957661
5227,C-5228,,VDVJGIYXDVPQLP-UHFFFAOYSA-N,OC(=O)c1ccc2c(c1)OCO2,,-2.666327712
5228,C-5229,,HMHFNUWREZQHGJ-UHFFFAOYSA-N,FCCCCCCl,,-2.665867982
5229,C-5230,,WEAPVABOECTMGR-UHFFFAOYSA-N,CCOC(=O)C(OC(=O)C)(CC(=O)OCC)CC(=O)OCC,,-2.665278203
5230,C-5231,,UPAMVMOKVCRLFY-UHFFFAOYSA-N,C[NH+](C(CN1C(=O)C(C)Oc2c1cc(Cl)cc2)C)C.[Cl-],,-2.665249179
5231,C-5232,,BLOKTSBTOMCITO-UHFFFAOYSA-N,CN(CC(C(=O)c1ccccc1)c1ccccc1)C.Cl,,-2.664835351
5232,C-5233,,ZLQVOBZJNPIICS-UHFFFAOYSA-N,O=C(c1cccnc1)Nc1ccc(cc1)C(F)F.Cl,,-2.664793041
5233,C-5234,,SCVHFRLUNIOSGI-UHFFFAOYSA-N,Cn1c2nc([nH]c2c(=O)n(c1=O)C)C1CCCC1,,-2.664169956
5234,C-5235,,MAGVRYQQEVBJKC-UHFFFAOYSA-N,CN(c1c(=O)n(c2ccccc2)c(=O)n(c1C)C)C,,-2.66253847
5235,C-5236,,INWLQCZOYSRPNW-CYBMUJFWSA-N,CN1CCCC[C@@H]1C(=O)Nc1c(C)cccc1C,,-2.662394829
5236,C-5237,,DBNFXLUBBPXNRJ-UHFFFAOYSA-N,O=C(NP(=O)(N1CC1)N1CC1)NC1CC(C)(C)N(C(C1)(C)C)[O],,-2.662377157
5237,C-5238,,LIFOOCLGAAEVIF-UHFFFAOYSA-N,Cc1ccc2c(c1)c1CCCC3c1n2CCN3.Cl,,-2.662197949
5238,C-5239,,DZWTXWPRWRLHIL-UHFFFAOYSA-N,Cc1ccc2c(c1)sc(n2)N,,-2.661558888
5239,C-5240,,SAPAWHGNIMQFMR-UHFFFAOYSA-N,CC(=O)N1CCN2C(C1)CCc1c2cccc1,,-2.660746696
5240,C-5241,,YCXARMXCESBEDS-UHFFFAOYSA-N,CN(C(CN1c2ccccc2Sc2c1cccc2)C)C.Clc1[nH]c2c(n1)n(C)c(=O)n(c2=O)C,,-2.660700157
5241,C-5242,,NBSUZFZWVGDSEV-UHFFFAOYSA-N,O=C(c1ccncc1)[NH2+]c1cccc(c1C)C.[Cl-],,-2.660609344
5242,C-5243,,GKZJUWWSFXZVHU-UHFFFAOYSA-N,O=C(c1cccnc1)Nc1cccc(c1C)C.Cl,,-2.660609344
5243,C-5244,,AXXJTNXVUHVOJW-DDWIOCJRSA-M,CCC[C@H](C1(CC=C)C(=O)[N-]C(=O)NC1=O)C.[Na+],,-2.659547604
5244,C-5245,,AXXJTNXVUHVOJW-QRPNPIFTSA-M,CCC[C@@H](C1(CC=C)C(=O)NC(=NC1=O)[O-])C.[Na+],,-2.659547604
5245,C-5246,,XAQRHUZUBSOOSY-UHFFFAOYSA-N,CCN1C(CCC1(C)C)c1c[nH]c2c1cccc2,,-2.659377174
5246,C-5247,,ZGJOXLCSIYUFJN-UHFFFAOYSA-N,CCC(=O)N1C2CCC1CN(C2)CCNc1ccccc1,,-2.659156807
5247,C-5248,,PAZJSJFMUHDSTF-UHFFFAOYSA-N,C=CCc1ccccc1OCC(CNC(C)C)O,,-2.658670251
5248,C-5249,,UUSQFLGKGQEVCM-UHFFFAOYSA-M,CCCCCCCCCCCC[N+](Cc1ccccc1)(CCO)CCO.[Cl-],,-2.658464889
5249,C-5250,,KLLDCZLNAVUXAE-UHFFFAOYSA-N,NC(=O)OCCCOc1ccccc1C,,-2.657897257
5250,C-5251,,HJELPCHEJDULNR-UHFFFAOYSA-N,CCCCCC1(C)OCC(O1)CO,,-2.656726106
5251,C-5252,,KEYYFWXKFRRLOZ-UHFFFAOYSA-N,Brc1cc(C)c(c(c1)C(=O)N)O,,-2.655893808
5252,C-5253,,CIFRXCOPJOGUDL-UHFFFAOYSA-N,C[NH+](CCOC(c1cccs1)c1ccccc1)C.[Cl-],,-2.655099067
5253,C-5254,,YZFFIXWTRCZRMX-UHFFFAOYSA-N,CCCCOc1c(OC)cccc1C(=O)OCC[NH+](C)C.[Cl-],,-2.654637482
5254,C-5255,,PXOZLYJMAQPPEV-UHFFFAOYSA-N,CCOc1c(OC)cccc1C(=O)OCC[NH+](CC)CC.[Cl-],,-2.654637482
5255,C-5256,,KFZMXOLSYABOSE-UHFFFAOYSA-O,CC[N+](CCC(c1ccccc1)(c1ccccc1)C(=O)N)(C)C,,-2.654537864
5256,C-5257,,WZJMZKKLJRBDOL-UHFFFAOYSA-N,CCCNC(=O)OCC(COC(=O)N)(CC)C,,-2.653489446
5257,C-5258,,LORFBSZZGKKTAK-UHFFFAOYSA-N,CCCC(COC(=O)N)(COC(=O)NCC)C,,-2.653489446
5258,C-5259,,PKPLURVGDLZTTR-UHFFFAOYSA-N,CCCCC(COC(=O)N)(COC(=O)NC)C,,-2.653489446
5259,C-5260,,UBRIHZOFEJHMIT-UHFFFAOYSA-N,CCCCOc1ccc(cc1)N,,-2.653438583
5260,C-5261,,RGSYJUYJLNPLFR-UHFFFAOYSA-N,CCC1(c2ccccc2)C(=O)N(CNC(=S)N)C(=O)N(C1=O)C.Br,,-2.651288471
5261,C-5262,,OZYUPQUCAUTOBP-QXAKKESOSA-N,C=CCN1CC[C@@]23[C@H]([C@H]1Cc1c3cc(cc1)O)CCCC2,,-2.651225013
5262,C-5263,,LCAWNFIFMLXZPQ-UHFFFAOYSA-N,Oc1ccc(cc1)c1cc(=O)c2c(o1)cc(cc2)O,,-2.650897252
5263,C-5264,,GZNACENTEXAZDR-UHFFFAOYSA-M,CCCCCCCCCCCC[n+]1ccccc1.[I-],,-2.650660586
5264,C-5265,,KAHQJDOPZZKJHB-UHFFFAOYSA-N,CN(c1c(C)n(C)c(=O)n(c1=O)C1CCCC1)C,,-2.650508016
5265,C-5266,,ADLZRPUDXVXGRQ-UHFFFAOYSA-N,CN(c1c(C)n(C2CCCC2)c(=O)n(c1=O)C)C,,-2.650508016
5266,C-5267,,PRPINYUDVPFIRX-UHFFFAOYSA-N,OC(=O)Cc1cccc2c1cccc2,,-2.6500001
5267,C-5268,,FWZMBTIUIQUJFF-ZCFIWIBFSA-N,CC[C@H](C1(CC(=C)Br)C(=O)NC(=O)NC1=O)C,,-2.6500001
5268,C-5269,,XUFQPHANEAPEMJ-UHFFFAOYSA-N,NC(=Nc1scc(n1)CSCCC(=NS(=O)(=O)N)N)N	,,-2.65
5269,C-5270,,VLWJKVNMRMHPCC-UHFFFAOYSA-N,ClCCN(Cc1ccccc1)CCCl,,-2.649761584
5270,C-5271,,XDWLRMBWIWKFNC-HNQUOIGGSA-N,Nc1ccc(nn1)/C=C/c1ccc(o1)[N+](=O)[O-],,-2.64943963
5271,C-5272,,PZJWZGWBDMSONK-UHFFFAOYSA-N,CC(=O)OC(COC(=O)C)COCc1ccccc1,,-2.649385419
5272,C-5273,,ZEIYOHOWHPNINO-CAJRCRMVSA-N,CC(C(=O)N/N=C/c1ccc(o1)[N+](=O)[O-])N1CCN(CC1)C.O.O,,-2.64896529
5273,C-5274,,SQAINHDHICKHLX-UHFFFAOYSA-N,O=Cc1cccc2c1cccc2,,-2.646354261
5274,C-5275,,RGPDEAGGEXEMMM-UHFFFAOYSA-N,CN1CCOC(c2c(C1)cccc2)c1ccccc1,,-2.645178915
5275,C-5276,,KEJXLQUPYHWCNM-UHFFFAOYSA-N,CCCOC(=O)Cc1ccc(c(c1)OC)OCC(=O)N(CC)CC,,-2.644390698
5276,C-5277,,NRIXNDFJJSOBCR-UHFFFAOYSA-N,C=CCc1ccccc1OCC(CO)O,,-2.643738467
5277,C-5278,,XOIRGVCSIQKKPR-ZHACJKMWSA-N,CN(/N=N/c1ccc(cc1)F)C,,-2.643418908
5278,C-5279,,OJMMVQQUTAEWLP-KIDUDLJLSA-N,CCC[C@H]1CN([C@@H](C1)C(=O)N[C@@H]([C@H]1O[C@H](SC)[C@@H]([C@H]([C@H]1O)O)O)[C@H](O)C)C,,-2.641880876
5279,C-5280,,DVVILHAVIZXVQQ-UHFFFAOYSA-N,Cc1n(C)c(=O)n(c(=O)c1I)c1ccccc1,,-2.640992008
5280,C-5281,,RGSFGYAAUTVSQA-UHFFFAOYSA-N,C1CCCC1,,-2.6400001
5281,C-5282,,DQMZLTXERSFNPB-UHFFFAOYSA-N,CCC1(C(=O)NCNC1=O)c1ccccc1,,-2.6400001
5282,C-5283,,MKELYWOVSPVORM-DTWKUNHWSA-N,CCC1(C(=O)NC(=O)NC1=O)C1=C[C@@H]2C[C@H](C1)CC2,,-2.6400001
5283,C-5284,,UFLGIAIHIAPJJC-UHFFFAOYSA-N,CN(CCN(c1ccccn1)Cc1ccccc1)C,,-2.6400001
5284,C-5285,,HNJJXZKZRAWDPF-UHFFFAOYSA-N,CN(CCN(c1ccccn1)Cc1cccs1)C,,-2.6400001
5285,C-5286,,XGCHAIDDPMFRLJ-UHFFFAOYSA-N,Clc1ccc(c(c1Cl)O)Cl,,-2.6400001
5286,C-5287,,BJYONXICRMQIJO-UHFFFAOYSA-N,OC(=O)Cc1ccc2c(c1)nc(s2)c1ccccn1,,-2.638764086
5287,C-5288,,GNOGSFBXBWBTIG-UHFFFAOYSA-N,CC(=O)Nc1c(I)cc(c(c1I)C(=O)O)I,,-2.638539181
5288,C-5289,,UVJDTSQDYNCCLT-UHFFFAOYSA-M,C1CCCN(CCC1)/C=C/C=C/C=[N+]1CCCCCCC1.[Cl-],,-2.637897582
5289,C-5290,,SCYNDZYCBJLQDA-UHFFFAOYSA-N,COC(=O)c1c(C)ccc(c1OCC(CN(C)C)O)C(C)C,,-2.636830534
5290,C-5291,,KQPKPCNLIDLUMF-UHFFFAOYSA-N,CCCC(C1(CC=C)C(=O)NC(=O)NC1=O)C,,-2.63673766
5291,C-5292,,BCVXYGJCDZPKGV-UHFFFAOYSA-N,CC(=O)NC12CC3CC(C2)CC(C1)C3,,-2.63590184
5292,C-5293,,YVQVOQKFMFRVGR-VGOFMYFVSA-N,O=C1OC(CN1/N=C/c1ccc(o1)[N+](=O)[O-])CN1CCOCC1,,-2.635876311
5293,C-5294,,CUMDOJBQHHXABV-UHFFFAOYSA-N,CCN(CC(=O)NCc1ccccc1)CC,,-2.635475842
5294,C-5295,,JIVZKJJQOZQXQB-UHFFFAOYSA-N,c1ccc(cc1)CC1=NCCN1,,-2.633473877
5295,C-5296,,UHYJMNVCANOFPF-UHFFFAOYSA-N,CCCCCOc1ccccc1C(=O)N,,-2.632595582
5296,C-5297,,DWMMEAHAHZXDLA-UHFFFAOYSA-N,CCCC(COC(=O)NC)(COC(=O)NC)C,,-2.631808928
5297,C-5298,,JPMIIZHYYWMHDT-UHFFFAOYSA-N,CCCCCCCCn1sccc1=O,,-2.630100251
5298,C-5299,,YPIFLXOVPCARGI-UHFFFAOYSA-N,CCc1nc2c(o1)cccc2,,-2.630020851
5299,C-5300,,NFRKUDYZEVQXTE-RXMQYKEDSA-N,CCC[C@H](Cl)C,,-2.6300001
5300,C-5301,,CXQSCYIVCSCSES-UHFFFAOYSA-N,CCC(CC)Cl,,-2.6300001
5301,C-5302,,WFJNHVWTKZUUTR-ZDUAUTNDSA-N,CC[C@@H]1CN2CC[C@H]1C[C@@H]2[C@H](c1ccnc2c1cccc2)O,,-2.6300001
5302,C-5303,,MOYKHGMNXAOIAT-UNTFVMJOSA-N,[O-][N+](=O)O[C@H]1CO[C@H]2[C@@H]1OC[C@@H]2O[N+](=O)[O-],,-2.6300001
5303,C-5304,,FSWXOANXOQPCFF-UHFFFAOYSA-N,CCC(=O)c1ccc(cc1)N,,-2.6300001
5304,C-5305,,HEUUPESYFVKOLK-UHFFFAOYSA-N,COCN1C(=O)N(C)C(=O)C(C1=O)(CC)c1ccccc1,,-2.629728347
5305,C-5306,,WIWDJXLMKWROGP-UHFFFAOYSA-N,CCC(N1CSCC1)Cc1ccc(cc1)OC.Cl,,-2.628571545
5306,C-5307,,JIIMOXCAALTCTC-UHFFFAOYSA-N,OCCN(c1nc(nc(n1)N(C)C)N(C)C)C,,-2.627267194
5307,C-5308,,CVBUKMMMRLOKQR-UHFFFAOYSA-N,O=C(c1ccccc1)CC(=O)C,,-2.626819944
5308,C-5309,,TWAYYLLFOQXVJV-UHFFFAOYSA-N,COc1ccc(cc1)N1CCC(C1=O)N1CCCC1,,-2.626660797
5309,C-5310,,MUIGVZRUQAGELU-UHFFFAOYSA-N,CN1CCN(C(C1)C(=O)Nc1ccccc1C)C.ON=O.ON=O,,-2.626349286
5310,C-5311,,STBZIDOIKQNFCQ-HSALFYBXSA-N,Oc1ccc2c(c1)[C@]13CCCC[C@]3([C@@H](C2)N(CC1)CC1CC1)O,,-2.623999545
5311,C-5312,,ZFJBSYYIOPSWAE-UHFFFAOYSA-N,CCN(C(=O)Nc1ccccc1)CC,,-2.623977233
5312,C-5313,,RLWXDHRFFALFFF-UHFFFAOYSA-N,SCCNCCCOc1ccc(cn1)Br.Cl,,-2.62389261
5313,C-5314,,HODBGFIUYJVOQB-UHFFFAOYSA-N,CCC(C1CCCC1)CNCCCSS(=O)(=O)O,,-2.62292014
5314,C-5315,,KQZFABSTXSNEQH-UHFFFAOYSA-N,Ic1ccc(cc1)S(=O)(=O)N,,-2.622738731
5315,C-5316,,MMISGYGYGXBMMS-UHFFFAOYSA-N,O=C(c1ccc(cc1)[N+](=O)[O-])C=NN1CCCC1,,-2.620821619
5316,C-5317,,JZUFKLXOESDKRF-UHFFFAOYSA-N,Clc1cc2NCNS(=O)(=O)c2cc1S(=O)(=O)N,,-2.6199999
5317,C-5318,,BLFLLBZGZJTVJG-UHFFFAOYSA-N,CCOC(=O)c1ccc(cc1)N,,-2.6199999
5318,C-5319,,AXMPFOXRWZXZFA-UHFFFAOYSA-N,CCCCCCCOC(=O)N,,-2.6199999
5319,C-5320,,JLKIGFTWXXRPMT-UHFFFAOYSA-N,Nc1ccc(cc1)S(=O)(=O)Nc1noc(c1)C,,-2.6199999
5320,C-5321,,ULBXWWGWDPVHAO-QMMMGPOBSA-N,C#C[C@@H](OC(=O)Nc1cccc(c1)Cl)C,,-2.6199999
5321,C-5322,,SVFKQHLOBRUZGV-UHFFFAOYSA-N,CCn1c2ncccc2n(c(=O)c2c1nccc2)C,,-2.6199999
5322,C-5323,,WABYFRDCKCYZAZ-UHFFFAOYSA-N,CCCOc1ccc(cc1OC)C=CC(=O)NO,,-2.619844068
5323,C-5324,,HSJUJKKYLDNMMW-UHFFFAOYSA-N,N/C(=N\CCc1c[nH]c2c1cccc2)/CSS(=O)(=O)O,,-2.618138197
5324,C-5325,,ICKFFNBDFNZJSX-UHFFFAOYSA-N,CN(CCN(c1ccccn1)Cc1ccc(cc1)Cl)C,,-2.61775599
5325,C-5326,,DLKPVUMZHGCNPO-UHFFFAOYSA-N,SCCNCCCCOc1ccc(cn1)Cl.Cl,,-2.617585189
5326,C-5327,,ULBXWWGWDPVHAO-UHFFFAOYSA-N,C#CC(OC(=O)Nc1cccc(c1)Cl)C,,-2.617186813
5327,C-5328,,JIIBDXZOBVJOSH-MDZDMXLPSA-N,CNC(=O)/C(=C(/c1ccccc1)\C)/C,,-2.616188768
5328,C-5329,,JIIBDXZOBVJOSH-KTKRTIGZSA-N,CNC(=O)/C(=C(\c1ccccc1)/C)/C,,-2.616188768
5329,C-5330,,NNHSMCWCONKKMB-UHFFFAOYSA-N,Cc1cccnc1NC(=O)c1ccccc1N,,-2.61617369
5330,C-5331,,UQLLWWBDSUHNEB-CZUORRHYSA-N,O=C(N[C@@H]1C(=O)N2[C@@H]1SCC(=C2C(=O)O)COC(=O)C)CSc1ccncc1,,-2.614817238
5331,C-5332,,XGVJWXAYKUHDOO-DANNLKNASA-N,O[C@H]1C=C2CCN3[C@H]2[C@@H]([C@@H]1O)c1cc2OCOc2cc1C3,,-2.613074174
5332,C-5333,,AUHOMZNEERYDEN-JXMROGBWSA-N,CN1C2CCC1CN(C2)C(=O)/C=C/c1ccccc1,,-2.61295161
5333,C-5334,,KORVTMHAROWYHH-JXMROGBWSA-N,CN1CC2CCC(C1)N2C(=O)/C=C/c1ccccc1,,-2.61295161
5334,C-5335,,PMEBEBFMHFRYOR-UHFFFAOYSA-N,CCC(C(COC(=O)N)(COC(=O)N)C)CC,,-2.6126023
5335,C-5336,,GPTQBJOBBYXFDM-UHFFFAOYSA-N,CCC(C(COC(=O)N)(COC(=O)N)CC)C,,-2.6126023
5336,C-5337,,OQOHSPIPPVKMOW-UHFFFAOYSA-N,CCC(CC(C)C)(COC(=O)N)COC(=O)N,,-2.6126023
5337,C-5338,,OVMFJEGBXVTDOL-UHFFFAOYSA-N,CCCC(C(COC(=O)N)(COC(=O)N)C)C,,-2.6126023
5338,C-5339,,LOKBBQTULLXLQG-UHFFFAOYSA-N,CC(CCC(COC(=O)N)(COC(=O)N)C)C,,-2.6126023
5339,C-5340,,IUFZTNHOGFUUBG-UHFFFAOYSA-N,CN1CCC(C1)OC(=O)C(c1ccccc1)(C1CCCC1)O.Cl,,-2.612221948
5340,C-5341,,HYJSGOXICXYZGS-UHFFFAOYSA-N,OC(=O)Cn1c(=O)sc2c1c(Cl)ccc2,,-2.6099999
5341,C-5342,,XKJCHHZQLQNZHY-UHFFFAOYSA-N,O=C1NC(=O)c2c1cccc2,,-2.6099999
5342,C-5343,,MVFGUOIZUNYYSO-UHFFFAOYSA-N,CCCNC(C(=O)Nc1ccccc1C)C,,-2.609848753
5343,C-5344,,VDANGULDQQJODZ-UHFFFAOYSA-N,CCN(CCOC(=O)c1ccc(cc1Cl)N)CC,,-2.609562154
5344,C-5345,,GRAVEXLOHIMHAF-UHFFFAOYSA-M,[O-]C(=O)C(c1cccc2c1cccc2)Cc1ccccn1.[K+],,-2.607899978
5345,C-5346,,AXOZSLHVJTYWQM-UHFFFAOYSA-N,COc1c(cccc1C(=O)N)c1ccccc1,,-2.607565874
5346,C-5347,,MXJWRABVEGLYDG-UHFFFAOYSA-N,CCCCOc1ccc(cc1)CC(=O)NO,,-2.605716637
5347,C-5348,,UVKFSMBPRQBNCH-UHFFFAOYSA-M,CC[N+](C(CC(c1ccccc1)c1ccccc1)C)(C)C.[Br-],,-2.605664527
5348,C-5349,,DKVCHMQHUMLKPO-UHFFFAOYSA-N,COc1ccc(c(c1)C(=O)CC)OC,,-2.604369179
5349,C-5350,,ZXQVXEAZKZFEEP-UHFFFAOYSA-N,NC(=O)C(c1ccccc1)c1ccccc1,,-2.603839775
5350,C-5351,,IRTLROCMFSDSNF-UHFFFAOYSA-N,c1ccc(cc1)c1ccc[nH]1,,-2.60348481
5351,C-5352,,QQCPOHHISOSHJA-UHFFFAOYSA-N,CCCCN1CCC(CC1)(O)CCCC.Cl,,-2.603144373
5352,C-5353,,DTQPKKCVUDORIM-UHFFFAOYSA-N,Fc1ccc(cc1)C(=O)C(CCN1CCN(CC1)c1ccccc1)O,,-2.602585398
5353,C-5354,,YTRNSQPXEDGWMR-UHFFFAOYSA-N,OC(=O)C(c1ccccc1)(C1CCCCC1)O,,-2.601124919
5354,C-5355,,ZLHXMPGUFBZWDX-UHFFFAOYSA-N,CN1CCN(CC1)CCC(=O)NN=Cc1ccc(o1)[N+](=O)[O-],,-2.601114709
5355,C-5356,,MFLQZNBZGHJWPK-UHFFFAOYSA-N,O=c1c2ccccc2n(c(=O)n1c1ccccc1)CCN1CCOCC1.Cl,,-2.601013218
5356,C-5357,,WRYLYDPHFGVWKC-UHFFFAOYSA-N,CC1=CCC(CC1)(O)C(C)C,,-2.600971798
5357,C-5358,,PGBYZQMLFZWJHF-UHFFFAOYSA-N,O=C1CN(C(=O)N1c1ccccc1)N=Cc1ccc(o1)[N+](=O)[O-],,-2.600758729
5358,C-5359,,GUAZPUYTLMUTMA-ZHACJKMWSA-N,CN(/N=N/c1ccc(cc1)C(=O)O)C,,-2.600368403
5359,C-5360,,MAHAMBLNIDMREX-UHFFFAOYSA-N,OC(=O)c1cc2c(n1C)cccc2,,-2.600049199
5360,C-5361,,BNIXVQGCZULYKV-UHFFFAOYSA-N,ClC(C(Cl)(Cl)Cl)Cl,,-2.5999999
5361,C-5362,,KEQGZUUPPQEDPF-UHFFFAOYSA-N,ClN1C(=O)N(C(C1=O)(C)C)Cl,,-2.5999999
5362,C-5363,,HUTDUHSNJYTCAR-OAHLLOKOSA-N,COc1ccc(cc1)[C@@](c1cncnc1)(C1CC1)O,,-2.5999999
5363,C-5364,,REYFJDPCWQRWAA-UHFFFAOYSA-N,c1ccc(cc1)CN(c1ccccc1)CC1=NCCN1,,-2.5999999
5364,C-5365,,LPNBBFKOUUSUDB-UHFFFAOYSA-N,OC(=O)c1ccc(cc1)C,,-2.5999999
5365,C-5366,,GGTSJKFPGKFLCZ-UHFFFAOYSA-N,COC(=O)c1cc(cc(c1)[N+](=O)[O-])C(=O)OC,,-2.599855837
5366,C-5367,,ALKYHXVLJMQRLQ-UHFFFAOYSA-N,OC(=O)c1cc2ccccc2cc1O,,-2.598708148
5367,C-5368,,WYPOHFPDZTUCMQ-UHFFFAOYSA-N,CCCC(=O)Oc1ccccc1C(=O)O,,-2.598348538
5368,C-5369,,OLGQEKQLWIIWDX-UHFFFAOYSA-L,C(=CC=[N+]1CCN(CC1)c1ccccc1)C=CN1CCN(CC1)c1ccccc1.C(=CC=[N+]1CCN(CC1)c1ccccc1)C=CN1CCN(CC1)c1ccccc1.[Cl-].[Cl-].O.O.O,,-2.598239331
5369,C-5370,,WLWRBOFZMOBYJR-UHFFFAOYSA-N,O=c1[nH]c2c(o1)cc(c(c2)Cl)Cl,,-2.597835712
5370,C-5371,,HMHVCUVYZFYAJI-UHFFFAOYSA-N,O=S1(=O)CCCCN1c1ccc(cc1)S(=O)(=O)N,,-2.597228747
5371,C-5372,,UACOQEQOBAQRDQ-UHFFFAOYSA-N,CCN(S(=O)(=O)c1ccc(cc1)C(=O)O)CC,,-2.597065714
5372,C-5373,,ACFHHZJOAUZSJU-XBXARRHUSA-N,CC(=O)N/N=C/c1ccc(o1)[N+](=O)[O-],,-2.595826755
5373,C-5374,,RPJARFKGODFVHL-UHFFFAOYSA-N,CCC1(c2ccccc2)C(=O)N(C)C(=O)N(C1=O)C,,-2.595261029
5374,C-5375,,QFQQCSOIKYRSMA-UHFFFAOYSA-N,CC(OC(=O)N)COc1ccccc1C,,-2.594743457
5375,C-5376,,INWYTYJMFXUTQY-UHFFFAOYSA-N,CCN(CCOc1ccccc1C)CC.Cl,,-2.594597458
5376,C-5377,,NHRYCKNLCGBRIY-UHFFFAOYSA-N,CCCC(C1(C)OCC(O1)CO)C,,-2.594438689
5377,C-5378,,HVATXFMFGHVAHO-UHFFFAOYSA-N,CCCCNc1ccccc1C(=O)N,,-2.593520126
5378,C-5379,,IGXOSKVDCFQEBF-UHFFFAOYSA-N,O=C(C(c1ccccc1)(c1ccccc1)O)OC1CCCNC1,,-2.593471621
5379,C-5380,,DXHYQIJBUNRPJT-UHFFFAOYSA-N,CCCCNC(=O)c1cc(N)ccc1OCC#C,,-2.592969511
5380,C-5381,,ZDNCYUQHNGXFDO-UHFFFAOYSA-N,O=C(C(=C)c1ccccc1)OC1CC[NH+](CC1)C.[Cl-],,-2.591372967
5381,C-5382,,FBRXLSJWUNGLDK-UHFFFAOYSA-N,CCC(COC(=O)N)(COC(=O)NC(C)C)C,,-2.590759694
5382,C-5383,,HGCIXCUEYOPUTN-UHFFFAOYSA-N,C1CCC=CC1,,-2.5899999
5383,C-5384,,LULAYUGMBFYYEX-UHFFFAOYSA-N,Clc1cccc(c1)C(=O)O,,-2.5899999
5384,C-5385,,WSGCRAOTEDLMFQ-UHFFFAOYSA-N,CCCCC(=O)CCCC,,-2.5899999
5385,C-5386,,WFJIVOKAWHGMBH-UHFFFAOYSA-N,CCCCCCc1ccc(cc1O)O,,-2.5899999
5386,C-5387,,JCCCMAAJYSNBPR-UHFFFAOYSA-N,CCc1cccs1,,-2.5899999
5387,C-5388,,ZCDHRBAYNFWZBH-UHFFFAOYSA-N,CC(C1(CC=C(C)C)C(=O)NC(=O)NC1=O)C,,-2.5899999
5388,C-5389,,VRJBEVQGJOSGOX-UHFFFAOYSA-N,CC(=O)Oc1ccc(cc1C(=O)O)Br,,-2.589461507
5389,C-5390,,JGFZITGNFAVSKU-UHFFFAOYSA-N,CSc1c(C)cc(cc1C)O,,-2.588475668
5390,C-5391,,FDTSYVCHZCQUMG-UHFFFAOYSA-N,OC(CN1CCN(CC1)c1ccccc1)COc1cccc(c1)C(=O)C,,-2.588133899
5391,C-5392,,HCECCXWIJRUZPU-UHFFFAOYSA-N,OC(CN1CCN(CC1)c1ccccc1)COc1ccc(cc1)C(=O)C,,-2.588133899
5392,C-5393,,YZCWLXAKCWCVOV-UHFFFAOYSA-N,OC(CN1CCN(CC1)c1ccccc1)COc1ccccc1C(=O)C,,-2.588133899
5393,C-5394,,JLIDBLDQVAYHNE-YKALOCIXSA-N,OC(=O)/C=C(\C=C\[C@@]1(O)C(=CC(=O)CC1(C)C)C)/C,,-2.587838173
5394,C-5395,,HOYRZHJJAHRMLL-UHFFFAOYSA-N,Cc1cc([N+](=O)[O-])c(c(c1)[N+](=O)[O-])O,,-2.587773878
5395,C-5396,,AGJUUQSLGVCRQA-SWOUQTJZSA-N,CCCCC[C@H]([C@@H]1[C@@H](O)C[C@@H](O)C[C@@H](O)C[C@@H](O)C[C@@H](O)C[C@@H](O)[C@@H](O)[C@H](O)/C(=C/C=C/C=C/C=C/C=C/[C@@H]([C@H](OC1=O)C)O)/C)O,,-2.586317413
5396,C-5397,,ZEBBLOXDLGIMEG-UHFFFAOYSA-N,CCc1c(C)c[nH]c1C,,-2.585185855
5397,C-5398,,BHAKPYFEBLDBCE-UHFFFAOYSA-N,CCCC(COC(=O)N)(COC(=O)N(C)C)C,,-2.583941744
5398,C-5399,,WWPDLGXXOXAQKK-UHFFFAOYSA-M,CC[N+](CCOC(=O)Cc1ccc(cc1)c1ccccc1)(CC)C.[I-],,-2.58090008
5399,C-5400,,VKCYHJWLYTUGCC-UHFFFAOYSA-N,CCCCCCCC(=O)C,,-2.5799999
5400,C-5401,,GPTONYMQFTZPKC-UHFFFAOYSA-N,COc1cnc(nc1)NS(=O)(=O)c1ccc(cc1)N,,-2.5799999
5401,C-5402,,CVQODEWAPZVVBU-UHFFFAOYSA-N,CNC(=O)Oc1cc(C)cc(c1)C,,-2.5799999
5402,C-5403,,ZERULLAPCVRMCO-UHFFFAOYSA-N,CCCSCCC,,-2.5799999
5403,C-5404,,RBBBYDOGRKOESS-UHFFFAOYSA-N,CCC(=O)OC1(CCN(C1C)C)c1ccccc1.Cl,,-2.579104657
5404,C-5405,,DPKHZNPWBDQZCN-UHFFFAOYSA-N,CN(c1ccc2c(c1)nc1c(c2)ccc(c1)N(C)C)C,,-2.578737402
5405,C-5406,,LHGMHYDJNXEEFG-UHFFFAOYSA-N,CN(c1ccc(cc1)/N=C/1\C=CC(=O)C=C1)C,,-2.57649302
5406,C-5407,,NWQYKVCNCNTXCO-UHFFFAOYSA-N,CCNCC(CCC)CCC.Cl,,-2.576298765
5407,C-5408,,LINOLFHDHJMDKP-UHFFFAOYSA-N,CN(CCCOC(=O)C(c1ccccc1)(c1ccccc1)O)C.Cl,,-2.575872383
5408,C-5409,,UAUQNCHZCQYABX-UHFFFAOYSA-N,CC(Nc1c(C)n(c2ccccc2)c(=O)n(c1=O)C)C,,-2.574565455
5409,C-5410,,ANFSNXAXVLRZCG-RSAXXLAASA-N,CN([C@H](Cc1ccccc1)C)Cc1ccccc1.Cl,,-2.574338431
5410,C-5411,,KRABLEGNCHMGDR-UHFFFAOYSA-N,OCCn1c(=O)n(c2ccccc2)c(c(c1=O)N(C)C)C,,-2.573783657
5411,C-5412,,REOJLIXKJWXUGB-UHFFFAOYSA-N,CCCCC1C(=O)NN(C1=O)c1ccccc1,,-2.573765855
5412,C-5413,,YJWTWVLTCKLKJR-UHFFFAOYSA-N,CCCCOc1ccccc1OCC(CO)O,,-2.573216935
5413,C-5414,,PQJLRURZNPVKLU-UHFFFAOYSA-N,ClCCN(C(=O)NCCCCNC(=O)N(N=O)CCCl)N=O,,-2.572989301
5414,C-5415,,USMNOWBWPHYOEA-MRTMQBJTSA-N,O=C1C[C@]2([C@@H]([C@H]1C)C2)C(C)C,,-2.572179506
5415,C-5416,,ZNNFDLJQLKVLRQ-UHFFFAOYSA-N,CCC(Nc1c(C)n(C)c(=O)n(c1=O)c1ccccc1)C,,-2.571940139
5416,C-5417,,YQTAUCCALHOTQC-UHFFFAOYSA-N,O=C1C(CCN1c1ccc(cc1)F)N1CCCCC1,,-2.570039947
5417,C-5418,,LKJPSUCKSLORMF-UHFFFAOYSA-N,CON(C(=O)Nc1ccc(cc1)Cl)C,,-2.5699999
5418,C-5419,,ZXUMUPVQYAFTLF-JTQLQIEISA-N,CC[C@@H](Cc1c[nH]c2c1cccc2)N,,-2.5699999
5419,C-5420,,VIROVYVQCGLCII-UHFFFAOYSA-N,CCC1(CCC(C)C)C(=O)NC(=O)NC1=O,,-2.5699999
5420,C-5421,,OUYCCCASQSFEME-MRVPVSSYSA-N,OC(=O)[C@@H](Cc1ccc(cc1)O)N,,-2.5699999
5421,C-5422,,IJDNQMDRQITEOD-UHFFFAOYSA-N,CCCC,,-2.5699999
5422,C-5423,,ZBLNPMXAFVVOQK-UHFFFAOYSA-N,O=NN1C(C)(C)CCCC1(C)C,,-2.569952569
5423,C-5424,,JTZZMXVIHNHASS-UHFFFAOYSA-N,OC(=O)CC(c1ccccc1)(C)C,,-2.569199477
5424,C-5425,,VPTIXDOSBAIVCW-UHFFFAOYSA-N,COc1ccc(cc1)CC/N=C(/CSS(=O)(=O)O)\N,,-2.569071529
5425,C-5426,,ZDHWSRRZUPRQBD-UHFFFAOYSA-N,CCCN(C(C(=O)N(C)C)CC)C(=O)C=CC.CC=CC(=O)N(C(C(=O)N(C)C)CC)CC,,-2.568636537
5426,C-5427,,DNTGGZPQPQTDQF-XBXARRHUSA-N,C/C=C/C(=O)N(c1ccccc1C)CC,,-2.568295735
5427,C-5428,,ALARQZQTBTVLJV-UHFFFAOYSA-N,CCC1(C(=O)NC(=O)N(C1=O)C)c1ccccc1,,-2.568191161
5428,C-5429,,ZXUMUPVQYAFTLF-UHFFFAOYSA-N,CCC(Cc1c[nH]c2c1cccc2)N,,-2.567220173
5429,C-5430,,APOAEUBPCAZTDV-HWKANZROSA-N,CC(NC(=O)/C=C/c1ccc(o1)[N+](=O)[O-])C,,-2.567048835
5430,C-5431,,PXQWHXAYFGPLCD-UHFFFAOYSA-N,NC(=O)c1cccc(c1O)c1ccccc1,,-2.566932668
5431,C-5432,,SFTCFBSAPNETJJ-UHFFFAOYSA-N,O=C1C(CCN1c1ccc(cc1)O)N1CCCCC1,,-2.566731212
5432,C-5433,,IKHUSJCGKQISRF-UHFFFAOYSA-N,CN1C2CCC1CN(C2)C(=O)c1ccc(cc1)Cl,,-2.566716429
5433,C-5434,,FZVUISTUCPQRLS-UHFFFAOYSA-N,CN1CC2CCC(C1)N2C(=O)c1ccc(cc1)Cl,,-2.566716429
5434,C-5435,,TXCGAZHTZHNUAI-UHFFFAOYSA-N,OC(=O)C(Oc1ccc(cc1)Cl)(C)C,,-2.566424847
5435,C-5436,,HQIRNZOQPUAHHV-UHFFFAOYSA-N,OC(COc1cc(C)ccc1Cl)CNC(C)(C)C,,-2.565816181
5436,C-5437,,YGCFFGRUZJNPDR-UHFFFAOYSA-N,O=C1NC(=O)C2(C(=O)N1)CCC[Si](C2)(C)C,,-2.565237466
5437,C-5438,,OXTGYDWQGFWOBE-UHFFFAOYSA-N,CCCOc1ccc(cc1C)CC(=O)NO,,-2.564930683
5438,C-5439,,XJGONMZLEDGBRM-UHFFFAOYSA-M,CC[N+](CCC(c1ccccc1)(C1CCCCC1)O)(CC)CC.[Cl-],,-2.564895569
5439,C-5440,,KTGWBBOJAGDSHN-UHFFFAOYSA-N,CC(C1(CC(=C)Br)C(=O)NC(=O)NC1=O)C,,-2.564234881
5440,C-5441,,PSADRZMLSXCSAS-UHFFFAOYSA-N,Clc1ccc2=NC(=O)CN(C(=c2c1)c1ccccc1)O,,-2.563799597
5441,C-5442,,MNJRLBZACAATFN-UHFFFAOYSA-N,C#CCOc1ccc(cc1Cl)CC(=O)NO,,-2.562682655
5442,C-5443,,XBGNOMBPRQVJSR-UHFFFAOYSA-N,CCC(c1ccc(cc1)[N+](=O)[O-])C(=O)O,,-2.562409134
5443,C-5444,,MZQAQBDIKUFBSF-UHFFFAOYSA-N,O=C(c1cccnc1)NCN(c1c(=O)n(n(c1C)C)c1ccccc1)C(C)C,,-2.56213723
5444,C-5445,,JNTMAZFVYNDPLB-PEDHHIEDSA-N,CC[C@@H]([C@@H](C(=O)O)NC(=O)[C@@H]1CCCN1C(=O)[C@H]([C@H](CC)C)N)C,,-2.560664069
5445,C-5446,,VOLFUPQSGZPFLV-UHFFFAOYSA-N,N/C(=N\CCSc1ccccc1)/CSS(=O)(=O)O,,-2.560479598
5446,C-5447,,YPCALTGLHFLNGA-UHFFFAOYSA-N,O=C(C1=C(C)OCCC1)Nc1ccccc1,,-2.5599999
5447,C-5448,,BKOOMYPCSUNDGP-UHFFFAOYSA-N,CC=C(C)C,,-2.5599999
5448,C-5449,,DSRNRYQBBJQVCW-UHFFFAOYSA-N,COc1ccc(cc1Cl)NC(=O)N(C)C,,-2.5599999
5449,C-5450,,YUZAZXWFLXMQIX-UHFFFAOYSA-N,CCCCCCSCCN1CSCC1.Cl,,-2.559613874
5450,C-5451,,FSTBFUURVQFNFN-UHFFFAOYSA-N,CCCSCCCCCN1CCSC1.Cl,,-2.559613874
5451,C-5452,,QVHKJIKPKSDFFH-UHFFFAOYSA-N,CCSCCCCCCN1CSCC1.Cl,,-2.559613874
5452,C-5453,,CUBBLXVBSIQEFT-UHFFFAOYSA-N,CCCC(COC(=O)N)(COC(=O)N1CCOCC1)C,,-2.559543775
5453,C-5454,,PCMFUMTXXSUFNN-SQAJFTEPSA-N,OCCC(c1ccnc2c1cc(O)cc2)(C1CC2CCN1C/C/2=C\C)O.Cl.Cl,,-2.558917961
5454,C-5455,,QELSKZZBTMNZEB-UHFFFAOYSA-N,CCCOC(=O)c1ccc(cc1)O,,-2.556792012
5455,C-5456,,ZCEHOOLYWQBGQO-UHFFFAOYSA-N,CCN(CCOC(=O)C(c1ccccc1)(c1ccccc1)O)CC.Cl,,-2.556639187
5456,C-5457,,JQKHJQJVKRFMCO-SNAWJCMRSA-N,OCc1cccc(n1)/C=C/c1ccc(o1)[N+](=O)[O-],,-2.556461275
5457,C-5458,,WPIVWAZHVMSBHX-UHFFFAOYSA-N,Nc1ccc(cc1)S(=O)(=O)Nc1nc2c(n1C)nc(nc2Cl)Cl,,-2.554922272
5458,C-5459,,SCSHLMQESUQPEU-UHFFFAOYSA-N,CCC1CCC(N1C)c1c[nH]c2c1cccc2,,-2.554440662
5459,C-5460,,XWUHTDIIQSYUDH-FPYGCLRLSA-N,[O-][N+](=O)c1ccc(o1)/C=N/NC(=S)N,,-2.553898456
5460,C-5461,,JXFDNEIQTJJIDQ-UHFFFAOYSA-N,CCC(=O)OC12CCN(C(C1)Cc1c2cccc1)C.Cl,,-2.553502952
5461,C-5462,,ICGQGUKMXAOFOU-JXMROGBWSA-N,CN1C(=O)C2CCC(C1=O)N2C(=O)/C=C/c1ccccc1,,-2.553432644
5462,C-5463,,LJSDXBKWNPXKES-BNNCGTOFSA-N,N#[N+]/C=C(/CC[C@@H](C(=O)N[C@H](C(=O)O)CC/C(=C/[N+]#N)/[O-])NC(=O)CC[C@@H](C(=O)O)N)\[O-],,-2.552689279
5463,C-5464,,RIUFVBVJZNDZOJ-UHFFFAOYSA-N,FCCCCCC#C,,-2.552375394
5464,C-5465,,JKPNBDINHLNEKN-UHFFFAOYSA-N,COc1ccc(cc1)CCCCNCCCSS(=O)(=O)O,,-2.551305457
5465,C-5466,,GZSGTFDLLISMMA-UHFFFAOYSA-N,CC(=O)Nc1ccc(cc1Cl)Cl,,-2.551203177
5466,C-5467,,QARVLSVVCXYDNA-UHFFFAOYSA-N,Brc1ccccc1,,-2.55
5467,C-5468,,WNTGYJSOUMFZEP-SSDOTTSWSA-N,OC(=O)[C@H](Oc1ccc(cc1C)Cl)C,,-2.55
5468,C-5469,,QILSFLSDHQAZET-UHFFFAOYSA-N,OC(c1ccccc1)c1ccccc1,,-2.55
5469,C-5470,,NNPPMTNAJDCUHE-UHFFFAOYSA-N,CC(C)C,,-2.55
5470,C-5471,,BFCFYVKQTRLZHA-UHFFFAOYSA-N,[O-][N+](=O)c1ccccc1Cl,,-2.55
5471,C-5472,,AAOQURPCQWSPJM-UHFFFAOYSA-N,CC(C(C(C)C)(COC(=O)N)COC(=O)N)C,,-2.549491968
5472,C-5473,,WHECQDVQLPVCRX-NSCUHMNNSA-N,N#C/C=C/c1ccc(cc1)C,,-2.548454633
5473,C-5474,,QFQFUYYLEUQHTP-UHFFFAOYSA-N,OS(=O)(=O)SCCNCCCNc1ccccc1,,-2.547063418
5474,C-5475,,PRGGTHPPVOPHHG-UHFFFAOYSA-N,[O-][N+](=O)c1ccc(o1)COC(=O)CC,,-2.546390048
5475,C-5476,,LNMAXZZQNSPQSR-UHFFFAOYSA-N,ONC1=c2ccccc2=NC1=O,,-2.546210644
5476,C-5477,,ATFNSNUJZOYXFC-RQJHMYQMSA-N,O=C1[C@@H]2O[C@@H]2C(=O)C(=C1O)C,,-2.545199487
5477,C-5478,,WMCUHRDQSHQNRW-UHFFFAOYSA-N,FCCCCBr,,-2.544348279
5478,C-5479,,BITRJBQGQMGGQI-UHFFFAOYSA-N,C1CCN(CC1)CC1COc2c(O1)cccc2.Cl,,-2.542812564
5479,C-5480,,DFDGRKNOFOJBAJ-UHFFFAOYSA-N,OC(=O)C1=CC(=O)C(O1)(C)c1ccccc1,,-2.540911005
5480,C-5481,,LZRSJRREUJZNLN-UHFFFAOYSA-N,NC(=O)OCCN1OCc2c(C1)ccc(c2)Cl,,-2.540170463
5481,C-5482,,RIZUCYSQUWMQLX-UHFFFAOYSA-N,OC(=O)c1cccc(c1C)C,,-2.540115528
5482,C-5483,,JRLMMJNORORYPO-UHFFFAOYSA-N,S=c1[nH][nH]c(n1)c1ccccc1,,-2.540104109
5483,C-5484,,DTYRWULXBWFUDY-UHFFFAOYSA-N,NNC(=O)OCC(COC(=O)NN)(CC)CC,,-2.540033962
5484,C-5485,,QMMOXUPEWRXHJS-HWKANZROSA-N,CC/C=C/C,,-2.54
5485,C-5486,,CYTYCFOTNPOANT-UHFFFAOYSA-N,ClC(=C(Cl)Cl)Cl,,-2.54
5486,C-5487,,IZXWCDITFDNEBY-UHFFFAOYSA-N,ClCc1ccc(cc1)F,,-2.54
5487,C-5488,,GYESAYHWISMZOK-UHFFFAOYSA-N,Oc1cccc2c1cccn2,,-2.54
5488,C-5489,,QKLSCPPJEVXONT-UHFFFAOYSA-N,COc1cc(nc(n1)C)NS(=O)(=O)c1ccc(cc1)N,,-2.54
5489,C-5490,,ZAXKSTCANCQSEB-UHFFFAOYSA-N,CN1CC2CCC(C1)N2C(=O)c1ccc(cc1)CC(=O)O,,-2.539792081
5490,C-5491,,YWZJREHAYVHVRF-UHFFFAOYSA-N,CN1C2CCC1CN(C2)C(=O)c1ccc(cc1)CC(=O)O,,-2.539792081
5491,C-5492,,KDWMOTCARFFLTQ-UHFFFAOYSA-N,[O-][N+](=O)c1ccc(o1)C(=O)OCCC,,-2.538783995
5492,C-5493,,YFTWHEBLORWGNI-UHFFFAOYSA-N,Nc1nc(Sc2n(C)cnc2[N+](=O)[O-])c2c(n1)nc[nH]2,,-2.538783787
5493,C-5494,,NSWAMPCUPHPTTC-UHFFFAOYSA-N,CCOC(=O)c1ccccc1S(=O)(=O)NC(=O)Nc1nc(Cl)cc(n1)OC,,-2.53867529
5494,C-5495,,HAWXUXHIRZSLBQ-UHFFFAOYSA-N,CN1CCC2(CC1Cc1c2cccc1)C.Cl,,-2.538570446
5495,C-5496,,QPJGOZXYYJDTID-UHFFFAOYSA-N,Cc1nc(nc(n1)N1CCOCC1)N1CCOCC1,,-2.537274336
5496,C-5497,,FKOFBBOQSMUYHD-UHFFFAOYSA-N,CCCC(N1CCCC1)Cc1ccccc1.Cl,,-2.537048086
5497,C-5498,,PUSJAEJRDNPYKM-UHFFFAOYSA-N,Cc1sc(c(c1)C(=O)C)C,,-2.536882425
5498,C-5499,,UYVDLZFIIVODJV-UHFFFAOYSA-N,CC1=NS(=O)(=O)c2c(N1)cc(Cl)c(c2)S(=O)(=O)N,,-2.535548695
5499,C-5500,,VORWOQGVKPXSCM-UHFFFAOYSA-N,Clc1ccc2c(c1)n(C)c(=O)o2,,-2.535497605
5500,C-5501,,FCCDDURTIIUXBY-UHFFFAOYSA-N,NC(=O)CCCCC1SSCC1,,-2.533586395
5501,C-5502,,MEVXADNQQUNQKB-UHFFFAOYSA-N,OCC(COc1c(C)cccc1Cl)O,,-2.533007018
5502,C-5503,,NZGGNOPKFAEZDI-UHFFFAOYSA-N,OCC(COc1ccc(c(c1)C)Cl)O,,-2.533007018
5503,C-5504,,XCGYUJZMCCFSRP-UHFFFAOYSA-N,OCc1cc2CCC(Nc2cc1[N+](=O)[O-])CNC(C)C,,-2.532584171
5504,C-5505,,VGKZBAMIYUHSMU-UHFFFAOYSA-N,ClCCN(C(=O)NC1CCC(CC1)C(=O)O)N=O,,-2.532319513
5505,C-5506,,QDMXVLGVKMTTIT-UHFFFAOYSA-N,Clc1ccc2c(c1)oc(n2)N,,-2.532200851
5506,C-5507,,YGCODSQDUUUKIV-UHFFFAOYSA-N,Clc1ccc2c(c1)nc(o2)N,,-2.532113123
5507,C-5508,,VKXGYKMQYZFKAP-UHFFFAOYSA-N,OCC(COc1ccc2c(c1)cccc2)O,,-2.531423204
5508,C-5509,,BYNNMWGWFIGTIC-UHFFFAOYSA-N,OCC(COc1cccc2c1cccc2)O,,-2.531423204
5509,C-5510,,HHFOOWPWAXNJNY-UHFFFAOYSA-N,OCC1COC(O1)(C(C)C)C(C)C,,-2.531264438
5510,C-5511,,HAAFFTHBNFBVKY-UHFFFAOYSA-N,COc1cc(Cl)c(cc1O)Cl,,-2.53
5511,C-5512,,NOOLISFMXDJSKH-AEJSXWLSSA-N,C[C@H]1CC[C@@H]([C@H](C1)O)C(C)C,,-2.53
5512,C-5513,,BAFQDKPJKOLXFZ-UHFFFAOYSA-N,COP(=O)(Oc1ccc(cc1)[N+](=O)[O-])OC,,-2.529030955
5513,C-5514,,PHJKPNBDCOWULD-UHFFFAOYSA-N,Clc1ccc(nc1)SCCCN1CSCC1.Cl,,-2.528424468
5514,C-5515,,MHUKGVQDAKFWOK-UHFFFAOYSA-N,C#CCNC(=O)OCC(C(CC)C)(CO)C,,-2.527947182
5515,C-5516,,RKISHCUVRHHCRT-UHFFFAOYSA-N,FC(c1ccc(c(c1)N1C(=O)C2C(C1=O)C1OC2CC1)Cl)(F)F,,-2.525864667
5516,C-5517,,OVKDZRWGBXJOPR-UHFFFAOYSA-N,CCOC(=O)Cn1c(CC)cnc1[N+](=O)[O-],,-2.523937643
5517,C-5518,,IEADCIRKURNNHE-UHFFFAOYSA-N,C[NH+](CCc1csc2c1cccc2)C.[Cl-],,-2.52307696
5518,C-5519,,WEXRUCMBJFQVBZ-UHFFFAOYSA-N,CCCC(C1(CC)C(=O)NC(=O)NC1=O)C,,-2.522896659
5519,C-5520,,VELIJARCYHAWJO-UHFFFAOYSA-N,CCC1(C(C=C(C)C)C)C(=O)NC(=O)NC1=O,,-2.522794308
5520,C-5521,,VYRWKGJBKMJWMF-UHFFFAOYSA-N,CCC12OCC(CO1)(CO2)CC,,-2.522603129
5521,C-5522,,QHACRDBQKDNTBY-UHFFFAOYSA-N,FCCCCCSC#N,,-2.522517994
5522,C-5523,,QMTWOKBKQQYFPK-UHFFFAOYSA-N,CCCC(COC(=O)N)(COC(=O)NC=C)C,,-2.522211407
5523,C-5524,,YMKDRGPMQRFJGP-UHFFFAOYSA-M,CCCCCCCCCCCCCCCC[n+]1ccccc1.[Cl-],,-2.522017802
5524,C-5525,,FSQCJCGRJQUHCA-UHFFFAOYSA-N,O=C(Nc1ccc(cc1C)C)NC=CP(=O)(N1CC1)N1CC1,,-2.521524661
5525,C-5526,,UEJUHUJBJZBBLW-UHFFFAOYSA-N,N/C(=N\CCCOc1ccccc1)/CSS(=O)(=O)O,,-2.52104535
5526,C-5527,,MCICEZSGVOVLQQ-UHFFFAOYSA-N,ClCCN(C(Cc1ccccc1)C)C.Cl,,-2.520304194
5527,C-5528,,FMTDIUIBLCQGJB-KXPGYZOPSA-N,CN([C@@H]1C(=C(C(=O)N)C(=O)[C@]2([C@H]1C[C@H]1C(=C2O)C(=O)c2c([C@@H]1O)c(Cl)ccc2O)O)O)C,,-2.52
5528,C-5529,,WEXRUCMBJFQVBZ-SSDOTTSWSA-N,CCC[C@H](C1(CC)C(=O)NC(=O)NC1=O)C,,-2.52
5529,C-5530,,GBGXVCNOKWAMIP-CQSZACIVSA-N,O[C@@H](c1ccccc1)Cc1ccccc1,,-2.52
5530,C-5531,,CTSLUCNDVMMDHG-RXMQYKEDSA-N,CC[C@H](n1c(=O)[nH]c(c(c1=O)Br)C)C,,-2.52
5531,C-5532,,YAPQBXQYLJRXSA-UHFFFAOYSA-N,Cn1cnc2c1c(=O)[nH]c(=O)n2C,,-2.52
5532,C-5533,,KLGMSAOQDHLCOS-UHFFFAOYSA-N,CCOC(=O)N(C(=O)CSP(=S)(OCC)OCC)C,,-2.52
5533,C-5534,,MMLWJCIXKYNCNI-UHFFFAOYSA-N,Oc1ccc(cc1O)CCNCC1CCc2c(N1)cccc2.Br.Br,,-2.519941242
5534,C-5535,,JJXPTUWJVQUHKN-UHFFFAOYSA-N,COc1ccc2c(c1)cco2,,-2.519455887
5535,C-5536,,LUKSBMJXPCFBKO-UHFFFAOYSA-N,CCC(=O)OC1(CCN(C1C)C)c1ccccc1,,-2.519389247
5536,C-5537,,YTIZHZPRFYKRIG-RUZUBIRVSA-N,CC(=O)O[C@H]1[C@H](OC(=O)C)[C@H](O[C@H]1n1ccc(nc1=O)N)COC(=O)C,,-2.519361401
5537,C-5538,,HXYYSKMOHXXOAW-UHFFFAOYSA-N,O=C1CC(CN1c1ccccc1)N1CCCCC1,,-2.518759295
5538,C-5539,,OGPGUQWXWFCVNG-UHFFFAOYSA-N,CCC1=CC(N(C(C1)(C)C)C)(C)C,,-2.518090206
5539,C-5540,,OXFIVVVRVHQCKA-UHFFFAOYSA-N,OC(=O)C(=O)[O-].CC1Oc2ccc(cc2N(C1=O)CCC[NH2+]C)Cl,,-2.517395663
5540,C-5541,,BUEGMKXWTLQONM-UHFFFAOYSA-N,CC1CCCCN1CCCOC(=O)c1ccco1,,-2.516575984
5541,C-5542,,IBWJXVVIEGGYGU-UHFFFAOYSA-N,Clc1ccc(cc1)N1C(=S)SC(C1=O)C,,-2.515831385
5542,C-5543,,UVAZQQHAVMNMHE-CZUORRHYSA-N,CCC(=O)O[C@@]1(CCN(C[C@H]1C)C)c1ccccc1,,-2.515789092
5543,C-5544,,WDEFPRUEZRUYNW-UHFFFAOYSA-L,C[N+](C1c2ccccc2c2c1cccc2)(CCCCCC[N+](C1c2ccccc2c2c1cccc2)(C)C)C.[Br-].[Br-],,-2.51565498
5544,C-5545,,BOEGTKLJZSQCCD-UEKVPHQBSA-N,O=C([C@@H](c1ccc(cc1)O)N)N[C@@H]1C(=O)N2[C@@H]1SCC(=C2C(=O)O)C,,-2.515047603
5545,C-5546,,ZCKXWZJYZCFTMH-UHFFFAOYSA-L,CC[N+](CCCCC[N+]1(C)Cc2c(C1)c(Cl)c(c(c2Cl)Cl)Cl)(CC)C.[I-].[I-],,-2.513683948
5546,C-5547,,YWAGQZNXGUHOSX-UHFFFAOYSA-N,CC(C(c1ccccc1)(c1ccccc1)O)CN(C)C.Cl,,-2.513299981
5547,C-5548,,IVQOFBKHQCTVQV-UHFFFAOYSA-N,CCN(CCOC(=O)C(c1ccccc1)(c1ccccc1)O)CC,,-2.512944461
5548,C-5549,,JJVQCNOKKOBJRQ-UHFFFAOYSA-N,COc1cc(ccc1O)C(C(NC(COc1ccccc1)C)C)O.Cl,,-2.512615929
5549,C-5550,,MTFCPNHRBINLRQ-UHFFFAOYSA-N,CC(OC(=O)c1ccccc1)CNC1CCCCC1.Cl,,-2.511541541
5550,C-5551,,IYKFYARMMIESOX-UHFFFAOYSA-N,O=C1C2CC3CC1CC(C2)C3,,-2.511149629
5551,C-5552,,JLEMBEDQJILISF-UHFFFAOYSA-N,C=CCn1c(C)c(N(C)C)c(=O)n(c1=O)c1ccccc1,,-2.51108806
5552,C-5553,,JIQOPFIEDZPLQT-UHFFFAOYSA-N,CC(N1C(=O)c2ccccc2CS1(=O)=O)C,,-2.510866373
5553,C-5554,,XGLHJEZLNGXEAZ-UHFFFAOYSA-N,Cn1c(=S)[nH]nc1c1ccccc1,,-2.510753974
5554,C-5555,,OVSKIKFHRZPJSS-UHFFFAOYSA-N,OC(=O)COc1ccc(cc1Cl)Cl,,-2.51
5555,C-5556,,CRNIHJHMEQZAAS-UHFFFAOYSA-N,CCC(Cl)(C)C,,-2.51
5556,C-5557,,GETTZEONDQJALK-UHFFFAOYSA-N,FC(c1ccccc1)(F)F,,-2.51
5557,C-5558,,DYAWASAZUYPBDU-UHFFFAOYSA-N,CCC(C(=O)N)(SCC=C)CC,,-2.509112079
5558,C-5559,,RSMPEQBSFXBQMJ-UHFFFAOYSA-N,CCCCOc1ccc(cc1)CC(=O)N,,-2.506310194
5559,C-5560,,JJBRLTIVSDLEJK-UHFFFAOYSA-N,O=C(c1ccccc1)Nc1ncccc1C,,-2.505338263
5560,C-5561,,NXKQVGQLYKHOOE-UHFFFAOYSA-N,N=C(CCCCCCCCCCC(=N)[NH3+])[NH3+].[Cl-].[Cl-],,-2.504343909
5561,C-5562,,LLMBMJLSWMUILX-UHFFFAOYSA-N,[NH3+]c1ccc(cc1)C(=O)NC1=Nc2c([NH2+]1)cccc2.[Cl-].[Cl-],,-2.503541003
5562,C-5563,,JEAWPIKEEQZLJQ-UHFFFAOYSA-N,OC(c1nc2c([nH]1)cccc2)c1ccccc1,,-2.503184968
5563,C-5564,,DLURHXYXQYMPLT-UHFFFAOYSA-N,Cc1ccc(c(c1)[N+](=O)[O-])N,,-2.502852623
5564,C-5565,,WOVKYSAHUYNSMH-RRKCRQDMSA-N,OC[C@H]1O[C@H](C[C@@H]1O)n1cc(Br)c(=O)[nH]c1=O,,-2.50203304
5565,C-5566,,LLROQAGEAVDYFP-MDZDMXLPSA-N,CN(/N=N/c1ccccc1)C,,-2.502032031
5566,C-5567,,AEVSLBGUEKOQEE-UHFFFAOYSA-N,ON=C(C1CC1)C1CC1,,-2.5020075
5567,C-5568,,XFKXNUIIWKUVFV-UHFFFAOYSA-N,OCC(c1ccc(cc1)C)C(=O)OC1CC2CCC(C1)N2C,,-2.501560561
5568,C-5569,,NRNCYVBFPDDJNE-UHFFFAOYSA-N,O=C1N=C(OC1c1ccccc1)N,,-2.50063522
5569,C-5570,,MJELWGXEQOCGGW-UHFFFAOYSA-N,CCCCOc1ccccc1NC(=O)C,,-2.498316819
5570,C-5571,,ZYZQOYSKLICWGX-UHFFFAOYSA-N,COc1ccc(cc1)C(=O)c1ccccn1,,-2.498271838
5571,C-5572,,IBVNNVNKILNDQJ-XNIMBYMISA-N,ClCCN([C@H]1C(OC(=O)C)O[C@@H]([C@H]([C@@H]1OC(=O)C)OC(=O)C)COC(=O)C)CCCl,,-2.49813773
5572,C-5573,,PAMQYEWNNPDBLM-UHFFFAOYSA-N,CCCCOC(=O)c1ccco1,,-2.498101451
5573,C-5574,,CVVIOMFTTKEVJM-UHFFFAOYSA-N,NC(=N)c1ccc(cc1)Oc1ccc(cc1)C(=N)N.Cl.Cl,,-2.497791915
5574,C-5575,,IKFBXKNSWSOXBJ-UHFFFAOYSA-N,Brc1ccc(nc1)OCCCN1CSCC1.Cl,,-2.497641094
5575,C-5576,,XVVRVNIDUKODKO-UHFFFAOYSA-N,OC(=O)C=CC(=O)O.CNCC(C(=O)c1ccccc1)c1ccccc1,,-2.497626772
5576,C-5577,,ITMSAWKLJVGBIT-UHFFFAOYSA-N,CCOC(=O)NC(C(Cl)(Cl)Cl)O,,-2.496928932
5577,C-5578,,LDMOQBBDWPPTNL-UHFFFAOYSA-N,OCC(COc1ccccc1Br)O,,-2.496876922
5578,C-5579,,FZGZDDRZAZBANV-UHFFFAOYSA-N,OCC(COc1ccc(cc1)Br)O,,-2.496876922
5579,C-5580,,XRNMUORBCMFEJN-UHFFFAOYSA-N,CN1OCc2c(C1)ccc(c2)[N+](=O)[O-],,-2.496536213
5580,C-5581,,KAKXDVMMEINZJU-UHFFFAOYSA-N,CN1OCc2c(C1)cc(cc2)[N+](=O)[O-],,-2.496536213
5581,C-5582,,IKFBPFGUINLYQI-UHFFFAOYSA-N,CCNC1C2CCC(C1c1ccccc1)C2,,-2.496484167
5582,C-5583,,UMMYPDFDLDVDCZ-UHFFFAOYSA-N,CSc1c(Cl)nc(nc1N1CCN(CC1)C)NC(C)C,,-2.495178771
5583,C-5584,,ONCICIKBSHQJTB-UHFFFAOYSA-N,CCC(=O)c1ccc(cc1)N(C)C,,-2.49499581
5584,C-5585,,KIXJXFRXGDBHEY-ZRDIBKRKSA-N,CC(=O)OCCN1CCS/C/1=N/c1ncc(s1)[N+](=O)[O-],,-2.494558407
5585,C-5586,,OAZCRIJJSHBIQW-UHFFFAOYSA-N,CCS(=O)(=O)c1ccc(cc1)OCC(CN1CCN(CC1)c1ccccc1)O.Cl.Cl,,-2.494228289
5586,C-5587,,LCXDJHNQFGKTOE-UHFFFAOYSA-N,CCCC(COC(=O)NNC(C)C)(CO)C,,-2.493937822
5587,C-5588,,IDDIJAWJANBQLJ-UHFFFAOYSA-N,CS(=O)(=O)O.NCCCCCN(C(=O)CCC(=O)NCCCCCN(C(=O)CCC(=O)NCCCCCN(C(=O)C)O)O)O,,-2.49314608
5588,C-5589,,NIAMBTSPHJKHDH-UHFFFAOYSA-N,OCCCCc1[nH]c2c(n1)n(C)c(=O)n(c2=O)C,,-2.491248088
5589,C-5590,,NCDGQDBGSOGZBW-UHFFFAOYSA-N,OC(=O)C(=O)O.CNCCCC1OC(c2c1cccc2)(C)C,,-2.490901479
5590,C-5591,,HDNVYHWHCVTDIV-UHFFFAOYSA-N,OCC(C(=O)Nc1ccc(cc1)C(=O)Nc1ccn(c(=O)n1)C1CCC(C(O1)C)OC1OC(C)C(C(C1O)O)N(C)C)(N)C,,-2.49044169
5591,C-5592,,LTWLLPCABGILCV-UHFFFAOYSA-N,Clc1ccc(nc1)OCCCCN1CSCC1.Cl,,-2.49030829
5592,C-5593,,ZPTVNYMJQHSSEA-UHFFFAOYSA-N,Cc1ccc(cc1)[N+](=O)[O-],,-2.49
5593,C-5594,,NFLGAXVYCFJBMK-DTWKUNHWSA-N,C[C@H]1CC[C@@H](C(=O)C1)C(C)C,,-2.49
5594,C-5595,,WJUXSWORFADQNG-UHFFFAOYSA-N,COc1ccc(cc1)CCCCNCC(SS(=O)(=O)O)C,,-2.489621293
5595,C-5596,,ODCRDIUZBXHSBN-UHFFFAOYSA-N,COc1ccc(cc1)CCCCNC(CSS(=O)(=O)O)C,,-2.489621293
5596,C-5597,,ZLEOLTREQNOWMM-UHFFFAOYSA-N,NC(=O)C1(OC1Cl)c1ccccc1Cl,,-2.489382447
5597,C-5598,,CQMSOKCEWXQWON-FNORWQNLSA-N,C=CCOc1ccc(cc1OC)/C=C/C(=O)NO,,-2.488178043
5598,C-5599,,GUXHBMASAHGULD-SEYHBJAFSA-N,CN([C@@H]1C(=O)C(=C([C@@]2([C@H]1C[C@H]1C(=C(O)c3c([C@H]1O)c(Cl)ccc3O)C2=O)O)O)C(=O)N)C,,-2.486904883
5599,C-5600,,OARUOQLHKTZEIM-UHFFFAOYSA-N,CNCCOC(c1ccccc1)c1ccccc1.Cl,,-2.486591521
5600,C-5601,,NUXWIIFYEUCZKQ-UHFFFAOYSA-N,CCCC(COC(=O)N)(COC(=O)NCC#C)C,,-2.486545718
5601,C-5602,,PIMJYOORDYDRBD-UHFFFAOYSA-N,NC(=O)NCCc1c(C)cccc1C,,-2.485933789
5602,C-5603,,HKOZYKMXXBHEHT-UHFFFAOYSA-M,CC[N+](CCOC(c1ccccc1)c1ccccc1)(CC)C.[I-],,-2.485735721
5603,C-5604,,RYKDNQPLJJHBBG-UHFFFAOYSA-M,CCCC1(CC)C(=O)NC(=S)N=C1[O-].[Na+],,-2.485219897
5604,C-5605,,YWQOTUHPZDSZMT-UHFFFAOYSA-N,CON(C(=O)OCC(CO)(CC)CC)C,,-2.483668526
5605,C-5606,,TYMZLAZEAVFQJY-UHFFFAOYSA-L,NC1CCC1.NC1CCC1.[Cl-].[Cl-].[Pt+2],,-2.48347615
5606,C-5607,,UOWPRWCAMGTPHI-UHFFFAOYSA-N,[O-][N+](=O)c1cc2c(Cl)[nH]nc2cc1,,-2.481490989
5607,C-5608,,GOYJQKVVEOIVCJ-UHFFFAOYSA-N,COc1cc2oc(nc2cc1Cl)N,,-2.481088525
5608,C-5609,,NTHGIYFSMNNHSC-UHFFFAOYSA-N,CC(CCO[N+](=O)[O-])C,,-2.480878709
5609,C-5610,,NBQCNZYJJMBDKY-UHFFFAOYSA-N,Cc1[nH]c(=O)n(c(=O)c1Cl)C(C)(C)C,,-2.48
5610,C-5611,,MFOUDYKPLGXPGO-UHFFFAOYSA-N,ClCC(=O)N(c1ccccc1)C(C)C,,-2.48
5611,C-5612,,WBYWAXJHAXSJNI-VOTSOKGWSA-N,OC(=O)/C=C/c1ccccc1,,-2.48
5612,C-5613,,ISEUFVQQFVOBCY-UHFFFAOYSA-N,COc1nc(NC(C)C)nc(n1)NC(C)C,,-2.48
5613,C-5614,,ZLYUUULYWWOPHJ-BNXVUDNTSA-N,O[C@H]([C@H](C(=O)O)O)C(=O)O.Oc1ccc2c(c1)[C@]13CCCC[C@H]3[C@@H](C2)N(CC1)CCc1ccncc1,,-2.477623272
5614,C-5615,,WFXFYZULCQKPIP-UHFFFAOYSA-N,COc1cc2nc(nc(c2cc1OC)N)N1CCN(CC1)C(=O)c1ccco1.Cl,,-2.476982672
5615,C-5616,,SKTJISGGWXVVBE-UHFFFAOYSA-N,CCOc1ccc(cc1)N/C(=N/c1ccc(cc1)OCC)/N,,-2.476214066
5616,C-5617,,RAFOHKSPUDGZPR-VOTSOKGWSA-N,CC/C=C(/C1(CC)C(=O)NC(=O)NC1=O)\C,,-2.475690535
5617,C-5618,,JYIJIIVLEOETIQ-XDQVBPFNSA-N,O=C1CCC[C@H]2N1C[C@@H]1C[C@H]2CN2[C@H]1CCCC2,,-2.474975811
5618,C-5619,,RRCPAXJDDNWJBI-UHFFFAOYSA-N,C=CCc1ccccc1OCC(CNC(C)C)O.Cl,,-2.474261867
5619,C-5620,,SQSZJFNQVXYHJO-UHFFFAOYSA-N,CNN1C(C)(C)CCCC1(C)C,,-2.473060026
5620,C-5621,,LIZXGILRVOONMO-UHFFFAOYSA-M,C=CCC1(CC(C)C)C(=O)NC(=NC1=O)[O-].[Na+],,-2.472284038
5621,C-5622,,HTLIIBRHXAULMB-UHFFFAOYSA-N,O=c1c2ccccc2nc2n1CCCCC2,,-2.471879111
5622,C-5623,,VAJSWYGXJIEKGX-QPOHYMPGSA-N,OC[C@](c1ccccc1)(C(=O)OC1CC2CCC(C1)N2C)C.Cl,,-2.4706022
5623,C-5624,,PIZFMLLHVVBRNN-UHFFFAOYSA-M,OC(c1ccccc1)C(=O)OC1CC2CCC(C1)[N+]2(C)Cc1cccc2c1cccc2.[Cl-],,-2.470438356
5624,C-5625,,HSSBORCLYSCBJR-UHFFFAOYSA-N,Clc1cc(N)c(c(c1)C(=O)O)Cl,,-2.47
5625,C-5626,,XEYBRNLFEZDVAW-CTYXUUPWSA-N,CCCCC[C@H](/C=C/[C@@H]1[C@@H](O)CC(=O)[C@H]1C/C=C/CCCC(=O)O)O,,-2.47
5626,C-5627,,FISILDKYNPNRFV-UHFFFAOYSA-M,O=C(C(c1ccccc1)O)OC1CC2CCC(C1)[N+]2(C)Cc1ccc(cc1)Br.[Br-],,-2.469971698
5627,C-5628,,HGRRBNZVDIYTAA-UHFFFAOYSA-N,CC(Cc1c(C)cc(cc1C)C)N.Cl,,-2.468967451
5628,C-5629,,GOZDTZWAMGHLDY-UHFFFAOYSA-L,[O-]S(=O)(=O)Oc1ccc(cc1)C(c1ccccn1)c1ccc(cc1)OS(=O)(=O)[O-].[Na+].[Na+],,-2.468458309
5629,C-5630,,NHMUJYOBLYTIKO-UHFFFAOYSA-L,CN(c1c(C)n(n(c1=O)c1ccccc1)C)CS(=O)(=O)[O-].CN(c1c(C)n(n(c1=O)c1ccccc1)C)CS(=O)(=O)[O-].[Mg+2],,-2.467137694
5630,C-5631,,DKLYDESVXZKCFI-UHFFFAOYSA-N,CC(=O)N(c1ccccc1)c1ccccc1,,-2.467070997
5631,C-5632,,KCXVZYZYPLLWCC-UHFFFAOYSA-N,OC(=O)CN(CC(=O)O)CCN(CC(=O)O)CC(=O)O,,-2.465745589
5632,C-5633,,BYHDDXPKOZIZRV-UHFFFAOYSA-N,OC(=O)CCCCc1ccccc1,,-2.465653409
5633,C-5634,,ZOSQTCOGKFRDET-UHFFFAOYSA-L,C[N+](CCC[N+]1(C)CC2CCC(C1)(C2(C)C)C)(C)C.COS(=O)(=O)[O-].COS(=O)(=O)[O-],,-2.46341794
5634,C-5635,,DRLFMBDRBRZALE-UHFFFAOYSA-N,COc1ccc2c(c1)c(CCNC(=O)C)c[nH]2,,-2.462330695
5635,C-5636,,CBXMULHQEVXJDI-UHFFFAOYSA-N,C1COc2c(OC1)cccc2,,-2.460600081
5636,C-5637,,KPVMGWQGPJULFL-UHFFFAOYSA-N,C1CCN(CC1)C1=CCCCC1,,-2.460065682
5637,C-5638,,WMPXZRNMBZPVIN-UHFFFAOYSA-L,C[N+]1(CCCC[N+]2(C)CCOCC2)CCOCC1.[Br-].[Br-],,-2.460030554
5638,C-5639,,AOGQPLXWSUTHQB-UHFFFAOYSA-N,CCCCCCOC(=O)C,,-2.46
5639,C-5640,,QGRPVMLBTFGQDQ-UHFFFAOYSA-N,COc1ccccc1Cl,,-2.46
5640,C-5641,,XKFPYPQQHFEXRZ-UHFFFAOYSA-N,Cc1onc(c1)C(=O)NNCc1ccccc1,,-2.46
5641,C-5642,,PYLMCYQHBRSDND-SOFGYWHQSA-N,CCC/C=C(/C=O)\CC,,-2.46
5642,C-5643,,GLZPCOQZEFWAFX-JXMROGBWSA-N,OC/C=C(/CCC=C(C)C)\C,,-2.46
5643,C-5644,,ODSCUBSJIFLFPF-UHFFFAOYSA-N,CCCCC(=O)c1ccc(cc1)N,,-2.459633142
5644,C-5645,,YYCRAERBSFHMPL-XFKAJCMBSA-N,COc1ccc2c3c1O[C@@H]1[C@@]43CCN([C@H](C2)[C@]4(O)C=CC1=O)C,,-2.459005977
5645,C-5646,,MGOCBXKZDZRPMK-UHFFFAOYSA-N,O=C1Nc2cc(Cl)ccc2OC1C,,-2.458869763
5646,C-5647,,FWLNZTGNVCRKCU-UHFFFAOYSA-N,Clc1ccc(cc1)Cn1cc(F)c(=O)[nH]c1=O,,-2.458403407
5647,C-5648,,CCGBIMUGLRDVOC-UHFFFAOYSA-N,COc1ccc(cc1)C(=O)CCN1CCCCC1.Cl,,-2.45824931
5648,C-5649,,ZEYHEAKUIGZSGI-UHFFFAOYSA-N,COc1ccc(cc1)C(=O)O,,-2.457993233
5649,C-5650,,LUCYABSAYIDKJV-UHFFFAOYSA-N,N#CSc1cccc(c1)C(=O)O,,-2.457440999
5650,C-5651,,ZXHCITRMALCKPV-UHFFFAOYSA-N,N#CSc1ccc(cc1)C(=O)O,,-2.457440999
5651,C-5652,,GXLIFJYFGMHYDY-ZZXKWVIFSA-N,OC(=O)/C=C/c1ccc(cc1)Cl,,-2.457368476
5652,C-5653,,KJRRTHHNKJBVBO-AATRIKPKSA-N,OC(=O)/C=C/c1ccccc1Cl,,-2.457368476
5653,C-5654,,HMMMTSXSWRPUOJ-UHFFFAOYSA-N,Clc1ccc(cc1)C(Cn1cncc1)O,,-2.457244591
5654,C-5655,,DBDVAKGHPZJLTH-UHFFFAOYSA-N,C1CCN(CC1)CCc1ccccc1,,-2.456953743
5655,C-5656,,MHZGKXUYDGKKIU-UHFFFAOYSA-N,CCCCCCCCCCN,,-2.456368766
5656,C-5657,,BJLUMCCGHWLDON-UHFFFAOYSA-N,OCCNC(=O)c1cccc(c1O)c1ccccc1,,-2.45377264
5657,C-5658,,SEGXVZIYBPMHEY-UHFFFAOYSA-N,CCOc1ccccc1N1CCN(CC1)CC1CN=C(O1)N,,-2.453241317
5658,C-5659,,FHUBTSLLILWICW-UHFFFAOYSA-N,O=c1[nH]c2ccccc2c(n1)c1ccccc1,,-2.453129595
5659,C-5660,,MTRNNCLQPVCDLF-UHFFFAOYSA-N,N(Cc1ccccc1)CCNCc1ccccc1.CC(=O)O.CC(=O)O,,-2.45304614
5660,C-5661,,BDTQIHMGLSHYJW-UHFFFAOYSA-N,CCCCN1CCC(CC1)(OC(=O)CC)Cc1ccccn1.Cl.Cl,,-2.452892725
5661,C-5662,,GQLHUUBKEQARIM-UHFFFAOYSA-N,Clc1ccc2c(c1)CONC2,,-2.452745149
5662,C-5663,,JGGHXZUTECPTAK-UHFFFAOYSA-N,Clc1ccc2c(c1)CNOC2,,-2.452745149
5663,C-5664,,RBOXVHNMENFORY-KEMUOJQUSA-N,COc1ccc2c3c1O[C@@H]1[C@@]43CCN([C@H](C2)[C@@H]4CC[C@H]1O)C,,-2.452589796
5664,C-5665,,GFJWACFSUSFUOG-ZJTJBYBXSA-M,O=C1CC[C@@H]2[C@]1(C)CC[C@H]1[C@H]2CC=C2[C@]1(C)CC[C@@H](C2)OS(=O)(=O)[O-].[Na+],,-2.451708586
5665,C-5666,,HZTUFMXXIKGMQU-UHFFFAOYSA-N,COc1ccc(cc1)SCC1CN=C(O1)N,,-2.451305562
5666,C-5667,,HFHILYKHJBJVOM-UHFFFAOYSA-N,[O-]S(=O)(=O)C.[NH3+]C1=Nc2ccc(cc2N(C(=O)C1)c1ccccc1)[N+](=O)[O-],,-2.450698692
5667,C-5668,,MZHCENGPTKEIGP-RXMQYKEDSA-N,OC(=O)[C@H](Oc1ccc(cc1Cl)Cl)C,,-2.45
5668,C-5669,,ZLAQATDNGLKIEV-UHFFFAOYSA-N,Sc1ncc(c(n1)O)C,,-2.45
5669,C-5670,,IFSQBTQASZDHGA-UHFFFAOYSA-N,OCC(COc1ccc(c(c1)C)C)(O)C,,-2.449462888
5670,C-5671,,FQNXWYNWKZQFCN-UHFFFAOYSA-N,OCC(COc1cc(C)cc(c1)C)(O)C,,-2.449462888
5671,C-5672,,XIGIHCFWLJIBPZ-UHFFFAOYSA-N,CCC1(C(C)C)C(=O)NC(=S)N(C1=O)C.[Na+],,-2.44934103
5672,C-5673,,HCVGDVYOISIYKY-UHFFFAOYSA-N,COC1=C(F)C(C(C1(F)F)(F)F)(F)F,,-2.448940898
5673,C-5674,,TYDVXCIBGRTKRO-UHFFFAOYSA-N,CN(S(=O)(=O)c1ccc(cc1)NS(=O)(=O)c1ccc(cc1)N)C,,-2.446946695
5674,C-5675,,XANUSFXLDREZGY-ACAGNQJTSA-N,[O-][N+](=O)c1ccc(o1)/C=N\N1CC(=O)N(C1=O)CC(=O)OCC,,-2.446420643
5675,C-5676,,JXCWCFNXJLYNDP-QXAKKESOSA-N,CC(=O)CN1CC[C@@]23[C@H]([C@H]1Cc1c3cc(cc1)O)CCCC2,,-2.442848348
5676,C-5677,,UVRZZNNYGUAYNU-UHFFFAOYSA-N,C=CCN1C(=O)c2ccccc2CS1(=O)=O,,-2.442774538
5677,C-5678,,QJVXBRUGKLCUMY-UHFFFAOYSA-N,OC(=O)COc1ccccc1C,,-2.442417024
5678,C-5679,,QMHWARSFUCGBJK-UHFFFAOYSA-N,NC(=Nc1nc2c(s1)cccc2)N,,-2.441234541
5679,C-5680,,ONHUPCAVZVIYFY-LFYBBSHMSA-N,[O-][N+](=O)c1ccc(o1)/C=N/N(C(=O)N)CC(=O)OCC,,-2.440829634
5680,C-5681,,LZKVXMYVBSNXER-YZPKDWIXSA-N,CC[C@@](C(=O)O[C@H]1C(=O)O[C@H]2[C@]34[C@@H]1[C@@H](C)[C@@H](O)[C@@]([C@@H]4[C@@]1([C@@H](C2)C(=C[C@@H]([C@H]1O)O)C)C)(OC3)O)(O)C,,-2.440693114
5681,C-5682,,QZYHIOPPLUPUJF-UHFFFAOYSA-N,Cc1cccc(c1)[N+](=O)[O-],,-2.4400001
5682,C-5683,,CYFLXLSBHQBMFT-UHFFFAOYSA-N,Nc1ccc(cc1)S(=O)(=O)Nc1oc(c(n1)C)C,,-2.4400001
5683,C-5684,,WUBBRNOQWQTFEX-UHFFFAOYSA-N,CC(=O)Nc1nnc(s1)S(=O)(=O)N	,,-2.44
5684,C-5685,,HQXBYBOVCDPXCB-UHFFFAOYSA-N,COc1cc(cc(c1)OC)Cc1cnc(nc1N)N,,-2.439761699
5685,C-5686,,JCCCTNJHSBDHRA-UHFFFAOYSA-N,CCC1(CC)C(=O)NC(=O)N=C1OC(C)C,,-2.439713845
5686,C-5687,,GPHZIQJSCSATJL-UHFFFAOYSA-N,[O-][N+](=O)c1cn(c(n1)C)CCCl,,-2.439616821
5687,C-5688,,UKOJVGHJIMUQHH-UHFFFAOYSA-N,ClCCn1c(C)cnc1[N+](=O)[O-],,-2.439616821
5688,C-5689,,WYZIGOITRAONMZ-UHFFFAOYSA-N,[O-][N+](=O)c1ncc(n1C)CCCl,,-2.439616821
5689,C-5690,,GJDMTPFVCPFMQA-UHFFFAOYSA-N,C[NH+](C(CN1C(=O)C(C)Oc2c1cc(C)cc2)C)C.[Cl-],,-2.437970083
5690,C-5691,,MYOOIYINODJOSW-OAZHBLANSA-N,CN(CC(=O)[NH2+]/N=C/c1ccc(o1)[N+](=O)[O-])C.[Cl-],,-2.437651684
5691,C-5692,,CTPFAVZEPCBUKH-UHFFFAOYSA-N,O=C(C(Cl)Cl)Nc1ccccc1C(=O)N,,-2.437477847
5692,C-5693,,WVLAAKXASPCBGT-UHFFFAOYSA-N,Oc1cc(O)cc(c1)C(CNCCCn1cnc2c1c(=O)n(C)c(=O)n2C)O,,-2.43689933
5693,C-5694,,ZWGHUIKEIAHGCZ-UHFFFAOYSA-N,COc1ccc2c(c1C[NH+](C)C)oc(c(c2=O)C)C.[Cl-],,-2.436467555
5694,C-5695,,SFSQZPZBQINRSC-UHFFFAOYSA-N,COCc1c(OC)cc(cc1OC)Cc1cnc(nc1N)N,,-2.436098453
5695,C-5696,,ZWZVMMDEDBKUEC-UHFFFAOYSA-N,Oc1c(Br)ccccc1=O,,-2.435180746
5696,C-5697,,HIRAKLKRABLDCV-UHFFFAOYSA-N,NC(c1ccccc1)Cc1ccccc1.Cl,,-2.43423273
5697,C-5698,,OPQULRTWFOXNTE-UHFFFAOYSA-N,NC(=O)C1c2ccccc2CCc2c1cccn2,,-2.434106206
5698,C-5699,,YLDMGECCVRCKMN-FTPOTTDRSA-N,[O-][N+](=O)c1ccc(o1)/C=N/NC(=O)C[NH2+]CCCC.[O-]C(=O)C,,-2.433518596
5699,C-5700,,RWSPMSBFOUJIRB-UHFFFAOYSA-M,CCCC1(CCC)OC(=O)[N-]C1=O.[Na+],,-2.433306872
5700,C-5701,,UPXNTQIUGPERQJ-UHFFFAOYSA-N,CN(CCCNc1nc2c(o1)ccc(c2)Cl)C,,-2.433095971
5701,C-5702,,SDNODXJEIFDIKF-UHFFFAOYSA-N,CCCCCNCCOC(=O)c1ccc(cc1)N.Cl,,-2.432273267
5702,C-5703,,OMTSAXNHNKXZKC-UHFFFAOYSA-N,CCN1CCN(CC1C(=O)Nc1c(C)cccc1C)CC.ON=O.ON=O,,-2.431419276
5703,C-5704,,FJVSTYFZOUSZCS-UHFFFAOYSA-N,CC(=O)Oc1cc(ccc1OC(=O)C)C(=O)O,,-2.430971956
5704,C-5705,,ASLNITXQJFGECM-UHFFFAOYSA-N,BrC1CC(C)(C)N(C(C1)(C)C)C,,-2.430032404
5705,C-5706,,HLVFKOKELQSXIQ-UHFFFAOYSA-N,BrCC(C)C,,-2.4300001
5706,C-5707,,AMEKQAFGQBKLKX-UHFFFAOYSA-N,O=C(C1=C(C)OCCS1(=O)=O)Nc1ccccc1,,-2.4300001
5707,C-5708,,JNMRHUJNCSQMMB-UHFFFAOYSA-N,Nc1ccc(cc1)S(=O)(=O)Nc1nccs1,,-2.4300001
5708,C-5709,,HWGBHCRJGXAGEU-UHFFFAOYSA-N,Cc1cc(=O)[nH]c(=S)[nH]1,,-2.4300001
5709,C-5710,,RTVBHGWWCHKNOE-TYMHPWAKSA-N,OS(=O)(=O)O.Oc1ccc2c(c1)[C@]13CCCC[C@H]3[C@@H](C2)N(CC1)CCc1ccccn1,,-2.429773686
5710,C-5711,,GZZZSOOGQLOEOB-UHFFFAOYSA-N,ClC(C(=O)N(c1ccc(cc1)O)C)Cl,,-2.42824316
5711,C-5712,,HRSANNODOVBCST-UHFFFAOYSA-N,CC(NCC(c1ccc2c(c1)cccc2)O)C,,-2.427466793
5712,C-5713,,UXZXGJYVUINDEL-UHFFFAOYSA-M,CCCN1C(=O)[N-]C(=O)C(C1=O)(CC)CC.[Na+],,-2.426887538
5713,C-5714,,UZJNTDYYQJIUTM-UHFFFAOYSA-M,CCCCC1(CC)C(=O)N=C(N(C1=O)C)[O-].[Na+],,-2.426887538
5714,C-5715,,DACOQFZGGLCXMA-UHFFFAOYSA-N,CCC1(c2ccccc2)C(=O)N(COC)C(=O)N(C1=O)COC,,-2.426798767
5715,C-5716,,UVKZSORBKUEBAZ-UHFFFAOYSA-N,CN1CCN(CC1)C(c1ccccc1)c1ccccc1,,-2.425514657
5716,C-5717,,OLMPQQPQSTVRPB-UHFFFAOYSA-N,O=c1[nH]c2c(n1c1ccccc1)cccc2,,-2.424530581
5717,C-5718,,UBQNRHZMVUUOMG-UHFFFAOYSA-N,NS(=O)(=O)Cc1noc2c1cccc2,,-2.423702483
5718,C-5719,,AULKDLUOQCUNOK-UHFFFAOYSA-N,OC(=O)c1cc(Cl)c(c(c1)Cl)O,,-2.422221171
5719,C-5720,,JSNKIZGODRFYMM-UHFFFAOYSA-N,[S-]C(=S)Nc1ccccc1.[NH4+],,-2.421387173
5720,C-5721,,IDYGRQQUWYMRTA-AATRIKPKSA-N,C/C=C/CSC(C(=O)NC)(C)C,,-2.420670472
5721,C-5722,,MCJGNVYPOGVAJF-UHFFFAOYSA-N,Oc1cccc2c1nccc2,,-2.4200001
5722,C-5723,,ZFRKQXVRDFCRJG-UHFFFAOYSA-N,Cc1c[nH]c2c1cccc2,,-2.4200001
5723,C-5724,,CETBSQOFQKLHHZ-UHFFFAOYSA-N,CCSSCC,,-2.4200001
5724,C-5725,,MLZCGCGQWWRMMX-UHFFFAOYSA-N,ClCCN(C(=O)NC(C(=O)O)(C)C)N=O,,-2.419991387
5725,C-5726,,DPOVAJCRYIUTBD-HNNXBMFYSA-N,COc1ccc2c(cc1=O)[C@H](CCc1c2c(OC)c(c(c1)OC)O)NC(=O)C,,-2.419795758
5726,C-5727,,CEFMMQYDPGCYMG-UHFFFAOYSA-N,OC(=O)c1c(C)cccc1Cl,,-2.418644602
5727,C-5728,,SAFVVFONEIASRF-UHFFFAOYSA-N,CN(CCN(c1ccccn1)Cc1ccsc1Cl)C.Cl,,-2.417709617
5728,C-5729,,GHPODDMCSOYWNE-UHFFFAOYSA-N,Cc1ccc2c(c1)OCO2,,-2.41717989
5729,C-5730,,TXTDSKOBDLHVMR-UHFFFAOYSA-N,ClC(C(F)F)C(F)F,,-2.417116931
5730,C-5731,,PNWVOLKZHJEWQU-UHFFFAOYSA-N,O=C(c1ccccc1)Nc1ccncc1,,-2.416916673
5731,C-5732,,CMHMMKSPYOOVGI-UHFFFAOYSA-N,CC(OC(=O)c1ccc(cc1)O)C,,-2.416912926
5732,C-5733,,XMMRNCHTDONGRJ-ZZXKWVIFSA-N,OC(=O)/C=C/c1ccc(cc1)[N+](=O)[O-],,-2.415508795
5733,C-5734,,NEUYJXYCELJYTG-UHFFFAOYSA-N,CCOC(=O)N1CCN(C(C1)C)C(=O)OCC,,-2.414317844
5734,C-5735,,IFKQSCSWOTVYMY-UHFFFAOYSA-N,COc1cc(CC/N=C(/CSS(=O)(=O)O)\N)ccc1OC,,-2.413683052
5735,C-5736,,WKURVXXDGMYSDP-UHFFFAOYSA-N,CCCc1ccccc1N,,-2.413421548
5736,C-5737,,DCZRBROKMNUBAE-UHFFFAOYSA-N,CCCCN1CCC(CC1)(O)c1cccs1.Cl,,-2.411265578
5737,C-5738,,BNUHAJGCKIQFGE-UHFFFAOYSA-N,COc1ccc(cc1)[N+](=O)[O-],,-2.4100001
5738,C-5739,,DDIZAANNODHTRB-UHFFFAOYSA-N,COc1ccc(cc1)C(=O)OC,,-2.4100001
5739,C-5740,,QHPQWRBYOIRBIT-UHFFFAOYSA-N,CC(c1ccc(cc1)O)(C)C,,-2.4100001
5740,C-5741,,VACCAVUAMIDAGB-UHFFFAOYSA-N,Nc1ccc(cc1)S(=O)(=O)Nc1nnc(s1)C,,-2.4100001
5741,C-5742,,HKMYUTZXBNCDAN-UHFFFAOYSA-N,COc1ccc2c(c1C[NH+]1CCOCC1)oc(c(c2=O)C)C.[Cl-],,-2.407392195
5742,C-5743,,MCTNRBUJWLUDJG-UHFFFAOYSA-N,C=CCC1(CC=C)C(=O)N(C)C(=O)N(C1=O)C,,-2.406799433
5743,C-5744,,ZMNSRFNUONFLSP-UHFFFAOYSA-N,COc1ccccc1OCC1CNC(=O)O1,,-2.406244562
5744,C-5745,,WLEGHNSHAIHZPS-SBSPUUFOSA-N,CN[C@@H](CC1CCCCC1)C.Cl,,-2.404197723
5745,C-5746,,WLEGHNSHAIHZPS-FVGYRXGTSA-N,CN[C@H](CC1CCCCC1)C.Cl,,-2.404197723
5746,C-5747,,CADKCVKDIVHZRB-UHFFFAOYSA-N,CNCC(C1CCCCC1)C.Cl,,-2.404197723
5747,C-5748,,MFSMSTRTIKKQPV-UHFFFAOYSA-N,Clc1cccc(c1)n1c(=O)nc2n(c1=O)cco2,,-2.403973005
5748,C-5749,,QCYKVLBHGCMWNC-RRAJOLSVSA-N,O=C(C[NH+]1CCOCC1)N/N=C/c1ccc(o1)[N+](=O)[O-].[Cl-],,-2.403030582
5749,C-5750,,RVBJGSPBFIUTTR-UHFFFAOYSA-N,CCC(=O)c1ccc2c(c1)OCO2,,-2.402686899
5750,C-5751,,LYQGEPVEGHFFJM-UHFFFAOYSA-N,Nc1ccc(cc1)C(=O)Nc1ccc(nc1C)C,,-2.400727934
5751,C-5752,,MEDQPHZEAUFCTK-UHFFFAOYSA-N,O=C1CC(=NN1Cc1ccccc1)C,,-2.400207025
5752,C-5753,,SEQRDAAUNCRFIT-UHFFFAOYSA-N,CCCC(Cl)Cl,,-2.4000001
5753,C-5754,,HSMPDPBYAYSOBC-UHFFFAOYSA-N,COc1c2c(=O)cc(oc2c(c2c1cco2)OC)C,,-2.4000001
5754,C-5755,,SDJHPPZKZZWAKF-UHFFFAOYSA-N,CC(=C)C(=C)C,,-2.4000001
5755,C-5756,,FNYLWPVRPXGIIP-UHFFFAOYSA-N,Nc1nc(N)c2c(n1)nc(c(n2)c1ccccc1)N,,-2.4000001
5756,C-5757,,LACNYROKODNCOD-UHFFFAOYSA-N,CCn1c(=O)n(c2ccccc2)c(c(c1=O)N(C)C)C,,-2.399270337
5757,C-5758,,TWFQJFPTTMIETC-UHFFFAOYSA-N,CCCCCCCCCCCCN.Cl,,-2.398700351
5758,C-5759,,AFDXODALSZRGIH-QPJJXVBHSA-N,COc1ccc(cc1)/C=C/C(=O)O,,-2.398396022
5759,C-5760,,KXROTPXCYDXGSC-UHFFFAOYSA-N,CC1SCCCS1,,-2.397148193
5760,C-5761,,ZHPJNOBWVPAADW-UHFFFAOYSA-N,Cc1cc(OCCCNCCSS(=O)(=O)O)nc2c1cccc2,,-2.396668661
5761,C-5762,,QHWYYBXPBFQGNI-UHFFFAOYSA-N,NC(=O)Nc1cc(ccc1O)C(CNC(C)(C)C)O.Cl,,-2.39620934
5762,C-5763,,UADGDKCDJALXDM-UHFFFAOYSA-N,CC(OC(=O)c1ccccc1S(=O)(=O)N)C,,-2.395762179
5763,C-5764,,ALBKSGKUKJSKMQ-UHFFFAOYSA-N,CCN(C(CC)(CC)CC)C.Br,,-2.395146851
5764,C-5765,,VIIIJFZJKFXOGG-UHFFFAOYSA-N,O=c1oc2ccccc2cc1C,,-2.394824933
5765,C-5766,,FASHSDVYBORDDB-UHFFFAOYSA-N,CC1COn2c1nc1ccccc1c2=O,,-2.393587016
5766,C-5767,,BIXYYZIIJIXVFW-UUOKFMHZSA-N,OC[C@H]1O[C@H]([C@@H]([C@@H]1O)O)n1cnc2c1nc(Cl)nc2N,,-2.39319678
5767,C-5768,,BXTHDFJCJQJHKD-KMVLDZISSA-N,OCNC(=O)C1=C(O)[C@@]2([C@H]([C@@H](C1=O)N(C)C)C[C@H]1C(=C(O)c3c([C@@]1(C)O)c(Cl)ccc3O)C2=O)O,,-2.393193899
5768,C-5769,,HXVWSPYWLBVECZ-UHFFFAOYSA-N,CCOC(=O)C(C(C(F)(F)F)(C(F)(F)F)O)C(=O)OCC,,-2.392898056
5769,C-5770,,BCZFSDNVXODRAJ-JTTNIQEDSA-N,C[C@@H]1C[C@H]2CC(=O)[C@@H]3[C@@]4(C1)[C@@H]2CCCN4CCC3,,-2.392500375
5770,C-5771,,HMKSXJBFBVGLJJ-UHFFFAOYSA-N,OC(=O)CCCN1C(=O)c2c(C1=O)cccc2,,-2.392339588
5771,C-5772,,NZBGFGGNLREHFL-UHFFFAOYSA-N,N(Cc1ccccc1)CCNCc1ccccc1.Cl.Cl,,-2.392109527
5772,C-5773,,GKQGIQVSMCHAFX-IBEHDNSVSA-N,OC[C@H]1O[C@@H](Oc2cc(C)ccc2C(C)C)[C@@H]([C@H]([C@@H]1O)O)O,,-2.39188158
5773,C-5774,,FTZBYXCNXOPJEL-UHFFFAOYSA-N,CCC(Cc1ccccc1)(O)C,,-2.390723628
5774,C-5775,,KCXMKQUNVWSEMD-UHFFFAOYSA-N,ClCc1ccccc1,,-2.3900001
5775,C-5776,,LLEMOWNGBBNAJR-UHFFFAOYSA-N,Oc1ccccc1c1ccccc1,,-2.3900001
5776,C-5777,,KBPLFHHGFOOTCA-UHFFFAOYSA-N,CCCCCCCCO,,-2.3900001
5777,C-5778,,QENGPZGAWFQWCZ-UHFFFAOYSA-N,Cc1cscc1,,-2.3900001
5778,C-5779,,HNKJADCVZUBCPG-UHFFFAOYSA-N,CSc1ccccc1,,-2.3900001
5779,C-5780,,ZRIHAIZYIMGOAB-ZCFIWIBFSA-N,CC[C@H](C1(CC)C(=O)NC(=O)NC1=O)C,,-2.3900001
5780,C-5781,,VDTPWANKLYHAIC-UHFFFAOYSA-N,CCN(CCN(CCN(CC)CC)CCN(CC)CC)CC.Cl.Cl.Cl,,-2.389254195
5781,C-5782,,AFIXAFUSSQHYKM-UHFFFAOYSA-N,CCC(=O)N1CC2CCC(C1)N2C(=O)CC,,-2.387049191
5782,C-5783,,BUXFVGOUTJIYPK-UHFFFAOYSA-N,O=C(c1ccccc1)C[NH+]1CCCCC1.[Br-],,-2.385433612
5783,C-5784,,LJBPZXANEYTOEF-ZSOIEALJSA-N,ClCCN(N/N=C/1\N=CN=C1C(=O)N)CCCl,,-2.385100896
5784,C-5785,,NWVNXDKZIQLBNM-UHFFFAOYSA-N,N1CCN(CC1)C(c1ccccc1)c1ccccc1,,-2.384988883
5785,C-5786,,KNOZCKSSLOTBPA-UHFFFAOYSA-N,CCC(=O)C1C(=O)c2c(C1=O)cccc2,,-2.384634431
5786,C-5787,,PEGCITODQASXKH-UHFFFAOYSA-N,CP(=O)(c1ccccc1)c1ccccc1,,-2.384044404
5787,C-5788,,GXPIUNZCALHVBA-UHFFFAOYSA-N,CC(=O)Nc1ccc(cc1)S(=O)(=O)Nc1noc(c1)C,,-2.38392272
5788,C-5789,,KAASYKNZNPWPQG-UHFFFAOYSA-N,COc1ccc2c(c1)c(CCN1CCCC1)c[nH]2,,-2.383669641
5789,C-5790,,XIYPXOFSURQTTJ-NSCUHMNNSA-N,CC(=O)/C=C/c1ccc2c(c1)OCO2,,-2.381523884
5790,C-5791,,RODXRVNMMDRFIK-UHFFFAOYSA-N,COc1cc2ccc(=O)oc2cc1O,,-2.380432773
5791,C-5792,,WBEJYOJJBDISQU-VKHMYHEASA-N,ClC[C@H](CBr)Br,,-2.3800001
5792,C-5793,,MVPPADPHJFYWMZ-UHFFFAOYSA-N,Clc1ccccc1,,-2.3800001
5793,C-5794,,SDXUIOOHCIQXRP-UHFFFAOYSA-N,Fc1cc(F)c(cc1F)F,,-2.3800001
5794,C-5795,,XQZYPMVTSDWCCE-UHFFFAOYSA-N,N#Cc1ccccc1C#N,,-2.3800001
5795,C-5796,,OFCNXPDARWKPPY-UHFFFAOYSA-N,O=c1[nH]cnc2c1cn[nH]2,,-2.3800001
5796,C-5797,,NNBPVTKXDTWSDW-UHFFFAOYSA-N,CC([NH2+]CC(COc1c2oc(cc2c(c2c1occc2=O)O)C)O)C.[Cl-],,-2.377307394
5797,C-5798,,FFEYDPUBDJREFF-UHFFFAOYSA-N,OC(COc1cccc(c1)C(=O)C)C[NH2+]CCc1ccccc1.[Cl-],,-2.376570763
5798,C-5799,,JHNRZXQVBKRYKN-VQHVLOKHSA-N,O/N=C(/c1ccccc1)\C,,-2.37560257
5799,C-5800,,KSVBDCVNOLOLNW-UHFFFAOYSA-N,CN1CCCC1c1c[nH]c2c1cc(Cl)cc2,,-2.375366775
5800,C-5801,,ROUPHMNZHLBCGO-UHFFFAOYSA-N,CN1CCCC1c1c[nH]c2c1c(Cl)ccc2,,-2.375366775
5801,C-5802,,ODKMQTILEDNYHL-UHFFFAOYSA-N,CCCN1CCCN(C1=O)CCC,,-2.375064255
5802,C-5803,,VGGGPCQERPFHOB-RDBSUJKOSA-N,O[C@H](C(=O)N[C@H](C(=O)O)CC(C)C)[C@@H](Cc1ccccc1)N,,-2.374806077
5803,C-5804,,FRASJONUBLZVQX-UHFFFAOYSA-N,O=C1C=CC(=O)c2c1cccc2,,-2.374439285
5804,C-5805,,IDPUKCWIGUEADI-UHFFFAOYSA-N,ClCCN(c1c[nH]c(=O)[nH]c1=O)CCCl,,-2.373807027
5805,C-5806,,UYBFTPVNECIZCO-UHFFFAOYSA-M,Cn1c(=O)n(C)c2c(c1=O)[nH]cn2.COC(CNC(=O)c1ccccc1OCC(=O)[O-])C[Hg].[Na+].O,,-2.373082074
5806,C-5807,,BVZSTBILYMMKCG-UHFFFAOYSA-N,CCOP(=O)(OC=C(Cl)Cl)OCC,,-2.37093534
5807,C-5808,,ZKXDXTSUMUNWII-AWFSDRIXSA-N,CC(C[NH2+]CC(=O)N/N=C/c1ccc(o1)[N+](=O)[O-])C.[O-]C(=O)C,,-2.37017593
5808,C-5809,,MPPPKRYCTPRNTB-UHFFFAOYSA-N,CCCCBr,,-2.3699999
5809,C-5810,,TYMLOMAKGOJONV-UHFFFAOYSA-N,Nc1ccc(cc1)[N+](=O)[O-],,-2.3699999
5810,C-5811,,CPJSUEIXXCENMM-UHFFFAOYSA-N,CCOc1ccc(cc1)NC(=O)C,,-2.3699999
5811,C-5812,,IYBNXXLIJPVZSQ-UHFFFAOYSA-N,Clc1ccccc1OCCNC1CC1.Cl,,-2.369403164
5812,C-5813,,QVAJECHSUTYOLF-UHFFFAOYSA-N,O=C1C2C3CCC(C2C(=O)N1Cc1ccc(cc1)Cl)O3,,-2.368072553
5813,C-5814,,VZQSBJKDSWXLKX-UHFFFAOYSA-N,Oc1cccc(c1)c1cccc(c1)O,,-2.368000132
5814,C-5815,,HTWRBOWJUNHVMN-VMPITWQZSA-N,CN1C2CCC1CN(C2)C/C=C/c1ccccc1,,-2.367438356
5815,C-5816,,CTHUKFGHEPDDJE-UHFFFAOYSA-N,CCCCc1c(C)[nH]c(=S)[nH]c1=O,,-2.366848077
5816,C-5817,,XEAQIWGXBXCYFX-GUOLPTJISA-N,COC1=CC(=O)O[C@H](C1)/C=C/c1ccccc1,,-2.366545098
5817,C-5818,,JCDVXGPHXXODML-UHFFFAOYSA-N,N/C(=N\CCCOCc1ccccc1)/CSS(=O)(=O)O,,-2.366260689
5818,C-5819,,HCYFGRCYSCXKNQ-UHFFFAOYSA-N,OC(=O)Cn1cnc2c1c(=O)n(C)c(=O)n2C,,-2.366223361
5819,C-5820,,LEROTMJVBFSIMP-UHFFFAOYSA-N,CCC(C(COC(=O)N)(COC(=O)N)C)C,,-2.366011817
5820,C-5821,,DTESHEPEJUMCJO-UHFFFAOYSA-N,NNC(Cc1ccccc1Cl)C.Cl,,-2.366000898
5821,C-5822,,DIIMOZWYSXJOFG-UHFFFAOYSA-N,OCCNCCC12CC3CC(C2)CC(C1)C3.Cl,,-2.365451196
5822,C-5823,,OSIGJGFTADMDOB-UHFFFAOYSA-N,COc1cccc(c1)C,,-2.365060893
5823,C-5824,,UZHSEJADLWPNLE-GRGSLBFTSA-N,C=CCN1CC[C@@]23[C@@]4([C@H]1Cc1c3c(O[C@H]2C(=O)CC4)c(cc1)O)O,,-2.364295705
5824,C-5825,,PRVVGOHCHSLWDE-UHFFFAOYSA-N,FCCN(C(=O)NC1CSCSC1)N=O,,-2.363445707
5825,C-5826,,AUWINJMOPSMDNR-UHFFFAOYSA-N,CCCCN1CC2CCC(C1)N2C(=O)CC,,-2.363255957
5826,C-5827,,JQUKCPUPFALELS-UHFFFAOYSA-N,COc1cc(ccc1c1nc2c([nH]1)cncc2)S(=O)C,,-2.363222217
5827,C-5828,,QRJCDIVJPRWSMH-UHFFFAOYSA-N,CCCCOc1ccc(cc1OC)CC(=O)NO,,-2.362239076
5828,C-5829,,FSSICIQKZGUEAE-UHFFFAOYSA-N,CN(CCN(c1ccccn1)Cc1ccccc1)C.Cl,,-2.361315797
5829,C-5830,,BKCCAYLNRIRKDJ-UHFFFAOYSA-N,c1ccc(cc1)C1=NCCN1,,-2.360787116
5830,C-5831,,DTGGNTMERRTPLR-UHFFFAOYSA-N,NC(c1ccccc1)Cc1ccccc1,,-2.360485844
5831,C-5832,,CGHIBGNXEGJPQZ-UHFFFAOYSA-N,CCCCC#C,,-2.3599999
5832,C-5833,,IMIDOCRTMDIQIJ-UHFFFAOYSA-N,CNC(=O)Oc1ccc(c(c1)C)N(C)C,,-2.3599999
5833,C-5834,,DQZCVNGCTZLGAQ-UHFFFAOYSA-N,CN(C(=O)NC1CCCCCCC1)C,,-2.3599999
5834,C-5835,,NUJGJRNETVAIRJ-UHFFFAOYSA-N,CCCCCCCC=O,,-2.3599999
5835,C-5836,,XKENOTHGZDIXRS-UHFFFAOYSA-N,CSc1ncnc2c1nccn2,,-2.3599999
5836,C-5837,,BZKPWHYZMXOIDC-UHFFFAOYSA-N,CC(=O)Nc1nnc(s1)S(=O)(=O)N,,-2.3599999
5837,C-5838,,KQPKPCNLIDLUMF-QMMMGPOBSA-N,CCC[C@@H](C1(CC=C)C(=O)NC(=O)NC1=O)C,,-2.3599999
5838,C-5839,,DAAQPMSPBHQGQA-UHFFFAOYSA-N,S=c1ncc2c([nH]1)nccn2,,-2.3599999
5839,C-5840,,GTLUQRDIJWHQGF-UHFFFAOYSA-N,Sc1ncnc2c1nccn2,,-2.3599999
5840,C-5841,,TVYLLZQTGLZFBW-ZBFHGGJFSA-N,COc1cccc(c1)[C@@]1(O)CCCC[C@@H]1CN(C)C,,-2.359509135
5841,C-5842,,AMQSYJCKXPUEDR-UHFFFAOYSA-N,Clc1ccc2c(c1)ccc(=O)o2,,-2.359059416
5842,C-5843,,LBIXEEKFDDQZKB-UHFFFAOYSA-N,CN(C(=O)c1cc(Cl)nc(c1)Cl)N,,-2.358900987
5843,C-5844,,QRQMZZNDJGHPHZ-UHFFFAOYSA-N,C=CCN1CCCC1CNC(=O)c1cc(c(cc1OC)N)S(=O)(=O)NC,,-2.358852142
5844,C-5845,,QNVJZXLJNDOKRK-MBHUSPCXSA-N,OCCCN1CC[C@@]23[C@H]([C@H]1Cc1c3cc(cc1)O)CCCC2.Cl,,-2.358511053
5845,C-5846,,GJTMNUHTYIJXTJ-UHFFFAOYSA-N,COc1ccc2c(c1CN1CCOCC1)oc(c(c2=O)C)C,,-2.358103811
5846,C-5847,,CJVFJZNWXDFXHF-UHFFFAOYSA-N,CCOC(=O)c1cc(=O)c2c(o1)cccc2,,-2.357052042
5847,C-5848,,FFFIRKXTFQCCKJ-UHFFFAOYSA-N,OC(=O)c1c(C)cc(cc1C)C,,-2.356545854
5848,C-5849,,MATCWAFODDJQNN-UHFFFAOYSA-M,CCC1(OC(=O)[N-]C1=O)c1ccccc1.[Na+],,-2.356398789
5849,C-5850,,UNVLUPRQPLQYGW-UHFFFAOYSA-N,CCCCC(Cc1ccccc1)N,,-2.356146885
5850,C-5851,,QSFKGMJOKUZAJM-JXMYBXCISA-M,CCCC(C(=O)OC1C[C@@H]2CC[C@H](C1)[N+]2(C)C)CCC.[Br-],,-2.354468139
5851,C-5852,,MOISIYYVKXTQOF-UHFFFAOYSA-N,OC(c1ccccc1)CNCC1CCc2c(N1)cccc2.Cl,,-2.354360498
5852,C-5853,,QJNSVIYGOVNUCN-UHFFFAOYSA-N,O=C1CCCc2c(N1CC1=NCCN1)cccc2,,-2.352736203
5853,C-5854,,UKLQXHUGTKWPSR-UHFFFAOYSA-M,CC[N+](CCOC(=O)C(c1ccccc1)(C1CCCCC1)O)(CC)C.[Br-],,-2.351737727
5854,C-5855,,XZSZWIVHLAUZLZ-UHFFFAOYSA-N,OCC(COc1ccccc1Cl)(CO)CO,,-2.350753578
5855,C-5856,,DWNHSPCOMOSJRI-UHFFFAOYSA-N,Nc1ccc2c(c1)[n+](C)c1c(c2)cccc1.[Br-],,-2.350572521
5856,C-5857,,OWJRDXJDAWXHST-UHFFFAOYSA-N,C[n+]1c2ccccc2c(c2c1cccc2)N.[Br-],,-2.350572521
5857,C-5858,,DVDCIQWIGOVWEX-BORNJIKYSA-M,COc1ccc(cc1)C(=O)/C(=C/C(=O)[O-])/Br.[Na+],,-2.350523908
5858,C-5859,,LVJAHKSVOQLCEV-UHFFFAOYSA-N,CC1CC(C(=O)O1)(CC=C)C(=O)NC(=O)N,,-2.350232642
5859,C-5860,,FOYHNROGBXVLLX-UHFFFAOYSA-N,CCc1cccc(c1N)CC,,-2.3499999
5860,C-5861,,FLKPEMZONWLCSK-UHFFFAOYSA-N,CCOC(=O)c1ccccc1C(=O)OCC,,-2.3499999
5861,C-5862,,NUVBSKCKDOMJSU-UHFFFAOYSA-N,CCOC(=O)c1ccc(cc1)O,,-2.3499999
5862,C-5863,,HYPRUQJUBWRVEM-UHFFFAOYSA-N,O=C1NC(=O)NC(=O)C21CCCC2,,-2.3499999
5863,C-5864,,MMAGCXHWOMQWKW-LIWIJTDLSA-N,CN1[C@@H]2CC[C@H]1CC(C2)OC(=O)c1ccccc1.Cl,,-2.34953962
5864,C-5865,,CAZLTUGTURHFIJ-UHFFFAOYSA-N,CCN1CCN(CC1C(=O)Nc1ccccc1C)CC.ON=O.ON=O,,-2.347414667
5865,C-5866,,QOWSWEBLNVACCL-UHFFFAOYSA-N,OC(=O)Cc1ccc(cc1)Br,,-2.347284598
5866,C-5867,,HXEUYTYCYGECQO-UHFFFAOYSA-L,Cc1[n+](CCC[N+]2(C)CCCC2)ccc2c1N=C1C2C=CC=C1.[Br-].[Br-],,-2.347135718
5867,C-5868,,DRVXIPMHENHGQH-UHFFFAOYSA-N,CCOc1ccc(cc1OC)Cc1cnc(nc1N)N,,-2.345543176
5868,C-5869,,SSGTUBQRKAFHOM-PCEILQJBSA-N,C/C=C\1/C[NH+]2CCC1CC2C(c1cc[nH+]c2c1cc(O)cc2)O.[Cl-].[Cl-],,-2.345507434
5869,C-5870,,WBUOVKBZJOIOAE-UHFFFAOYSA-N,N#Cc1cccc(c1)Cl,,-2.345279631
5870,C-5871,,RWTWIZDKEIWLKQ-IWWMGODWSA-N,O[C@H]([C@H](C(=O)O)O)C(=O)O.Oc1ccc2c(c1)[C@]13CCCC[C@H]3[C@@H](C2)N(CC1)C,,-2.345270366
5871,C-5872,,RWTWIZDKEIWLKQ-XCPWPWHNSA-N,O[C@H]([C@H](C(=O)O)O)C(=O)O.Oc1ccc2c(c1)[C@@]13CCCC[C@@H]3[C@H](C2)N(CC1)C,,-2.345270366
5872,C-5873,,RYAPRJDMWXYXKI-UHFFFAOYSA-N,COc1cc(Cc2cnc(nc2N)N)cc(c1C(=O)C)OC,,-2.344400907
5873,C-5874,,BCPNATPABYLXNW-ZHACJKMWSA-N,CN(/N=N/c1cccc(c1)C(=O)O)C,,-2.34416146
5874,C-5875,,DQTGDWXWOOUMFT-UHFFFAOYSA-N,[O-][N+](=O)O.OCCn1c(=O)n(C)c2c(c1=O)n(C)c(n2)Cl,,-2.343063117
5875,C-5876,,VAMBUGIXOVLJEA-UHFFFAOYSA-N,CCCCNc1ccc(cc1)O,,-2.341598143
5876,C-5877,,FAEFMMUOKVKFBE-UHFFFAOYSA-N,C1CCN(CC1)SSN1CCCCC1,,-2.341347657
5877,C-5878,,LINPIYWFGCPVIE-UHFFFAOYSA-N,Clc1cc(Cl)c(c(c1)Cl)O,,-2.3399999
5878,C-5879,,JMBQKKAJIKAWKF-CYBMUJFWSA-N,CC[C@@]1(CCC(=O)NC1=O)c1ccccc1,,-2.3399999
5879,C-5880,,RMFNNCGOSPBBAD-MDWZMJQESA-N,CNC(=O)Oc1cccc(c1)/N=C/N(C)C,,-2.3399999
5880,C-5881,,OSWPMRLSEDHDFF-UHFFFAOYSA-N,COC(=O)c1ccccc1O,,-2.3399999
5881,C-5882,,KIEDNEWSYUYDSN-UHFFFAOYSA-N,O=C1N(OCC1(C)C)Cc1ccccc1Cl,,-2.3399999
5882,C-5883,,NZZFYRREKKOMAT-UHFFFAOYSA-N,ICI,,-2.3399999
5883,C-5884,,VWMQXAYLHOSRKA-UHFFFAOYSA-N,Clc1ccc2c(c1)nco2,,-2.339955132
5884,C-5885,,HRAKJMXGVYBTRV-UHFFFAOYSA-N,CCCCn1cnc2c1[nH]cnc2=S,,-2.338650453
5885,C-5886,,XXMNRAZBBDMFIH-UHFFFAOYSA-N,CCC1CCC([NH2+]1)c1c[nH]c2c1cccc2.[Cl-],,-2.33857774
5886,C-5887,,RLZLGGSREJEDMI-UHFFFAOYSA-N,CCCCCCCCCNCCSS(=O)(=O)O,,-2.338525463
5887,C-5888,,GHDJWZZXXNZUST-UHFFFAOYSA-N,CC[NH+](CCc1c[nH]c2c1cccc2)CC.[Cl-],,-2.338295029
5888,C-5889,,JMBQKKAJIKAWKF-UHFFFAOYSA-N,CCC1(CCC(=O)NC1=O)c1ccccc1,,-2.337430298
5889,C-5890,,OUGSOKCMASPUBA-UHFFFAOYSA-N,O=C1C(CCN1c1ccccc1)N1CCCC1,,-2.337008816
5890,C-5891,,XDROKJSWHURZGO-UHFFFAOYSA-N,O=c1ccc2c(o1)c1ccoc1cc2,,-2.335603961
5891,C-5892,,KGFPEHPECNYMKJ-UHFFFAOYSA-N,CNCCCC12CC3CC(C1)CC(C2O)C3.Cl,,-2.335487973
5892,C-5893,,UIJIQXGRFSPYQW-UHFFFAOYSA-N,CSc1ncnc2c1[nH]cn2,,-2.334709906
5893,C-5894,,ABZLDANJLQFTLS-UHFFFAOYSA-N,CCc1cnc(n1CCOC(=O)CCC(=O)O)[N+](=O)[O-],,-2.334660872
5894,C-5895,,BEQVQKJCLJBTKZ-UHFFFAOYSA-N,OP(=O)(c1ccccc1)c1ccccc1,,-2.334517449
5895,C-5896,,OQWLDKFPOJCKBX-UHFFFAOYSA-N,CN(CCN(c1ccccn1)Cc1cscc1)C.Cl,,-2.334111227
5896,C-5897,,KFRSAMMHRXBCJH-UHFFFAOYSA-N,N/C(=[NH+]/CC1CCCC1)/CSSC/C(=[NH+]/CC1CCCC1)/N.[Cl-].[Cl-],,-2.332992824
5897,C-5898,,FAJSZEYRHIXUPR-UHFFFAOYSA-N,COC(=O)c1c(OC)cc(cc1OC)Cc1cnc(nc1N)N,,-2.332913502
5898,C-5899,,UYOCGYKHIPHFBD-UHFFFAOYSA-N,CC1CCCCN1CCCOC(=O)c1cccnc1,,-2.332526204
5899,C-5900,,LAZPBGZRMVRFKY-HNCPQSOCSA-N,C1CN2C(=N[C@H](C2)c2ccccc2)S1.Cl,,-2.332346451
5900,C-5901,,DMSSTTLDFWKBSX-UHFFFAOYSA-N,O=c1nn[nH]c2c1cccc2,,-2.332031296
5901,C-5902,,CFSMWCPJTYADHU-UHFFFAOYSA-N,FCCCCCCC#N,,-2.331592031
5902,C-5903,,DMHTZWJRUUOALC-UHFFFAOYSA-N,Brc1ccc2c(c1)[nH]c(=O)o2,,-2.330450322
5903,C-5904,,DDNKJFBQMQOIKI-UHFFFAOYSA-N,Brc1ccc2c(c1)oc(=O)[nH]2,,-2.330450322
5904,C-5905,,PLAZTCDQAHEYBI-UHFFFAOYSA-N,[O-][N+](=O)c1ccccc1C,,-2.3299999
5905,C-5906,,NBFQYHKHPBMJJV-UHFFFAOYSA-N,CCCOC(=O)c1ccc(cc1)N,,-2.3299999
5906,C-5907,,MOCKWYUCPREFCZ-UHFFFAOYSA-N,NNC(=O)Nc1ccccc1,,-2.3299999
5907,C-5908,,DLRJIFUOBPOJNS-UHFFFAOYSA-N,CCOc1ccccc1,,-2.3299999
5908,C-5909,,VQTUBCCKSQIDNK-UHFFFAOYSA-N,CC(=C)C,,-2.3299999
5909,C-5910,,KRNDIPHOJLIHRI-UHFFFAOYSA-N,N#Cc1cc(nnc1NCCN1CCOCC1)c1ccccc1,,-2.32732102
5910,C-5911,,PKVZBNCYEICAQP-UHFFFAOYSA-N,CNC1(C)C2CCC(C1(C)C)C2.Cl,,-2.327287536
5911,C-5912,,UVGQOPZEALYXKP-UHFFFAOYSA-N,C=CCOc1ccc(cc1)NC(=O)C,,-2.326831234
5912,C-5913,,FHGJSJFIQNQBCK-UHFFFAOYSA-N,COc1ccc(c2c1cccc2)C(=O)CCC(=O)O,,-2.326431736
5913,C-5914,,MVHSJESGFPGIJJ-UHFFFAOYSA-N,CN1CC2CCC(C1)N2C(=O)c1ccccc1[N+](=O)[O-],,-2.325875495
5914,C-5915,,JNXAZWXNARKBOA-UHFFFAOYSA-N,CN1C2CCC1CN(C2)C(=O)c1ccccc1[N+](=O)[O-],,-2.325875495
5915,C-5916,,BCBFWTQLNBHDAB-UHFFFAOYSA-N,ClCC[NH+](CCOc1ccccc1OC)CC.[Cl-],,-2.325651487
5916,C-5917,,DTAAMVZDTXCCDV-UHFFFAOYSA-N,CN1CCC(C1)OC(=O)Nc1ccccc1C,,-2.324447456
5917,C-5918,,DQCKKXVULJGBQN-XFWGSAIBSA-N,O=C1CC[C@@]2([C@@]34[C@H]1Oc1c4c(C[C@H]2N(CC3)CC2CC2)ccc1O)O,,-2.32108483
5918,C-5919,,LIAWQASKBFCRNR-UHFFFAOYSA-N,CCOc1ccc(cc1)NC(=O)CC(O)C,,-2.321077058
5919,C-5920,,VVDGWALACJEJKG-UHFFFAOYSA-N,CC(=O)NCc1c(I)c(NC(=O)C)c(c(c1I)C(=O)O)I,,-2.320798962
5920,C-5921,,HMEDEBAJARCKCT-UHFFFAOYSA-N,Clc1cc(NCc2cccs2)c(cc1S(=O)(=O)N)c1n[nH]nn1,,-2.320711132
5921,C-5922,,AFUKNJHPZAVHGQ-UHFFFAOYSA-N,COc1ccc(c(c1)C=O)OC,,-2.320201146
5922,C-5923,,DDBREPKUVSBGFI-UHFFFAOYSA-N,CCC1(C(=O)NC(=O)NC1=O)c1ccccc1,,-2.3199999
5923,C-5924,,MTZQAGJQAFMTAQ-UHFFFAOYSA-N,CCOC(=O)c1ccccc1,,-2.3199999
5924,C-5925,,DTGKSKDOIYIVQL-OYNCUSHFSA-N,O[C@H]1C[C@H]2C([C@]1(C)CC2)(C)C,,-2.3199999
5925,C-5926,,QWCJHSGMANYXCW-UHFFFAOYSA-N,Nc1ccc(cc1)S(=O)(=O)Nc1ccnn1c1ccccc1,,-2.3199999
5926,C-5927,,BHNHHSOHWZKFOX-UHFFFAOYSA-N,Cc1cc2c([nH]1)cccc2,,-2.319624796
5927,C-5928,,OMOMUFTZPTXCHP-UHFFFAOYSA-N,CCCC(C(=O)N)CCC,,-2.319330193
5928,C-5929,,MWAYRGBWOVHDDZ-UHFFFAOYSA-N,CCOC(=O)c1ccc(c(c1)OC)O,,-2.318053596
5929,C-5930,,VPISOLDSBFMXDM-UHFFFAOYSA-N,CCCCc1[nH]c2c(n1)n(C)c(=O)n(c2=O)C,,-2.316512902
5930,C-5931,,DUJCNGWLFREXBE-UHFFFAOYSA-N,CC(CNC(Cc1ccc(cc1)Cl)(C)C)O,,-2.315196789
5931,C-5932,,HRYJPHOTGFERGT-UHFFFAOYSA-N,COc1ccc(cc1)CN(c1ncccn1)CCN(C)C.Cl,,-2.313083664
5932,C-5933,,OQDPVLVUJFGPGQ-UHFFFAOYSA-N,c1cnc(nc1)N1CCN(CC1)Cc1ccc2c(c1)OCO2,,-2.313052822
5933,C-5934,,JCRIVQIOJSSCQD-UHFFFAOYSA-N,CNC(CC1CCCCC1)C,,-2.312722619
5934,C-5935,,BARXDSNMNYUFCZ-UHFFFAOYSA-N,Nc1ccc(cc1)C(=O)Nc1ccc(cn1)C,,-2.3112134
5935,C-5936,,DZNHKWPUFQKTRB-UHFFFAOYSA-N,Nc1ccc(cc1)C(=O)Nc1nccc(c1)C,,-2.3112134
5936,C-5937,,OJJAQNZSNFIQSA-UHFFFAOYSA-N,Nc1ccc(cc1)C(=O)Nc1cccc(n1)C,,-2.3112134
5937,C-5938,,QXYYYPFGTSJXNS-UHFFFAOYSA-N,ClCCn1nnc2n(c1=O)cnc2C(=O)N,,-2.310847279
5938,C-5939,,ZGWNXHRVUJVMCP-UHFFFAOYSA-N,OC(=O)C(Oc1ccccc1Cl)C,,-2.310700889
5939,C-5940,,VZGDMQKNWNREIO-UHFFFAOYSA-N,ClC(Cl)(Cl)Cl,,-2.3099999
5940,C-5941,,UHHYOKRQTQBKSB-UHFFFAOYSA-N,Fc1cc(F)c(c(c1)F)F,,-2.3099999
5941,C-5942,,SHZIWNPUGXLXDT-UHFFFAOYSA-N,CCCCCC(=O)OCC,,-2.3099999
5942,C-5943,,VXSCPERJHPWROZ-UHFFFAOYSA-N,Cc1cc(O)c(cc1C)C,,-2.309641647
5943,C-5944,,JDMBNZQEQLWXRA-UHFFFAOYSA-N,Brc1cnccc1OCCCCCNCCSS(=O)(=O)O,,-2.309062805
5944,C-5945,,QWJRGNMSAAHHJP-UHFFFAOYSA-N,CC(Cc1ccccc1)OC(=O)N,,-2.307423322
5945,C-5946,,PFUAHBQDDRSAJC-UHFFFAOYSA-N,FC(C1(CCNCC1)C(F)(F)F)(F)F.O,,-2.306808353
5946,C-5947,,METWAQRCMRWDAW-UHFFFAOYSA-N,CCc1cccc(c1O)CC,,-2.305216061
5947,C-5948,,INDBQLZJXZLFIT-UHFFFAOYSA-N,NCCCC(Nc1cc(OC)cc2c1nccc2)C,,-2.304650307
5948,C-5949,,IIYWDRMGBBSUQS-KTKRTIGZSA-N,N#C/N=[N+](/c1ccccc1)\[O-],,-2.304161103
5949,C-5950,,WTLJHBLVUSNPSV-UHFFFAOYSA-N,CCOC(=O)C(=O)N1CC=Cc2c1cccc2,,-2.303385798
5950,C-5951,,PJNPZIYGODMAQE-UHFFFAOYSA-N,ClCc1cc(ccc1O)[N+](=O)[O-],,-2.303302549
5951,C-5952,,NZQJDEJTKKTQOI-UHFFFAOYSA-N,CCN(C(C(C)(C)C)(C)C)C.Br,,-2.301418497
5952,C-5953,,MZPCTRNDYNHZQE-UHFFFAOYSA-N,CC(=O)Oc1cccc2c1nccc2,,-2.300422587
5953,C-5954,,ZFDPAZDODACYOG-UHFFFAOYSA-M,Cc1c(NCS(=O)(=O)[O-])c(=O)n(n1C)c1ccccc1.[Na+],,-2.300093897
5954,C-5955,,AQNQQHJNRPDOQV-UHFFFAOYSA-N,BrC1CCCCC1,,-2.3
5955,C-5956,,YBRVSVVVWCFQMG-UHFFFAOYSA-N,Nc1ccc(cc1)Cc1ccc(cc1)N,,-2.3
5956,C-5957,,WWZKQHOCKIZLMA-UHFFFAOYSA-N,CCCCCCCC(=O)O,,-2.3
5957,C-5958,,XDNBJTQLKCIJBV-SFHVURJKSA-N,CCOP(=S)(Oc1ccc(cc1)[S@@](=O)C)OCC,,-2.3
5958,C-5959,,CVGRWCDFXQGLOY-UHFFFAOYSA-N,NC(=O)OCCN1OCc2c(C1)ccc(c2)[N+](=O)[O-],,-2.29979829
5959,C-5960,,XBQMOSVDTGDYFV-GQCTYLIASA-N,ONC(=O)/C=C/c1ccc(c(c1)C)OC,,-2.299417192
5960,C-5961,,AKWIIELWJKTVGQ-UHFFFAOYSA-N,[O-][N+](=O)O.OCn1c(Cl)nc2c1c(=O)n(C)c(=O)n2C,,-2.297720986
5961,C-5962,,IYETZZCWLLUHIJ-UHFFFAOYSA-N,CC(N(CC#C)C)Cc1ccccc1.Cl,,-2.296672954
5962,C-5963,,HRACVNXTSHEBIU-UHFFFAOYSA-N,Nc1ccc(c(c1)O)C(=O)O.CCN(CCOC(=O)c1ccc(cc1O)N)CC,,-2.296184504
5963,C-5964,,SYNKGZURWSKSDC-ONXXMXGDSA-N,CN1[C@@H]2CC[C@H]1CC(C2)Oc1ccccc1,,-2.295691024
5964,C-5965,,DGUOEMCUTWLIGZ-YDBSYXHISA-N,CO[C@]12[C@H]3N[C@H]3CN1C1=C([C@H]2COC(=O)N)C(=O)C(=C(C1=O)C)Nc1ccccc1,,-2.294133028
5965,C-5966,,YECIFGHRMFEPJK-UHFFFAOYSA-N,CCN(CC(=O)Nc1c(C)cccc1C)CC.Cl.O,,-2.293303929
5966,C-5967,,LBKPGNUOUPTQKA-UHFFFAOYSA-N,CCOC(=O)Nc1ccccc1,,-2.291132302
5967,C-5968,,WXAYTPABEADAAB-UHFFFAOYSA-N,CN1CCCN=C1COC(=O)C(c1ccccc1)(C1CCCCC1)O.Cl,,-2.290791172
5968,C-5969,,SODPIMGUZLOIPE-UHFFFAOYSA-N,OC(=O)COc1ccc(cc1)Cl,,-2.29
5969,C-5970,,PVWOIHVRPOBWPI-UHFFFAOYSA-N,CCCI,,-2.29
5970,C-5971,,FDGQSTZJBFJUBT-UHFFFAOYSA-N,O=c1[nH]cnc2c1[nH]cn2,,-2.29
5971,C-5972,,WDCYWAQPCXBPJA-UHFFFAOYSA-N,[O-][N+](=O)c1cccc(c1)[N+](=O)[O-],,-2.29
5972,C-5973,,FTCYKZUJBNQKIH-UHFFFAOYSA-N,ClCC[NH+](CC(=C)Cl)CCCl.[Cl-],,-2.289156587
5973,C-5974,,VBCRAMVMTKQGPM-UHFFFAOYSA-N,COc1ccc2c(c1)c(ccn2)C(CN1CCCCC1)O.Cl,,-2.288869847
5974,C-5975,,VYPFMCZCVQRZQJ-UHFFFAOYSA-N,N#CCNc1ccccc1C(=O)O,,-2.28876815
5975,C-5976,,QRWRJDVVXAXGBT-UHFFFAOYSA-N,CC1Cc2c(N1)cccc2,,-2.288160546
5976,C-5977,,OBRDCSSSDNLWTA-UHFFFAOYSA-N,NNC(Cc1cccc(c1)Cl)C,,-2.287752369
5977,C-5978,,XXEPPPIWZFICOJ-UHFFFAOYSA-N,CCN(C(C(=O)c1ccccc1)C)CC,,-2.287495084
5978,C-5979,,GHXBWQDBWRSARY-DYWKTHLTSA-N,OP(=O)(O)O.Oc1ccc2c(c1)[C@]13CCCC[C@H]3[C@@H](C2)N(CC1)C,,-2.285864161
5979,C-5980,,ULKNJYDXLYMGFB-UHFFFAOYSA-N,OC(=O)CCC1NC(=S)N(C1=O)c1ccccc1,,-2.285374969
5980,C-5981,,FWWDFDMCZLOXQI-UHFFFAOYSA-N,O=C(C(C)(C)C)NNCc1ccccc1,,-2.285092293
5981,C-5982,,UIIMQLPOAXFKFW-UHFFFAOYSA-N,CC(c1ccccc1)CCC(=O)O,,-2.283248112
5982,C-5983,,XFJUBSCJIVHSLU-UHFFFAOYSA-N,OC(C[NH+](C(C)C)C(C)C)COc1ccccc1C(=O)C.[Cl-],,-2.280290121
5983,C-5984,,XQRALZKQYRLRST-UHFFFAOYSA-N,OC(CN(C(C)C)C(C)C)COc1cccc(c1)C(=O)C.Cl,,-2.280290121
5984,C-5985,,ABICJYZKIYUWEE-UHFFFAOYSA-N,O=C1NC(=O)C(C(=O)N1)[N+](=O)[O-],,-2.28
5985,C-5986,,YFTHZRPMJXBUME-UHFFFAOYSA-N,CCCN(CCC)CCC,,-2.28
5986,C-5987,,JWAZRIHNYRIHIV-UHFFFAOYSA-N,Oc1ccc2c(c1)cccc2,,-2.28
5987,C-5988,,GWZCCUDJHOGOSO-UHFFFAOYSA-N,OC(=O)c1ccccc1c1ccccc1C(=O)O,,-2.28
5988,C-5989,,BUYMVQAILCEWRR-VKHMYHEASA-N,COP(=O)(O[C@@H](C(Br)(Cl)Cl)Br)OC,,-2.28
5989,C-5990,,WIGLWDYSZRNQOI-UHFFFAOYSA-N,CCC(c1ccccc1)(C(=O)N)CCN(C)C,,-2.279946874
5990,C-5991,,LNNWVNGFPYWNQE-GMIGKAJZSA-N,CN1CC[C@@]23[C@@H]4[C@H]1Cc1c3c(O[C@H]2CCC4)c(cc1)O,,-2.27973095
5991,C-5992,,VFZQJKXVHYZXMM-UHFFFAOYSA-N,OC(=O)Cc1csc2c1cccc2,,-2.279504288
5992,C-5993,,XDPKQGKEOCYMQC-UHFFFAOYSA-N,O=C1CC(=O)N(N1c1ccccc1)c1ccccc1,,-2.278999832
5993,C-5994,,WSHBUVWBGHKXLX-UHFFFAOYSA-N,Nc1ccc(cc1)S(=O)(=O)[N-]c1scc(n1)C.[Na+],,-2.27684809
5994,C-5995,,AFDJQFFKYDCYIG-JSGFVSQVSA-M,O=C1N=C(N(C1)/N=C/c1ccc(o1)[N+](=O)[O-])[O-].[Na+],,-2.275329702
5995,C-5996,,XHRKBDQMDPKJMB-UHFFFAOYSA-N,OCn1c(Cl)nc2c1c(=O)n(C)c(=O)n2C.ON=O,,-2.274527319
5996,C-5997,,ODWHXYVTBJEFNG-UHFFFAOYSA-N,CCCCCC(CCC)NCCSS(=O)(=O)O,,-2.273491868
5997,C-5998,,BZHKRGITPPRQFR-UHFFFAOYSA-N,CCCCCCC(NCCSS(=O)(=O)O)CC,,-2.273491868
5998,C-5999,,GUQATEKNKSDOJK-UHFFFAOYSA-N,CCCCCCCC(NCCSS(=O)(=O)O)C,,-2.273491868
5999,C-6000,,GFDXGSPTNKJZSL-UHFFFAOYSA-N,CC(CCCCCCNCCSS(=O)(=O)O)C,,-2.273491868
6000,C-6001,,ZDQJMUIEQNGXTC-UHFFFAOYSA-N,O=C1COc2c(N1CCC[NH+](C)C)cc(cc2)Cl.[Cl-],,-2.272395516
6001,C-6002,,YBIRDHJXPIORJB-UHFFFAOYSA-N,Nc1ncc(c(n1)N)Cc1ccc2c(c1)OCO2,,-2.271566097
6002,C-6003,,QPXULTOHMFSFKO-UHFFFAOYSA-N,CCCCC1(CC)C(=O)NC(=O)NC1=O.[Na],,-2.271138779
6003,C-6004,,GVSJHNWVRSBRMB-UHFFFAOYSA-M,[O-]S(=O)O.CCCCCCC=O.[Na+],,-2.270754461
6004,C-6005,,LSSUMOWDTKZHHT-UHFFFAOYSA-N,CCN(CCc1c[nH]c2c1cccc2)CC,,-2.270654746
6005,C-6006,,ZHDORMMHAKXTPT-UHFFFAOYSA-N,O=C(c1ccccc1)NC(=O)c1ccccc1,,-2.27
6006,C-6007,,ASWVTGNCAZCNNR-UHFFFAOYSA-N,Nc1ccc(cc1)S(=O)(=O)Nc1nc(C)cc(n1)C,,-2.27
6007,C-6008,,QHWDUJPWCGEBTH-UHFFFAOYSA-N,Nc1ccc(cc1)C(=O)Nc1ccccc1,,-2.26994694
6008,C-6009,,KPSPULPPMWHXGE-UHFFFAOYSA-N,Nc1cccc(c1)C(=O)Nc1ccccc1,,-2.26994694
6009,C-6010,,XIOUPQUYEUYPAW-UHFFFAOYSA-N,O=C1NC(=S)NC(=O)C21CCCCC2,,-2.269596838
6010,C-6011,,OTXYXYOEXXRCPM-UHFFFAOYSA-N,CCCN(C(=O)c1nnn(c1C)c1ccccc1)CCC,,-2.269420447
6011,C-6012,,HFZWIOMMCVHMSX-UHFFFAOYSA-N,CC(Nc1ccccc1C(=O)N)C,,-2.269355566
6012,C-6013,,NWHUWTFLOIGXEA-UHFFFAOYSA-N,COC(=O)c1cnc2n(c1=O)C(C)CCC2,,-2.268735895
6013,C-6014,,KTTKGQINVKPHLY-DOCRCCHOSA-N,CN([C@@H]1C(=O)C(=C([C@@]2([C@H]1Cc1c(C2=O)c(O)c2c(c1C)cccc2O)O)O)C(=O)N)C,,-2.268114812
6014,C-6015,,IRMGMLDQRYBJGV-UHFFFAOYSA-N,CCS(=O)c1ccc(cc1)OCC(CN1CCN(CC1)c1ccccc1)O.Cl.Cl,,-2.267917765
6015,C-6016,,CNBCNHHPIBKYBO-NSCUHMNNSA-N,COc1ccc(cc1)/C=C/C#N,,-2.266907175
6016,C-6017,,HVCOBJNICQPDBP-UHFFFAOYSA-N,CCCCCCCC(OC1OC(C)C(C(C1O)OC1OC(C)C(C(C1O)O)O)O)CC(=O)OC(CC(=O)O)CCCCCCC.O,,-2.266599376
6017,C-6018,,UOCJDOLVGGIYIQ-PBFPGSCMSA-N,O=C([C@@H](c1ccc(cc1)O)N)N[C@@H]1C(=O)N2[C@@H]1SCC(=C2C(=O)O)CSc1n[nH]nc1,,-2.266303058
6018,C-6019,,IYBQHJMYDGVZRY-UHFFFAOYSA-N,CCN(CC(=O)Nc1c(C)cccc1C)CC.Cl,,-2.265332913
6019,C-6020,,DPEHDUYRYHMVNX-UHFFFAOYSA-N,CCN1CCN(CC1C(=O)Nc1ccccc1)CC.ON=O.ON=O,,-2.265153992
6020,C-6021,,QTSCXKZZWJJBON-UHFFFAOYSA-N,CC(NNCc1ccccc1)C.Cl,,-2.265142535
6021,C-6022,,ZKALVNREMFLWAN-UHFFFAOYSA-N,CC(CC(=NO)C)C,,-2.264787658
6022,C-6023,,WIOLAWBMDVBVDE-UHFFFAOYSA-N,OS(=O)(=O)SCCNCCCCCc1ccccc1,,-2.264581729
6023,C-6024,,WVFGKGPFQSEWON-DYWKTHLTSA-N,Oc1ccc2c(c1)[C@]13CCCC[C@H]3[C@@H](C2)N(CC1)C.Br,,-2.264470053
6024,C-6025,,MORVOYPJRATMRS-UHFFFAOYSA-N,ClCCCn1cnc2c1c(=O)n(C)c(=O)n2C,,-2.263280914
6025,C-6026,,HLFSDGLLUJUHTE-SNVBAGLBSA-N,C1CN2C(=N[C@H](C2)c2ccccc2)S1,,-2.26258504
6026,C-6027,,FXFYOPQLGGEACP-UHFFFAOYSA-N,Cc1ccc2c(c1)ccc(=O)o2,,-2.261438469
6027,C-6028,,VTAGVKVPFBOVRM-UHFFFAOYSA-N,CC[N+](CCC(c1ccccc1)(c1ccccc1)C(=O)N)(C)C.[Br-],,-2.26093895
6028,C-6029,,ZEMGGZBWXRYJHK-UHFFFAOYSA-N,O=c1cc[nH]c(=S)[nH]1,,-2.26
6029,C-6030,,KTORKRBAIRTBCP-UHFFFAOYSA-N,OC(=O)c1nsc2c1cccc2,,-2.259444101
6030,C-6031,,VYOUHDLOIRJOSW-UHFFFAOYSA-N,CCCC[C-]1C(=O)N(N(C1=O)c1ccccc1)c1ccccc1.[Na+],,-2.258920026
6031,C-6032,,KFDZTHIWFNKNAO-UHFFFAOYSA-N,O=C(c1ccc(cc1)[N+](=O)[O-])Nc1ncc[nH]1,,-2.258650394
6032,C-6033,,LDYJXVUOVPVZKA-UHFFFAOYSA-N,CN(CCN(c1ccccc1)Cc1cccs1)C,,-2.258484856
6033,C-6034,,VWBQYTRBTXKKOG-IYNICTALSA-M,CC[C@@H](C(=O)O[C@H]1C[C@H](O)C=C2[C@H]1[C@@H](CC[C@H](C[C@H](CC(=O)[O-])O)O)[C@H](C=C2)C)C.[Na+],,-2.258196312
6034,C-6035,,LPKNOKRDTBOPAZ-UHFFFAOYSA-N,CCC(c1ccccc1)(C(=O)N)CCN1CCOCC1,,-2.256815182
6035,C-6036,,CQEWMIYTLWJAAY-UHFFFAOYSA-N,CCn1c(=O)oc2c1cccc2,,-2.255528059
6036,C-6037,,AHCLKGZTPQXOQK-UHFFFAOYSA-N,ClCC[NH2+]CCOc1ccccc1C.[Cl-],,-2.255208259
6037,C-6038,,YDTRHUZOOVJOAN-UHFFFAOYSA-N,Oc1sc(C)c(c(=O)c1c1ccccc1)C(=O)O,,-2.254410647
6038,C-6039,,DUTLJDUDHBSLFN-UHFFFAOYSA-N,CC(=O)N1OCc2c(C1)ccc(c2)[N+](=O)[O-],,-2.253322369
6039,C-6040,,FFRVMAQKEPCGOM-UHFFFAOYSA-N,CC(=O)N1OCc2c(C1)cc(cc2)[N+](=O)[O-],,-2.253322369
6040,C-6041,,NOEMEJJCNDUHJT-UHFFFAOYSA-N,CC(Cc1[nH]c2c(n1)n(C)c(=O)n(c2=O)C)C,,-2.252843822
6041,C-6042,,WNQVHMFKZVBQGL-VMPITWQZSA-N,CCOc1ccc(cc1)/C=C/C(=O)NO,,-2.251992542
6042,C-6043,,CSGBRIWXMBIKEM-UHFFFAOYSA-N,CCOc1cc(ccc1O)C(=O)N(CC)CC,,-2.251444267
6043,C-6044,,KLIWBPMQXVJEAN-UHFFFAOYSA-N,OCC(COc1ccccc1CC)O,,-2.251408128
6044,C-6045,,WUWWFJGGMGKQML-UHFFFAOYSA-N,OCC(COc1ccc(cc1)CC)O,,-2.251408128
6045,C-6046,,JCLWQYMAWWJMSX-UHFFFAOYSA-N,OCC(COc1cccc(c1)CC)O,,-2.251408128
6046,C-6047,,AWOGXJOBNAWQSF-UHFFFAOYSA-N,OC(COc1ccc(cc1C(=O)C)NC(=O)C)CNC(C)C,,-2.25103727
6047,C-6048,,VDVCBHJNKZNXKT-UHFFFAOYSA-N,CCC1(CC=C(C)C)C(=O)NC(=O)NC1=O,,-2.25
6048,C-6049,,FOXFZRUHNHCZPX-UHFFFAOYSA-N,CSc1nnc(c(=O)n1N)C(C)(C)C,,-2.25
6049,C-6050,,ZPUCINDJVBIVPJ-LJISPDSOSA-N,COC(=O)[C@H]1[C@H](C[C@H]2N([C@@H]1CC2)C)OC(=O)c1ccccc1	,,-2.25
6050,C-6051,,SOGAXMICEFXMKE-UHFFFAOYSA-N,CCCCOC(=O)C(=C)C,,-2.249803501
6051,C-6052,,VXJABHHJLXLNMP-UHFFFAOYSA-N,CCCNC(COC(=O)c1ccccc1)(C)C,,-2.248800835
6052,C-6053,,ZXSGQNYQJIUMQN-UHFFFAOYSA-N,CC1CCCCN1CCCOC(=O)c1ccccc1.Cl,,-2.248648952
6053,C-6054,,XQFRJNBWHJMXHO-RRKCRQDMSA-N,OC[C@H]1O[C@H](C[C@@H]1O)n1cc(I)c(=O)[nH]c1=O,,-2.248095943
6054,C-6055,,DBHODFSFBXJZNY-UHFFFAOYSA-N,OCc1ccc(cc1Cl)Cl,,-2.24803215
6055,C-6056,,XFUAUNXVZYEABH-UHFFFAOYSA-N,OC1c2ccccc2CCc2c1cncc2.Cl,,-2.247836542
6056,C-6057,,OVGORFFCBUIFIA-UHFFFAOYSA-N,CCCCC(c1ccccc1)O,,-2.246503763
6057,C-6058,,RBZIGQJSMCOHSS-UHFFFAOYSA-N,OC(=O)C(CC(=O)O)(CC(=O)O)O.CCN(CCc1onc(n1)c1ccccc1)CC,,-2.246475757
6058,C-6059,,YXVCLPJQTZXJLH-UHFFFAOYSA-N,Cc1ncc(c(n1)N)C[n+]1csc(c1C)CCOP(=O)(OP(=O)(O)O)O.[Cl-],,-2.246338188
6059,C-6060,,STHZIWWZUMRBQV-UHFFFAOYSA-N,CCN(C(=O)c1nnn(c1C)c1ccc(cc1)N)CC.Cl,,-2.245565942
6060,C-6061,,KFUSXMDYOPXKKT-UHFFFAOYSA-N,Cc1ccccc1OCC1CO1,,-2.244572095
6061,C-6062,,ZBJWWKFMHOAPNS-UHFFFAOYSA-N,Ic1cc(c2c(c1O)nccc2)S(=O)(=O)O,,-2.244418163
6062,C-6063,,VOOFFTMORIBISQ-UMRVURNHSA-N,OC/C/1=C\[C@H]2OC(=O)C(=C)[C@@H]2[C@H](C/C(=C/CC1)/C)OC(=O)C(CO)C,,-2.243547748
6063,C-6064,,FBOZXECLQNJBKD-ZDUSSCGKSA-N,OC(=O)CC[C@@H](C(=O)O)NC(=O)c1ccc(cc1)N(Cc1cnc2c(n1)c(N)nc(n2)N)C,,-2.242509883
6064,C-6065,,FBOZXECLQNJBKD-CYBMUJFWSA-N,OC(=O)CC[C@H](C(=O)O)NC(=O)c1ccc(cc1)N(Cc1cnc2c(n1)c(N)nc(n2)N)C,,-2.242509883
6065,C-6066,,FBOZXECLQNJBKD-UHFFFAOYSA-N,OC(=O)CCC(C(=O)O)NC(=O)c1ccc(cc1)N(Cc1cnc2c(n1)c(N)nc(n2)N)C,,-2.242509883
6066,C-6067,,LJAQABDSIONCIU-QALYCTJVSA-N,Oc1ccc2c(c1)[C@]13CCCC[C@H]3[C@@H](C2)NCC1.Br,,-2.241383099
6067,C-6068,,IANQTJSKSUMEQM-UHFFFAOYSA-N,c1ccc2c(c1)occ2,,-2.241148892
6068,C-6069,,JAUBBHIDNRDRIK-UHFFFAOYSA-N,SC/C(=N\CC12CC3CC(C2)CC(C1)C3)/N.Cl,,-2.24044025
6069,C-6070,,LLAFVHXEICRNDX-UHFFFAOYSA-L,c1cc[n+](cc1)CCC[n+]1ccc2c(c1)cccc2.[Br-].[Br-],,-2.240033911
6070,C-6071,,CJHXCRMKMMBYJQ-UHFFFAOYSA-N,CCCCc1c(C)nc(nc1O)N(C)C,,-2.24
6071,C-6072,,ADVGKWPZRIDURE-UHFFFAOYSA-N,CC(=O)Nc1ccccc1O,,-2.24
6072,C-6073,,YZMCKZRAOLZXAZ-UHFFFAOYSA-N,Nc1ccc(cc1)S(=O)(=O)Nc1cc(C)nc(n1)C,,-2.24
6073,C-6074,,XYWDPYKBIRQXQS-UHFFFAOYSA-N,CC(SC(C)C)C,,-2.24
6074,C-6075,,MFPLUSZGRGRXTL-JOZOFPPJSA-N,O=C(CN1CCNCC1)N/N=C/c1ccc(o1)[N+](=O)[O-].Cl.Cl,,-2.239603663
6075,C-6076,,CEJGGHKJHDHLAZ-UHFFFAOYSA-M,CCC(C(c1ccccc1)C(=O)OCC[N+](CC)(CC)C)C.[Br-],,-2.239092696
6076,C-6077,,IATZQORMMQOVAJ-UHFFFAOYSA-N,CCOC(=O)N(P(=O)(N1CC1)N1CC1)OC(=O)C,,-2.238699892
6077,C-6078,,OAPDPORYXWQVJE-UHFFFAOYSA-N,CCCc1ccc(cc1)N,,-2.237913179
6078,C-6079,,WPXOLBJHNULPQA-UHFFFAOYSA-N,CCCC(=O)c1ccccc1OCC(CO)O,,-2.237213973
6079,C-6080,,OJSIHOCBTHOQJA-UHFFFAOYSA-N,CCCC(=O)c1ccc(cc1)OCC(CO)O,,-2.237213973
6080,C-6081,,LMRGURFWGRDIIQ-UHFFFAOYSA-N,O=C(CN1CCCC1)NCc1ccccc1,,-2.23662003
6081,C-6082,,MXUNKHLAEDCYJL-UHFFFAOYSA-N,OCC1OC(=O)N(C1)c1cccc(c1)C,,-2.236546064
6082,C-6083,,GMHKMTDVRCWUDX-UHFFFAOYSA-N,CCC1(NC(=O)N(C1=O)C)c1ccccc1,,-2.236189577
6083,C-6084,,ZDYMIDKNTKMLQP-UHFFFAOYSA-N,O=C(c1ccccc1O)CCNCc1ccccc1.Cl,,-2.234599141
6084,C-6085,,HOBWAPHTEJGALG-JKCMADFCSA-N,OS(=O)(=O)O.OCC(c1ccccc1)C(=O)OC1C[C@@H]2CC[C@H](C1)N2C.OCC(c1ccccc1)C(=O)OC1C[C@@H]2CC[C@H](C1)N2C,,-2.234537574
6085,C-6086,,DGMPVYSXXIOGJY-UHFFFAOYSA-N,CCCCc1ccc(nc1)C(=O)O,,-2.232194726
6086,C-6087,,YIKHDPHTFYWYJV-GQCTYLIASA-N,COc1cc(OC)ccc1/C=C/C(=O)O,,-2.232148011
6087,C-6088,,YTIJUXVIZLYQTB-UHFFFAOYSA-N,[O-]S(=O)(=O)[O-].C/N=C(/NCc1ccccc1)\[NH2+]C.C/N=C(/NCc1ccccc1)\[NH2+]C,,-2.230807973
6088,C-6089,,WHKUVVPPKQRRBV-UHFFFAOYSA-N,OC(=O)COc1ccc(cc1C)Cl,,-2.23
6089,C-6090,,ZPUCINDJVBIVPJ-LXTVHRRPSA-N,COC(=O)[C@H]1[C@@H](C[C@@H]2N([C@H]1CC2)C)OC(=O)c1ccccc1,,-2.23
6090,C-6091,,FWJKNZONDWOGMI-UHFFFAOYSA-N,CCC1(CC)C(=O)NC(=O)N(C1=O)C,,-2.23
6091,C-6092,,QSSXJPIWXQTSIX-UHFFFAOYSA-N,Cc1ccccc1Br,,-2.23
6092,C-6093,,JTVVOOSCIQPAQH-UHFFFAOYSA-N,CC(=O)Oc1c(cccc1c1ccccc1)C(=O)N,,-2.228027918
6093,C-6094,,FPGUWEPNTKKYLI-UHFFFAOYSA-N,C[NH+](CCC1(c2ccccc2)C(=O)Oc2c1cccc2)C.[Cl-],,-2.228013795
6094,C-6095,,PRBZWMUOQVJJMD-UHFFFAOYSA-M,O=C1C(=C/C(=N/c2ccc(c(c2)Cl)[O-])/C=C1Cl)Cl.[Na+],,-2.227936224
6095,C-6096,,LRNCBUQKZLZXAV-UHFFFAOYSA-N,CCOC(=O)C1=CNC2N(C1=O)C(C)CCC2,,-2.227881237
6096,C-6097,,OVTCEDCBXAYKQZ-UHFFFAOYSA-N,NC(=O)c1cn(C)c2=CCCC(n2c1=O)C,,-2.227300197
6097,C-6098,,FZEIWORKISALCO-UHFFFAOYSA-N,C=CCOc1ccccc1C(=O)N,,-2.227281771
6098,C-6099,,SOBYBGYFETUFEY-UHFFFAOYSA-N,OCCOc1ccc(cc1C(=O)NC)Br,,-2.225743629
6099,C-6100,,DNEJXIPLCRHMSL-UHFFFAOYSA-N,Clc1ccc2c(c1)N(C(=O)CC(=N2)N)c1ccccc1,,-2.225508425
6100,C-6101,,WRHGKVNXGAUMGD-UHFFFAOYSA-N,O=C(Nc1ncco1)Nc1ccccc1,,-2.225140471
6101,C-6102,,NVYCAPIKGLKFOG-UHFFFAOYSA-M,C[N+]1(CCCN2CC3CCCC(C2)C3)CCCC1.[I-],,-2.223776128
6102,C-6103,,RISOHYOEPYWKOB-UHFFFAOYSA-N,Cc1[nH]nc(c1Br)C,,-2.221920737
6103,C-6104,,PZABEXWNZYLYEY-UHFFFAOYSA-N,CCN(CCOCCCOC(=O)c1ccc(cc1)N)CC,,-2.220957149
6104,C-6105,,BXENNERVHQAIAY-UHFFFAOYSA-N,CCN(CCCC(=O)c1ccccc1)CC,,-2.220520147
6105,C-6106,,YNTJKQDWYXUTLZ-ZCFIWIBFSA-N,OC(=O)[C@H](Oc1cccc(c1)Cl)C,,-2.22
6106,C-6107,,SNIOPGDIGTZGOP-UHFFFAOYSA-N,[O-][N+](=O)OC(CO[N+](=O)[O-])CO[N+](=O)[O-],,-2.22
6107,C-6108,,KJCVRFUGPWSIIH-UHFFFAOYSA-N,Oc1cccc2c1cccc2,,-2.22
6108,C-6109,,MGSRCZKZVOBKFT-UHFFFAOYSA-N,Cc1ccc(c(c1)O)C(C)C,,-2.22
6109,C-6110,,ZGWNXHRVUJVMCP-ZCFIWIBFSA-N,OC(=O)[C@H](Oc1ccccc1Cl)C,,-2.22
6110,C-6111,,TWCFVUDIMLCADK-UHFFFAOYSA-N,CN(CCN1C(=O)CCCc2c1cccc2)C,,-2.219971649
6111,C-6112,,YFUWSMRQAKOQQG-UHFFFAOYSA-N,N/C(=N\Cc1ccc(s1)C)/CSS(=O)(=O)O,,-2.219852582
6112,C-6113,,OMPLHFKUSGGZFF-UHFFFAOYSA-N,OCC(c1ccc(cc1)OC)C(=O)OC1CC2CCC(C1)N2C,,-2.218778963
6113,C-6114,,DFQICHCWIIJABH-UHFFFAOYSA-N,Oc1ccc2c(c1)cc(cc2)O,,-2.218531818
6114,C-6115,,BBQDLDVSEDAYAA-AATRIKPKSA-N,OC(=O)/C=C/c1ccccc1[N+](=O)[O-],,-2.217726838
6115,C-6116,,KVZYKZBYZVKXNI-STOWLHSFSA-N,O=C1C[C@@H]2C([C@]1(CC2)CS(=O)(=O)O)(C)C.CCN(CCn1cnc2c1c(=O)n(C)c(=O)n2C)CC,,-2.214808199
6116,C-6117,,KJUHIXIWKSVBKB-UHFFFAOYSA-N,Cc1nc2ccccc2c(=O)n1c1ccccc1C.Cl,,-2.214479009
6117,C-6118,,ZOZABKCYUYXXRS-UHFFFAOYSA-N,[O-][N+](=O)c1ccc2c(c1)CONC2,,-2.214272896
6118,C-6119,,GEDLJMYPQDMOSM-UHFFFAOYSA-N,CCCCN1CCN(C1=S)CCCC,,-2.213894738
6119,C-6120,,STOUHHBZBQBYHH-UHFFFAOYSA-N,CC(=O)Oc1cccc(c1)OC(=O)C,,-2.212670954
6120,C-6121,,HMNHFUHYPNQIMA-UHFFFAOYSA-N,ClCCN(CC(C)C)CCCl.Cl,,-2.211945152
6121,C-6122,,NCXMLFZGDNKEPB-FFPOYIOWSA-N,C[C@@H]1C/C=C/C=C/C=C/C=C/[C@H](O[C@@H]2O[C@H](C)[C@H]([C@@H]([C@@H]2O)N)O)C[C@@H]2O[C@@](C[C@H](C[C@@H]3[C@@H](/C=C/C(=O)O1)O3)O)(O)C[C@@H]([C@H]2C(=O)O)O,,-2.210516209
6122,C-6123,,YXFVVABEGXRONW-UHFFFAOYSA-N,Cc1ccccc1,,-2.21
6123,C-6124,,LHJGJYXLEPZJPM-UHFFFAOYSA-N,Clc1cc(Cl)c(cc1O)Cl,,-2.21
6124,C-6125,,HHLXJTDUHFBYAU-UHFFFAOYSA-N,CCC1(C(C)C)C(=O)NC(=O)NC1=O,,-2.21
6125,C-6126,,UKXSKSHDVLQNKG-UHFFFAOYSA-N,OC(=O)C(c1ccccc1)(c1ccccc1)O,,-2.21
6126,C-6127,,SIQPXVQCUCHWDI-UHFFFAOYSA-N,CCCn1c(=O)[nH]c(=O)c2c1nc[nH]2,,-2.209416624
6127,C-6128,,NRGHCWQGTHPFTE-FVWCLLPLSA-N,Nc1ccc2c(c1)[C@]13CCN4[C@H]1C[C@@H]1[C@@H]5[C@@H]3N2C(=O)C[C@@H]5OCC=C1C4,,-2.209112505
6128,C-6129,,XYGSFNHCFFAJPO-UHFFFAOYSA-N,CN(CCC(c1ccccc1Cl)(c1ccccc1)O)C.Cl,,-2.20821378
6129,C-6130,,SXPGFJZLDDFUHA-UHFFFAOYSA-N,CCCCN(CCCl)CCCl,,-2.203530746
6130,C-6131,,DFOBXZFAOORPAD-UHFFFAOYSA-N,COc1cc(CCNC(=O)c2ccc(cc2)C#CC(O)(C)C)ccc1OC,,-2.203464518
6131,C-6132,,ZSBXGIUJOOQZMP-JLNYLFASSA-N,O=C1CCC[C@H]2N1C[C@@H]1CCCN3[C@@H]1[C@@H]2CCC3,,-2.200862389
6132,C-6133,,LVYJIIRJQDEGBR-UHFFFAOYSA-N,FCCI,,-2.199049224
6133,C-6134,,XOVJAYNMQDTIJD-UHFFFAOYSA-N,C=CCC1(C(=O)NC(=O)NC1=O)C1CCC=C1,,-2.198840666
6134,C-6135,,WLRMANUAADYWEA-NWASOUNVSA-N,O[C@H](COc1nsnc1N1CCOCC1)CNC(C)(C)C.OC(=O)/C=C\C(=O)O,,-2.198227516
6135,C-6136,,VJJPTBBOPNGSRR-UHFFFAOYSA-N,OC(=O)COc1ccc2c(c1)CCC2,,-2.198137728
6136,C-6137,,GSNOZLZNQMLSKJ-UHFFFAOYSA-N,CCN(c1cc(C)nc2n1ncn2)CC,,-2.198037607
6137,C-6138,,JBOPQACSHPPKEP-UHFFFAOYSA-N,CC(=O)Oc1c[nH]c2c1cccc2,,-2.195837681
6138,C-6139,,INOVPKZAEASFME-UHFFFAOYSA-N,CC(NC(=O)c1ccccc1)C,,-2.195740034
6139,C-6140,,XIFVTSIIYVGRHJ-UHFFFAOYSA-N,CNc1nc(nc(n1)N(C)C)N(C)C,,-2.195570059
6140,C-6141,,VJSZGADWCZOKOK-UHFFFAOYSA-N,COc1cccc(c1)Cc1cnc(nc1N)N,,-2.195513191
6141,C-6142,,NFLLKCVHYJRNRH-UHFFFAOYSA-N,Clc1[nH]c2c(n1)n(C)c(=O)n(c2=O)C.CN(CCOC(c1ccccc1)c1ccccc1)C,,-2.194948881
6142,C-6143,,ZUTYZAFDFLLILI-UHFFFAOYSA-N,CCC(c1ccc(cc1)O)C,,-2.194459387
6143,C-6144,,QEFCQWMDQYETNH-FCVRUTMISA-N,[O-][N+](=O)c1ccc(o1)/C=N/NC(=O)C[NH2+]C.[O-]C(=O)C,,-2.194285287
6144,C-6145,,YJZJEQBSODVMTH-UHFFFAOYSA-N,OCCNC(=O)N(CCCl)N=O,,-2.194118202
6145,C-6146,,LMTOFAYSICBYRU-UHFFFAOYSA-N,Nc1oc2c(n1)c(Cl)ccc2,,-2.193382294
6146,C-6147,,ZNJCQBBJHFLQAG-UHFFFAOYSA-N,Nc1nc2c(o1)c(Cl)ccc2,,-2.193382294
6147,C-6148,,CPTBDICYNRMXFX-UHFFFAOYSA-N,CNNCc1ccc(cc1)C(=O)NC(C)C,,-2.193313033
6148,C-6149,,ZRIHAIZYIMGOAB-UHFFFAOYSA-N,CCC(C1(CC)C(=O)NC(=O)NC1=O)C,,-2.192349776
6149,C-6150,,NFDNQGGQNTZYFP-UHFFFAOYSA-N,OC(=O)C(=O)O.CN(CCCC1(O)OC(c2c1cccc2)(C)C)C,,-2.192239989
6150,C-6151,,XOKJUSAYZUAMGJ-WOUKDFQISA-N,OC[C@H]1O[C@H]([C@@H]([C@@H]1O)O)n1cc(c2c1ncnc2N)C#N,,-2.190595695
6151,C-6152,,VCOQVAJFXPHUAM-UHFFFAOYSA-N,CC(=O)N(c1ccccc1C(=O)O)C,,-2.190493576
6152,C-6153,,XJCVRTZCHMZPBD-UHFFFAOYSA-N,Nc1cccc(c1)[N+](=O)[O-],,-2.1900001
6153,C-6154,,PTBKFATYSVLSSD-ZZXKWVIFSA-N,[O-][N+](=O)c1ccc(o1)/C=N/O,,-2.1900001
6154,C-6155,,PHWNWYMCWKIFAK-UHFFFAOYSA-N,CCCCCC(CO)(CO)C,,-2.187783669
6155,C-6156,,KVUAALJSMIVURS-ZEDZUCNESA-L,O=CN1C(CNc2ccc(cc2)C(=O)N[C@H](C(=O)[O-])CCC(=O)[O-])CNc2c1c(=O)nc([nH]2)N.[Ca+2],,-2.187714347
6156,C-6157,,ZEAJXCPGHPJVNP-UHFFFAOYSA-N,OC(c1ccccc1)CNc1ccccn1,,-2.186071918
6157,C-6158,,XAMZAUGUBOIFKY-UHFFFAOYSA-N,CN(c1c(=O)[nH]c(=O)n(c1C)c1ccccc1)C,,-2.185274347
6158,C-6159,,ODLUTVBIDGJWAA-UHFFFAOYSA-N,O=C(c1ccc(cc1)[N+](=O)[O-])Nc1n[nH]nn1,,-2.184849098
6159,C-6160,,HCBHQDKBSKYGCK-UHFFFAOYSA-N,OC(=O)c1c(C)cccc1C,,-2.184624633
6160,C-6161,,JFBCNQQUKQOJPP-UHFFFAOYSA-N,CCCCCC(COC(=O)N)COC(=O)N,,-2.184168229
6161,C-6162,,XVAOJFFCAQNGJF-UHFFFAOYSA-L,CCCC[Hg]OC(=O)C[S-].[Na+],,-2.183526436
6162,C-6163,,TYIYSVLVQMZJDR-UHFFFAOYSA-N,CCCN1C(=O)Cc2c(S1(=O)=O)cccc2,,-2.183023082
6163,C-6164,,CAMYKONBWHRPDD-UHFFFAOYSA-N,NC(=O)OCCCc1ccccc1,,-2.182607563
6164,C-6165,,KIZLMJCPUZAQPU-UHFFFAOYSA-N,COc1c(C)cc(cc1C)CC(N)C.Cl,,-2.182274792
6165,C-6166,,VSDRAVPZXXXJDG-UHFFFAOYSA-N,CCCCSc1ncnc2c1[nH]cn2,,-2.181933257
6166,C-6167,,JANNQSLLUJUMEN-UHFFFAOYSA-N,N/C(=N\CC1CCCC1)/CSS(=O)(=O)O,,-2.181890058
6167,C-6168,,DSKDIOZEEJPDAJ-UHFFFAOYSA-N,N/C(=N\C1CCCCC1)/CSS(=O)(=O)O,,-2.181890058
6168,C-6169,,JKHRRGNPYDEKGJ-UHFFFAOYSA-N,CC(CC(C)(C)C)CCNCCSS(=O)(=O)O,,-2.180627209
6169,C-6170,,QVLAWKAXOMEXPM-UHFFFAOYSA-N,ClCC(Cl)(Cl)Cl,,-2.1800001
6170,C-6171,,WOIGZSBYKGQJGL-UHFFFAOYSA-N,C=CCC1(C(=O)NC(=O)NC1=O)c1ccccc1,,-2.1800001
6171,C-6172,,AZOCECCLWFDTAP-IUCAKERBSA-N,CC(=C)[C@H]1CC[C@@H](C(=O)C1)C,,-2.1800001
6172,C-6173,,WQAQPCDUOCURKW-UHFFFAOYSA-N,CCCCS,,-2.1800001
6173,C-6174,,VDTNNGKXZGSZIP-UHFFFAOYSA-N,CCCCNC(=O)NS(=O)(=O)c1ccc(cc1)N,,-2.1800001
6174,C-6175,,ZEOBTWIUYHOVNR-UHFFFAOYSA-N,ClCCC1NC(=O)c2c(O1)ccc(c2)[NH3+].[Cl-],,-2.179601328
6175,C-6176,,XIROGEVVNHGHFZ-UHFFFAOYSA-N,O=C(c1ccccc1)CCN1CCCCC1.Cl,,-2.179130998
6176,C-6177,,IOYQQPACAXCJIN-UHFFFAOYSA-N,O=C(CN1CCN(CC1)C(=O)C)NN=Cc1ccc(o1)[N+](=O)[O-],,-2.177179321
6177,C-6178,,BGRJTUBHPOOWDU-UHFFFAOYSA-N,CCN1CCCC1CNC(=O)c1cc(ccc1OC)S(=O)(=O)N,,-2.176315176
6178,C-6179,,NMTMZLCCIHLJED-UHFFFAOYSA-N,Brc1ccc(nc1)OCCCCNCCSS(=O)(=O)O,,-2.17585573
6179,C-6180,,NOWADDNUCMOPLH-UHFFFAOYSA-N,O=CNc1ccc(cc1)S(=O)(=O)c1ccc(cc1)NC=O,,-2.175834472
6180,C-6181,,BUCORZSTKDOEKQ-SDXDJHTJSA-N,C/N=C\1/CN(O)C(=c2c(=N1)ccc(c2)Cl)c1ccccc1,,-2.175740787
6181,C-6182,,XYGXSCVUMIDZRR-UHFFFAOYSA-N,CCCCCC1(CC)C(=O)NC(=O)NC1=O,,-2.175661546
6182,C-6183,,GUAFOGOEJLSQBT-UHFFFAOYSA-N,COc1cc2oc(=O)ccc2cc1OC,,-2.174403277
6183,C-6184,,VWZJKIUSSAXDAH-RRQHEKLDSA-N,N/C(=N\[C@H]1CC2CC1CC2)/COS(=S)(=O)O,,-2.174219191
6184,C-6185,,IMYZQPCYWPFTAG-UHFFFAOYSA-N,CNC1(C)C2CCC(C1(C)C)C2,,-2.173105827
6185,C-6186,,RUOPAUDVYRHXDB-UHFFFAOYSA-N,OC(COc1cccc(c1C(=O)C)O)COc1cccc(c1C(=O)C)O,,-2.172923623
6186,C-6187,,OKBFCOHJPXQZTL-UHFFFAOYSA-N,C[N+](=C(COCc1ccc(cc1)C(C)C)N)C.[Cl-],,-2.17257886
6187,C-6188,,AUJXJFHANFIVKH-GQCTYLIASA-N,COC(=O)/C=C/c1ccc(c(c1)OC)O,,-2.172379806
6188,C-6189,,YUTFQTAITWWGFH-UHFFFAOYSA-N,CC(=O)c1cc2c(o1)cccc2,,-2.171967838
6189,C-6190,,MQVMITUCTLYRNV-UHFFFAOYSA-N,CCCCCCOCC(CO)O,,-2.170596949
6190,C-6191,,ANZGQGAJGAEASQ-UHFFFAOYSA-L,ClCC[N+]1(C)CC[N+](CC1)(C)CCCl.[Cl-].[Cl-],,-2.170011327
6191,C-6192,,WTYGAUXICFETTC-UHFFFAOYSA-N,CCC1(C2=CCCCC2)C(=O)NC(=O)NC1=O,,-2.1700001
6192,C-6193,,GGLIEWRLXDLBBF-UHFFFAOYSA-N,CCOc1ccc(cc1)NC(=O)N,,-2.1700001
6193,C-6194,,DRUIESSIVFYOMK-UHFFFAOYSA-N,N#CC(Cl)(Cl)Cl,,-2.1700001
6194,C-6195,,WVLOADHCBXTIJK-YNHQPCIGSA-N,O=C1CC[C@@H]2[C@@]34[C@H]1Oc1c4c(C[C@H]2N(CC3)C)ccc1O,,-2.169809899
6195,C-6196,,CZTQZXZIADLWOZ-CRAIPNDOSA-N,O=C(N[C@@H]1C(=O)N2[C@@H]1SCC(=C2C(=O)[O-])C[n+]1ccccc1)Cc1cccs1,,-2.167841325
6196,C-6197,,KRGNLCAXPGOHQH-FNORWQNLSA-N,N#C/C(=C\c1ccco1)/C(=O)OC,,-2.167736733
6197,C-6198,,VMGTVVBGSTUZRH-UNGNXWFZSA-N,CCCCCCCCOCn1ccn(/c/1=C\[NH+]=O)C.[Cl-],,-2.167501752
6198,C-6199,,VJKUPQSHOVKBCO-ZTYBEOBUSA-N,CC(=C)[C@@H]1C2OC(=O)C1[C@]1([C@]3([C@@H]2OC(=O)[C@]23C(C1)O2)C)O.O=C1OC2[C@H](C1[C@]1(O)C[C@@H]3[C@]4([C@@]1([C@@H]2OC4=O)C)O3)C(O)(C)C,,-2.167237336
6199,C-6200,,RCQXSQPPHJPGOF-UHFFFAOYSA-N,OC(=O)C(CC(=O)O)(CC(=O)O)O.Cn1cnc2c1c(=O)n(C)c(=O)n2C,,-2.16698806
6200,C-6201,,DLCYDUCHUVPZDO-UHFFFAOYSA-M,C/C(=C\C=C\N1CCCCCC1)/C=[N+]1CCCCCC1.[Cl-],,-2.16629883
6201,C-6202,,DMWQAGFXWKNDBE-UHFFFAOYSA-N,CC(=C)Cn1c(=O)n(C)c2c(c1=O)n(C)cn2,,-2.165576302
6202,C-6203,,ACRBVLNVNAEIRT-UHFFFAOYSA-N,CCCC(COC(=O)N(C)C)(CO)C,,-2.165084125
6203,C-6204,,VVNYEECDRVTLHM-UHFFFAOYSA-N,CCC(COC(=O)N(C)C)(CO)CC,,-2.165084125
6204,C-6205,,OKPXKOTXEVLWNV-UHFFFAOYSA-N,COc1ccc(cc1)n1c(C)c(N(C)C)c(=O)n(c1=O)C,,-2.164735767
6205,C-6206,,TUQLBASXUYTTNN-UHFFFAOYSA-N,CCCNC(=O)OCC(COC(=O)N)CC,,-2.164614693
6206,C-6207,,SBMSBQOMJGZBRY-UHFFFAOYSA-N,CCC(=O)c1ccc(c(c1)OC)OC,,-2.164464669
6207,C-6208,,JTRXPPVLPJRQIF-UHFFFAOYSA-N,Clc1ccc(nc1)OCCCCCNCCSS(=O)(=O)O,,-2.164455682
6208,C-6209,,LFVZHCDOKIVWBQ-RRAJOLSVSA-N,CC[NH+](CC(=O)N/N=C/c1ccc(o1)[N+](=O)[O-])CC.[Cl-],,-2.163770336
6209,C-6210,,ZRGVQCBYFKYZQU-UHFFFAOYSA-N,CC[NH+]1CCCC1c1c[nH]c2c1cccc2.[Cl-],,-2.163747133
6210,C-6211,,ZRWNRAJCPNLYAK-UHFFFAOYSA-N,NC(=O)c1ccc(cc1)Br,,-2.163435453
6211,C-6212,,DSXNAAVBZUNNJI-UHFFFAOYSA-N,NC1=NCC(O1)CSc1ccccc1,,-2.163309467
6212,C-6213,,OXMIHLGHUYDMCT-UHFFFAOYSA-N,Clc1ccc2c(c1)CON(C2)C(=O)N,,-2.163277811
6213,C-6214,,WWROGCAUSKGAMX-UHFFFAOYSA-N,CCOc1ccc(cc1)NC(=O)CC(=O)C,,-2.163051469
6214,C-6215,,SEKQJFKGECWXEL-UHFFFAOYSA-N,COc1ccc2c(c1)c(C)cc(n2)OCCNCCSS(=O)(=O)O,,-2.162832689
6215,C-6216,,VHYCDWMUTMEGQY-UHFFFAOYSA-N,OC(COc1ccc(cc1)COCCOC(C)C)CNC(C)C,,-2.162234936
6216,C-6217,,TVZGACDUOSZQKY-UHFFFAOYSA-N,OC(=O)CCC(C(=O)O)NC(=O)c1ccc(cc1)NCc1cnc2c(n1)c(N)nc(n2)N,,-2.161851466
6217,C-6218,,OHSUFLCLEIOGIC-UNPWXMBTSA-N,CN1CC[C@@]23[C@H]([C@H]1Cc1c3c(O)c(cc1)O)CCCC2.Cl,,-2.160715315
6218,C-6219,,OPQYFNRLWBWCST-UHFFFAOYSA-N,OC(=O)COc1ccccc1Cl,,-2.1600001
6219,C-6220,,OVYWMEWYEJLIER-UHFFFAOYSA-N,Oc1ccc2c(c1)cccn2,,-2.1600001
6220,C-6221,,BAXOFTOLAUCFNW-UHFFFAOYSA-N,c1ccc2c(c1)[nH]nc2,,-2.1600001
6221,C-6222,,ILDYYABRUBWZPB-UHFFFAOYSA-N,c1ccc2=NN=C=c2c1,,-2.1600001
6222,C-6223,,XQJMXPAEFMWDOZ-PBWFPOADSA-N,CN1[C@@H]2CC[C@H]1CC(C2)OC(=O)c1ccccc1,,-2.159287593
6223,C-6224,,GKEGFOKQMZHVOW-UHFFFAOYSA-M,O=C(C(c1ccccc1)(c1ccccc1)O)OC1C[N+]2(C)CCC1CC2.[Br-],,-2.158722244
6224,C-6225,,QCUPYFTWJOZAOB-HYXAFXHYSA-N,CC/C(=C/C)/C(=O)NC(=O)N,,-2.157010427
6225,C-6226,,GQWNECFJGBQMBO-UHFFFAOYSA-N,CCc1c(C)[nH]c2c1C(=O)C(CC2)CN1CCOCC1.Cl,,-2.156863021
6226,C-6227,,ZFVLHMJCLWOOOY-UHFFFAOYSA-N,CCC1(N2CCCCC2)C(=O)NC(=O)NC1=O,,-2.156180836
6227,C-6228,,PZMMWWLCCGJACT-UHFFFAOYSA-N,CCCC(C(=O)NC(=O)N)CCC,,-2.156164588
6228,C-6229,,YGULWPYYGQCFMP-UHFFFAOYSA-N,OC(C(C(=O)O)O)C(=O)O.COCCc1ccc(cc1)OCC(CNC(C)C)O.COCCc1ccc(cc1)OCC(CNC(C)C)O,,-2.156151056
6229,C-6230,,QVDSEJDULKLHCG-UHFFFAOYSA-N,CN(CCc1c[nH]c2c1c(ccc2)OP(=O)(O)O)C,,-2.155943033
6230,C-6231,,NJBFOOCLYDNZJN-UHFFFAOYSA-N,BrCCC(=O)N1CCN(CC1)C(=O)CCBr,,-2.154798482
6231,C-6232,,DTYGEAKGUGEGKX-UHFFFAOYSA-N,NC(=O)Cc1c(nc2n1cccc2)c1ccc(cc1)S(=O)(=O)C,,-2.154077321
6232,C-6233,,WBBVXGHSWZIJST-RLQYZCPESA-N,O=C1O[C@@H]2C[C@H]3C(=CC(=O)[C@H]([C@@]3([C@@H]3[C@@]42[C@@H](C1)C(=C)[C@H]([C@@]3(OC4)O)O)C)O)C,,-2.154051457
6233,C-6234,,PCLRAGNZCNZQCA-UHFFFAOYSA-N,CCCCC(COC(=O)N)(COC(=O)N)C,,-2.153824213
6234,C-6235,,XBSXQOUEVBSXEI-UHFFFAOYSA-N,CCCC(COC(=O)N)(COC(=O)N)CC,,-2.153824213
6235,C-6236,,NFBYCNFAXLUGBT-UHFFFAOYSA-N,CN(C12CC3CC(C2)CC(C1)C3)C,,-2.153226724
6236,C-6237,,SJMYWORNLPSJQO-UHFFFAOYSA-N,CC(=C)C(=O)OC(C)(C)C,,-2.152893488
6237,C-6238,,SZCZSKMCTGEJKI-VOTSOKGWSA-N,COc1ccc(cc1)/C=C/NC=O,,-2.150866741
6238,C-6239,,XFNJYAKDBJUJAJ-GSVOUGTGSA-N,BrC[C@H](Br)C,,-2.1500001
6239,C-6240,,CHVJITGCYZJHLR-UHFFFAOYSA-N,C1=CC=CC=CC1,,-2.1500001
6240,C-6241,,SBYAVOHNDJTVPA-UHFFFAOYSA-N,CC(CNC(=O)N1CCNC1=O)C,,-2.1500001
6241,C-6242,,KNAHARQHSZJURB-UHFFFAOYSA-N,CCCc1cc(=O)[nH]c(=S)[nH]1,,-2.1500001
6242,C-6243,,OTVAEFIXJLOWRX-UWVGGRQHSA-N,OC[C@@H]([C@H](c1ccc(cc1)S(=O)(=O)C)O)NC(=O)C(Cl)Cl,,-2.1500001
6243,C-6244,,OTVAEFIXJLOWRX-NXEZZACHSA-N,OC[C@H]([C@@H](c1ccc(cc1)S(=O)(=O)C)O)NC(=O)C(Cl)Cl	,,-2.15
6244,C-6245,,JUIQOABNSLTJSW-UHFFFAOYSA-N,CC1=NCCS1,,-2.149277499
6245,C-6246,,PONPPNYZKHNPKZ-RYBWXQSLSA-N,CO[C@@H]1[C@@H](O)[C@@H](O[C@H]2[C@@H](O[C@@H]([C@@H]([C@@H]2O)O)C)Oc2cccc3c2c2oc(=O)c4c5c2c(c3O)c(=O)oc5ccc4C)O[C@@H]([C@@H]1O)C,,-2.147427579
6246,C-6247,,OGYDFHUEGLLFKA-UHFFFAOYSA-N,COCCn1c(=O)c2n(C)cnc2n(c1=O)C,,-2.146578501
6247,C-6248,,OKAGOUJJSDPCCX-YKFNWNKUSA-N,OS(=O)(=O)O.CN([C@@H]1C(=O)C(=C([C@@]2([C@H]1[C@@H](O)[C@H]1C(=C(O)c3c([C@]1(C)O)cccc3O)C2=O)O)O)C(=O)N)C.CN([C@@H]1C(=O)C(=C([C@@]2([C@H]1[C@@H](O)[C@H]1C(=C(O)c3c([C@]1(C)O)cccc3O)C2=O)O)O)C(=O)N)C,,-2.146021494
6248,C-6249,,DIRYDVOOUHTURX-UHFFFAOYSA-N,CCN1C(C)(C)CCCC1(C)C,,-2.14590237
6249,C-6250,,DADUNNXNMMAELK-UHFFFAOYSA-N,CCCN1C(C)(C)CCC1(C)C,,-2.14590237
6250,C-6251,,JAQUASYNZVUNQP-USXIJHARSA-N,Oc1ccc2c(c1)[C@]13CCCC[C@H]3[C@@H](C2)N(CC1)C,,-2.145751928
6251,C-6252,,JAQUASYNZVUNQP-PVAVHDDUSA-N,Oc1ccc2c(c1)[C@@]13CCCC[C@@H]3[C@H](C2)N(CC1)C,,-2.145751928
6252,C-6253,,FXHBIVKHYQDNOX-UHFFFAOYSA-N,C=CCC1(CC=C)C(=O)NC(=O)N(C1=O)C,,-2.145706148
6253,C-6254,,QRCJOCOSPZMDJY-UHFFFAOYSA-N,CCC(C(CC)C)C(=O)N,,-2.145310127
6254,C-6255,,RYKUJAHSVIVAQV-UHFFFAOYSA-N,FCCCCCl,,-2.14430913
6255,C-6256,,CWGDEZCIDYRJGS-UHFFFAOYSA-N,CN1CCCC1c1c(C)[nH]c2c1cccc2,,-2.143525768
6256,C-6257,,ONASFMNNONUTBN-UHFFFAOYSA-N,CN1CCCC1c1cn(c2c1cccc2)C,,-2.143525768
6257,C-6258,,SMMNJQNEWMPPDF-UHFFFAOYSA-N,CN1CCCC1c1c[nH]c2c1cc(C)cc2,,-2.143525768
6258,C-6259,,PALMSMPURBFZAO-UHFFFAOYSA-N,CN1CCCC1c1c[nH]c2c1cccc2C,,-2.143525768
6259,C-6260,,DSSRNNGLLCLIPR-QHGLUPRGSA-N,O=C([C@@H](N)C)NC1CCc2c(C1)cccc2,,-2.143154083
6260,C-6261,,MKUXAQIIEYXACX-UHFFFAOYSA-N,Nc1nc(=O)c2c([nH]1)n(COCCO)cn2,,-2.14306878
6261,C-6262,,YHQZCZRZUDDZTA-UHFFFAOYSA-N,O=P(N1CCOCC1)(Oc1ccccc1)Oc1ccccc1,,-2.142467002
6262,C-6263,,OBURDMXZDVFAKK-UHFFFAOYSA-N,Cn1c2nc([nH]c2c(=O)n(c1=O)C)C1CCC1,,-2.14180958
6263,C-6264,,WVYXNIXAMZOZFK-UHFFFAOYSA-N,CCOC(=O)NC1=C(N2CC2)C(=O)C(=C(C1=O)N1CC1)NC(=O)OCC,,-2.141407461
6264,C-6265,,PSCWWFOVTFSDGZ-UHFFFAOYSA-N,OP(=O)(O)O.CCN(CCc1onc(n1)c1ccccc1)CC,,-2.141247436
6265,C-6266,,OXBBIHZWNDPBMQ-UHFFFAOYSA-N,OCCOCCN1CCN(CC1)C(c1ccccc1)c1ccccc1,,-2.14113993
6266,C-6267,,FHYICTHJPUZKCU-UHFFFAOYSA-N,ClCCN(C(=O)NC1CS(=O)(=O)CS(=O)(=O)C1)N=O,,-2.141054381
6267,C-6268,,LISFMEBWQUVKPJ-UHFFFAOYSA-N,O=c1ccc2c([nH]1)cccc2,,-2.1400001
6268,C-6269,,GPSDUZXPYCFOSQ-UHFFFAOYSA-N,Cc1cccc(c1)C(=O)O,,-2.1400001
6269,C-6270,,CTLWQMICLDLMLR-UHFFFAOYSA-N,CN1C(CCC1(C)C)c1c[nH]c2c1cccc2,,-2.138472007
6270,C-6271,,RASQWFNMYUIFFE-UHFFFAOYSA-N,FCCN(C(=O)NC1CCSCC1)N=O,,-2.138075695
6271,C-6272,,FUWUEFKEXZQKKA-UHFFFAOYSA-N,CC(c1cccc(c(=O)c1)O)C,,-2.13620246
6272,C-6273,,KDXZREBVGAGZHS-UHFFFAOYSA-M,CCC#CC(C1(CC=C)C(=O)N=C(N(C1=O)C)[O-])C.[Na+],,-2.135699761
6273,C-6274,,QAJQUUOBVOKLOD-UHFFFAOYSA-N,OC(=O)CCC(=O)Nc1ccc(cc1)S(=O)(=O)c1ccc(cc1)N,,-2.135674641
6274,C-6275,,FPPVUXBASWMIBH-UHFFFAOYSA-N,CCN(CCOC(=O)c1cccc(c1OC)OC)CC.Cl,,-2.134811637
6275,C-6276,,AGCONKZAPKGEKI-UHFFFAOYSA-N,CCCOc1c(OC)cccc1C(=O)OCC[NH+](C)C.[Cl-],,-2.134811637
6276,C-6277,,YPKBVWZHVTZSPU-UHFFFAOYSA-N,CC(Cc1ccccc1)NC(=O)C,,-2.134635516
6277,C-6278,,ZQWSMVNUPDUGRL-UHFFFAOYSA-N,CCCCC1(C)OCC(O1)CO,,-2.133937918
6278,C-6279,,YPSQTTRYMSZAGR-UHFFFAOYSA-N,CCCn1c(=O)cc(n(c1=O)CC)N,,-2.13362261
6279,C-6280,,NUEJYQRPPDNSDM-UHFFFAOYSA-N,CCCn1c(N)cc(=O)n(c1=O)CC,,-2.13362261
6280,C-6281,,SPWCVDCYIJQRPF-UHFFFAOYSA-N,CCNC(=O)OCC(COC(=O)N)(CC)C,,-2.133015707
6281,C-6282,,MPWSEBACFSFMLW-UHFFFAOYSA-N,CCCC(COC(=O)N)(COC(=O)NC)C,,-2.133015707
6282,C-6283,,XDGIQCFWQNHSMV-UHFFFAOYSA-N,Brc1ccc(cc1)P(=O)(O)O,,-2.13169014
6283,C-6284,,QAYICIQNSGETAS-UHFFFAOYSA-N,CN1CN(C)CSC1=S,,-2.1300001
6284,C-6285,,LGYNIFWIKSEESD-MRVPVSSYSA-N,CCCC[C@H](C=O)CC,,-2.1300001
6285,C-6286,,VUHULBJCIYOTTK-UHFFFAOYSA-N,CCC(=O)c1ccc(cc1)N=O,,-2.129870886
6286,C-6287,,IHJCNWSMNSEGEK-UHFFFAOYSA-N,CC(=O)Nc1occ(n1)c1ccccc1,,-2.129717813
6287,C-6288,,KJVQYDYPDFFJMP-UHFFFAOYSA-N,Nc1ccc(cc1)S(=O)(=O)Nc1scc(n1)C,,-2.129266039
6288,C-6289,,HLRDXBKIKFQOFS-LREBCSMRSA-N,O[C@H]([C@H](C(=O)O)O)C(=O)O.CNC(CCC=C(C)C)C,,-2.12794633
6289,C-6290,,GULNIHOSWFYMRN-UHFFFAOYSA-N,COc1ccc(cc1)CN(c1ncccn1)CCN(C)C,,-2.126527395
6290,C-6291,,NUQJOBPPCCFWJG-UHFFFAOYSA-N,O=C(N1CN(c2ccccc2)C(=O)c2c1cccc2)CN1CCOCC1.Cl,,-2.126281485
6291,C-6292,,FAPQAMNNSKCDTL-UHFFFAOYSA-N,CCC(C(CO)(CO)CC)C,,-2.125635762
6292,C-6293,,QNKRHLZUPSSIPN-UHFFFAOYSA-N,CCC(CC(C)C)(CO)CO,,-2.125635762
6293,C-6294,,QGBQYMQTQNOOHP-UHFFFAOYSA-N,CCCC(C(CO)(CO)C)C,,-2.125635762
6294,C-6295,,NPDPUYGJRPGBBN-UHFFFAOYSA-N,CCCC(C(COC(=O)N)COC(=O)N)C,,-2.122973769
6295,C-6296,,NNWSPTNNCFFSLD-UHFFFAOYSA-N,OCC(COc1cccc(c1)C)(CO)CO,,-2.121634705
6296,C-6297,,DIHMPACCSOVKNI-UHFFFAOYSA-N,OCC(COc1ccccc1C)(CO)CO,,-2.121634705
6297,C-6298,,KYBVWWVRKOYDNI-UHFFFAOYSA-N,OCC(COc1ccc(cc1)C)(CO)CO,,-2.121634705
6298,C-6299,,NAWXKCLMLISGEZ-UHFFFAOYSA-N,CC(N1C(=O)Cc2c(S1(=O)=O)cccc2)C,,-2.12124416
6299,C-6300,,RMVRSNDYEFQCLF-UHFFFAOYSA-N,Sc1ccccc1,,-2.1199999
6300,C-6301,,GFFGJBXGBJISGV-UHFFFAOYSA-N,Nc1ncnc2c1nc[nH]2,,-2.1199999
6301,C-6302,,ZCUIZHJZCMBRPN-UHFFFAOYSA-N,NC1=C2N=CN=C2N=C=N1,,-2.1199999
6302,C-6303,,UZVHFVZFNXBMQJ-UHFFFAOYSA-N,C=CCC1(CC(C)C)C(=O)NC(=O)NC1=O,,-2.119282208
6303,C-6304,,RKUNBYITZUJHSG-UHFFFAOYSA-N,OCC(c1ccccc1)C(=O)OC1CC2CCC(C1)N2C,,-2.119038328
6304,C-6305,,NOIIUHRQUVNIDD-UHFFFAOYSA-N,O=C(NCc1ccccc1)CCNNC(=O)c1ccncc1,,-2.118885738
6305,C-6306,,UYEUUXMDVNYCAM-UHFFFAOYSA-N,O=c1[nH]c2nccnc2c(=O)[nH]1,,-2.118262053
6306,C-6307,,KPHWPUGNDIVLNH-UHFFFAOYSA-M,[O-]C(=O)Cc1ccccc1Nc1c(Cl)cccc1Cl.[Na+],,-2.117891517
6307,C-6308,,NEXDOZRNANHHKQ-SNAWJCMRSA-N,C/C=C/Cn1c(=O)c2n(C)cnc2n(c1=O)C,,-2.116843254
6308,C-6309,,HUDJILALRMSBJY-UHFFFAOYSA-N,COc1cc(OCCCNCCSS(=O)(=O)O)nc2c1cccc2,,-2.114706621
6309,C-6310,,QSACCXVHEVWNMX-UHFFFAOYSA-N,CC(=O)Nc1ccccc1C(=O)O,,-2.114028196
6310,C-6311,,KIJMVZOSUXIDEI-UHFFFAOYSA-N,COc1ncnc(c1)n1nc(cc1OC)C,,-2.113966997
6311,C-6312,,CKJMHSMEPSUICM-UHFFFAOYSA-N,[O]N(C(C)(C)C)C(C)(C)C,,-2.113756743
6312,C-6313,,LHIALLMPKJMSIQ-NSCUHMNNSA-N,Nc1nccc(n1)/C=C/c1ncc(n1C)[N+](=O)[O-],,-2.112358848
6313,C-6314,,GRPRVIYRYGLIJU-UHFFFAOYSA-N,CCSCCSP(=O)(OCC)OCC,,-2.111146513
6314,C-6315,,FIWNTYXJJOOZFV-UHFFFAOYSA-N,C=CCOc1ccccc1C(=O)N(C)C,,-2.110900853
6315,C-6316,,NUUIWQTXXMNXON-UHFFFAOYSA-N,OCC(COc1ccccc1Cl)(O)C,,-2.110471462
6316,C-6317,,RJMZBTNNGWVNEW-UHFFFAOYSA-N,OCC(COc1ccc(cc1)Cl)(O)C,,-2.110471462
6317,C-6318,,WIIZWVCIJKGZOK-RKDXNWHRSA-N,OC[C@H]([C@@H](c1ccc(cc1)[N+](=O)[O-])O)NC(=O)C(Cl)Cl	,,-2.11
6318,C-6319,,WIIZWVCIJKGZOK-IUCAKERBSA-N,OC[C@@H]([C@H](c1ccc(cc1)[N+](=O)[O-])O)NC(=O)C(Cl)Cl,,-2.1099999
6319,C-6320,,YIWUKEYIRIRTPP-QMMMGPOBSA-N,CCCC[C@@H](CO)CC,,-2.1099999
6320,C-6321,,XNGIFLGASWRNHJ-UHFFFAOYSA-N,OC(=O)c1ccccc1C(=O)O,,-2.1099999
6321,C-6322,,NVTHWSJNXVDIKR-UHFFFAOYSA-N,COc1cc(OC)cc(c1)C#N,,-2.108852535
6322,C-6323,,LODDFDHPSIYCTK-UHFFFAOYSA-N,OCc1c(C)cc(cc1C)C,,-2.108544758
6323,C-6324,,GEXXLNYKQLDCBQ-UHFFFAOYSA-N,CCC(=O)N1C2CCC1CN(C2)C,,-2.108419701
6324,C-6325,,LJFYKIBJGUDIHL-UHFFFAOYSA-N,CCC(=O)N1CC2CCC(C1)N2C,,-2.108419701
6325,C-6326,,MLDZAGGFWSAWHF-UHFFFAOYSA-N,CCC(=O)c1cc(OC)ccc1O,,-2.106542904
6326,C-6327,,VCPXRQXUZJVACG-OGHNNQOOSA-N,CN1CC[C@@]23[C@H]([C@H]1Cc1c3c(O)c(cc1)O)CCCC2,,-2.106346627
6327,C-6328,,OSZNNLWOYWAHSS-UHFFFAOYSA-M,O=C(N(C)C)Oc1cccc(c1)[N+](C)(C)C.COS(=O)(=O)[O-],,-2.105948081
6328,C-6329,,JXFPTJYKYKVENJ-UHFFFAOYSA-M,CCOC(=O)C[S+](C)C.[Br-],,-2.104813241
6329,C-6330,,QFCYIUYCKQKVBN-UHFFFAOYSA-N,OCC(C(=O)N1CC2CCC(C1)N2C)(c1ccccc1)C,,-2.103955831
6330,C-6331,,WCRYUUHBSXHYJA-UHFFFAOYSA-N,SCCNCCOc1ccc(cn1)Br.Cl,,-2.103731723
6331,C-6332,,OMAFWWAJLVYWPU-UHFFFAOYSA-N,OC1C2CC(C(C2C2(C31OC3C(=O)C12CO1)C)O)(C)C,,-2.103261826
6332,C-6333,,ICQHDCCMMOFHOP-UHFFFAOYSA-N,COc1ccc(cc1CC(N(C)C)C)OC.Cl,,-2.102841804
6333,C-6334,,MXAZVIZJOJQEGQ-UHFFFAOYSA-L,C1CCCN(CC1)/C=C/C=C/C=[N+]1CCCCCC1.C1CCCN(CC1)/C=C/C=C/C=[N+]1CCCCCC1.OC(=O)c1cc2ccccc2c(c1[O-])Cc1c([O-])c(cc2c1cccc2)C(=O)O.O.O,,-2.102810156
6334,C-6335,,LDMWSLGGVTVJPG-UHFFFAOYSA-N,Cc1cc(nnc1NCCN1CCOCC1)c1ccccc1,,-2.101872276
6335,C-6336,,FYSBYQYDBNHFED-UHFFFAOYSA-N,CC1C[NH+](C(C1)c1c[nH]c2c1cccc2)C.[Cl-],,-2.100422504
6336,C-6337,,QZFKJZKPGLLKMJ-UHFFFAOYSA-N,CC1CC[NH+](C1c1c[nH]c2c1cccc2)C.[Cl-],,-2.100422504
6337,C-6338,,DILZDMWFWNCRNK-UHFFFAOYSA-N,OCC(COCc1ccc(cc1)CC)O,,-2.100067019
6338,C-6339,,LPIQUOYDBNQMRZ-UHFFFAOYSA-N,C1CC=CC1,,-2.0999999
6339,C-6340,,WKKHCCZLKYKUDN-UHFFFAOYSA-N,OCc1c(Cl)cccc1Cl,,-2.0999999
6340,C-6341,,WSWJIZXMAUYHOE-UHFFFAOYSA-N,COCCOc1c(OC)cc(cc1OC)Cc1cnc(nc1N)N,,-2.0999999
6341,C-6342,,WNFZOYNOAJBUIG-FNORWQNLSA-N,CCOc1ccc(cc1OC)/C=C/C(=O)NO,,-2.09875357
6342,C-6343,,DPZNOMCNRMUKPS-UHFFFAOYSA-N,COc1cccc(c1)OC,,-2.097038907
6343,C-6344,,JFLIEFSWGNOPJJ-JTQLQIEISA-N,O=C(Cc1ccccc1)N[C@H](C(=O)O)CCC(=O)N,,-2.095730097
6344,C-6345,,IRKXPJJKXBMOMW-VKAVYKQESA-N,Clc1ccc2=NC(=N)CN(C(=c2c1)c1ccccc1)O,,-2.095174656
6345,C-6346,,VGKIABSFHFOUBK-UHFFFAOYSA-N,CCCCN1CCC(CC1)(OC(=O)CC)c1ccco1.Cl,,-2.094630678
6346,C-6347,,YKYVPFIBWVQZCE-UHFFFAOYSA-N,OC(=O)CCCOc1ccccc1,,-2.094394015
6347,C-6348,,RCAKSFBHTACZEL-GDNBJRDFSA-N,O/N=C\1/CCCc2c(C1)c(OC)c(c(c2)OC)OC,,-2.093338193
6348,C-6349,,BJVVMKUXKQHWJK-UHFFFAOYSA-N,CCC(C1(CC=C)C(=O)NC(=O)NC1=O)C,,-2.092114516
6349,C-6350,,AAPPQBJWIDZNGZ-MDZDMXLPSA-N,O=C1C=CC=C/C/1=C\Nc1ccccc1O,,-2.090814404
6350,C-6351,,UTVALPBGSAUYNR-UHFFFAOYSA-N,O=[NH+]C=c1ccn(cc1)CCCn1ccc(=C[NH+]=O)cc1.[Cl-].[Cl-],,-2.090555992
6351,C-6352,,GHSCYMOJHVOGDJ-UHFFFAOYSA-N,CCN(CCOC(=O)c1ccc(cc1O)N)CC,,-2.090187488
6352,C-6353,,QYZLKGVUSQXAMU-UHFFFAOYSA-N,C=CCC=C,,-2.0899999
6353,C-6354,,FMKOJHQHASLBPH-UHFFFAOYSA-N,CC(I)C,,-2.0899999
6354,C-6355,,RRKTZKIUPZVBMF-DCOVJEKQSA-N,COc1cc2c(cc1OC)N1[C@H]3[C@]42CCN2[C@H]4C[C@@H]4[C@@H]3[C@H](CC1=O)OCC=C4C2,,-2.0899999
6355,C-6356,,GEDIWDLJKRKBFT-UHFFFAOYSA-N,O=C(N(C)C)Oc1cc(nn1c1ccccc1)C,,-2.0899999
6356,C-6357,,ALMHSXDYCFOZQD-UHFFFAOYSA-N,CC(=O)Nc1cccc(c1)C,,-2.0899999
6357,C-6358,,SJWFXCIHNDVPSH-MRVPVSSYSA-N,CCCCCC[C@H](O)C,,-2.0899999
6358,C-6359,,HEZNVIYQEUHLNI-UHFFFAOYSA-N,CCSCc1ccccc1OC(=O)NC,,-2.0899999
6359,C-6360,,CNVIJMYLRLPXNY-UHFFFAOYSA-N,CCC(C(C)C)(COC(=O)N)COC(=O)N,,-2.089550013
6360,C-6361,,IOWQDCBHHGWKSQ-UHFFFAOYSA-N,CC(CC(COC(=O)N)(COC(=O)N)C)C,,-2.089550013
6361,C-6362,,ZACYCASOUWSTFF-UHFFFAOYSA-N,O=C1Oc2c(C1(CC[NH+]1CCOCC1)c1ccccc1)cccc2.[Cl-],,-2.087774189
6362,C-6363,,NRHMKIHPTBHXPF-TUJRSCDTSA-M,O[C@@H]1CC[C@]2([C@@H](C1)C[C@H]([C@@H]1[C@@H]2C[C@H](O)[C@]2([C@H]1CC[C@@H]2[C@@H](CCC(=O)[O-])C)C)O)C.[Na+],,-2.087492026
6363,C-6364,,QTNVPWDRZGZZMZ-UHFFFAOYSA-N,N#CCNc1ccccc1C(=O)C,,-2.086631657
6364,C-6365,,WBDWTNWLWBQFJU-UHFFFAOYSA-N,COc1ccc(cc1)c1nc(N)nc(n1)N,,-2.086503778
6365,C-6366,,MAYPTSUDLAWBGU-UHFFFAOYSA-N,O=C(c1ccc(cc1)[N+](=O)[O-])Nc1ncnc2c1[nH]cn2,,-2.086321619
6366,C-6367,,QQQYQWNSMUHSCK-UHFFFAOYSA-N,COc1cc2oc(=O)[nH]c2cc1Cl,,-2.08529493
6367,C-6368,,AUZQQIPZESHNMG-UHFFFAOYSA-N,COc1cccc(c1O)C(=O)O,,-2.0848695
6368,C-6369,,WFKPHYKFAOXUTI-UHFFFAOYSA-N,CC(=O)Nc1ccccc1C(=O)N,,-2.084455627
6369,C-6370,,LENKRHVWHTZTKI-UHFFFAOYSA-N,CCCC(C([NH3+])C)CCC.[Cl-],,-2.084363667
6370,C-6371,,STYQHICBPYRHQK-UHFFFAOYSA-N,Brc1ccc(cc1)S(=O)(=O)N,,-2.084145091
6371,C-6372,,PMVSDNDAUGGCCE-TYYBGVCCSA-L,[O-]C(=O)/C=C/C(=O)[O-].[Fe+2],,-2.084067899
6372,C-6373,,DNKCFBJMFIUNRS-UHFFFAOYSA-N,OS(=O)(=O)O.CNC(Cc1ccccc1)(C)C.CNC(Cc1ccccc1)(C)C,,-2.083911956
6373,C-6374,,GSYJYMHUFBKDCU-UHFFFAOYSA-N,COc1cc(cc(c1OC)OC)C(=O)N1CCCC1,,-2.083307851
6374,C-6375,,LPFJBUTXCFPAMS-UHFFFAOYSA-N,CN1C2CCC1CN(C2)C(=O)c1ccncc1,,-2.083140388
6375,C-6376,,UUTBHLBAOBZVBU-UHFFFAOYSA-N,CN1CC2CCC(C1)N2C(=O)c1ccncc1,,-2.083140388
6376,C-6377,,ZZHZBOWDNSQHCZ-UHFFFAOYSA-N,CC(C(COC(=O)NC(=O)C)(COC(=O)NC(=O)C)C)C,,-2.082536926
6377,C-6378,,LIRCDOVJWUGTMW-ZWNOBZJWSA-N,OC(=O)CCC(=O)OC[C@H]([C@@H](c1ccc(cc1)[N+](=O)[O-])O)NC(=O)C(Cl)Cl,,-2.082476599
6378,C-6379,,MRABZSNALSVEMX-UHFFFAOYSA-N,OCC(Nc1nc(nc(n1)N1CC1)N1CC1)CO,,-2.081733093
6379,C-6380,,XGPFPXALZVOKRI-UHFFFAOYSA-N,S=C1NC(C(=O)N1c1ccccc1)C,,-2.08142522
6380,C-6381,,RUGYNGIMTAFTLP-UHFFFAOYSA-N,Cc1nn(c(c1)C)c1nc2c([nH]1)cccc2,,-2.081347308
6381,C-6382,,GWBJKDRJBWUMFT-UHFFFAOYSA-N,CCC1(CC)C(=O)NC(=NC1=O)OC(C)C,,-2.080942905
6382,C-6383,,BPIUKMIZYGZZRF-VAWYXSNFSA-N,CN(/N=N/c1ccccc1C(=O)N)C,,-2.080770205
6383,C-6384,,VEFLKXRACNJHOV-UHFFFAOYSA-N,BrCCCBr,,-2.0799999
6384,C-6385,,QCQPGRMMDFIQMB-HGERSSIQSA-N,N#C[C@H]1C[C@H]2C[C@@H]1/C(=N\OC(=O)NC)/[C@@H]2Cl,,-2.0799999
6385,C-6386,,RECUKUPTGUEGMW-UHFFFAOYSA-N,CC(c1ccc(c(c1)O)C)C,,-2.0799999
6386,C-6387,,PXWUKZGIHQRDHL-UHFFFAOYSA-N,CCNc1nc(NC(C)C)nc(n1)OC,,-2.0799999
6387,C-6388,,PSVWKKQRXCPWBR-UHFFFAOYSA-N,NC(=O)OCC(c1ccccc1)(COC(=O)N)C,,-2.079646312
6388,C-6389,,GBNSTFYSASRNQI-UHFFFAOYSA-N,Clc1cc2nc(oc2c(c1)S(=O)(=O)O)N,,-2.079595394
6389,C-6390,,RMWVZGDJPAKBDE-UHFFFAOYSA-N,CC(=O)Oc1cc(ccc1C(=O)O)C(F)(F)F,,-2.079386054
6390,C-6391,,OGDVEMNWJVYAJL-LEPYJNQMSA-N,CCOc1ccc2c3c1O[C@@H]1[C@@]43CCN([C@H](C2)[C@@H]4C=C[C@@H]1O)C,,-2.078955425
6391,C-6392,,OWKWAVBMKKZMHE-UHFFFAOYSA-N,O=C(c1ccccc1)NNC(=S)N,,-2.078381217
6392,C-6393,,DFDWGIZZMBNYBV-UHFFFAOYSA-N,OCC1COC(O1)(C)CC(C)C,,-2.073830553
6393,C-6394,,CSOJYIADHHNGRM-UHFFFAOYSA-N,OC(=O)CCCCCC1SCC(=O)N1,,-2.072916593
6394,C-6395,,FBSAITBEAPNWJG-UHFFFAOYSA-N,CC(=O)Oc1ccccc1OC(=O)C,,-2.072052014
6395,C-6396,,FWTLMXBRDIEOJQ-UHFFFAOYSA-N,CCCN1CCCN(C1=S)CCC,,-2.071327397
6396,C-6397,,NKGPJODWTZCHGF-KQYNXXCUSA-N,OC[C@H]1O[C@H]([C@@H]([C@@H]1O)O)n1cnc2c1[nH]cnc2=S,,-2.071204277
6397,C-6398,,NNJPGOLRFBJNIW-HNNXBMFYSA-N,CN[C@H]1CCc2c(c3c1cc(=O)c(cc3)OC)c(OC)c(c(c2)OC)OC,,-2.070056002
6398,C-6399,,AKRGPMZFCFDFQW-MWLCHTKSSA-N,O[C@@H]1CCN2C1=Nc1ccccc1[C@H]2O,,-2.0699999
6399,C-6400,,SEOVTRFCIGRIMH-UHFFFAOYSA-N,OC(=O)Cc1c[nH]c2c1cccc2,,-2.0699999
6400,C-6401,,DQJCHOQLCLEDLL-UHFFFAOYSA-N,Cc1cccc2c1n1cnnc1s2,,-2.0699999
6401,C-6402,,KEECCEWTUVWFCV-UHFFFAOYSA-N,CCN(CCNC(=O)c1ccc(cc1)NC(=O)C)CC,,-2.068858113
6402,C-6403,,UJRRDDHEMZLWFI-UHFFFAOYSA-N,CC(=O)Nc1ncc(s1)[N+](=O)[O-],,-2.066768165
6403,C-6404,,ZGKJESGFAPAQKB-UHFFFAOYSA-N,CC(C(CN(C)C)C)OC(=O)c1ccc(cc1)N.Cl,,-2.066644025
6404,C-6405,,RYFOJXFXERAMLS-UHFFFAOYSA-N,Cn1cccc1c1cccnc1,,-2.065040325
6405,C-6406,,NHARPDSAXCBDDR-UHFFFAOYSA-N,CCCOC(=O)C(=C)C,,-2.064820733
6406,C-6407,,GFAHHDWBIRSSPA-UHFFFAOYSA-N,CCCC(CNC)CCC.Cl,,-2.064293685
6407,C-6408,,FHHDPMSYDYZLAP-UHFFFAOYSA-N,CCC(OC(=O)c1ccccc1)(CN(C)C)CN(C)C.Cl,,-2.063540311
6408,C-6409,,BJPJNTKRKALCPP-UHFFFAOYSA-N,CCCNC(C(=O)Nc1ccccc1C)C.Cl,,-2.063198055
6409,C-6410,,BYJLFUFCSNYZLF-UHFFFAOYSA-N,COc1cc(cc(c1OC)OC)S(=O)(=O)CCN1CCCCC1,,-2.062653425
6410,C-6411,,QLFZBRRENHODQH-UHFFFAOYSA-N,NNc1nc2c(o1)ccc(c2)Cl,,-2.062463725
6411,C-6412,,ZAYJPDOJULPTEJ-UHFFFAOYSA-N,CSc1c(Cl)nc(nc1N1CCN(CC1)C)N1CCOCC1,,-2.062183064
6412,C-6413,,YYRYCTNXXHOENE-UHFFFAOYSA-N,O=C1c2ccccc2C(=O)C1(CN1CCOCC1)c1ccccc1,,-2.062032342
6413,C-6414,,KIBCSYBEMXURBL-UHFFFAOYSA-N,CC(=O)NCCSSCCNC(=O)C,,-2.061798089
6414,C-6415,,PJSFRIWCGOHTNF-UHFFFAOYSA-N,COc1c(OC)ncnc1NS(=O)(=O)c1ccc(cc1)N,,-2.060940016
6415,C-6416,,JHNZJFIWXSOTQM-UHFFFAOYSA-N,COc1cccc(c1)N1CCN(CC1)CC1CN=C(O1)N,,-2.060857907
6416,C-6417,,SFVJZJHVCCHUGR-UHFFFAOYSA-N,CCOC(=O)Oc1c(OC)cc(cc1OC)C(=O)N1CCOCC1,,-2.060818146
6417,C-6418,,YRUPBAWWCPVHFT-UHFFFAOYSA-N,Oc1ccc(cc1)Nc1ccc(cc1)O,,-2.060643909
6418,C-6419,,WTPDKEAYVAXNRO-UHFFFAOYSA-N,COc1cc(ccc1OC(=O)C)C(=O)O,,-2.060150629
6419,C-6420,,FDQGNLOWMMVRQL-UHFFFAOYSA-N,C=CCC1(CC=C)C(=O)NC(=O)NC1=O,,-2.0599999
6420,C-6421,,ULDHMXUKGWMISQ-UHFFFAOYSA-N,CC(=C)[C@H]1CC=C(C(=O)C1)C,,-2.0599999
6421,C-6422,,WTEVQBCEXWBHNA-JXMROGBWSA-N,O=C/C=C(\CCC=C(C)C)/C,,-2.0599999
6422,C-6423,,ZWLPBLYKEWSWPD-UHFFFAOYSA-N,OC(=O)c1ccccc1C,,-2.0599999
6423,C-6424,,ONPJWQSDZCGSQM-UHFFFAOYSA-N,C=C(c1ccccc1)C(=O)O,,-2.0599999
6424,C-6425,,VGZSUPCWNCWDAN-UHFFFAOYSA-N,O=C(NS(=O)(=O)c1ccc(cc1)C(=O)C)NC1CCCCC1,,-2.0599999
6425,C-6426,,NWXMGUDVXFXRIG-PMXORCKASA-N,CN([C@H]1C(=O)C(=C([C@@]2([C@H]1C[C@H]1C(=C(O)c3c([C@@]1(C)O)cccc3O)C2=O)O)O)C(=O)N)C,,-2.058981413
6426,C-6427,,SVAAQXJOGYYYEY-UHFFFAOYSA-N,O=C(Nc1ccccc1)COc1ccccc1C(=O)N,,-2.058914746
6427,C-6428,,BOQSSGDQNWEFSX-UHFFFAOYSA-N,CC(OC(=O)C(=C)C)C,,-2.058571784
6428,C-6429,,HHWIYDYWDGAKSP-UHFFFAOYSA-N,NC(=O)OCC(C(C)(C)C)(COC(=O)N)C,,-2.058515779
6429,C-6430,,BHSRBJWYRHNBNG-UHFFFAOYSA-N,O=C(c1ccccc1)C=NN1CCCC1,,-2.057930295
6430,C-6431,,BBVQDWDBTWSGHQ-UHFFFAOYSA-N,Clc1nc2c(o1)cccc2,,-2.05756996
6431,C-6432,,PMIAXZGCKWNUAL-UHFFFAOYSA-N,CC1N=C(OC1(C)C)Nc1ncc(s1)[N+](=O)[O-],,-2.057304963
6432,C-6433,,IFOAVKYGEODTRQ-UHFFFAOYSA-N,NNC(Cc1ccccc1C)C,,-2.057148174
6433,C-6434,,MJEOKLXWKIUJQD-UHFFFAOYSA-N,NC(=O)c1cnc2n(c1=O)C(C)CCC2,,-2.056865035
6434,C-6435,,JRWQAQZBEVDDQC-UHFFFAOYSA-N,Clc1ccc(cc1)N1C(=S)SCC1=O,,-2.05648276
6435,C-6436,,UBMIUBZFZPESPD-UHFFFAOYSA-N,CC(C(c1ccccc1)O)[NH2+]Cc1ccccc1.[Cl-],,-2.056329893
6436,C-6437,,IJKAOMCJQZGZPQ-UHFFFAOYSA-N,CN(CCOC(=O)C(c1ccccc1)(c1ccccc1)O)C.Cl,,-2.056294887
6437,C-6438,,FKGLMTGUMNVSTC-UHFFFAOYSA-N,CCOC(=O)N(P(=O)(N1CC1(C)C)N1CC1(C)C)OC(=O)C,,-2.05600028
6438,C-6439,,HAZLTDXMBYOQPB-UHFFFAOYSA-N,OC(C(F)(F)F)(C(F)(F)F)N1CCCCC1.O,,-2.055305753
6439,C-6440,,YKJMRLZNLNAMSY-UHFFFAOYSA-L,C1CNCCO1.C1CNCCO1.[Cl-].[Cl-].[Pt+2],,-2.054845936
6440,C-6441,,SKGACPGKMWWAIG-RMKNXTFCSA-N,N#C/C(=C\c1ccccc1)/C(=O)N,,-2.054728588
6441,C-6442,,BRHCJSYLVUWFLP-UHFFFAOYSA-N,CCOC(=O)Cc1ccc(cc1)C(=O)N1CCC2CC1N(C)C2,,-2.054633644
6442,C-6443,,UQTCYVCSUDXQQN-UHFFFAOYSA-N,C=CCN1C(=O)Cc2c(S1(=O)=O)cccc2,,-2.053029008
6443,C-6444,,CMGQPYRBLKIVLO-RRAJOLSVSA-N,O=C(C[NH+]1CCCC1)N/N=C/c1ccc(o1)[N+](=O)[O-].[Cl-],,-2.052899147
6444,C-6445,,SAZOOWOGQNYJLS-UHFFFAOYSA-N,OC(=O)c1cc(Cl)c(cc1O)O,,-2.052740008
6445,C-6446,,QHHPPKHDJVVPQH-UHFFFAOYSA-N,COc1ncnc2c1cccc2,,-2.052615021
6446,C-6447,,FJLBFSROUSIWMA-UHFFFAOYSA-N,O=C(C(c1cccnc1)(C)C)c1cccnc1,,-2.052529893
6447,C-6448,,ZFIBLEGGEPZAOM-UHFFFAOYSA-N,[O-][N+](=O)c1ccc(s1)c1scc(n1)CN1CCOCC1,,-2.05237325
6448,C-6449,,FEPNBMKNKFJTBE-UHFFFAOYSA-N,CCN1C(=O)c2ccccc2CS1(=O)=O,,-2.051657921
6449,C-6450,,SHLGUEVDTGWLBS-UHFFFAOYSA-N,CCCOc1ccccc1OCC(CO)O,,-2.051434758
6450,C-6451,,UIQMVEYFGZJHCZ-SSTWWWIQSA-N,C=CCN1CC[C@@]23[C@@H]4[C@H]1Cc1c3c(O[C@H]2[C@H](C=C4)O)c(cc1)O,,-2.051282964
6451,C-6452,,CQQFAUQTNNFFDB-UHFFFAOYSA-N,NC1CCN(C1=O)c1ccccc1.Cl.O,,-2.051278673
6452,C-6453,,VVNYZYBWULAGJY-UHFFFAOYSA-N,CC(Nc1c(C)n(C)c(=O)n(c1=O)c1ccccc1)C,,-2.051090561
6453,C-6454,,DHGDNDUPFCKHED-UHFFFAOYSA-N,OCC(COc1ccc2c(n1)cccc2)O,,-2.050885202
6454,C-6455,,CYQFCXCEBYINGO-IAGOWNOFSA-N,CCCCCc1cc(O)c2c(c1)OC([C@H]1[C@H]2C=C(C)CC1)(C)C,,-2.050419794
6455,C-6456,,ODHYJNHEJSHJAC-UHFFFAOYSA-N,CCN(CCC(=O)c1ccc(cc1)OC)CC.Cl,,-2.050410118
6456,C-6457,,WDLWHQDACQUCJR-ZAMMOSSLSA-N,C/C=C/C1=C(C(=O)O)N2[C@H](SC1)[C@@H](C2=O)NC(=O)[C@@H](c1ccc(cc1)O)N,,-2.050095458
6457,C-6458,,ISRUGXGCCGIOQO-UHFFFAOYSA-N,CNC(=O)Oc1ccccc1OC(C)C,,-2.05
6458,C-6459,,ZPVFWPFBNIEHGJ-UHFFFAOYSA-N,CCCCCCC(=O)C,,-2.05
6459,C-6460,,WKOLLVMJNQIZCI-UHFFFAOYSA-N,COc1cc(ccc1O)C(=O)O,,-2.05
6460,C-6461,,BPRYUXCVCCNUFE-UHFFFAOYSA-N,Cc1cc(C)c(c(c1)C)O,,-2.05
6461,C-6462,,QNJJECIHYZJXRL-UHFFFAOYSA-N,Clc1ccccc1CC(N)(C)C.Cl,,-2.048226798
6462,C-6463,,RDUORFDQRFHYBF-UHFFFAOYSA-N,COc1ccc2c(c1)c1CCNC(c1[nH]2)C,,-2.04811904
6463,C-6464,,OKZCLMVQKVNQTO-UHFFFAOYSA-N,COc1ccc(cc1)C/N=C(/CSS(=O)(=O)O)\N,,-2.047951459
6464,C-6465,,RNLQIBCLLYYYFJ-UHFFFAOYSA-N,O=c1[nH]cc(cc1N)c1ccncc1,,-2.047001203
6465,C-6466,,XGZAZJYPRJGHIG-UHFFFAOYSA-N,Nc1ccc(cc1)S(=O)(=O)[N-]c1onc(c1C)C.[Na+],,-2.046352567
6466,C-6467,,BHUAIVHXNJWQMH-UHFFFAOYSA-N,CCCCSCCCN1CSCC1.Cl,,-2.04251952
6467,C-6468,,IXWXDMFXNONZHI-UHFFFAOYSA-N,CSCCCCCCN1CCSC1.Cl,,-2.04251952
6468,C-6469,,ODGIMMLDVSWADK-UHFFFAOYSA-N,FC(c1ccc(cc1)N)(F)F,,-2.042220948
6469,C-6470,,ZPQPDBIHYCBNIG-UHFFFAOYSA-N,OC(COc1cccc2c1oc(c2)C(=O)C)CNC(C)C,,-2.04214907
6470,C-6471,,TVSPPYGAFOVROT-UHFFFAOYSA-N,CCC(C(=O)O)Oc1ccccc1,,-2.041978717
6471,C-6472,,WQADWIOXOXRPLN-UHFFFAOYSA-N,C1CCSCS1,,-2.041782984
6472,C-6473,,SZJNCZMRZAUNQT-IUCAKERBSA-N,CC(C[C@@H]1NC(=O)[C@H]2N(C1=O)CCC2)C,,-2.041758384
6473,C-6474,,BOHCMQZJWOGWTA-UHFFFAOYSA-N,N#Cc1cccc(c1)C,,-2.040581581
6474,C-6475,,WEQAYVWKMWHEJO-UHFFFAOYSA-N,CN1C(=O)CCS(=O)(=O)C1c1ccc(cc1)Cl,,-2.039383959
6475,C-6476,,IOULHECGFCVGKE-UHFFFAOYSA-N,OCC(COc1cccc2c1NCCC2)O,,-2.039204095
6476,C-6477,,ONPILPIMMVIVAE-UHFFFAOYSA-N,O=C(N1CCNCC1)Nc1ccccc1C.Cl.Cl,,-2.03917491
6477,C-6478,,RUMACXVDVNRZJZ-UHFFFAOYSA-N,CC(COC(=O)C(=C)C)C,,-2.038950136
6478,C-6479,,TUENCHQASOGYGU-UHFFFAOYSA-N,CCNc1nc(N2CCN(CC2)C)c(c(n1)Cl)SC,,-2.037292721
6479,C-6480,,BWHOZHOGCMHOBV-BQYQJAHWSA-N,CC(=O)/C=C/c1ccccc1,,-2.036192411
6480,C-6481,,FDIWARBGJVIFJY-UHFFFAOYSA-N,CN(C1(C)C2CCC(C1C)C2)C,,-2.035964862
6481,C-6482,,HUUKPCNVNYZLFY-UHFFFAOYSA-N,CN1C2CCC(C2)C(C1C)(C)C,,-2.035964862
6482,C-6483,,FDJOLVPMNUYSCM-WZHZPDAFSA-L,OC[C@H]1O[C@@H]([C@@H]([C@@H]1OP(=O)(O[C@@H](CNC(=O)CC[C@@]1(C)C2=N[C@H]([C@@H]1CC(=O)N)[C@]1(C)[N-]/C(=C(/C)\C3=N/C(=C\C4=N/C(=C\2/C)/[C@@H](CCC(=O)N)C4(C)C)/[C@H]([C@]3(C)CC(=O)N)CCC(=O)N)/[C@H]([C@]1(C)CC(=O)N)CCC(=O)N)C)[O-])O)n1cnc2c1cc(C)c(c2)C.[C-]#N.[Co+3],,-2.035153591
6483,C-6484,,DWAQDRSOVMLGRQ-UHFFFAOYSA-N,COc1ccc2c(c1)cc[nH]2,,-2.034620489
6484,C-6485,,FVNFBBAOMBJTST-UHFFFAOYSA-N,O=C1NCC2(O1)CCN(CC2)CCc1ccccc1,,-2.034601449
6485,C-6486,,KYSHMUXEDIVXGE-UHFFFAOYSA-N,CNC(=O)N1CC=Cc2c1cccc2,,-2.034139594
6486,C-6487,,DAFKCYYRSZSMAJ-UHFFFAOYSA-N,CCCCOc1ccc(cn1)N,,-2.033173008
6487,C-6488,,FOYWNSCCNCUEPU-UHFFFAOYSA-N,OCCN(c1nc2cnc(nc2c(n1)N1CCCCC1)N(CCO)CCO)CCO,,-2.033067411
6488,C-6489,,CDUYSGJRDZEJPK-UHFFFAOYSA-N,CC(=O)c1ccc(cc1)OC(C(=O)O)(C)C,,-2.032955028
6489,C-6490,,LQPZPKOXKQFSPK-UHFFFAOYSA-N,CN1C(C)CCC1c1c[nH]c2c1cccc2,,-2.032193413
6490,C-6491,,YXJHJCDOUFKMBG-BMZHGHOISA-M,OC[C@H]([C@H]([C@H](Cn1c2cc(C)c(cc2nc2c1nc(=O)[n-]c2=O)C)O)O)O.[Na+],,-2.032064199
6491,C-6492,,CWERTNSESVSJBE-UHFFFAOYSA-N,CCNC(CC)(CC)CC.Cl,,-2.031908912
6492,C-6493,,YDUGWJMUYOGFLN-UHFFFAOYSA-N,FCCCCC#C,,-2.031174327
6493,C-6494,,GVAQGXFHYGHMRN-UHFFFAOYSA-N,COc1ccc(cc1)CCCCNCCSS(=O)(=O)O,,-2.030164862
6494,C-6495,,SJWOWLRNQZLLKL-GYVLLFFHSA-N,O=C(c1ccc(cc1)Cl)/C=N/N1CC[NH+](CC1)C.[Cl-],,-2.030043929
6495,C-6496,,RRHGJUQNOFWUDK-UHFFFAOYSA-N,C=CC(=C)C,,-2.03
6496,C-6497,,VFWCMGCRMGJXDK-UHFFFAOYSA-N,CCCCCl,,-2.03
6497,C-6498,,XEEDURHPFVXALT-UHFFFAOYSA-N,O=C1NC(=O)C(N1)(c1ccc(cc1)O)c1ccccc1,,-2.028901626
6498,C-6499,,WIWKLJSVMPRVIK-UHFFFAOYSA-N,OCC1CCC(CC1)C/N=C(/CSS(=O)(=O)O)\N,,-2.027833389
6499,C-6500,,UMCASJWXQFBOPZ-JSGFVSQVSA-N,O=C1NC(=O)N(C1)/N=C/c1ccc(o1)[N+](=O)[O-].CC(=O)O,,-2.027365628
6500,C-6501,,LSQZJLSUYDQPKJ-NJBDSQKTSA-N,O=C([C@@H](c1ccc(cc1)O)N)N[C@@H]1C(=O)N2[C@@H]1SC([C@@H]2C(=O)O)(C)C,,-2.027099482
6501,C-6502,,VCZPUGSOJXZKIP-YPMHNXCESA-N,OC(=O)[C@H]1CCCC[C@]1(O)c1ccccc1,,-2.026981083
6502,C-6503,,ZWSMHUSCFABOJA-UHFFFAOYSA-N,CCCCSC(C(=O)N)(C)C,,-2.026273172
6503,C-6504,,VAIZVCMDJPBJCM-UHFFFAOYSA-N,O=C(C(F)(F)F)C(F)(F)F.O=C(C(F)(F)F)C(F)(F)F.O.O.O,,-2.02558717
6504,C-6505,,MKLXZHHTNGKIQR-UHFFFAOYSA-N,OS(=O)(=O)SCCNCCNc1ccccc1,,-2.024848804
6505,C-6506,,YMGUVTBVYOGUFZ-UHFFFAOYSA-N,COc1ccc(cc1)Cc1cnc(nc1N)N,,-2.024779986
6506,C-6507,,CTGFGRDVWBZYNB-UHFFFAOYSA-N,Brc1ncnc2c1[nH]cn2,,-2.024719233
6507,C-6508,,SPFYMRJSYKOXGV-UHFFFAOYSA-N,CCN1CCN(CC1)c1cc2c(cc1F)c(=O)c(cn2C1CC1)C(=O)O,,-2.024483734
6508,C-6509,,LTNZEXKYNRNOGT-UHFFFAOYSA-N,Nc1cc(C)[n+](c2c1cccc2)CCCCCCCCCC[n+]1c(C)cc(c2c1cccc2)N.[Cl-].[Cl-],,-2.023316673
6509,C-6510,,BNYKNAMROLCQRS-UHFFFAOYSA-N,CN1CCN(CC1)CC(c1ccccc1)(c1ccccc1)O,,-2.023192392
6510,C-6511,,AYYNUGSDPRDVCH-UHFFFAOYSA-N,CCOC(=O)c1ccc(c(c1)OC)OC,,-2.022967471
6511,C-6512,,AXYPOSIIISLXQT-UHFFFAOYSA-N,C=CCC(COC(=O)N)(COC(=O)N)CC,,-2.021781949
6512,C-6513,,XIROXSOOOAZHLL-UHFFFAOYSA-N,CC(=O)c1ccc(c(c1O)O)O,,-2.021571698
6513,C-6514,,ITAGVMKMCPHVKM-UHFFFAOYSA-N,OC(=O)C(CNNCc1ccccc1)(C)C.Cl,,-2.020176691
6514,C-6515,,MAUBFEHMBSQXMM-UHFFFAOYSA-N,O=C(c1ccccn1)NNCc1ccccc1,,-2.020076645
6515,C-6516,,YCMLQMDWSXFTIF-UHFFFAOYSA-N,Cc1ccccc1S(=O)(=O)N,,-2.02
6516,C-6517,,BJVVMKUXKQHWJK-ZETCQYMHSA-N,CC[C@@H](C1(CC=C)C(=O)NC(=O)NC1=O)C,,-2.02
6517,C-6518,,FQIUCPGDKPXSLL-UHFFFAOYSA-N,OC(=O)c1cc(Br)cnc1,,-2.01980911
6518,C-6519,,XUHJBXVYNBQQBD-TUWOXVOMSA-N,COC[C@@]12CN(C)C3[C@]4([C@@H]2[C@@H](OC)[C@@H]3[C@@]2([C@@H]3[C@H]4C[C@@]([C@@H]3OC(=O)c3ccccc3)([C@H]([C@@H]2O)OC)O)OC(=O)C)[C@H](C[C@H]1O)OC,,-2.014482722
6519,C-6520,,VFUGCQKESINERB-UHFFFAOYSA-N,CCCC1(CCN(C1)C)c1cccc(c1)O,,-2.010680305
6520,C-6521,,ORAVWBRRSYFFCC-UHFFFAOYSA-N,Clc1ccc(c(c1)Cl)N1C(=O)C2C(C1=O)C1OC2CC1,,-2.010057935
6521,C-6522,,KPYSYYIEGFHWSV-UHFFFAOYSA-N,NCC(c1ccc(cc1)Cl)CC(=O)O,,-2.009578971
6522,C-6523,,YBTVSGCNBZPRBD-UHFFFAOYSA-N,CC(=O)Nc1ccc(c(c1)O)C(=O)O,,-2.008253185
6523,C-6524,,KKVZAVRSVHUSPL-GQCTYLIASA-N,O=C/C=C/c1ccccc1OC,,-2.005898736
6524,C-6525,,WZNIVRAEOQQUIB-UHFFFAOYSA-N,CCN(CCn1cnc2c1c(=O)n(C)c(=O)n2C)CC.Cl,,-2.005260282
6525,C-6526,,GGMMWVHTLAENAS-UHFFFAOYSA-M,CC[N+]1(CC)CCC(C1)OC(=O)C(c1ccccc1)(c1ccccc1)O.[Br-],,-2.00318506
6526,C-6527,,PBSOMSJWGWNBEI-UHFFFAOYSA-L,OC(COP(=O)([O-])[O-])COc1ccccc1C.[K+].[K+],,-2.003062829
6527,C-6528,,OHBQPCCCRFSCAX-UHFFFAOYSA-N,COc1ccc(cc1)OC,,-2.002730647
6528,C-6529,,CKGGIKOPFUMXET-UHFFFAOYSA-N,CCOC(=O)Cn1c(C)ncc1[N+](=O)[O-],,-2.00243706
6529,C-6530,,XMPREPGUGSKZIE-UHFFFAOYSA-N,[O-][N+](=O)c1cn(c(n1)C)CC(=O)OCC,,-2.00243706
6530,C-6531,,VFFZMENAPNQPEI-UHFFFAOYSA-N,CCC(=O)c1ccc(cc1)OCC(CNCC(c1ccccc1)O)O,,-2.001803272
6531,C-6532,,WJNNTTIXPJJQJD-UHFFFAOYSA-N,FCCCCSC#N,,-2.000600446
6532,C-6533,,FELGAPTYPKHPJC-UHFFFAOYSA-N,COc1cc(ccc1O)C(=O)COC(=O)c1cccnc1,,-2.000409889
6533,C-6534,,UOCLXMDMGBRAIB-UHFFFAOYSA-N,CC(Cl)(Cl)Cl,,-2.0
6534,C-6535,,QTBFPMKWQKYFLR-UHFFFAOYSA-N,ClCC(C)C,,-2.0
6535,C-6536,,UEMGWPRHOOEKTA-UHFFFAOYSA-N,Fc1cccc(c1)F,,-2.0
6536,C-6537,,NUKZAGXMHTUAFE-UHFFFAOYSA-N,CCCCCC(=O)OC,,-2.0
6537,C-6538,,LFHISGNCFUNFFM-UHFFFAOYSA-N,ClC([N+](=O)[O-])(Cl)Cl,,-2.0
6538,C-6539,,AIKKULXCBHRFOS-UHFFFAOYSA-N,COP(=S)(SCC(=O)N(C=O)C)OC,,-2.0
6539,C-6540,,RKUNBYITZUJHSG-PJPHBNEVSA-N,OCC(c1ccccc1)C(=O)O[C@@H]1C[C@@H]2CC[C@H](C1)N2C	,,-2.0
6540,C-6541,,ZUCYWASRHXWLPN-UHFFFAOYSA-N,CCN(CCN1CC2CCC(C1)N2C(=O)CC)CC,,-1.999054202
6541,C-6542,,CULQSUABDCVMTA-UHFFFAOYSA-N,CCOC(=O)Oc1ccccc1C(=O)O,,-1.998319264
6542,C-6543,,ILPUOPPYSQEBNJ-UHFFFAOYSA-N,OC(=O)C(Oc1ccccc1)(C)C,,-1.998083442
6543,C-6544,,BGLFTGXQVFYEME-UHFFFAOYSA-L,CC[N+](CCCC[N+]1(C)Cc2c(C1)c(Cl)c(c(c2Cl)Cl)Cl)(CC)C.[I-].[I-],,-1.997436432
6544,C-6545,,VRDIULHPQTYCLN-UHFFFAOYSA-N,CCCc1cc(ccn1)C(=S)N,,-1.997283767
6545,C-6546,,LPLBKXARLUPNDA-UHFFFAOYSA-N,COc1cc(Cc2cnc(nc2N)N)cc(c1C(=O)N)OC,,-1.99632442
6546,C-6547,,MBVCESWADCIXJN-UHFFFAOYSA-N,Brc1ccc2c(c1)C(=O)C(=O)N2,,-1.996229336
6547,C-6548,,PXZBONIIVQBUBP-UHFFFAOYSA-N,CCC1(CC)COCOC1,,-1.994654567
6548,C-6549,,LDCVQEHNEIJAPV-UHFFFAOYSA-N,CCCOc1ccc(cc1)CC(=O)NO,,-1.994319228
6549,C-6550,,OLMLXLYLTJSOSI-UHFFFAOYSA-N,OCCOc1c(cccc1C(=O)N)c1ccccc1,,-1.993780712
6550,C-6551,,MFSHNFBQNVGXJX-UHFFFAOYSA-N,O=c1[nH]c2ccccc2c(c1)C(=O)O,,-1.993551035
6551,C-6552,,ZMRUPTIKESYGQW-UHFFFAOYSA-N,OC(COc1cccc2c1cccc2)CNC(C)C.Cl,,-1.992441966
6552,C-6553,,DZTHIGRZJZPRDV-LBPRGKRZSA-N,CC(=O)N[C@H](C(=O)O)Cc1c[nH]c2c1cccc2,,-1.991730753
6553,C-6554,,ZFMITUMMTDLWHR-UHFFFAOYSA-N,Nc1cc(nc([n+]1[O-])N)N1CCCCC1,,-1.99
6554,C-6555,,IWDDXZKCDHOOSF-UHFFFAOYSA-N,O=C1NC(=O)NC(=O)C1(O)C1(O)C(=O)NC(=O)NC1=O,,-1.99
6555,C-6556,,DSSYKIVIOFKYAU-OIBJUYFYSA-N,O=C1C[C@H]2C([C@]1(C)CC2)(C)C,,-1.99
6556,C-6557,,UMKXSOXZAXIOPJ-UHFFFAOYSA-N,Oc1ccc2c(c1)CCCC2,,-1.99
6557,C-6558,,CDOSHBSSFJOMGT-SNVBAGLBSA-N,C=C[C@](CCC=C(C)C)(O)C,,-1.99
6558,C-6559,,BRBKOPJOKNSWSG-UHFFFAOYSA-N,NC(=N)NS(=O)(=O)c1ccc(cc1)N,,-1.99
6559,C-6560,,DQQNMIPXXNPGCV-UHFFFAOYSA-N,CCC#CCC,,-1.99
6560,C-6561,,MDXJQOMLGMACCV-UHFFFAOYSA-M,CCC1(CC)C(=O)[N-]C(=S)NC1=O.[Na+],,-1.988883493
6561,C-6562,,JBDZQSSWXOTFDA-UHFFFAOYSA-N,CNNC(Cc1ccccc1)C,,-1.987623962
6562,C-6563,,NPFWBBZIYDRDNJ-UHFFFAOYSA-N,Cn1c(C)c(N2CCOCC2)c(=O)n(c1=O)c1ccccc1,,-1.987003841
6563,C-6564,,ZWIKMHMXRCCKQO-UHFFFAOYSA-N,CC(NC(=O)c1ccccc1O)C,,-1.986212297
6564,C-6565,,RHAXSHUQNIEUEY-UHFFFAOYSA-N,COc1cc(C)nc(n1)n1nc(cc1OC)C,,-1.985522146
6565,C-6566,,RRTKVYSLIGQWCO-UHFFFAOYSA-N,Cn1c2nncnc2c(=O)n(c1=O)C,,-1.984900691
6566,C-6567,,GKQHIYSTBXDYNQ-UHFFFAOYSA-M,CCCCCCCCCCCC[n+]1ccccc1.[Cl-],,-1.984793586
6567,C-6568,,ANZIOUQAFBXNHU-FYWRMAATSA-N,NC(=NNc1ccc(cc1)/N=N/C(=S)N)N,,-1.98187059
6568,C-6569,,TVHXQQJDMHKGGK-UHFFFAOYSA-N,FC(c1ccc(cc1)S(=O)(=O)N)(F)F,,-1.981471596
6569,C-6570,,NMRPBPVERJPACX-MRVPVSSYSA-N,CCCCC[C@@H](CC)O,,-1.98
6570,C-6571,,XKLZIVIOZDNKEQ-FWCPINHQSA-N,CSC[S@@](=O)C[C@H](NC(=O)/C=C/c1c(C)[nH]c(=O)[nH]c1=O)CO,,-1.98
6571,C-6572,,DSSYKIVIOFKYAU-UHFFFAOYSA-N,O=C1CC2C(C1(C)CC2)(C)C,,-1.978400234
6572,C-6573,,ZIMGGGWCDYVHOY-PKNBQFBNSA-N,Nc1cc(nc(=N)n1O)N1CCCCC1,,-1.978249033
6573,C-6574,,PIHCZKMPOKNUMQ-UHFFFAOYSA-N,Brc1ccc(nc1)OCCN1CSCC1.Cl,,-1.977455616
6574,C-6575,,COAJXCLTPGGDAJ-UHFFFAOYSA-N,C=CCOc1ccccc1OCC(CNC(C)C)O.Cl,,-1.977307944
6575,C-6576,,NGKVMFBBTSYCCV-UHFFFAOYSA-L,Cc1ccc(c(c1)[NH-])[NH-].Cl[Pt+2]Cl,,-1.976296457
6576,C-6577,,OTDJAMXESTUWLO-UUOKFMHZSA-N,OC[C@H]1O[C@H]([C@@H]([C@@H]1O)O)n1cnc2c1[nH]c(N)nc2=S,,-1.975877483
6577,C-6578,,HSCVIIISAAEVQT-UHFFFAOYSA-N,CCCOC(=O)c1ccco1,,-1.975798155
6578,C-6579,,AZAFEEYKBIEZPH-UHFFFAOYSA-N,CCCCOC1(OCCN(C1)C)c1ccccc1.Cl,,-1.974924603
6579,C-6580,,KTNPVRSKFWZJEZ-UHFFFAOYSA-N,NN1C(C)(C)CCCC1(C)C,,-1.973775834
6580,C-6581,,NUYADIDKTLPDGG-UHFFFAOYSA-N,CCC(C#CC(CC)(O)C)(O)C,,-1.973413648
6581,C-6582,,RJFIGOFHRFQXMH-UHFFFAOYSA-N,CCCCN1CCC(CC1)(O)C1CN(CCCC)CCC1=O.Cl.Cl,,-1.972989691
6582,C-6583,,AXXJTNXVUHVOJW-UHFFFAOYSA-M,CCCC(C1(CC=C)C(=O)NC(=NC1=O)[O-])C.[Na+],,-1.972316003
6583,C-6584,,TWJRTPKEHPDDPG-UHFFFAOYSA-N,NNc1ccnc2c1ccc(c2)Cl,,-1.971011272
6584,C-6585,,IKJZVLQZWUDHFV-UHFFFAOYSA-N,CCc1cnc(n1C)[N+](=O)[O-],,-1.970663286
6585,C-6586,,NIZHAUDFIOIGPX-UHFFFAOYSA-N,CCn1c(C)cnc1[N+](=O)[O-],,-1.970663286
6586,C-6587,,JHUPSALKEOYJJF-UHFFFAOYSA-N,CCc1cn(c(n1)[N+](=O)[O-])C,,-1.970663286
6587,C-6588,,QYNYVJFXPJUEMW-UHFFFAOYSA-N,O=C1CCC2(O1)CCCCC2,,-1.970625777
6588,C-6589,,CKICBBJJCUQLPO-UHFFFAOYSA-N,O=C1OCC2(C1)CCCCC2,,-1.970625777
6589,C-6590,,YFHLAAFULVPHPB-UHFFFAOYSA-N,Clc1ccc(nc1)OCCCN1CSCC1.Cl,,-1.970461606
6590,C-6591,,OHAZESKFCAUFBA-UHFFFAOYSA-N,CCC1(C(=O)NC(=O)N(C1=O)CN1CCOCC1)c1ccccc1.Cl,,-1.970150914
6591,C-6592,,UVJHQYIOXKWHFD-UHFFFAOYSA-N,C1=CCC=CC1,,-1.97
6592,C-6593,,QUGUFLJIAFISSW-UHFFFAOYSA-N,Fc1ccc(cc1)F,,-1.97
6593,C-6594,,KWILGNNWGSNMPA-UHFFFAOYSA-N,CC1Cc2cccc(c2C(=O)O1)O,,-1.969842649
6594,C-6595,,ROBVIMPUHSLWNV-UHFFFAOYSA-N,CCC1(CCC(=O)NC1=O)c1ccc(cc1)N,,-1.969818079
6595,C-6596,,QZYPYEXCDOTIDN-UHFFFAOYSA-N,CN1CCN2C(C1)CCc1c2cccc1.Cl,,-1.968026628
6596,C-6597,,FBFBNGJZFXSFFY-UHFFFAOYSA-N,OC(=O)CCS(=O)(=O)CCC(=O)O,,-1.966606854
6597,C-6598,,HCJOGZBBWGQKGC-UHFFFAOYSA-N,CC1CCCc2n1c(=O)ccn2,,-1.965706857
6598,C-6599,,ZBIWEHXTTKECOE-UHFFFAOYSA-N,C#CCNC(=O)OCC(COC(=O)N)(CC)C,,-1.964352836
6599,C-6600,,VNTUXFDKBZQALW-UHFFFAOYSA-N,COC(c1cnc(n1C)[N+](=O)[O-])(C)C,,-1.962851423
6600,C-6601,,GDEOUXOJGKXLRX-UHFFFAOYSA-N,CCOC(C(CO)(CC)CC)OCC,,-1.961984761
6601,C-6602,,JIWCNPTXYLRLIE-UHFFFAOYSA-N,Cc1ccc2c(c1)nc(o2)N,,-1.961230582
6602,C-6603,,JMEJOUCPQDFPFK-UHFFFAOYSA-N,N#CN/C(=N/c1ccc(cc1)Cl)/N,,-1.960812305
6603,C-6604,,WDRXVEYXGAMZOX-UHFFFAOYSA-L,OC(=O)c1cc2ccccc2c(c1[O-])Cc1c([O-])c(cc2c1cccc2)C(=O)O.CC1CCN(CC1)C=CC=C/C=[N+]/1\CCC(CC1)C.CC1CCN(CC1)C=CC=C/C=[N+]/1\CCC(CC1)C,,-1.960412021
6604,C-6605,,XSTXAVWGXDQKEL-UHFFFAOYSA-N,ClC=C(Cl)Cl,,-1.96
6605,C-6606,,BSPCSKHALVHRSR-SCSAIBSYSA-N,CC[C@H](Cl)C,,-1.96
6606,C-6607,,LOIYMIARKYCTBW-OWOJBTEDSA-N,OC(=O)/C=C/c1c[nH]cn1,,-1.96
6607,C-6608,,LDZYRENCLPUXAX-UHFFFAOYSA-N,Cc1nc2c([nH]1)cccc2,,-1.96
6608,C-6609,,DPJCXCZTLWNFOH-UHFFFAOYSA-N,[O-][N+](=O)c1ccccc1N,,-1.96
6609,C-6610,,CFBYEGUGFPZCNF-UHFFFAOYSA-N,COc1ccccc1[N+](=O)[O-],,-1.96
6610,C-6611,,LHGVFZTZFXWLCP-UHFFFAOYSA-N,COc1ccccc1O,,-1.96
6611,C-6612,,LZXYXZYVUMCUJG-UHFFFAOYSA-N,FCCN(P(=O)(Cl)Cl)CCCl,,-1.959715473
6612,C-6613,,IOUDZAFBPDDAMK-AATRIKPKSA-N,OC(=O)/C=C/c1ccccc1F,,-1.95805187
6613,C-6614,,CCXTXXIACARUTI-UHFFFAOYSA-N,CCCC(COC(=O)Nc1ccc(cc1)OCC)(COC(=O)Nc1ccc(cc1)OCC)C,,-1.956383464
6614,C-6615,,PJHYOCWMKYASAB-UHFFFAOYSA-N,CCCCCc1ccc(cc1O)O,,-1.954838025
6615,C-6616,,QHVCONQZXJPGQZ-UHFFFAOYSA-N,Nc1oc2c(n1)cc(cc2)[N+](=O)[O-],,-1.954327347
6616,C-6617,,OOYKEEROCQGXPH-UHFFFAOYSA-N,CCN(CCOc1ccccc1)CC,,-1.953770904
6617,C-6618,,NKJIFDNZPGLLSH-UHFFFAOYSA-N,N#Cc1ccc(cc1)[N+](=O)[O-],,-1.953659428
6618,C-6619,,FURHNUQBNCRKHI-UHFFFAOYSA-N,ClCC[NH+](CC[NH+](CCCl)CC)CC.[Cl-].[Cl-],,-1.953022014
6619,C-6620,,XVZDPVJRQRTTDF-UHFFFAOYSA-N,Nc1ccc(cc1)C(=O)Nc1ncccc1C.Cl.Cl,,-1.952341301
6620,C-6621,,WKGXYQFOCVYPAC-UHFFFAOYSA-N,NC(=O)OCC(c1ccccc1)COC(=O)N,,-1.951975275
6621,C-6622,,IRLPIORIFSVWIM-UHFFFAOYSA-N,CCC(C(=O)N)(SCC#C)CC,,-1.951869916
6622,C-6623,,SQTKLANYSYZUQC-UHFFFAOYSA-N,OCC(CSc1ccccc1C)O,,-1.950925936
6623,C-6624,,VXZROHSBOPRPGT-UHFFFAOYSA-N,OCC(CSc1ccc(cc1)C)O,,-1.950925936
6624,C-6625,,ZVJBPHMCBRHVEV-GQCTYLIASA-N,CCC(=O)/C(=N/O)/C,,-1.950606339
6625,C-6626,,FSKSLWXDUJVTHE-WEVVVXLNSA-N,O/N=C/c1ccc(cc1)F,,-1.950571548
6626,C-6627,,HDZZVAMISRMYHH-UGYAYLCHSA-N,OC[C@@H]1O[C@@H]([C@H]([C@H]1O)O)n1ccc2c1ncnc2N,,-1.95
6627,C-6628,,YFGYUFNIOHWBOB-UHFFFAOYSA-N,CN(C(=O)Oc1nc(nc(c1C)C)N(C)C)C,,-1.95
6628,C-6629,,VWXIHLCLIOQWRA-UHFFFAOYSA-N,Oc1ncc2c(n1)nccn2,,-1.95
6629,C-6630,,WHEBTEOWPNAKNI-UHFFFAOYSA-N,CN1CCN(CC1)C(=O)N(C(C)C)C(C)C.Cl,,-1.949999543
6630,C-6631,,OEPKDBQOTLDTNC-UHFFFAOYSA-N,COCP(=O)(c1ccccc1)c1ccccc1,,-1.948889416
6631,C-6632,,HDZZVAMISRMYHH-KCGFPETGSA-N,OC[C@H]1O[C@H]([C@@H]([C@@H]1O)O)n1ccc2c1ncnc2N,,-1.948179763
6632,C-6633,,SYAKTDIEAPMBAL-UHFFFAOYSA-N,NC1=NCC(O1)c1ccccc1,,-1.946156752
6633,C-6634,,PPXIIWYEVFSUCR-UHFFFAOYSA-N,CN1CCN(CC1)c1nc(NC(=O)C)nc(c1C)Cl,,-1.945095319
6634,C-6635,,XUPSCTMGCXAJGL-AATRIKPKSA-N,COc1cc(/C=C/C(=O)N2CCCO2)cc(c1OC(=O)C)OC,,-1.944657072
6635,C-6636,,CSVGVHNFFZWQJU-UHFFFAOYSA-N,C#CCN(C1CCc2c1cccc2)C,,-1.943522646
6636,C-6637,,QGVNJRROSLYGKF-UHFFFAOYSA-N,CCC1(CC)C(=O)NC(=S)NC1=O,,-1.942889438
6637,C-6638,,REFALBMIVDQKHY-UHFFFAOYSA-N,O=C1C(=CC(=O)c2c1cccn2)NCCCN1CCCCC1,,-1.94218796
6638,C-6639,,ZTNANFDSJRRZRJ-UHFFFAOYSA-N,Cc1cc(C)c2c(n1)cccc2,,-1.9400001
6639,C-6640,,QXKPLNCZSFACPU-UHFFFAOYSA-N,Cc1ccc2c(c1)nc(cc2)C,,-1.9400001
6640,C-6641,,SVYBEBLNQGDRHF-UHFFFAOYSA-N,CCc1nnc(s1)NS(=O)(=O)c1ccc(cc1)N,,-1.9400001
6641,C-6642,,ATUOYWHBWRKTHZ-UHFFFAOYSA-N,CCC,,-1.9400001
6642,C-6643,,VXNZUUAINFGPBY-UHFFFAOYSA-N,CCC=C,,-1.9400001
6643,C-6644,,ADTVPFMABWHJLN-UHFFFAOYSA-N,Cc1n(C)c(=O)n(c(=O)c1Br)c1ccccc1,,-1.938543255
6644,C-6645,,JBQMFBWTKWOSQX-UHFFFAOYSA-N,OC(=O)C1CCc2c1cccc2,,-1.938177112
6645,C-6646,,MNILRDOPAMDKIP-UHFFFAOYSA-N,CCNC(C(C)(C)C)(C)C.Cl,,-1.936562048
6646,C-6647,,VGWNCYGMSISHSA-UHFFFAOYSA-N,CCCCN1CCC(CC1)(OC(=O)C)Cc1ccccn1.Cl.Cl,,-1.936010796
6647,C-6648,,RHKZVMUBMXGOLL-UHFFFAOYSA-N,CN(CCOC(=O)C(C1(O)CCCC1)c1ccccc1)C.Cl,,-1.935890267
6648,C-6649,,QFWQUVMXKWLKQA-UHFFFAOYSA-N,FCC(=O)NC(C(Br)(Br)Br)O,,-1.934545804
6649,C-6650,,FNEPSTUXZLEUCK-UHFFFAOYSA-N,O1CCOCCOc2c(OCCOCC1)cccc2,,-1.93448063
6650,C-6651,,NHALRSQXOLZIPN-UHFFFAOYSA-N,Cn1cc(c2c1cccc2)C1CCC[NH2+]1.[Cl-],,-1.933368065
6651,C-6652,,NFABBAWHYBOFPI-UHFFFAOYSA-N,NC(=O)c1ccc(o1)C(C)(C)C,,-1.933222415
6652,C-6653,,SBPYEMSKGZSEGI-UHFFFAOYSA-N,CN1OCc2c(C1)cccc2,,-1.93319917
6653,C-6654,,JLHPIYCYMLXDIC-UHFFFAOYSA-N,Cc1ccnc(c1)OCCCCCNCCSS(=O)(=O)O,,-1.932153157
6654,C-6655,,CZIXEOZHJUMELR-UHFFFAOYSA-N,Cc1ccc(nc1)OCCCCCNCCSS(=O)(=O)O,,-1.932153157
6655,C-6656,,XBHCKECWLOIGPC-MHDYBILJSA-N,C[C@@H]1C[C@H](C(=O)N1c1ccccc1)N(C)C.Cl,,-1.931911567
6656,C-6657,,XBHCKECWLOIGPC-IYJPBCIQSA-N,C[C@@H]1C[C@@H](C(=O)N1c1ccccc1)N(C)C.Cl,,-1.931911567
6657,C-6658,,FGNHWGZYBWJOLZ-UHFFFAOYSA-N,CC1Oc2ccc(cc2N(C1=O)CC[NH2+]C)Cl.[Cl-],,-1.930123503
6658,C-6659,,PXQPEWDEAKTCGB-UHFFFAOYSA-N,O=c1[nH]c(=O)[nH]c(c1)C(=O)O,,-1.9299999
6659,C-6660,,IHPDTPWNFBQHEB-OKILXGFUSA-N,O[C@H]([C@@H](c1ccccc1)O)c1ccccc1,,-1.9299999
6660,C-6661,,YQEZLKZALYSWHR-UHFFFAOYSA-N,CNC1(CCCCC1=O)c1ccccc1Cl,,-1.929230818
6661,C-6662,,DKRAUVNSWYTDCB-UHFFFAOYSA-N,CCC1(C(=O)NC(=O)NC1=O)C(C)(C)C,,-1.927691298
6662,C-6663,,KUZRSCRQPYFUKP-GHXNOFRVSA-N,CN(/N=C\C(=O)c1ccc(cc1)Cl)C,,-1.927384794
6663,C-6664,,LDBTVAXGKYIFHO-UHFFFAOYSA-N,COc1cc(ccc1OC)Cc1cnc(nc1N)N,,-1.927341667
6664,C-6665,,CRYDBSUOPZRYDG-UHFFFAOYSA-N,COc1c(OC)cc2c(c1O)CC(N)CCC2,,-1.926589588
6665,C-6666,,LPSKDVINWQNWFE-UHFFFAOYSA-M,CCC[N+](CCC)(CCC)CCC.[OH-],,-1.926269846
6666,C-6667,,HUATVCMZVINTLH-UHFFFAOYSA-N,CC(CC1NC(=S)N(C1=O)C)C,,-1.925757612
6667,C-6668,,KLJWTLFECGZQCL-UHFFFAOYSA-N,O=c1cccc2c1nc1ccccc1[nH]2,,-1.925176651
6668,C-6669,,MPXOQEAPYGISHY-UHFFFAOYSA-N,CCC(=O)c1ccc(cc1)NC,,-1.924971644
6669,C-6670,,FOEQHWOACOYFPK-UHFFFAOYSA-N,CCC1(C(=O)NC(=O)N(C1=O)CN1CCOCC1)c1ccccc1,,-1.9248196
6670,C-6671,,PNZKOOCCVBURLG-UHFFFAOYSA-N,CC(Cc1ccccc1)NN(C)C,,-1.924764353
6671,C-6672,,SZMZPHUVKHKNPE-UHFFFAOYSA-N,[O-][N+](=O)c1ccc(nc1)OCCCCCNCCSS(=O)(=O)O,,-1.92430188
6672,C-6673,,FXOXLNFTVYGMBK-UHFFFAOYSA-N,CC(COC1(OCCN(C1)C)c1ccccc1)C.Cl,,-1.923708341
6673,C-6674,,WIWGOIWXMIGNHQ-UHFFFAOYSA-N,CC1(C)CCC([NH2+]1)c1c[nH]c2c1cccc2.[Cl-],,-1.923604392
6674,C-6675,,KYWKJKVQLGANBH-UHFFFAOYSA-N,CCCCn1c(=O)n(C)c(=O)c2c1nc[nH]2,,-1.923591988
6675,C-6676,,OMFIBMTXPDPQIC-UHFFFAOYSA-N,CSC(=[N+]1CCCCC1)c1c[nH]c2c1cccc2.[I-],,-1.922277123
6676,C-6677,,ZYHGIAPHLSTGMX-UHFFFAOYSA-N,CC1CC(OC(=O)c2ccccc2)CC(N1)(C)C,,-1.921999134
6677,C-6678,,STJMRWALKKWQGH-UHFFFAOYSA-N,OC(c1cc(Cl)c(c(c1)Cl)N)CNC(C)(C)C,,-1.921637908
6678,C-6679,,CEMAWMOMDPGJMB-UHFFFAOYSA-N,C=CCOc1ccccc1OCC(CNC(C)C)O,,-1.921123827
6679,C-6680,,WTGJGWJJJOCUQE-UHFFFAOYSA-N,C=CCOc1ccccc1OCC(CO)O,,-1.920991791
6680,C-6681,,ZDCRWTFSSYLCBS-SNAWJCMRSA-N,COc1cc(/C=C/C(=O)N2COCC2)cc(c1OC)OC,,-1.920797532
6681,C-6682,,CFXQEHVMCRXUSD-UHFFFAOYSA-N,ClCC(CCl)Cl,,-1.92
6682,C-6683,,JLTDJTHDQAWBAV-UHFFFAOYSA-N,CN(c1ccccc1)C,,-1.92
6683,C-6684,,RUFPHBVGCFYCNW-UHFFFAOYSA-N,Nc1cccc2c1cccc2,,-1.92
6684,C-6685,,ROASJEHPZNKHOF-UHFFFAOYSA-N,CCCCCCOC(=O)N,,-1.92
6685,C-6686,,ZTHRQJQJODGZHV-UHFFFAOYSA-N,CCC(=O)Nc1ccccc1,,-1.92
6686,C-6687,,HUAZGNHGCJGYNP-UHFFFAOYSA-N,CCCOC(=O)CCC,,-1.92
6687,C-6688,,MLFHJEHSLIIPHL-UHFFFAOYSA-N,CC(CCOC(=O)C)C,,-1.92
6688,C-6689,,HVXXOIGTXJOVON-UHFFFAOYSA-N,COc1ccc(c(c1OC)C(=O)O)C=O,,-1.92
6689,C-6690,,GRSWUWHHCZUOOV-UHFFFAOYSA-N,CC[NH2+]CC(COc1c2oc(cc2c(c2c1occc2=O)O)C)O.[Cl-],,-1.919604547
6690,C-6691,,DAAFJZUNCOXSKD-UHFFFAOYSA-N,Cn1c(=O)n(C)c2c(c1=O)[nH]cn2.NCCO,,-1.918576151
6691,C-6692,,PWNYOZHESISOID-OCIYDRMTSA-N,OCCOCCN1CC[C@@]23[C@H]([C@H]1Cc1c3cc(cc1)O)CCCC2.Cl,,-1.918363344
6692,C-6693,,IASAIPNBZZZTDZ-WXIWBVQFSA-N,[O-][N+](=O)c1ccc(o1)/C=N/NC(=O)C[NH2+]CCC.[O-]C(=O)C,,-1.917558021
6693,C-6694,,OJIPQOWZZMSBGY-ZZJGABIISA-N,OCC(c1ccccc1)C(=O)OC1C[C@@H]2CC[C@H](C1)N2C.Cl,,-1.917498859
6694,C-6695,,LPGDEHBASRKTDG-UHFFFAOYSA-N,O=C1c2ccccc2N(C1=O)C(=O)C,,-1.917016782
6695,C-6696,,GAMSVHKCGRVPPR-UHFFFAOYSA-N,CN(CCC(c1ccccc1)(C(=O)N)CCN(C)C)C,,-1.91678595
6696,C-6697,,XNOPRXBHLZRZKH-DSZYJQQASA-N,CC[C@@H]([C@@H]1NC(=O)[C@H](Cc2ccc(cc2)O)NC(=O)[C@@H](N)CSSC[C@H](NC(=O)[C@@H](NC(=O)[C@@H](NC1=O)CCC(=O)N)CC(=O)N)C(=O)N1CCC[C@H]1C(=O)N[C@H](C(=O)NCC(=O)N)CC(C)C)C,,-1.915686242
6697,C-6698,,MOUAPRKJJUXEIE-UHFFFAOYSA-N,Clc1ccc(cc1)N1C(=NC(=NC1(C)C)N)N.Cl,,-1.915589749
6698,C-6699,,NDWQMEJAHYKRLJ-UHFFFAOYSA-N,CCNC(CC(=O)c1ccccc1)(C)C.Cl,,-1.91503532
6699,C-6700,,IWTFDHOAOPEINT-UHFFFAOYSA-N,COc1ccc(cc1)Cn1cc(F)c(=O)[nH]c1=O,,-1.913895433
6700,C-6701,,AUERTJOCDMCUAL-UHFFFAOYSA-N,CNC(CCC=C(C)C)C.Cl,,-1.913266796
6701,C-6702,,DLTCOOCETROEDD-UHFFFAOYSA-N,CN1CCC(CC1)(O)C1CCCCC1.Cl,,-1.912441321
6702,C-6703,,BNBQRQQYDMDJAH-UHFFFAOYSA-N,C1COc2c(O1)cccc2,,-1.911821567
6703,C-6704,,OCYJXSUPZMNXEN-RKDXNWHRSA-N,OC[C@H]([C@@H](c1ccc(cc1)[N+](=O)[O-])O)N,,-1.911782265
6704,C-6705,,JVLDSHNWDWFUOP-DLGLCQKISA-N,O=C1CC2C([C@]1(CC2)CS(=O)(=O)O)(C)C.CCCC(CCC)CN,,-1.911753817
6705,C-6706,,ZZYJIQMXACETTK-UHFFFAOYSA-N,CCOC1(OCCN(C1C)C)c1ccccc1.Cl,,-1.910349008
6706,C-6707,,DIKBFYAXUHHXCS-UHFFFAOYSA-N,BrC(Br)Br,,-1.91
6707,C-6708,,RKUNBYITZUJHSG-JJXSEGSLSA-N,OC[C@@H](c1ccccc1)C(=O)O[C@@H]1C[C@@H]2CC[C@H](C1)N2C,,-1.91
6708,C-6709,,BUNFNRVLMKHKIT-UHFFFAOYSA-N,CC(=O)Nc1ccccc1[N+](=O)[O-],,-1.91
6709,C-6710,,UJAOSPFULOFZRR-UHFFFAOYSA-N,CC(=O)Nc1ccc(cc1)OC(=O)C,,-1.91
6710,C-6711,,GDLBFKVLRPITMI-UHFFFAOYSA-N,Clc1ccc2c(c1)S(=O)(=O)N=C(N2)C,,-1.908138725
6711,C-6712,,YJMIMZCVYFWXAC-UHFFFAOYSA-M,CCN1C(=O)[N-]C(=O)C(C1=O)(CC)CC.[Na+],,-1.907246375
6712,C-6713,,MFEILWXBDBCWKF-UHFFFAOYSA-N,ClC(=O)CCc1ccccc1,,-1.906762799
6713,C-6714,,KNMOHCLEINXVBG-HWKANZROSA-N,C/C=C/CC1(CC)C(=O)NC(=O)NC1=O,,-1.90606038
6714,C-6715,,UHXNHWOEFZXDCC-UHFFFAOYSA-N,CCCCN(CC1OC(=O)c2c1c(O)c(c(c2)O)O)CCCC,,-1.905499204
6715,C-6716,,FJPYVLNWWICYDW-UHFFFAOYSA-M,O=C1[N-]C(=O)NC1(c1ccccc1)c1ccccc1.[Na+],,-1.905400175
6716,C-6717,,FFLPYDKLMZFJEF-UHFFFAOYSA-N,O=C(c1ccc(cc1)Cl)C=NN1CCOCC1,,-1.902914722
6717,C-6718,,UMNHNUOGFFWNIA-UHFFFAOYSA-N,NC(=N)SCCCCSC(=N)N.Br.Br,,-1.902323868
6718,C-6719,,GATVIKZLVQHOMN-UHFFFAOYSA-N,ClC(Br)Br,,-1.9
6719,C-6720,,TVDYTVXARUOWKL-XPUUQOCRSA-N,COC1=C(OC)C=C[C@@H]2[C@@H]1C(=O)OC2,,-1.9
6720,C-6721,,AUODDLQVRAJAJM-XJQDNNTCSA-N,CCC[C@H]1CN([C@@H](C1)C(=O)N[C@@H]([C@H]1O[C@H](SC)[C@@H]([C@H]([C@H]1O)O)O)[C@@H](Cl)C)C.Cl,,-1.899938165
6721,C-6722,,MBLSJHGGVBNRPT-UHFFFAOYSA-N,COc1ccc(cc1)N1CCN(CC1)CC1CN=C(O1)N,,-1.898636348
6722,C-6723,,AVDLFIONKHGQAP-UHFFFAOYSA-N,OC(=O)COc1ccc(cc1)[N+](=O)[O-],,-1.898239932
6723,C-6724,,AMMYIZDPRVOMMG-UHFFFAOYSA-N,CN(CCN(c1ncccn1)Cc1ccccc1)C.Cl,,-1.896044448
6724,C-6725,,RGUVUPQQFXCJFC-UHFFFAOYSA-N,CCCCCCCC(=O)NO,,-1.895382727
6725,C-6726,,XHRJGHCQQPETRH-KQYNXXCUSA-N,OC[C@H]1O[C@H]([C@@H]([C@@H]1O)O)n1cnc2c1ncnc2Cl,,-1.895092412
6726,C-6727,,WLYYOFJEBGHKEC-VQYXCCSOSA-N,O=C1CCCN1CC#CCN1CCCC1.O=C1CCCN1CC#CCN1CCCC1.OC(=O)/C=C/C(=O)O.OC(=O)/C=C/C(=O)O.OC(=O)/C=C/C(=O)O,,-1.894047855
6727,C-6728,,SZORJUSWVVQOIR-UHFFFAOYSA-N,COc1c(ccc(c1C)OC)CC(N)C.Cl,,-1.893558559
6728,C-6729,,CVFSMSTXULJISA-UHFFFAOYSA-N,CCNC1C2CCC(C1c1ccccc1)C2.Cl,,-1.893196405
6729,C-6730,,NTZMSBAAHBICLE-UHFFFAOYSA-N,N#Cc1cc(ccc1C#N)[N+](=O)[O-],,-1.892021863
6730,C-6731,,XGZPRABQSGUFBL-UHFFFAOYSA-N,CNC(CC1CCCC1)C.Cl,,-1.891791683
6731,C-6732,,IKCLCGXPQILATA-UHFFFAOYSA-N,OC(=O)c1ccccc1Cl,,-1.89
6732,C-6733,,XADCESSVHJOZHK-UHFFFAOYSA-N,CCOC(=O)C1(CCN(CC1)C)c1ccccc1,,-1.89
6733,C-6734,,SLRCCWJSBJZJBV-BYNSBNAKSA-N,C1CC[C@H]2N(C1)C[C@@H]1C[C@H]2CN2[C@@H]1CCCC2,,-1.89
6734,C-6735,,ZYGHJZDHTFUPRJ-UHFFFAOYSA-N,O=c1ccc2c(o1)cccc2,,-1.89
6735,C-6736,,ORFFGRQMMWVHIB-UHFFFAOYSA-N,COc1c(OC)ccc2c1C(=O)OC2,,-1.89
6736,C-6737,,PGMYKACGEOXYJE-UHFFFAOYSA-N,CCCCCOC(=O)C,,-1.89
6737,C-6738,,BDJRBEYXGGNYIS-UHFFFAOYSA-N,OC(=O)CCCCCCCC(=O)O,,-1.89
6738,C-6739,,PQVZDTWRGIHYCU-UHFFFAOYSA-N,O=C1NC(=O)NC(=O)C21CC2,,-1.89
6739,C-6740,,NLRFFZRHTICQBO-UHFFFAOYSA-N,CCN(C(=O)CNC(=O)c1cc(OC)c(c(c1)OC)OC)CC,,-1.889873785
6740,C-6741,,JLRWNBXMQCGSEJ-APBURCQWSA-N,O[C@H]([C@H](C(=O)O)O)C(=O)O.COc1c(OC)cc2c(c1OC)c1ccc(c(=O)cc1[C@H](CC2)N)OC,,-1.889851452
6741,C-6742,,BWTYUJLNQMANLA-UHFFFAOYSA-N,CCCC(COC(=O)N)(COC(=O)NC(=O)C)C,,-1.889118223
6742,C-6743,,HYQMHBKDCGCUGT-UHFFFAOYSA-N,NCC(C(=O)c1ccccc1)c1ccccc1.Cl,,-1.888968314
6743,C-6744,,XHJDNCYZCCVDGQ-UHFFFAOYSA-N,CCN(C(CC)(CC)C)C.Br,,-1.88821049
6744,C-6745,,BMLKPGJBYUTIHT-UHFFFAOYSA-N,CCOc1ncnc2c1[nH]cn2,,-1.886908904
6745,C-6746,,PCUVRILJYXQWBX-UHFFFAOYSA-N,C#CCN1C(=O)c2ccccc2CS1(=O)=O,,-1.885821128
6746,C-6747,,QAFJMZFAQFGVJS-UHFFFAOYSA-N,OCCNC(Cc1cccc(c1)C(F)(F)F)C,,-1.883953099
6747,C-6748,,GWZPIQCXKKBYAW-UHFFFAOYSA-N,CCCc1cnc(n1CCO)[N+](=O)[O-],,-1.881009866
6748,C-6749,,SWMGXKSQWDSBKV-LURJTMIESA-N,O[C@H]1CN(C(=O)N1c1nnc(s1)C(C)(C)C)C,,-1.88
6749,C-6750,,BRUQQQPBMZOVGD-XFKAJCMBSA-N,COc1ccc2c3c1O[C@@H]1[C@@]43CCN([C@H](C2)[C@]4(O)CCC1=O)C,,-1.879621271
6750,C-6751,,RSTUMYIIRQDRKC-UHFFFAOYSA-N,OCC(COc1cccc(c1)C)(O)C,,-1.879501049
6751,C-6752,,CSVLJZZEXDDQJF-UHFFFAOYSA-N,OCC(COc1ccccc1C)(O)C,,-1.879501049
6752,C-6753,,MBJYNNMHFMUBHI-UHFFFAOYSA-N,OCC(COc1ccc(cc1)C)(O)C,,-1.879501049
6753,C-6754,,WYMSBXTXOHUIGT-UHFFFAOYSA-N,CCOP(=O)(Oc1ccc(cc1)[N+](=O)[O-])OCC,,-1.878542296
6754,C-6755,,GESBKELMKMNZLZ-UHFFFAOYSA-N,CCOP(=O)(Nc1ccccc1)OCC,,-1.877371346
6755,C-6756,,QCFFJPDKTFNUHI-UHFFFAOYSA-N,CN(c1c(C)n(c2ccccc2)c(=O)n(c1=O)C)C,,-1.877259131
6756,C-6757,,MFJZFKAOTQGJFQ-UHFFFAOYSA-N,C(CCN1CSCC1)CCOc1ccncc1.Cl.Cl,,-1.876789623
6757,C-6758,,OBIXHSPVWCWIOW-UHFFFAOYSA-N,CN1CCCC1c1c[nH]c2c1cc(F)cc2,,-1.876605979
6758,C-6759,,CSATVXJBGFVJES-UHFFFAOYSA-N,CC(=O)c1ccc(cc1)S(=O)(=O)N,,-1.876095782
6759,C-6760,,CARJCVDELAMAEJ-UHFFFAOYSA-N,CC1SCCS1,,-1.87588564
6760,C-6761,,BTNKSMIZKSHDNT-UHFFFAOYSA-N,ClCCN(C(=O)NC1CCC(CC1)O)N=O,,-1.875748848
6761,C-6762,,GFOAMOJEXALILA-UHFFFAOYSA-N,CN1CC2CCC(C1)N2C(=O)C(=O)Nc1ccccc1,,-1.875595451
6762,C-6763,,OALDUTFOEYTFDS-UHFFFAOYSA-N,CCn1c(C)c(N(C)C)c(=O)n(c1=O)c1ccccc1,,-1.87440397
6763,C-6764,,NFTNTGFZYSCPSK-UHFFFAOYSA-N,NC(=O)c1cc2ccccc2cc1O,,-1.874361196
6764,C-6765,,DUJCODMLPMOWER-UHFFFAOYSA-N,Nc1ccc(cc1)C(=O)Nc1ccccn1.Cl.Cl,,-1.871142142
6765,C-6766,,NDVDXOIGBPXNAP-UHFFFAOYSA-N,Nc1ccc(cc1)C(=O)Nc1ccncc1.Cl.Cl,,-1.871142142
6766,C-6767,,WIEGFTCXYMUOEJ-ODQZHCRPSA-L,CN([C@@H]1C(=O)C(=C([C@@]2([C@H]1[C@@H](O)[C@H]1C(=C([O-])c3c([C@@]1(C)O)cccc3[O-])C2=O)O)O)C(=O)N)C.[Na+].[Na+].O.O,,-1.870610465
6767,C-6768,,KAKZBPTYRLMSJV-UHFFFAOYSA-N,C=CC=C,,-1.87
6768,C-6769,,SLJDAVMWFVYEFI-LPOUJYBBSA-N,COc1ccc2c(c1O)[C@@]13CCN([C@H](C2)[C@H]3C=CC(=O)C1)C,,-1.87
6769,C-6770,,UJBOOUHRTQVGRU-LURJTMIESA-N,C[C@H]1CCCC(=O)C1,,-1.87
6770,C-6771,,YFNUPHWNTLVIMV-MSOLQXFVSA-N,COc1ccc2c(c1O)[C@@]13CCN([C@@]3(CC2)C=CC(=O)C1)C,,-1.87
6771,C-6772,,XGLHYBVJPSZXIF-UHFFFAOYSA-N,CCC(c1ccccc1)(O)C,,-1.869234582
6772,C-6773,,NXRFAOYGMMRIRW-UHFFFAOYSA-N,CC(=O)CCN1CCN2C(C1)CCc1c2cccc1.Cl,,-1.868588465
6773,C-6774,,QVHWOZCZUNPZPW-UHFFFAOYSA-N,FC1=C(F)C(C1(F)F)(F)F,,-1.867776096
6774,C-6775,,VUZKURMHQUAVFR-UHFFFAOYSA-N,CCN(CCOc1ccccc1OC)CC.Cl,,-1.86682096
6775,C-6776,,GMISKEUWHIRDNK-UHFFFAOYSA-N,O=C(C(Oc1ccccc1)(C)C)OCCN1CCOCC1,,-1.865345362
6776,C-6777,,OYIFNHCXNCRBQI-UHFFFAOYSA-N,OC(=O)CCCC(C(=O)O)N,,-1.864826493
6777,C-6778,,YVHMVAPVYRFIOA-UHFFFAOYSA-N,C=CCOc1ccc(cc1)CC(=O)NO,,-1.864664096
6778,C-6779,,VGEPKKUTRKZFEW-UHFFFAOYSA-N,CC(=O)N1CC=Cc2c1cccc2,,-1.863837152
6779,C-6780,,OHMHBGPWCHTMQE-UHFFFAOYSA-N,ClC(C(F)(F)F)Cl,,-1.862259194
6780,C-6781,,CDPKJZJVTHSESZ-UHFFFAOYSA-N,OC(=O)Cc1ccc(cc1)Cl,,-1.861445571
6781,C-6782,,NNCOKSDPKDOAOW-UHFFFAOYSA-N,COc1ccc2c(c1)c(c[nH]2)C1CCCN1C,,-1.861255419
6782,C-6783,,KTFGFGGLCMGYTP-UHFFFAOYSA-N,O=C(Nc1ccccc1)CCC(=O)O,,-1.861129981
6783,C-6784,,ZTBPMPNPJPKIHB-UHFFFAOYSA-N,NNC(Cc1ccc2c(c1)OCO2)C,,-1.860190438
6784,C-6785,,NIJJYAXOARWZEE-UHFFFAOYSA-N,CCCC(C(=O)O)CCC,,-1.86
6785,C-6786,,XXUMSZSOCZWEAS-UHFFFAOYSA-N,CC(C(c1ccccc1)(C(=O)OCCC[NH+](C)C)O)C.[Cl-],,-1.856999874
6786,C-6787,,MOCFGJGEKIOYGM-NKPNRJPBSA-N,CC([NH2+]CC(=O)N/N=C/c1ccc(o1)[N+](=O)[O-])C.[O-]C(=O)C,,-1.854877097
6787,C-6788,,RONWGALEIBILOG-VCSAERELSA-N,OS(=O)(=O)O.C=C[C@H]1CN2CC[C@H]1C[C@@H]2[C@H](c1ccnc2c1cc(OC)cc2)O.C=C[C@H]1CN2CC[C@H]1C[C@@H]2[C@H](c1ccnc2c1cc(OC)cc2)O,,-1.852084778
6788,C-6789,,BAWQXMLVKPUULE-UHFFFAOYSA-N,NCC(=O)Nc1ccc(cc1)C(=O)O,,-1.850952064
6789,C-6790,,GIIFOXPATIOXSA-RGFKIIKPSA-N,COc1ccc2c(c1O)[C@]13CCC[C@@H]([C@H]3[C@@H](C2)N(CC1)C)O,,-1.850574685
6790,C-6791,,GIIFOXPATIOXSA-FAELENHSSA-N,COc1ccc2c(c1O)[C@]13CCC[C@H]([C@H]3[C@@H](C2)N(CC1)C)O,,-1.850574685
6791,C-6792,,ARKDNMZXRXKLOV-UHFFFAOYSA-N,CC(CNCCOC(=O)c1ccc(cc1)N)C.Cl,,-1.850340667
6792,C-6793,,MFESCIUQSIBMSM-UHFFFAOYSA-N,ClCCCBr,,-1.85
6793,C-6794,,WJYIASZWHGOTOU-UHFFFAOYSA-N,CCCCCCCN,,-1.85
6794,C-6795,,LHXDLQBQYFFVNW-XCBNKYQSSA-N,O=C1[C@@]2(C)CC[C@@H](C1(C)C)C2,,-1.85
6795,C-6796,,DURPTKYDGMDSBL-UHFFFAOYSA-N,CCCCOCCCC,,-1.85
6796,C-6797,,RDOXTESZEPMUJZ-UHFFFAOYSA-N,COc1ccccc1,,-1.85
6797,C-6798,,QPJVMBTYPHYUOC-UHFFFAOYSA-N,COC(=O)c1ccccc1,,-1.85
6798,C-6799,,IPOLRLFQPJCFET-UHFFFAOYSA-N,CC(C(COc1ccccc1C)O)O,,-1.848756018
6799,C-6800,,IPFUISOJBWATGQ-UHFFFAOYSA-M,CSCCC1(C(CCC)C)C(=O)[N-]C(=S)NC1=O.[Na+],,-1.846507852
6800,C-6801,,ADBOAGBBFIEYBZ-UHFFFAOYSA-N,N/C(=N\CCOCc1ccccc1)/CSS(=O)(=O)O,,-1.845924956
6801,C-6802,,AHZOOTGUHLEJCG-UHFFFAOYSA-N,NC(=N)c1ccc(cc1)Nc1ccc(cc1)C(=N)N.Cl.Cl,,-1.845131336
6802,C-6803,,FIEYHAAMDAPVCH-UHFFFAOYSA-N,Cc1nc(=O)c2c([nH]1)cccc2,,-1.844761935
6803,C-6804,,POZLVXCQXAUMAT-UHFFFAOYSA-N,COCC(=O)N1CC=Cc2c1cccc2,,-1.844118334
6804,C-6805,,GOFIUEUUROFVMA-UHFFFAOYSA-N,CC(=O)c1ccc2c(c1)cc[nH]2,,-1.843975479
6805,C-6806,,ARJLAWSLOIDWQW-UHFFFAOYSA-N,OCCNc1ccc(cc1C(=O)N)Cl,,-1.842755345
6806,C-6807,,KXRZBTAEDBELFD-UHFFFAOYSA-N,COc1nccnc1NS(=O)(=O)c1ccc(cc1)N,,-1.842428929
6807,C-6808,,WMPXPUYPYQKQCX-UHFFFAOYSA-N,COc1ncnc(c1)NS(=O)(=O)c1ccc(cc1)N,,-1.842428929
6808,C-6809,,OHMYIIRCLXKUMF-UHFFFAOYSA-N,CCCCC(=O)N1C2CCC1CN(C2)C,,-1.84144001
6809,C-6810,,YYQRGCZGSFRBAM-UHFFFAOYSA-N,ClC(COP(=O)(O)O)(Cl)Cl,,-1.841372705
6810,C-6811,,UCRJJHVREFVPPM-UHFFFAOYSA-N,[O-][N+](=O)c1ncc(n1C=C)C,,-1.840699233
6811,C-6812,,OJYGBLRPYBAHRT-AMRQHQFISA-N,OC[C@H]([C@@H]1O[C@H]2[C@@H]([C@H]1O)O[C@H](O2)C(Cl)(Cl)Cl)O,,-1.84
6812,C-6813,,IXORZMNAPKEEDV-ZEMROTDWSA-N,OC(=O)[C@@H]1[C@@H]2[C@]3([C@@H]4[C@]51CC(=C)[C@](C5)(O)CC4)C=C[C@H]([C@@]2(C)C(=O)O3)O,,-1.84
6813,C-6814,,UUKWKUSGGZNXGA-UHFFFAOYSA-N,NC(=O)c1cc(cc(c1)[N+](=O)[O-])[N+](=O)[O-],,-1.839829314
6814,C-6815,,HOMGKSMUEGBAAB-UHFFFAOYSA-N,ClCCNP1(=O)OCCCN1CCCl,,-1.839171934
6815,C-6816,,CZFIROOFEBLGGD-UHFFFAOYSA-N,CC(=O)C1(C)SCCS1,,-1.839156992
6816,C-6817,,ZAHQPTJLOCWVPG-UHFFFAOYSA-N,OCCNCCNc1ccc(c2c1C(=O)c1c(C2=O)c(O)ccc1O)NCCNCCO.Cl.Cl,,-1.83876851
6817,C-6818,,SVBNKTIROPNBQH-UHFFFAOYSA-N,CN(CCN(c1ncccn1)Cc1ccccc1)C,,-1.838295464
6818,C-6819,,MTTYXGPMZKRTCI-UHFFFAOYSA-N,C#CC(c1ccccc1)OC(=O)N,,-1.837302452
6819,C-6820,,NOXNCSQBTYNMHD-UHFFFAOYSA-N,CN(CCC(c1ccccn1)c1ccc(cc1)Cl)C.Cl,,-1.837011158
6820,C-6821,,PKBLCJMYOKEVNM-UHFFFAOYSA-M,CCC1(CCC(C)C)C(=O)[N-]C(=S)NC1=O.[Na+],,-1.836667653
6821,C-6822,,RABVIFXMFZFITE-KHPPLWFESA-N,O/N=C/1\C2CC3CC1CC(C2)C3,,-1.836087604
6822,C-6823,,DNVWXCCXMJHGAD-UHFFFAOYSA-N,COC1C=Cc2c(N1C(=O)C)cccc2,,-1.835254874
6823,C-6824,,RUAXWVDEYJEWRY-UHFFFAOYSA-N,Nc1ccc(cc1)c1ccc(cc1)N.Cl.Cl,,-1.834435042
6824,C-6825,,IIIDAJOFIHRHPY-UHFFFAOYSA-M,[O-][Cl](=O)(=O)=O.CC(CN(CC(C)C)/C=C/C=C/C=[N+](CC(C)C)CC(C)C)C,,-1.833313231
6825,C-6826,,XOZLRRYPUKAKMU-UHFFFAOYSA-N,CC(Nc1c(C)n(n(c1=O)c1ccccc1)C)C,,-1.833199869
6826,C-6827,,WRMRXPASUROZGT-UHFFFAOYSA-N,CCNCC(=O)Nc1c(C)cccc1C,,-1.833033442
6827,C-6828,,IINRZEIPFQHEAP-UHFFFAOYSA-N,OC(=O)C1(N)CCCCCC1,,-1.832876475
6828,C-6829,,BUCJHJXFXUZJHL-UHFFFAOYSA-N,CCC1(O)CCCCC1,,-1.832397148
6829,C-6830,,WEJDYJKJPUPMLH-UHFFFAOYSA-N,CC(Cc1ccc(cc1)Cl)(N)C.Cl,,-1.832148014
6830,C-6831,,WUQYKHRMHJGLAI-UHFFFAOYSA-N,Nc1ccc(cc1)C(=O)Nc1ncccc1C,,-1.831491572
6831,C-6832,,HTLAGNLOROOWLR-UHFFFAOYSA-N,Nc1ccc(cc1)C(=O)Nc1ccncc1C,,-1.831491572
6832,C-6833,,ZXKXJHAOUFHNAS-UHFFFAOYSA-N,CCNC(Cc1cccc(c1)C(F)(F)F)C.Cl,,-1.831083721
6833,C-6834,,WLSZCRGYFKVPFO-UHFFFAOYSA-N,NCCS/C(=N\CC)/NCC.Br.Br,,-1.830552612
6834,C-6835,,HLYLNSOPZYUUNO-UHFFFAOYSA-L,C[N+]1(CCCC1)CCC[n+]1cc2ccccc2c2c1cccc2.[Br-].[Br-],,-1.83040986
6835,C-6836,,AMRQXHFXNZFDCH-VIFPVBQESA-N,CCNC(=O)[C@@H](OC(=O)Nc1ccccc1)C,,-1.83
6836,C-6837,,KRIOVPPHQSLHCZ-UHFFFAOYSA-N,CCC(=O)c1ccccc1,,-1.83
6837,C-6838,,FLOSMHQXBMRNHR-QPJJXVBHSA-N,CC(=O)/N=c\1/sc(nn1C)S(=O)(=O)N,,-1.83
6838,C-6839,,FLOSMHQXBMRNHR-DAXSKMNVSA-N,CC(=O)/N=c/1\sc(nn1C)S(=O)(=O)N,,-1.829329526
6839,C-6840,,UCGUPPBDCWQZJE-UHFFFAOYSA-N,C#CC1=CC(N(C(C1)(C)C)C)(C)C,,-1.828730941
6840,C-6841,,LYZGJWXNOGIVQA-UHFFFAOYSA-M,CCCC(C1(CC=C)C(=O)NC(=NC1=O)[S-])C.[Na+],,-1.827586199
6841,C-6842,,FXEOMSOMYPLDTM-UHFFFAOYSA-N,OS(=O)(=O)SCCNCCCOc1ccc2c(n1)cccc2,,-1.826999106
6842,C-6843,,PUCADCOCQQBSLL-UHFFFAOYSA-N,OS(=O)(=O)SCCNCCCOc1nccc2c1cccc2,,-1.826999106
6843,C-6844,,QFWPJPIVLCBXFJ-UHFFFAOYSA-N,COCCOc1cnc(nc1)NS(=O)(=O)c1ccccc1,,-1.826264376
6844,C-6845,,HSBGTIXXXZBKLK-UHFFFAOYSA-N,CCC(=O)N1C2CNCC1CC2,,-1.826255564
6845,C-6846,,DGEZNRSVGBDHLK-UHFFFAOYSA-N,c1ccc2c(n1)c1ncccc1cc2,,-1.826026631
6846,C-6847,,GXRZIMHKGDIBEW-UHFFFAOYSA-N,C#CC1(CCCCC1)OC(=O)N,,-1.825317018
6847,C-6848,,XSZLHACSCSAKOF-UHFFFAOYSA-N,NC1=NCC(O1)CN1CCN(CC1)c1ccccc1,,-1.825146622
6848,C-6849,,RFMGRVLGGJUQTO-UHFFFAOYSA-N,CNCC(c1cc(OC)ccc1OC)C.Cl,,-1.824640388
6849,C-6850,,NZQFOCIYDGJNSF-UHFFFAOYSA-N,CCc1nc(OC)nc(n1)N,,-1.824396343
6850,C-6851,,WBYRNUWFQADAPF-UHFFFAOYSA-N,CCOc1nc(C)nc(n1)N,,-1.824396343
6851,C-6852,,ARFHIAQFJWUCFH-IZZDOVSWSA-N,CC1CS(=O)(=O)CCN1/N=C/c1ccc(o1)[N+](=O)[O-],,-1.824145653
6852,C-6853,,WPPMCGGAMUIMJN-UHFFFAOYSA-N,CCCC([NH+](C)C)CCC.[Cl-],,-1.823261619
6853,C-6854,,NWTFHWBGRKKUPK-UHFFFAOYSA-N,CC1CCC([NH2+]1)c1c[nH]c2c1cccc2.[Cl-],,-1.822827149
6854,C-6855,,KZCSDJKWEYGAIX-UHFFFAOYSA-N,OC(=O)c1ccc(c(c1O)C)O,,-1.822571159
6855,C-6856,,PIFRKZZDDGEWQG-UHFFFAOYSA-N,CN(C(=O)c1nnn(c1C)c1ccccc1)C,,-1.821909772
6856,C-6857,,LHLMOSXCXGLMMN-CLTUNHJMSA-M,OCC(c1ccccc1)C(=O)OC1C[C@@H]2CC[C@H](C1)[N+]2(C)C(C)C.[Br-],,-1.821494582
6857,C-6858,,YGSDEFSMJLZEOE-UHFFFAOYSA-N,OC(=O)c1ccccc1O,,-1.8200001
6858,C-6859,,WTDRDQBEARUVNC-LURJTMIESA-N,OC(=O)[C@H](Cc1ccc(c(c1)O)O)N	,,-1.82
6859,C-6860,,PTNZGHXUZDHMIQ-CVHRZJFOSA-N,CN([C@@H]1C(=O)C(=C([C@@]2([C@H]1[C@@H](O)[C@@H]1[C@@H](C)c3cccc(c3C(=C1C2=O)O)O)O)O)C(=O)N)C.Cl,,-1.819921601
6860,C-6861,,YPKXIQOEOPDWBK-UHFFFAOYSA-N,[O-]S(=O)(=O)O.CC[NH+](CCNC(=O)c1ccc(cc1)N)CC,,-1.819678151
6861,C-6862,,UFBJCMHMOXMLKC-UHFFFAOYSA-N,[O-][N+](=O)c1ccc(c(c1)[N+](=O)[O-])O,,-1.819466074
6862,C-6863,,LBRMMZKQEMFFPV-UHFFFAOYSA-N,CCOc1ccccc1COCC(CO)O,,-1.818072373
6863,C-6864,,NTOIBZJBOAYNRO-UHFFFAOYSA-N,CCOc1ccc(cc1)COCC(CO)O,,-1.818072373
6864,C-6865,,RJSHVMXWGMYEBO-UHFFFAOYSA-N,CCCCCCCCNCCSS(=O)(=O)O,,-1.815529392
6865,C-6866,,UEDJPYLQEIVDLD-UHFFFAOYSA-N,OCC(COc1ccccc1Cl)O,,-1.814790605
6866,C-6867,,QCOXCILKVHKOGO-UHFFFAOYSA-N,[O-][N+](=O)NCCN[N+](=O)[O-],,-1.814635467
6867,C-6868,,BKUXFGWLJDZSMK-UHFFFAOYSA-N,CCC1(NC)CC2CC1CC2,,-1.814386462
6868,C-6869,,BFQDICGJHAONBN-OOFWROCWSA-M,[O-]C(=O)CCC(=O)OCC(=O)[C@H]1CC[C@@H]2[C@]1(C)CC[C@H]1[C@H]2CC[C@H]2[C@]1(C)CCC(=O)C2.[Na+],,-1.814151487
6869,C-6870,,NYFHVSARWRNBEM-UHFFFAOYSA-N,S=C(N1CCOCC1)Cc1ccccc1,,-1.8135378
6870,C-6871,,KKEGNVXSQNSYDV-UHFFFAOYSA-L,CC1CCN(CC1)/C=C/C=C/C=[N+]/1\CCC(CC1)C.CC1CCN(CC1)/C=C/C=C/C=[N+]/1\CCC(CC1)C.[Cl-].[Cl-].O.O.O,,-1.81318896
6871,C-6872,,HLNXBLMILSOABY-CMDGGOBGSA-N,OCC(NC(=O)/C=C/c1ccccc1)(C)C,,-1.812090244
6872,C-6873,,JSSSGAGHEPXNMV-UHFFFAOYSA-N,Nc1ccc(cc1)C(=O)Nc1cccnc1.Cl,,-1.811954334
6873,C-6874,,XQPCYRPIZBEDDJ-UHFFFAOYSA-N,FCCCCCC#N,,-1.810847712
6874,C-6875,,AEKVBBNGWBBYLL-UHFFFAOYSA-N,N#Cc1ccc(cc1)F,,-1.810193076
6875,C-6876,,BBMCTIGTTCKYKF-UHFFFAOYSA-N,CCCCCCCO,,-1.8099999
6876,C-6877,,ACVARMNPHWNVNQ-UHFFFAOYSA-N,CC[NH+](CCOc1ccccc1C(=O)N)CC.[Cl-],,-1.809461029
6877,C-6878,,SXNFFTJCEYBMAS-ZROIWOOFSA-N,OCCN1CCN(CC1)CC(=O)N/N=C\c1ccc(o1)[N+](=O)[O-],,-1.808166935
6878,C-6879,,UFKRTEWFEYWIHD-UHFFFAOYSA-N,N#Cc1ccc(cc1)NC(=O)C,,-1.805096756
6879,C-6880,,RXPBEGLIXKJVHJ-UHFFFAOYSA-N,CCCCNC(=O)Nc1ncco1,,-1.805069648
6880,C-6881,,KXLNFFBTSVJQCR-UHFFFAOYSA-N,FC(c1cccc(c1)C1CNCCO1)(F)F.Cl,,-1.804566983
6881,C-6882,,PXBFMLJZNCDSMP-UHFFFAOYSA-N,NC(=O)c1ccccc1N,,-1.804022736
6882,C-6883,,PPLORUTUJXLHEI-UHFFFAOYSA-N,OCCNC(=O)c1ccccc1OCC=C,,-1.803315813
6883,C-6884,,ACIVXVCFXWJISJ-UHFFFAOYSA-N,CCC(C(=O)NC(=O)N)(CC)Cl,,-1.802022555
6884,C-6885,,BIZSJKULZKHUPS-UHFFFAOYSA-N,CC1CC(C)(C)NC(C1)(C)C,,-1.801963422
6885,C-6886,,FRZDLTCXOSFHJC-UHFFFAOYSA-N,S=c1ccc2c(o1)cccc2,,-1.801826923
6886,C-6887,,CMCCHHWTTBEZNM-UHFFFAOYSA-N,BrC(C(=O)NC(=O)N)C(C)C,,-1.801528544
6887,C-6888,,FIVHOHCAXWQPGC-UHFFFAOYSA-N,CN(CCOC(=O)COc1ccc(cc1)Cl)C.Cl,,-1.800215416
6888,C-6889,,PYLWMHQQBFSUBP-UHFFFAOYSA-N,Fc1ccccc1,,-1.8
6889,C-6890,,LQNUZADURLCDLV-UHFFFAOYSA-N,[O-][N+](=O)c1ccccc1,,-1.8
6890,C-6891,,VOEYXMAFNDNNED-UHFFFAOYSA-N,CNC(=O)Oc1cccc(c1)C,,-1.8
6891,C-6892,,RFHAOTPXVQNOHP-UHFFFAOYSA-N,Fc1ccc(c(c1)F)C(Cn1cncn1)(Cn1cncn1)O,,-1.8
6892,C-6893,,SCWKRWCUMCMVPW-UHFFFAOYSA-N,CNC(=O)Oc1ccccc1,,-1.8
6893,C-6894,,XUFXDODGXLVPNJ-UHFFFAOYSA-N,CCNC(=O)Nc1ccccc1,,-1.799920117
6894,C-6895,,IABJZMVJXLVXPQ-UHFFFAOYSA-N,CNC(CC12CC3CC(C1)CC(C2)(C3)O)C.Cl,,-1.799772003
6895,C-6896,,YEOYYWCXWUDVCX-UHFFFAOYSA-N,NC(=O)c1ccccc1I,,-1.796601408
6896,C-6897,,MATCZHXABVLZIE-UHFFFAOYSA-N,Clc1ccc2c(c1)oc(=O)[nH]2,,-1.796364362
6897,C-6898,,LMQXNURVVYWBSR-UHFFFAOYSA-N,CCCc1[nH]c2c(n1)n(C)c(=O)n(c2=O)C,,-1.794169645
6898,C-6899,,JTBZLAOQMGNIPU-UHFFFAOYSA-N,CN(C(C(C)(C)C)(C)C)C.Br,,-1.793101286
6899,C-6900,,QJTGUFMGQKRIQQ-UHFFFAOYSA-N,NCCCNc1cc(OC)cc2c1nccc2.Cl,,-1.79225707
6900,C-6901,,HFXKQSZZZPGLKQ-UHFFFAOYSA-N,CNC(CC1CCCC1)C,,-1.791316953
6901,C-6902,,HOLHYSJJBXSLMV-UHFFFAOYSA-N,Clc1cccc(c1O)Cl,,-1.79
6902,C-6903,,MROJXXOCABQVEF-UHFFFAOYSA-N,OC(=O)Cc1ccc(cc1)NC(=O)C,,-1.788943681
6903,C-6904,,KGLPWQKSKUVKMJ-UHFFFAOYSA-N,O=c1[nH][nH]c(=O)c2c1cccc2,,-1.788307643
6904,C-6905,,PWDDDZZOGAIYGD-UHFFFAOYSA-N,ClCCN1CC2CCC(C1)N2C(=O)CC,,-1.787927496
6905,C-6906,,AFWKBSMFXWNGRE-ONEGZZNKSA-N,COc1cc(/C=C/C(=O)C)ccc1O,,-1.784097934
6906,C-6907,,QNMANLUEFQNQCX-UHFFFAOYSA-N,OCC(=O)c1ccc(c(c1)OC)O,,-1.783367523
6907,C-6908,,XVJMMRCIYPAAMO-UHFFFAOYSA-N,OCCNc1ccccc1C(=O)N,,-1.783161459
6908,C-6909,,OONWCXLYKDWKOU-SOFGYWHQSA-N,O=C1NC(=S)S/C/1=C/c1ccccc1,,-1.782672869
6909,C-6910,,XEDCWWFPZMHXCM-UHFFFAOYSA-M,CC[N+]1(C)CCCC(C1)OC(=O)C(c1ccccc1)(c1ccccc1)O.[Br-],,-1.782344656
6910,C-6911,,MNWSGMTUGXNYHJ-UHFFFAOYSA-N,COc1ccccc1C(=O)N,,-1.781511211
6911,C-6912,,RETIMRUQNCDCQB-UHFFFAOYSA-N,CN1CCCCC1C(=O)Nc1c(C)cccc1C.Cl,,-1.781251995
6912,C-6913,,BLTOCKUZVXQTPH-UHFFFAOYSA-N,COc1ccccc1NCC(=O)C,,-1.781212879
6913,C-6914,,JHEFOJNPLXSWNZ-UHFFFAOYSA-N,CC(=O)Nc1ccc(cc1)F,,-1.78
6914,C-6915,,ZTHYODDOHIVTJV-UHFFFAOYSA-N,CCCOC(=O)c1cc(O)c(c(c1)O)O,,-1.78
6915,C-6916,,LXCFILQKKLGQFO-UHFFFAOYSA-N,COC(=O)c1ccc(cc1)O,,-1.78
6916,C-6917,,FTBWWORDOHNJDB-UHFFFAOYSA-N,O=C1CCS(=O)(=O)C(N1C)c1ccc(c(c1)Cl)Cl,,-1.778677221
6917,C-6918,,HODHTVIKKXGOCP-FNORWQNLSA-N,O/N=C(/c1cccs1)\C,,-1.776885783
6918,C-6919,,YSZGCNKBKQQPAH-UHFFFAOYSA-N,CC(=O)Nc1ccccc1C(=O)C,,-1.7749841
6919,C-6920,,DURULFYMVIFBIR-UHFFFAOYSA-N,OC(COc1ccc(cc1)NC(=O)C)CNC(C)C,,-1.774936231
6920,C-6921,,FSEUPUDHEBLWJY-HWKANZROSA-N,C/C(=N\O)/C(=O)C,,-1.774834948
6921,C-6922,,VIGQYLPJWCMABB-UHFFFAOYSA-N,NNC(Cc1ccc(cc1)OC)C,,-1.774435078
6922,C-6923,,IRSCQMHQWWYFCW-UHFFFAOYSA-N,OCC(OCn1cnc2c1[nH]c(N)nc2=O)CO,,-1.773470054
6923,C-6924,,OSBQUSPVORCDCU-UHFFFAOYSA-N,COc1cc(C#N)cc(c1OC)OC,,-1.772794018
6924,C-6925,,LJXTYJXBORAIHX-UHFFFAOYSA-N,CCOC(=O)C1=C(C)NC(=C(C1)C(=O)OCC)C,,-1.772187992
6925,C-6926,,JSSDFKSULXLETE-UHFFFAOYSA-N,CC(CC/N=C(/CSS(=O)(=O)O)\N)C,,-1.77122442
6926,C-6927,,GIGGCFWOBHJNIP-UHFFFAOYSA-M,CC[N+](CCOC(=O)C(c1ccccc1)(c1ccccc1)O)(CC)CC.[Br-],,-1.770056592
6927,C-6928,,WSWCOQWTEOXDQX-MQQKCMAXSA-N,C/C=C/C=C/C(=O)O,,-1.77
6928,C-6929,,KIWUVOGUEXMXSV-UHFFFAOYSA-N,O=C1CSC(=S)N1,,-1.77
6929,C-6930,,FULZLIGZKMKICU-UHFFFAOYSA-N,NC(=S)Nc1ccccc1,,-1.77
6930,C-6931,,DXESFJJJWBHLJX-UHFFFAOYSA-N,Oc1ccc2c(c1)C1(C)CCNC(C2)C1C,,-1.768881985
6931,C-6932,,INYYVPJSBIVGPH-QHRIQVFBSA-N,COC1=C[C@@H]2[C@@H]3Cc4c([C@@]2(CC1=O)CCN3C)c(O)c(cc4)OC,,-1.76836856
6932,C-6933,,XIYOPDCBBDCGOE-IWVLMIASSA-N,CN([C@@H]1C(=O)C(=C([C@@]2([C@H]1[C@@H](O)[C@@H]1C(=C)c3cccc(c3C(=C1C2=O)O)O)O)O)C(=O)N)C,,-1.768006796
6933,C-6934,,ULBKMFLWMIGVOJ-CFXUUZMDSA-M,CCC(C(=O)N[C@@H]1C(=O)N2[C@@H]1SC([C@@H]2C(=O)[O-])(C)C)Oc1ccccc1.[K+],,-1.76716941
6934,C-6935,,AJQMCEMSWCGRRN-YFKPBYRVSA-N,ClCCN(C(=O)N[C@H](C(=O)O)CCC(=O)O)N=O,,-1.766841403
6935,C-6936,,CGRCGRBHNKRILW-JQIJEIRASA-N,O=C1O/C(=C\2/C(=O)Oc3c2cccc3)/C(=C1c1ccccc1)O,,-1.765949423
6936,C-6937,,NFUCNAREVSTFNC-UHFFFAOYSA-N,OC(=O)CC1NC(=S)N(C1=O)c1ccccc1,,-1.763934994
6937,C-6938,,IMMGGYQQWAHCLJ-UHFFFAOYSA-N,C#CCOc1ccc(cc1)CC(=O)NO,,-1.761976516
6938,C-6939,,NNJVILVZKWQKPM-UHFFFAOYSA-N,CCN(CC(=O)Nc1c(C)cccc1C)CC,,-1.76
6939,C-6940,,SKZKKFZAGNVIMN-UHFFFAOYSA-N,NC(=O)c1ccccc1O,,-1.76
6940,C-6941,,LNTLWEUAGAFRJR-UHFFFAOYSA-N,CSc1ncc2c(n1)nccn2,,-1.76
6941,C-6942,,HRXZRAXKKNUKRF-UHFFFAOYSA-N,CCc1ccc(cc1)N,,-1.759983333
6942,C-6943,,YLHGOLRGUDDMDW-UHFFFAOYSA-N,N#CCNc1ccccc1OC,,-1.759934353
6943,C-6944,,APALRPYIDIBHQN-UHFFFAOYSA-N,OCC1(CC1)c1ccccc1,,-1.75924315
6944,C-6945,,WKAVKKUXZAWHDM-JEDNCBNOSA-N,OC(=O)CC[C@@H](C(=O)O)NC(=O)C.OCCN(C)C,,-1.758779255
6945,C-6946,,QLNJAKWTFVFGEM-UHFFFAOYSA-N,CN(CCC(c1ccccc1)(C(=O)N)C)C,,-1.758714794
6946,C-6947,,NOXMCEHYBLYCTK-UHFFFAOYSA-N,CC(c1cnc(n1C)[N+](=O)[O-])C,,-1.756481115
6947,C-6948,,VCYCFRKSFAXXOL-UHFFFAOYSA-N,COc1cc(ccc1c1nc2c([nH]1)cncn2)S(=O)C,,-1.755645978
6948,C-6949,,GFIODZPHJMSAJD-UHFFFAOYSA-N,N1CCN2C(C1)CCc1c2cccc1.Cl.Cl,,-1.75514386
6949,C-6950,,NVZBUOLUIIYTHZ-UHFFFAOYSA-N,FC(C1(NCCS1)C(F)(F)F)(F)F.O,,-1.754460886
6950,C-6951,,ZCKAMNXUHHNZLN-UHFFFAOYSA-N,CC(Cc1ccc(cc1)Cl)(N)C,,-1.753648558
6951,C-6952,,FGTLRXFTKHKPRQ-UHFFFAOYSA-N,CCCCC(CCC)NCCSS(=O)(=O)O,,-1.752819655
6952,C-6953,,XEMDFXJDJFUOFL-UHFFFAOYSA-N,CCCCCC(NCCSS(=O)(=O)O)CC,,-1.752819655
6953,C-6954,,WDAFRGGNLPDBNO-UHFFFAOYSA-N,CCCCC(CNCCSS(=O)(=O)O)CC,,-1.752819655
6954,C-6955,,GELSHDSHYUNPQC-UHFFFAOYSA-N,CCCCCCC(NCCSS(=O)(=O)O)C,,-1.752819655
6955,C-6956,,FNJOIKRNARYXHW-UHFFFAOYSA-N,CNC1(C)C2CCC(C1C)C2,,-1.752485033
6956,C-6957,,CQCDYXIFOXRWDK-UHFFFAOYSA-N,CNC1C2CCC(C1(C)C)C2,,-1.752485033
6957,C-6958,,URNRFTXMBJMVAC-UHFFFAOYSA-N,CC1NC2CCC(C1(C)C)C2,,-1.752485033
6958,C-6959,,LPMXVESGRSUGHW-HBYQJFLCSA-N,OC[C@@]12[C@H](O)C[C@@H](C[C@@]2(O)CC[C@@H]2[C@@H]1[C@H](O)C[C@]1([C@]2(O)CC[C@@H]1C1=CC(=O)OC1)C)O[C@@H]1O[C@@H](C)[C@@H]([C@H]([C@H]1O)O)O,,-1.752382101
6959,C-6960,,GNBXJURZZRJOAT-UHFFFAOYSA-N,SC/C(=N\C12CC3CC(C2)CC(C1)C3)/N.Cl.O,,-1.750748302
6960,C-6961,,ICMAFTSLXCXHRK-UHFFFAOYSA-N,CCCCC(=O)OCC,,-1.75
6961,C-6962,,BZHJMEDXRYGGRV-UHFFFAOYSA-N,ClC=C,,-1.75
6962,C-6963,,CHBKPOAEXQUKHL-UHFFFAOYSA-N,CC(=O)OCN([N+](=O)[O-])CN([N+](=O)[O-])CN([N+](=O)[O-])COC(=O)C,,-1.747884069
6963,C-6964,,XGUUCCVRACSUAD-UHFFFAOYSA-M,C=CCC1(CC=C)C(=O)[N-]C(=O)NC1=O.[Na+],,-1.74510311
6964,C-6965,,GEKNCWBANDDJJL-UHFFFAOYSA-N,COC(=O)CCc1ccc(cc1)OCC(CNC(C)C)O.Cl,,-1.74495049
6965,C-6966,,ILEDWLMCKZNDJK-UHFFFAOYSA-N,O=c1ccc2c(o1)cc(c(c2)O)O,,-1.744940752
6966,C-6967,,ZVYXEXAXXWINEH-UHFFFAOYSA-N,CCN(C(=O)c1ccccc1O)CC,,-1.744531269
6967,C-6968,,JUBAFYPBMDLOSF-UHFFFAOYSA-N,ClCCN(CC(=O)O)CCCl.Cl,,-1.743434487
6968,C-6969,,GBYNWLIJDNPFRH-UHFFFAOYSA-N,Nc1ccc(cc1)C(=O)Nc1ccccn1,,-1.743407965
6969,C-6970,,XZTYGFHCIAKPGJ-UHFFFAOYSA-N,CN(CCOC(=O)COc1ccc(cc1)Cl)C,,-1.742752078
6970,C-6971,,NKEGDQGNYVIXQQ-UHFFFAOYSA-N,C=CCOC1(OCCN(C1)C)c1ccccc1.Cl,,-1.742394283
6971,C-6972,,LBAPNIABYOOWDN-UHFFFAOYSA-N,OS(=O)(=O)SCCNCCCCc1ccccc1,,-1.74217923
6972,C-6973,,WFWLQNSHRPWKFK-UHFFFAOYSA-N,O=c1[nH]c(=O)n(cc1F)C1CCCO1,,-1.74065354
6973,C-6974,,QCIARNIKNKKHFH-UHFFFAOYSA-N,ClCCn1cnc2c1c(=O)n(C)c(=O)n2C,,-1.740564955
6974,C-6975,,QPFMBZIOSGYJDE-UHFFFAOYSA-N,ClC(C(Cl)Cl)Cl,,-1.74
6975,C-6976,,IQUPABOKLQSFBK-UHFFFAOYSA-N,[O-][N+](=O)c1ccccc1O,,-1.74
6976,C-6977,,LMYRWZFENFIFIT-UHFFFAOYSA-N,Cc1ccc(cc1)S(=O)(=O)N,,-1.74
6977,C-6978,,LAOZSCRCYVBSJA-UHFFFAOYSA-N,O=C1NC(=O)NC(=O)C1(C)C,,-1.74
6978,C-6979,,TYBARJRCFHUHSN-DMJRSANLSA-N,OC[C@@]12[C@H](O)C[C@@H](C[C@@]2(O)CC[C@@H]2[C@@H]1[C@H](O)C[C@]1([C@]2(O)CC[C@@H]1C1=CC(=O)OC1)C)O[C@@H]1O[C@@H](C)[C@@H]([C@H]([C@H]1O)O)O.O.O.O.O.O.O.O.O,,-1.738744203
6979,C-6980,,SYZIUAAQNFJPJY-UHFFFAOYSA-N,O=C1OCc2c(N1)cccc2,,-1.737457699
6980,C-6981,,HFPMXDMZJUJZBX-AWEZNQCLSA-N,COc1c(OC)cc2c(c1OC)c1ccc(c(=O)cc1[C@H](CC2)N)OC,,-1.73731856
6981,C-6982,,NSHIECYVKDXKIR-UHFFFAOYSA-M,Cc1cccc(c1)C(=O)Oc1cccc(c1)[N+](C)(C)C.[Br-],,-1.736174623
6982,C-6983,,VSJRBQDMBFFHMC-UHFFFAOYSA-N,CC1(CC)NC(=O)NC1=O,,-1.736130797
6983,C-6984,,FEMYUNCOXYVXAB-UHFFFAOYSA-N,CCCCC(COC(=O)N)(CO)C,,-1.735468118
6984,C-6985,,WQGVORVGSUDFLT-UHFFFAOYSA-N,CCCC(COC(=O)N)(CO)CC,,-1.735468118
6985,C-6986,,OCHUSCDFUYOEMO-UHFFFAOYSA-N,NC(=O)C(c1ccccc1)(CCN1CCOCC1)C,,-1.734938904
6986,C-6987,,CVWHRDJDXCEZGH-UHFFFAOYSA-N,CC(=CCC1(C)C(=O)NC(=O)NC1=O)C,,-1.733645357
6987,C-6988,,BCLVKHGKEGFPJV-UHFFFAOYSA-N,CCOc1ccc(cc1O)C=O,,-1.733429899
6988,C-6989,,KRAQAOBRFYZSEU-UHFFFAOYSA-N,CN(C1CCN(C1=O)c1ccccc1)C.[O-][N+](=O)c1cc([N+](=O)[O-])c(c(c1)[N+](=O)[O-])O,,-1.733233353
6989,C-6990,,WBCWFMFZMRFRLT-UHFFFAOYSA-N,OC(c1ccccc1)(C1CCCC1)CCN1CCCCC1.Cl,,-1.732266402
6990,C-6991,,NKNVOKGUNUZJFC-UHFFFAOYSA-N,CC(c1[nH]c2c(n1)n(C)c(=O)n(c2=O)C)C,,-1.731940645
6991,C-6992,,MCDJZKPTBCWNSJ-UHFFFAOYSA-N,CC(CS(=O)CC(C)C)C,,-1.731727941
6992,C-6993,,GIIBAUDXEXFBHL-UHFFFAOYSA-N,OCC(COc1cccc(c1)C)O,,-1.731676935
6993,C-6994,,HEILYJUNOUXHJQ-UHFFFAOYSA-N,OCC(COc1ccc(cc1)C)O,,-1.731676935
6994,C-6995,,SEHFUALWMUWDKS-UHFFFAOYSA-N,O=c1[nH]c(=O)c(c([nH]1)C(=O)O)F,,-1.730757853
6995,C-6996,,RQROCSGRAXVVFN-UHFFFAOYSA-N,OCCCOc1ccccc1C,,-1.730724799
6996,C-6997,,CYNYIHKIEHGYOZ-UHFFFAOYSA-N,CCCBr,,-1.73
6997,C-6998,,KKIYXTAGNVTYLV-UHFFFAOYSA-N,O=C1C=C[C@](C=C1)(O)c1cc(O)ccc1O,,-1.73
6998,C-6999,,BQDLTSGIXOYYHY-QPJJXVBHSA-N,ONC(=O)/C=C/c1ccc(cc1)OC,,-1.729709117
6999,C-7000,,YOSDTJYMDAEEAZ-UHFFFAOYSA-N,Cc1ccc(s1)C(=O)C,,-1.729608604
7000,C-7001,,DLGOEMSEDOSKAD-UHFFFAOYSA-N,ClCCNC(=O)N(CCCl)N=O,,-1.728447145
7001,C-7002,,RXDALBZNGVATNY-CWLIKTDRSA-N,N[C@H](c1ccccc1)C(=O)N[C@@H]1C(=O)N2[C@@H]1SC([C@@H]2C(=O)O)(C)C.O.O.O,,-1.727382843
7002,C-7003,,GWNIMRXOQQOZJL-UHFFFAOYSA-N,CC(COc1ccc(cc1C(=O)N)Br)O,,-1.726968114
7003,C-7004,,OBGBGHKYJAOXRR-UHFFFAOYSA-N,COC1=CC(=O)c2c(C1=O)cccc2,,-1.726926445
7004,C-7005,,ZXQLCTFFNCGCAD-UHFFFAOYSA-N,OC(Cn1cnc2c1c(=O)n(C)c(=O)n2C)CN1CCN(CC1)C(=O)c1ccccc1,,-1.725721236
7005,C-7006,,FSFWMJBQLWFXSM-UHFFFAOYSA-N,ClCCn1c(C)ncc1[N+](=O)[O-],,-1.725167826
7006,C-7007,,CHXQMYIAXRURDN-UHFFFAOYSA-N,NNC(Cc1cc(OC)c(c(c1)OC)OC)C,,-1.724660973
7007,C-7008,,HJYXCTLKGAOVHQ-UHFFFAOYSA-N,OCC(COc1cccc(c1)[N+](=O)[O-])O,,-1.724538739
7008,C-7009,,WBLXZPHICYCDGN-UHFFFAOYSA-N,CCCCOCC(COc1ccccc1)O,,-1.723873322
7009,C-7010,,BOGMJPXXRPGSRP-MHDYBILJSA-N,OS(=O)(=O)O.NCC(=O)OC[C@H]([C@@H](c1ccc(cc1)S(=O)(=O)C)O)NC(=O)C(Cl)Cl,,-1.723730951
7010,C-7011,,AEOCXXJPGCBFJA-UHFFFAOYSA-N,CCc1nccc(c1)C(=S)N,,-1.723672819
7011,C-7012,,VSGYTOKLSWSEPK-UHFFFAOYSA-M,CC[N+](CCCOC(=O)C(c1ccccc1)(c1ccccc1)O)(CC)C.[Cl-],,-1.723396948
7012,C-7013,,FPWIQSIIEYYWPP-UHFFFAOYSA-N,OC(CN1CCCCC1)COc1cccc(c1)C(=O)C,,-1.722890804
7013,C-7014,,MGHPNCMVUAKAIE-UHFFFAOYSA-N,NC(c1ccccc1)c1ccccc1,,-1.722723988
7014,C-7015,,DZCPIPIKEVVNLF-UHFFFAOYSA-N,CCOC(=O)C1=CN(CC)C2N(C1=O)C(C)CCC2,,-1.721287509
7015,C-7016,,BSYNRYMUTXBXSQ-UHFFFAOYSA-N,CC(=O)Oc1ccccc1C(=O)O,,-1.72
7016,C-7017,,ACBMYYVZWKYLIP-UHFFFAOYSA-N,CCCCCC(O)(C)C,,-1.72
7017,C-7018,,SZERMVMTUUAYML-JGVFFNPUSA-N,CCCC[C@@H]([C@H](O)C)C,,-1.72
7018,C-7019,,SSLKKMZJCJBOML-UHFFFAOYSA-N,CCN(C(=O)CSc1ccc(nn1)Cl)CC,,-1.72
7019,C-7020,,OQIFRQVYHYGHRI-MWLCHTKSSA-N,NCC(=O)OC[C@H]([C@@H](c1ccc(cc1)[N+](=O)[O-])O)NC(=O)C(Cl)Cl,,-1.719648987
7020,C-7021,,MHXIMOKQHGGJKQ-UHFFFAOYSA-M,O=C(C(c1ccccc1)O)OC1CC2CCC(C1)[N+]2(C)Cc1ccc(cc1)C.[Br-],,-1.71915775
7021,C-7022,,ZSJLQEPLLKMAKR-GKHCUFPYSA-N,OC[C@H]1O[C@H](O)[C@@H]([C@H]([C@@H]1O)O)NC(=O)N(N=O)C,,-1.718944327
7022,C-7023,,KLFOHIJBCWYYDM-UHFFFAOYSA-N,OCC(COc1ccccc1C(=O)CC)O,,-1.717275616
7023,C-7024,,ALFSJNBVYSQVGG-UHFFFAOYSA-N,OCC(COc1ccc(cc1)C(=O)CC)O,,-1.717275616
7024,C-7025,,SHHKQEUPHAENFK-UHFFFAOYSA-N,COC(C1=C(N2CC2)C(=O)C(=C(C1=O)N1CC1)C)COC(=O)N,,-1.717233648
7025,C-7026,,YHMYGUUIMTVXNW-UHFFFAOYSA-N,S=c1[nH]c2c([nH]1)cccc2,,-1.715018502
7026,C-7027,,WRQDGPXEQMJEKS-UHFFFAOYSA-N,OC(C(Cl)Cl)NC(=O)c1ccc(cc1)F,,-1.714877983
7027,C-7028,,ZLYHSYOPYSDSHB-UHFFFAOYSA-N,CCOC(=O)c1cnc2n(c1=O)c(C)ccc2,,-1.714560209
7028,C-7029,,AXBXRPOZGNYKMV-UHFFFAOYSA-N,CC1=CC(NC(C1)(C)C)(C)C,,-1.714162613
7029,C-7030,,CRUJHLHRJSNZIU-UHFFFAOYSA-N,N#CC(=Cc1ccco1)C#N,,-1.713938227
7030,C-7031,,CRIZPXKICGBNKG-UHFFFAOYSA-N,O=c1ncc2c([nH]1)nc[nH]2,,-1.713616912
7031,C-7032,,JRRNZNSGDSFFIR-UHFFFAOYSA-M,O=C(C(c1ccccc1)(c1ccccc1)O)OC1CCC[N+](C1)(C)C.[Br-],,-1.713036883
7032,C-7033,,JBSDYSSKUBAYBU-UHFFFAOYSA-N,CCC(=O)N1C2CCC1C(=O)N(C2=O)c1ccccc1,,-1.712420082
7033,C-7034,,FNIPRNMPSXNBDI-UHFFFAOYSA-N,O=C1NC(=O)CC2(C1)CCCCC2,,-1.711699409
7034,C-7035,,XSSPZLNOIOIIGS-UHFFFAOYSA-M,C[N+]1(CCCC1)CCN1CC2CCCC(C1)C2.[I-],,-1.710830818
7035,C-7036,,INPYZYGYRQOSMA-UHFFFAOYSA-N,C=CCN1CC2CCC(C1)N2C(=O)CC,,-1.71017364
7036,C-7037,,BCQZXOMGPXTTIC-SFOWXEAESA-N,Cl[C@@H](C(F)(F)F)Br,,-1.71
7037,C-7038,,UORJNBVJVRLXMQ-UHFFFAOYSA-N,C=CCC1(C(C)C)C(=O)NC(=O)NC1=O,,-1.71
7038,C-7039,,LTHNHFOGQMKPOV-QMMMGPOBSA-N,CCCC[C@@H](CN)CC,,-1.71
7039,C-7040,,YGBYMILEURDRKI-UHFFFAOYSA-N,CCN(CCNCC(COc1ccc(cc1)C(=O)CC)O)CC,,-1.708431689
7040,C-7041,,NJHVMXFNIZTTBV-UHFFFAOYSA-N,OC(C(Br)(Br)Br)O,,-1.708235029
7041,C-7042,,KIFIYUHFHGSNHL-UHFFFAOYSA-N,OC(c1ccccc1)(c1ccccc1)C1CCCCN1.Cl,,-1.708113674
7042,C-7043,,DNXJJIZZMJTTAV-UHFFFAOYSA-N,OC(C(CC([N+](=O)[O-])([N+](=O)[O-])Br)O)c1ccccc1,,-1.706961481
7043,C-7044,,REQFWARMBJWJAQ-UHFFFAOYSA-N,CNC(=O)c1ccc(c(c1)S(=O)(=O)NC)Cl,,-1.706823613
7044,C-7045,,XZTJQQLJJCXOLP-UHFFFAOYSA-M,CCCCCCCCCCOS(=O)(=O)[O-].[Na+],,-1.70539686
7045,C-7046,,IPWKIXLWTCNBKN-UHFFFAOYSA-N,ClCC(Cn1c(C)ncc1[N+](=O)[O-])O,,-1.705294189
7046,C-7047,,YBADLXQNJCMBKR-UHFFFAOYSA-N,OC(=O)Cc1ccc(cc1)[N+](=O)[O-],,-1.704876598
7047,C-7048,,QRRDRWCBNYCPJW-UHFFFAOYSA-N,Cc1nonc1C(=O)N,,-1.704136166
7048,C-7049,,XBJBPGROQZJDOJ-UHFFFAOYSA-N,FCCn1cc(C(=O)O)c(=O)c2c1c(F)c(N1CCN(CC1)C)c(c2)F,,-1.702801312
7049,C-7050,,CWDMDQXDGXFQFX-UHFFFAOYSA-N,OCCNc1ccccc1OC,,-1.702249774
7050,C-7051,,IPIMRNFGYPQKAM-UHFFFAOYSA-N,COc1cc(C)c(cc1CC(N)C)OC.Cl,,-1.702068385
7051,C-7052,,ZXKHOVDDJMJXQP-UHFFFAOYSA-N,C=CC1(O)CCCCC1,,-1.701382192
7052,C-7053,,IWEDIXLBFLAXBO-UHFFFAOYSA-N,COc1c(Cl)ccc(c1C(=O)O)Cl,,-1.7
7053,C-7054,,OJGMBLNIHDZDGS-UHFFFAOYSA-N,CCNc1ccccc1,,-1.7
7054,C-7055,,FXHGMKSSBGDXIY-UHFFFAOYSA-N,CCCCCCC=O,,-1.7
7055,C-7056,,RHYUFGNCUXTFTC-UHFFFAOYSA-N,CCCCCC(CO)CO,,-1.69816886
7056,C-7057,,VEAUDLLZYJVHRI-UHFFFAOYSA-N,ClCCN(CCCl)CCCl.Cl,,-1.698028481
7057,C-7058,,DMPODMBXLRMZSP-UHFFFAOYSA-N,CCCCN(CCCO)CCCC,,-1.697412533
7058,C-7059,,YRZBWKXTJMKJIO-UHFFFAOYSA-N,FCCCCSC(=O)C,,-1.696694794
7059,C-7060,,MRNUOMIAYMSZOS-UHFFFAOYSA-N,ClCCN(C(C)C)CCCl.Cl,,-1.696147721
7060,C-7061,,BYWZDRVDOARNLV-WQLSENKSSA-N,Cc1ccc(cc1)C(=O)/C=N\N(C)C,,-1.69611676
7061,C-7062,,OLNJUISKUQQNIM-UHFFFAOYSA-N,O=Cc1c[nH]c2c1cccc2,,-1.695427229
7062,C-7063,,PTDGWYJBSCQGJI-UHFFFAOYSA-M,Cc1[n+](CCC[N+](Cc2ccccc2)(C)C)ccc2c1[nH]c1c2cccc1.[Br-].[Br-],,-1.694249939
7063,C-7064,,ZBMZVLHSJCTVON-UHFFFAOYSA-N,CC(NCC(c1ccc(cc1)NS(=O)(=O)C)O)C,,-1.693760133
7064,C-7065,,QVPSGVSNYPRFAS-UHFFFAOYSA-N,CC(NC(C(c1ccc(cc1)O)O)C)COc1ccccc1.Cl,,-1.693660096
7065,C-7066,,PFPSBRGOJCFWKD-UHFFFAOYSA-N,Fc1ccc2c(c1)nc(o2)N,,-1.693658468
7066,C-7067,,GBKONKCASNNUQD-ATVRCVQASA-N,OS(=O)(=O)c1ccc2c(c1)cccc2.CCC(=O)O[C@@](c1ccccc1)([C@H](CN(C)C)C)Cc1ccccc1.O,,-1.691907515
7067,C-7068,,HENARLBIUBUVMN-UHFFFAOYSA-N,SC/C(=N\C1C2CC3CC1CC(C2)C3)/N.Cl,,-1.691253047
7068,C-7069,,MMBYJYAFFGKUDC-UHFFFAOYSA-N,O=C1N=C(c2c1cccc2)N,,-1.687674593
7069,C-7070,,CZIMJLOHMKPSNF-UHFFFAOYSA-L,CC1CCC(N1/C=C/C=C/C=[N+]/1\C(C)CCC1C)C.CC1CCC(N1/C=C/C=C/C=[N+]/1\C(C)CCC1C)C.[Cl-].[Cl-].O.O.O,,-1.687596657
7070,C-7071,,FOHWXVBZGSVUGO-UHFFFAOYSA-N,S=c1[nH]nc(o1)c1ccccc1,,-1.687448548
7071,C-7072,,BCQZXOMGPXTTIC-UHFFFAOYSA-N,ClC(C(F)(F)F)Br,,-1.685706535
7072,C-7073,,XKLZIVIOZDNKEQ-RVUDUMFNSA-N,CSCS(=O)C[C@@H](NC(=O)/C=C/c1c(C)[nH]c(=O)[nH]c1=O)CO,,-1.684879248
7073,C-7074,,FHQAWINGVCDTTG-UHFFFAOYSA-N,OC(=O)c1ccc(c(c1)S(=O)(=O)N)Cl,,-1.684716367
7074,C-7075,,FRXZIFVYTNMCHF-UHFFFAOYSA-N,Oc1ccc(c(c1)C(=O)N)O,,-1.682652987
7075,C-7076,,XPOTXXGDCPYFGR-UHFFFAOYSA-N,CCCN(CCCl)CCCl,,-1.680732
7076,C-7077,,PAAZPARNPHGIKF-UHFFFAOYSA-N,BrCCBr,,-1.6799999
7077,C-7078,,AFPHTEQTJZKQAQ-UHFFFAOYSA-N,OC(=O)c1cccc(c1)[N+](=O)[O-],,-1.6799999
7078,C-7079,,QIAFMBKCNZACKA-UHFFFAOYSA-N,O=C(c1ccccc1)NCC(=O)O,,-1.6799999
7079,C-7080,,YCBIFQTZAQVLTQ-UHFFFAOYSA-N,COc1ccc2c(c1)nc(o2)N,,-1.679983805
7080,C-7081,,MPSCILDWLMBJKC-UHFFFAOYSA-N,CC1(C)CN1P(=O)(N1CC1(C)C)N1CC1(C)C,,-1.678881385
7081,C-7082,,VDVXNBVVBLPRCL-UHFFFAOYSA-N,COc1cc(Cc2cnc(nc2N)N)cc(c1CO)OC,,-1.67627197
7082,C-7083,,WFGZMQNAHMBGCI-UHFFFAOYSA-N,OCCN1CCSC1=Nc1ncc(s1)[N+](=O)[O-],,-1.676093182
7083,C-7084,,KULNOANNPOGHQK-UHFFFAOYSA-N,OCCNc1ccccc1C(=O)O,,-1.67595956
7084,C-7085,,BDWBXAYAZSRVBR-UHFFFAOYSA-N,CN(C(CC(=O)c1ccccc1)(C)C)C.Cl,,-1.675812475
7085,C-7086,,GDQBPBMIAFIRIU-UHFFFAOYSA-N,c1ncc2c(c1)ccs2,,-1.674559292
7086,C-7087,,MKYRMMMSZSVIGD-UHFFFAOYSA-N,c1ncc2c(c1)scc2,,-1.674559292
7087,C-7088,,YKUPNEOUQMMOGV-UHFFFAOYSA-N,NC1CN(C(=O)C1)c1ccccc1.Cl,,-1.674508012
7088,C-7089,,RIJRFNRKNTXEGB-UHFFFAOYSA-M,CCC1(CC)C(=O)[N-]C(=O)N(C1=O)C.[Na+],,-1.674439267
7089,C-7090,,TWCGUXQAABROHJ-UHFFFAOYSA-M,[O-]C(=O)c1nnn(c1C)c1ccccc1.[Na+],,-1.673107704
7090,C-7091,,HFRSCQWPRWHTJR-UHFFFAOYSA-N,OCC(CC(C)C)(COC(=O)N)C,,-1.672821309
7091,C-7092,,NPPQSCRMBWNHMW-UHFFFAOYSA-N,CCCC(COC(=O)N)(COC(=O)N)C,,-1.67
7092,C-7093,,YYLLIJHXUHJATK-UHFFFAOYSA-N,CC(=O)OC1CCCCC1,,-1.67
7093,C-7094,,UBQYURCVBFRUQT-UHFFFAOYSA-N,NCCCCCN(C(=O)CCC(=O)NCCCCCN(C(=O)CCC(=O)NCCCCCN(C(=O)C)O)O)O,,-1.66954388
7094,C-7095,,REQCZEXYDRLIBE-UHFFFAOYSA-N,CCN(CCNC(=O)c1ccc(cc1)N)CC,,-1.668731876
7095,C-7096,,KHLVKKOJDHCJMG-QDBORUFSSA-L,O=C1/C(=C/2\Nc3c(C2=O)cc(cc3)S(=O)(=O)[O-])/Nc2c1cc(cc2)S(=O)(=O)[O-].[Na+].[Na+],,-1.668708265
7096,C-7097,,ISIQEWJJVXFCDP-UHFFFAOYSA-N,CC(COc1ccccc1C)O,,-1.668015062
7097,C-7098,,QPIAAQDLOJNQMP-UHFFFAOYSA-N,CCCC(CO)(CO)CC,,-1.665349397
7098,C-7099,,BQJODPIMMWWMFC-UHFFFAOYSA-N,CCN(C(=O)c1ccc(c(c1)OC)O)CC,,-1.665156964
7099,C-7100,,XYVDBMJJKIAKIK-UHFFFAOYSA-N,CCCCC(COC(=O)N)COC(=O)N,,-1.664099101
7100,C-7101,,MFYJYJNQWAXDNP-UKTHLTGXSA-N,O=C(c1ccc(cc1)[N+](=O)[O-])/C=N/N1CCOCC1,,-1.663737204
7101,C-7102,,LVRKSDQLEQQBHH-UHFFFAOYSA-N,CCOC(=O)c1cnc2n(c1=O)cc(cc2)C,,-1.663332311
7102,C-7103,,TUYRLWDFXARPCV-UHFFFAOYSA-N,CCN1C(=O)Cc2c(S1(=O)=O)cccc2,,-1.662491836
7103,C-7104,,RFXGIRLHEACEHX-UHFFFAOYSA-N,OCC(COc1cccc2c1nccc2)O,,-1.661491917
7104,C-7105,,BLNVISNJTIRAHF-UHFFFAOYSA-N,NC(=O)c1ccc(cc1)Cl,,-1.660349899
7105,C-7106,,HSQOAMOZLVFMKV-UHFFFAOYSA-N,N/C(=N\C1CCCC1)/CSS(=O)(=O)O,,-1.660322785
7106,C-7107,,JXYDRIBYAKJTIW-UHFFFAOYSA-N,OCc1c(CS)cnc(c1O)C,,-1.660282094
7107,C-7108,,QSNSCYSYFYORTR-UHFFFAOYSA-N,Nc1ccc(cc1)Cl,,-1.66
7108,C-7109,,NIQCNGHVCWTJSM-UHFFFAOYSA-N,COC(=O)c1ccccc1C(=O)OC,,-1.66
7109,C-7110,,VGPYEHKOIGNJKV-UHFFFAOYSA-N,COC(=O)NS(=O)(=O)c1ccc(cc1)N,,-1.66
7110,C-7111,,BHYKHYYQPFOAPJ-UHFFFAOYSA-N,CCOC(=O)n1c(=O)ccc2c1cccc2,,-1.659300854
7111,C-7112,,ANPZMAPFKWAFEX-UHFFFAOYSA-N,OC(=O)c1cc2ccccc2c(c1O)Cc1c(O)c(cc2c1cccc2)C(=O)O.C/C(=C\C=C\N1CCCCC1)/C=[N+]1CCCCC1.C/C(=C\C=C\N1CCCCC1)/C=[N+]1CCCCC1.O.O.O.O,,-1.657896392
7112,C-7113,,AKGGYBADQZYZPD-UHFFFAOYSA-N,CC(=O)CCc1ccccc1,,-1.657645256
7113,C-7114,,NTWZHQAXJSJOIB-UHFFFAOYSA-N,OC(c1ccccc1)Cn1cncc1,,-1.655595512
7114,C-7115,,GWGWLGUWXDEDGZ-UHFFFAOYSA-N,CNC1CC(N(C1=O)c1ccccc1)C.Cl,,-1.653990763
7115,C-7116,,GDNKUULIIOQEJQ-UHFFFAOYSA-N,Brc1ccc(nc1)OCCCNCCSS(=O)(=O)O,,-1.653755639
7116,C-7117,,LNMOMAPHKHLJLB-UHFFFAOYSA-N,OC(C(Cl)Cl)NC(=O)Cc1ccc(cc1)F,,-1.652711727
7117,C-7118,,RBOXVHNMENFORY-DNJOTXNNSA-N,COc1ccc2c3c1O[C@@H]1[C@@]43CCN([C@H](C2)[C@@H]4CC[C@@H]1O)C,,-1.652271112
7118,C-7119,,FEGVSPGUHMGGBO-SREVYHEPSA-N,COc1ccccc1/C=C\C(=O)O,,-1.651976129
7119,C-7120,,IZIZIVWXNIFYHJ-UHFFFAOYSA-N,CC1C2CCC(C2)C(N1C)(C)C,,-1.650613981
7120,C-7121,,WVCHIGAIXREVNS-UHFFFAOYSA-N,O=C1C=C(O)c2c(C1=O)cccc2,,-1.650428486
7121,C-7122,,VQDXQNNYGSEHPU-UHFFFAOYSA-N,O=C1NC(=O)NC(=O)C21CCC2,,-1.65
7122,C-7123,,AGWWTUWTOBEQFE-UHFFFAOYSA-N,Cn1cn[nH]c1=S,,-1.649659322
7123,C-7124,,IYFOEVOXKZUQPJ-UHFFFAOYSA-N,Clc1ccc2c(c1)c(=O)[nH]s2,,-1.649543136
7124,C-7125,,NYIZXMGNIUSNKL-UHFFFAOYSA-N,CC(=O)Oc1c(cccc1C(=O)O)OC(=O)C,,-1.647039255
7125,C-7126,,COCNDHOPIHDTHK-UHFFFAOYSA-N,COc1ccc2c(c1)c(c[nH]2)CC(=O)O,,-1.644751916
7126,C-7127,,AWMFUEJKWXESNL-JZBHMOKNSA-N,CCC(=O)O[C@H]1[C@@H](O[C@@H](C[C@@H]1N(C)C)C)O[C@@H]1[C@@H](C)[C@H](O[C@@H]2O[C@@H](C)[C@@H]([C@](C2)(C)OC)O)[C@@H](C)C(=O)O[C@H](CC)[C@@]([C@@H]([C@H](C(=O)[C@@H](C[C@@]1(C)O)C)C)O)(C)O.CCCCCCCCCCCCOS(=O)(=O)O,,-1.643615917
7127,C-7128,,CFLMLQJYYALAPD-UHFFFAOYSA-N,CCOc1ccc(c(c1)O)NC(=O)C,,-1.643136889
7128,C-7129,,YDVWJKCVMAVQFZ-UHFFFAOYSA-N,OS(=O)(=O)SCCNC1CCCCCCC1,,-1.642547375
7129,C-7130,,SWAJJKROCOJICG-UHFFFAOYSA-N,COc1ccc(cc1)NC(=O)CC(=O)C,,-1.642508533
7130,C-7131,,FQGLMGYMTSCAPM-UHFFFAOYSA-N,Clc1ccc(nc1)OCCCCNCCSS(=O)(=O)O,,-1.642125728
7131,C-7132,,VSFUHUUDMVNIRO-UHFFFAOYSA-N,CN1C(=O)NC2(C1=O)CCCCC2,,-1.640467161
7132,C-7133,,UHOVQNZJYSORNB-UHFFFAOYSA-N,c1ccccc1,,-1.64
7133,C-7134,,IBXNCJKFFQIKKY-UHFFFAOYSA-N,CCCC#C,,-1.64
7134,C-7135,,LGXVIGDEPROXKC-UHFFFAOYSA-N,ClC(=C)Cl,,-1.64
7135,C-7136,,STDBAQMTJLUMFW-UHFFFAOYSA-N,CCCCC1(CC)C(=O)NC(=O)NC1=O,,-1.64
7136,C-7137,,WEEGYLXZBRQIMU-WAAGHKOSSA-N,C[C@]12CC[C@H](CC1)C(O2)(C)C,,-1.64
7137,C-7138,,CVHZOJJKTDOEJC-UHFFFAOYSA-N,O=C1NS(=O)(=O)c2c1cccc2,,-1.64
7138,C-7139,,LLPOLZWFYMWNKH-CMKMFDCUSA-N,COc1ccc2c3c1O[C@@H]1[C@@]43CCN([C@H](C2)[C@@H]4CCC1=O)C,,-1.639504478
7139,C-7140,,CWRVKFFCRWGWCS-UHFFFAOYSA-N,C1CCn2c(CC1)nnn2,,-1.639504091
7140,C-7141,,RSAZYXZUJROYKR-UHFFFAOYSA-N,O=C1C=C/C(=N/c2ccc(cc2)O)/C=C1,,-1.639392755
7141,C-7142,,GIVGVNLRHLKCMH-DAXSKMNVSA-N,CC/C(=C/C)/C(=O)NC(=O)NC(=O)C,,-1.638187011
7142,C-7143,,ORTYMGHCFWKXHO-UHFFFAOYSA-N,CCC1(CC)COC(=O)NC1=O,,-1.637666836
7143,C-7144,,OWULVAZDMWJBLB-UHFFFAOYSA-N,O=C(Nc1ccccc1)OCC(OC(=O)Nc1ccccc1)CN1CCCCC1.Cl,,-1.637422689
7144,C-7145,,UKPBEPCQTDRZSE-UHFFFAOYSA-N,CN1CCN(CC1)C(c1ccccc1)c1ccccc1.Cl,,-1.637366434
7145,C-7146,,WCNLCIJMFAJCPX-UHFFFAOYSA-N,CCOC(=O)C1(CCN(CC1)C)c1ccccc1.Cl,,-1.636764955
7146,C-7147,,OMJKFYKNWZZKTK-UXBLZVDNSA-N,CN(N/N=C\1/N=CN=C1C(=O)N)C,,-1.635307859
7147,C-7148,,VCVQSRCYSKKPBA-UHFFFAOYSA-N,N#Cc1ccccc1OCC(CNC(C)(C)C)O,,-1.635203316
7148,C-7149,,DIAKBGLNNAQLNA-UHFFFAOYSA-N,CCCC(C(CO)CO)C,,-1.634836782
7149,C-7150,,VSYMNDBTCKIDLT-UHFFFAOYSA-N,CCC(COC(=O)N)(COC(=O)N)CC,,-1.63224246
7150,C-7151,,GJXXUHGUCBUXSL-UHFFFAOYSA-N,Nc1ccc2c(c1)[nH]c(=O)o2,,-1.631180588
7151,C-7152,,QDOVDSFIOUZBQT-UHFFFAOYSA-N,OCCOc1ccccc1C(=O)N(CC)CC,,-1.630221116
7152,C-7153,,SATCULPHIDQDRE-UHFFFAOYSA-N,O=Cc1ccc2c(c1)OCO2,,-1.63
7153,C-7154,,LCLCVVVHIPPHCG-UHFFFAOYSA-N,CC(=O)CC(=O)C(C)(C)C,,-1.63
7154,C-7155,,KYWCWBXGRWWINE-UHFFFAOYSA-N,COc1ccc(cc1C(=O)NCc1cccnc1)C(=O)NCc1cccnc1,,-1.629854937
7155,C-7156,,VLLNJDMHDJRNFK-UHFFFAOYSA-N,OC12CC3CC(C2)CC(C1)C3,,-1.629852001
7156,C-7157,,UOFIKNKQTSXENW-UHFFFAOYSA-N,CCN(CCOC(=O)C1CC2CCN1CC2)CC,,-1.628771518
7157,C-7158,,NHGAGSBJULBOFK-HDJCBORZSA-N,CN([C@@H]1C(=O)C(=C([C@@]2([C@H]1C[C@H]1C(=C(O)c3c([C@@]1(C)O)cccc3O)C2=O)O)O)C(=O)NCN1CCCC1)C.[O-][N+](=O)O,,-1.628268347
7158,C-7159,,DPHJIIKILUCABY-UHFFFAOYSA-N,ClCC[N+](CCCl)(CC)[O-],,-1.628216251
7159,C-7160,,NRVPCDAKWQWYRU-VAWYXSNFSA-N,CN(/N=N/c1ccc(cc1)C(=O)N)C,,-1.628184508
7160,C-7161,,LUWHVONVCYWRMZ-UHFFFAOYSA-N,CNC(Cc1ccc2c(c1)OCO2)C.Cl,,-1.627971274
7161,C-7162,,UMWAUEZOGHNSCH-UHFFFAOYSA-N,CC(C(N)(C)C)c1ccccc1,,-1.62742973
7162,C-7163,,ABSDZQDZDHJMPX-UHFFFAOYSA-N,CCCCOCC(COCCCC)O,,-1.626342493
7163,C-7164,,MJTGQALMWUUPQM-UHFFFAOYSA-N,Clc1cccc(c1)C(=O)N,,-1.626226743
7164,C-7165,,RGLAXEITJXZVAN-UHFFFAOYSA-N,CCC1(CC)C(=O)N(C)C(=O)N(C1=O)C,,-1.626141915
7165,C-7166,,GKPKSLODPGIJAO-UHFFFAOYSA-N,CCN1C(C)(C)CCC1(C)C,,-1.625281688
7166,C-7167,,ZCUPBJOZMPROIJ-UHFFFAOYSA-N,CCCCn1c(=O)c2n(C)cnc2n(c1=O)C,,-1.625229726
7167,C-7168,,CBRSBDUOPJQVMP-UHFFFAOYSA-N,CC(NC(=O)N)CC,,-1.624792345
7168,C-7169,,RAOISAYCLQDOND-UHFFFAOYSA-N,CCn1cc(C(=O)O)c(=O)c2c1c(F)c(N1CCN(CC1)C)c(c2)F,,-1.623071334
7169,C-7170,,WSORODGWGUUOBO-UHFFFAOYSA-N,CCOC(=O)CC(C(=O)OCC)SP(=O)(OC)OC,,-1.622267918
7170,C-7171,,SZMWFUBOZRDQPO-UHFFFAOYSA-N,Cn1c2nc([nH]c2c(=O)n(c1=O)C)C1CC1,,-1.621069788
7171,C-7172,,HPKHFBFBFGSLPZ-UHFFFAOYSA-N,NNC(Cc1ccc(c(c1)OC)OC)C,,-1.620361215
7172,C-7173,,YHRUOJUYPBUZOS-UHFFFAOYSA-N,ClCCCCl,,-1.62
7173,C-7174,,YRMLFORXOOIJDR-UHFFFAOYSA-N,C=CCN(C(=O)C(Cl)Cl)CC=C,,-1.62
7174,C-7175,,POLCUAVZOMRGSN-UHFFFAOYSA-N,CCCOCCC,,-1.62
7175,C-7176,,FZSVSABTBYGOQH-XFFZJAGNSA-N,CSC/C(=N/OC(=O)NC)/C(C)(C)C,,-1.62
7176,C-7177,,XWIYUCRMWCHYJR-UHFFFAOYSA-N,c1cnc2c(c1)[nH]cc2,,-1.61831102
7177,C-7178,,WAEDMQMDOHQPFL-UHFFFAOYSA-N,ClCCN(C(C)C)CCCl,,-1.617680254
7178,C-7179,,MVXVYAKCVDQRLW-UHFFFAOYSA-N,c1cnc2c(c1)cc[nH]2,,-1.61754843
7179,C-7180,,RYGZSUPPVFZSGX-UHFFFAOYSA-N,CCOC(=O)C(=O)N1C2CCC1CN(C2)C,,-1.61744585
7180,C-7181,,HYSHKUTUFPKEQE-UHFFFAOYSA-N,COc1cc(C)ccc1CC(N)C.Cl,,-1.617054681
7181,C-7182,,XHCLBSGALFHVFS-UHFFFAOYSA-N,COc1cc(ccc1C)CC(N)C.Cl,,-1.617054681
7182,C-7183,,OOKUCEPETMEKJK-UHFFFAOYSA-N,CCCC[NH2+]C(C(c1ccccc1)O)C.[Cl-],,-1.616873853
7183,C-7184,,LOWQSAJOHJTFNH-UHFFFAOYSA-N,NCC(CSc1ccc(c(c1)Cl)Cl)O,,-1.616334305
7184,C-7185,,YDQBNGBTJRHPQO-UHFFFAOYSA-N,CCOc1c(OC)cccc1C(=O)OCC[NH+](C)C.[Cl-],,-1.616276113
7185,C-7186,,ATEFPOUAMCWAQS-UHFFFAOYSA-N,O=c1ccc2c(o1)c(O)c(cc2)O,,-1.616090034
7186,C-7187,,VGZCKCJMYREIKA-UHFFFAOYSA-N,CC(=O)c1c(C)c[nH]c1C,,-1.614852928
7187,C-7188,,IZPZBYRDQNNRKA-UHFFFAOYSA-N,CCCC1(C)OCC(O1)CO,,-1.613633146
7188,C-7189,,WEIVFXLGBXCVEF-UHFFFAOYSA-N,OCC1COC(O1)(CC)CC,,-1.613633146
7189,C-7190,,DFEYYRMXOJXZRJ-UHFFFAOYSA-N,FCOC(C(F)(F)F)C(F)(F)F,,-1.613087884
7190,C-7191,,FGSJNNQVSUVTPW-UHFFFAOYSA-N,CNC(Cc1ccccc1OC)C.Cl,,-1.612081789
7191,C-7192,,FCVKJABRPBJPHG-UHFFFAOYSA-N,CNC(=O)Cn1c(CC)cnc1[N+](=O)[O-],,-1.611596441
7192,C-7193,,WPDWDWXAXRTNAQ-UHFFFAOYSA-N,Cn1c(=O)n(CCC)c(cc1=O)N,,-1.610705204
7193,C-7194,,OIHHBESCFLISMR-UHFFFAOYSA-N,CCCn1c(=O)cc(n(c1=O)C)N,,-1.610705204
7194,C-7195,,UDMBCSSLTHHNCD-UHTZMRCNSA-N,O[C@H]1[C@H](O)[C@H](O[C@H]1n1cnc2c1ncnc2N)COP(=O)(O)O,,-1.610680176
7195,C-7196,,IPMKEQXUUSDMIW-UHFFFAOYSA-N,CNC(=O)OCC(COC(=O)N)(CC)C,,-1.61060646
7196,C-7197,,NWZWOTBTQLQCFE-UHFFFAOYSA-N,O=C1C(CCc2c1cccc2)C[NH+]1CCOCC1.[Cl-],,-1.610432117
7197,C-7198,,FWAWELGQRMERND-UHFFFAOYSA-N,CCN(c1ccccc1)CCN(C)C,,-1.610050836
7198,C-7199,,YKJYKKNCCRKFSL-MGPQQGTHSA-N,COc1ccc(cc1)C[C@H]1NC[C@H]([C@@H]1OC(=O)C)O,,-1.61
7199,C-7200,,GPRYKVSEZCQIHD-UHFFFAOYSA-N,CC(=O)c1ccc(cc1)N,,-1.61
7200,C-7201,,PKOFBDHYTMYVGJ-UHFFFAOYSA-N,CC(=O)Nc1ccc(cc1)S(=O)(=O)N,,-1.61
7201,C-7202,,QPADNTZLUBYNEN-UHFFFAOYSA-N,C=CCC1(CC)C(=O)NC(=O)NC1=O,,-1.61
7202,C-7203,,GIDUQUXTSWWQMG-UHFFFAOYSA-N,CCC1C2CCC(C2)CN1C,,-1.607962524
7203,C-7204,,VFEDLMLHAGASHB-UHFFFAOYSA-M,CC[N+](CCC(c1ccccc1)(C1CCCCC1)O)(CC)CC.[I-],,-1.607385794
7204,C-7205,,AJSKOLZKIUMPPG-YCRREMRBSA-N,NC(=O)C(=O)N/N=C/c1ccc(o1)[N+](=O)[O-],,-1.607369555
7205,C-7206,,SJLKYVVYUNFNBO-UHFFFAOYSA-N,CCC(c1cnccn1)C(=S)N,,-1.607016774
7206,C-7207,,UIJGNTRUPZPVNG-UHFFFAOYSA-N,SC(=O)c1ccccc1,,-1.606177786
7207,C-7208,,KOXNRJHZWXSKMF-UHFFFAOYSA-N,OC(=O)c1cnc2n(c1=O)C(C)CCC2,,-1.605866483
7208,C-7209,,MZZQBSHNCYWSTL-UHFFFAOYSA-N,Nc1cccc(c1)P(=O)(O)O,,-1.604848683
7209,C-7210,,AKYHKWQPZHDOBW-VJAUXQICSA-N,OS(=O)(=O)O.C=C[C@H]1CN2CC[C@H]1C[C@@H]2[C@H](c1ccnc2c1cc(OC)cc2)O,,-1.604633303
7210,C-7211,,SJRACCTZSAUMGO-WIMVFMHDSA-N,OC[C@H]1O[C@@H](OCc2cc(=O)c3c(o2)cc2c(c3OC)cco2)[C@@H]([C@H]([C@@H]1O)O)O,,-1.6045761
7211,C-7212,,PWXCLVASQNMYJV-UHFFFAOYSA-N,OC(=O)C(C1CCC=CC1)N,,-1.604296045
7212,C-7213,,REQVMPVOKUHDOZ-UHFFFAOYSA-N,OCC(CC(C)C)(CO)C,,-1.602743616
7213,C-7214,,IHXNRXNBUPOFAS-UHFFFAOYSA-N,CCC(C(COC(=O)N)COC(=O)N)C,,-1.600972916
7214,C-7215,,AZKKWGXMQLTBNB-UHFFFAOYSA-N,CC(CC(COC(=O)N)COC(=O)N)C,,-1.600972916
7215,C-7216,,YXGDVAFWTHMZRW-UHFFFAOYSA-N,CCCC(C(OC(=O)N)C)COC(=O)N,,-1.600972916
7216,C-7217,,MEFAXPOIMLNACU-UHFFFAOYSA-N,CCCC(CC(OC(=O)N)C)OC(=O)N,,-1.600972916
7217,C-7218,,KNKRKFALVUDBJE-GSVOUGTGSA-N,ClC[C@H](Cl)C,,-1.6
7218,C-7219,,FBRJYBGLCHWYOE-UHFFFAOYSA-N,OC(=O)c1ccccc1C(F)(F)F,,-1.6
7219,C-7220,,HVTICUPFWKNHNG-UHFFFAOYSA-N,CCI,,-1.6
7220,C-7221,,POJWUDADGALRAB-SFOWXEAESA-N,NC(=O)N[C@H]1NC(=O)NC1=O,,-1.6
7221,C-7222,,XXOYNJXVWVNOOJ-UHFFFAOYSA-N,CN(C(=O)Nc1ccccc1)C,,-1.6
7222,C-7223,,ZQEIXNIJLIKNTD-GFCCVEGCSA-N,COCC(=O)N(c1c(C)cccc1C)[C@@H](C(=O)OC)C,,-1.6
7223,C-7224,,WTDRDQBEARUVNC-ZCFIWIBFSA-N,OC(=O)[C@@H](Cc1ccc(c(c1)O)O)N,,-1.6
7224,C-7225,,AWMVMTVKBNGEAK-QMMMGPOBSA-N,O1C[C@H]1c1ccccc1,,-1.6
7225,C-7226,,IGMOYJSFRIASIE-UHFFFAOYSA-N,CC(CC(=O)CC(=O)C)C,,-1.6
7226,C-7227,,PQOSNJHBSNZITJ-QMMMGPOBSA-N,CCCC[C@](CC)(O)C,,-1.6
7227,C-7228,,OVOVDHYEOQJKMD-ZETCQYMHSA-N,OC[C@H](CC(C)C)C,,-1.6
7228,C-7229,,KPRMTLXLUPSXMR-UHFFFAOYSA-N,Clc1cccc(c1)P(=O)(O)O,,-1.599664328
7229,C-7230,,MVCIBABYNNIPFI-UHFFFAOYSA-N,Clc1ccc(cc1)P(=O)(O)O,,-1.599664328
7230,C-7231,,BGVCGTNXEKDVCB-UHFFFAOYSA-N,O=C1C(=O)C(=C(c2c1cccc2)O)C,,-1.598799761
7231,C-7232,,GUVUOGQBMYCBQP-UHFFFAOYSA-N,O=C1N(C)CCCN1C,,-1.598600804
7232,C-7233,,NWIBSHFKIJFRCO-WUDYKRTCSA-N,CO[C@@]12[C@H]3N[C@H]3CN2C2=C([C@H]1COC(=O)N)C(=O)C(=C(C2=O)C)N,,-1.598350372
7233,C-7234,,YJDHHWUZVJSQQZ-UHFFFAOYSA-N,OCC(COc1cccc(c1)OC)(O)C,,-1.597672678
7234,C-7235,,WZKXTRAAYUOPSE-UHFFFAOYSA-N,OCC(COc1ccc(cc1)OC)(O)C,,-1.597672678
7235,C-7236,,ZVAWZQUDKKABKR-WLHGVMLRSA-N,NC1=NCC(O1)c1ccccc1.OC(=O)/C=C/C(=O)O,,-1.597501714
7236,C-7237,,XWNLXQLPBDJQAN-UHFFFAOYSA-L,CCC(CO)(CO)CC.CCC(CO)(CO)CC.[Cl-].[Cl-].[Ca+2],,-1.597209545
7237,C-7238,,NWGAPDBVDUWGOC-UHFFFAOYSA-N,CCC(C(=O)N)(SC)CC,,-1.596874572
7238,C-7239,,LOVXREQUMZKFCM-UHFFFAOYSA-N,CC(Cc1ccc2c(c1)OCO2)NCC(c1ccc(c(c1)O)O)O.Cl,,-1.596692732
7239,C-7240,,BTFHIKZOEZREBX-UHFFFAOYSA-N,C=CCn1c(=O)n(C)c2c(c1=O)n(C)cn2,,-1.596246204
7240,C-7241,,AFLXUQUGROGEFA-UHFFFAOYSA-N,ClCC[N+](CCCl)(C)[O-],,-1.594178042
7241,C-7242,,AJXPJJZHWIXJCJ-UHFFFAOYSA-N,CN1C(=O)CC(C1=O)(C)c1ccccc1,,-1.592843965
7242,C-7243,,LTMHNWPUDSTBKD-UHFFFAOYSA-N,CCOC=C(C(=O)OCC)C(=O)OCC,,-1.592746931
7243,C-7244,,PGUKYDVWVXRPKK-UHFFFAOYSA-N,COc1ccc(cc1)NC(=O)N,,-1.591679164
7244,C-7245,,MCPROACZLSAAPY-UHFFFAOYSA-N,CCCn1c(=O)n(C)c(=O)c2c1nc[nH]2,,-1.590901929
7245,C-7246,,NAMYKGVDVNBCFQ-UHFFFAOYSA-N,CC(Br)C,,-1.59
7246,C-7247,,LZXXNPOYQCLXRS-UHFFFAOYSA-N,COC(=O)c1ccc(cc1)N,,-1.59
7247,C-7248,,ZGENSUYRNWPOET-UHFFFAOYSA-N,C=CCOCC(Cn1ccnc1[N+](=O)[O-])O,,-1.589736348
7248,C-7249,,FAVIQMSTEFBUJX-UHFFFAOYSA-N,CCCOc1ccccc1C(=O)N,,-1.5896831
7249,C-7250,,SZQIFWWUIBRPBZ-UHFFFAOYSA-N,CCN1C(=O)NC(C1=O)c1ccccc1,,-1.587483488
7250,C-7251,,SWUJAINMZHBCAY-UHFFFAOYSA-N,CN1CC2CCC(C1)N2C(=O)C,,-1.587440029
7251,C-7252,,LTBCQBSAWAZBDF-MLTZYSBQSA-N,O[C@H]1[C@@H](O[C@]([C@H]1O)(F)COS(=O)(=O)N)n1cnc2c1ncnc2N,,-1.586864928
7252,C-7253,,BRBAEHHXGZRCBK-UHFFFAOYSA-N,OCC(CO[N+](=O)[O-])(CO[N+](=O)[O-])CO[N+](=O)[O-],,-1.585001271
7253,C-7254,,UGFMJBRXTRUGJC-UHFFFAOYSA-N,CN1C(=O)C(c2ccccc2)C(=O)N(C1=O)C,,-1.584898214
7254,C-7255,,UOCLRXFKRLRMKV-UHFFFAOYSA-N,OP(=O)(O)O.OP(=O)(O)O.[O-][N+](=O)OCCN(CCO[N+](=O)[O-])CCO[N+](=O)[O-],,-1.584831689
7255,C-7256,,QGMRQYFBGABWDR-UHFFFAOYSA-M,CCCC(C1(CC)C(=O)NC(=NC1=O)[O-])C.[Na+],,-1.581989896
7256,C-7257,,UGJMXCAKCUNAIE-UHFFFAOYSA-N,NCC1(CCCCC1)CC(=O)O,,-1.581262189
7257,C-7258,,HHHDJHHNEURCNV-UHFFFAOYSA-N,Clc1ccc(cc1)S(=O)(=O)N,,-1.581152348
7258,C-7259,,JGMQHDNPUCPRQE-UHFFFAOYSA-M,[O-]c1ccc2c(c1)oc(=O)cc2C.[Na+],,-1.580162929
7259,C-7260,,SKLUWKYNZNXSLX-UHFFFAOYSA-N,O=Cc1ccc(cc1)NC(=O)C,,-1.58
7260,C-7261,,HHWGZLZNWUKGCM-UHFFFAOYSA-L,C[N+]1(CCOCC[N+]2(C)CCOCC2)CCOCC1.[I-].[I-],,-1.579795099
7261,C-7262,,VAUHVOUAJDOEOR-UHFFFAOYSA-N,OCC(COCc1ccc(cc1)C)O,,-1.578471054
7262,C-7263,,NSWIBRBCTIBPGG-UHFFFAOYSA-N,S1SCC(C1)N1CCCC1.OC(=O)C(=O)O,,-1.577468903
7263,C-7264,,KPMKNHGAPDCYLP-UHFFFAOYSA-N,ClCCN(C(=O)NCc1cnc(nc1N)C)N=O.Cl,,-1.576886754
7264,C-7265,,FAKIVHFFVVPOKL-GQCTYLIASA-N,ONC(=O)/C=C/c1ccc(c(c1)OC)OC,,-1.576426962
7265,C-7266,,NYMLZIFRPNYAHS-UHFFFAOYSA-N,c1ccc(cc1)c1ncn[nH]1,,-1.575950178
7266,C-7267,,WRAGCBBWIYQMRF-UHFFFAOYSA-N,CC(=O)NC1CCCCC1,,-1.575846487
7267,C-7268,,VLQBSKLZRSUMTJ-UHFFFAOYSA-N,CSc1ccccn1,,-1.575774521
7268,C-7269,,BTHCJHQOYFUIMG-REYNEDSXSA-N,C/C=C\1/C[C@@H](C)[C@@](C)(O)C(=O)OC[C@@H]2[C@@H]3[C@H](OC1=O)CCN3CC2,,-1.57576072
7269,C-7270,,FOICLFXMGGCWBZ-UHFFFAOYSA-N,COP(=O)(OP(=O)(OC(C)C)OC(C)C)OC,,-1.575063646
7270,C-7271,,KQSRXDXJGUJRKE-UHFFFAOYSA-L,[O-]C(=O)c1ccccc1c1c2cc(Br)c(=O)cc2oc2c1cc(Br)c(c2[Hg])[O-].[Na+].[Na+].O,,-1.574994922
7271,C-7272,,VHMRXGAIDDCGDU-UHFFFAOYSA-N,CCC(Cc1ccc2c(c1)OCO2)N,,-1.574303284
7272,C-7273,,IOFXEUZPIIUQAG-UHFFFAOYSA-M,C[N+]1(CCOCC1)CCC(c1cccs1)(c1ccccc1)O.[I-],,-1.574259524
7273,C-7274,,FNTDGCHSJHAFAV-UHFFFAOYSA-N,CN1CCCC1c1c[nH]c2c1cccc2,,-1.574107168
7274,C-7275,,SWOLRLFHKOMEEY-UHFFFAOYSA-N,CCCC(CCC)CN.Cl,,-1.572931887
7275,C-7276,,UPUKIMVAPLOYTP-UHFFFAOYSA-N,FCCN(P(=O)(Cl)Cl)CCF,,-1.572324239
7276,C-7277,,UMYZWICEDUEWIM-UHFFFAOYSA-N,COc1cc(ccc1OC)CC(=O)C,,-1.572312967
7277,C-7278,,UMBQWJHNUSDWMU-UHFFFAOYSA-N,OCC(C(C)(C)C)(CO)C,,-1.57064393
7278,C-7279,,IYSYLWYGCWTJSG-XFXZXTDPSA-N,CC(/[N+](=C/c1ccccc1)/[O-])(C)C,,-1.570424831
7279,C-7280,,BNZYRKVSCLSXSJ-IOSLPCCCSA-N,OC[C@H]1O[C@@]([C@@H]([C@@H]1O)O)(CO)n1cnc2c1ncnc2N,,-1.570062557
7280,C-7281,,CFKMVGJGLGKFKI-UHFFFAOYSA-N,Oc1ccc(c(c1)C)Cl,,-1.5700001
7281,C-7282,,SDKQRNRRDYRQKY-UHFFFAOYSA-N,CNC(=O)Oc1ccccc1C1OCCO1,,-1.5700001
7282,C-7283,,VWPOSFSPZNDTMJ-UCWKZMIHSA-N,OC(COc1cccc2c1C[C@H](O)[C@@H](C2)O)CNC(C)(C)C,,-1.569883744
7283,C-7284,,OJAJSEABEYJWLC-UHFFFAOYSA-N,Nc1ccc(c(c1)O)C(=O)O.CN(CCC(c1ccccn1)c1ccccc1)C,,-1.569624523
7284,C-7285,,CYBHZZZXLCUSQA-UHFFFAOYSA-N,CC(C(COC(=O)N)(COC(=O)N)C)C,,-1.569582916
7285,C-7286,,JGMFEVONQBBJBM-UHFFFAOYSA-N,NC(=O)OCC(C(C)(C)C)COC(=O)N,,-1.569582916
7286,C-7287,,OUHCZCFQVONTOC-UHFFFAOYSA-N,CC(=O)OCC(COC(=O)C)(COC(=O)C)COC(=O)C,,-1.5686344
7287,C-7288,,NYOGEUOODGKWFZ-UHFFFAOYSA-N,OCCN(Cc1ccc2c(n1)cccc2)CCN(CC)CC.Cl.Cl.O,,-1.568384384
7288,C-7289,,QYIYFLOTGYLRGG-GPCCPHFNSA-N,N[C@H](c1ccccc1)C(=O)N[C@@H]1C(=O)N2[C@@H]1SCC(=C2C(=O)O)Cl,,-1.565616436
7289,C-7290,,YWYPAAYCGZXQOQ-UHFFFAOYSA-M,CCC(=O)C(C(C[N+](C)(C)C)C)(c1ccccc1)c1ccccc1.[Cl-],,-1.565444995
7290,C-7291,,GENRUBKMOWZCII-UHFFFAOYSA-M,CCC(=O)C(c1ccccc1)(c1ccccc1)CC([N+](C)(C)C)C.[Cl-],,-1.565444995
7291,C-7292,,DZAANUYJOGCNLL-UHFFFAOYSA-N,CC(Cc1ccc(cc1)Cl)N.Cl,,-1.565136202
7292,C-7293,,ZDKZHVNKFOXMND-UHFFFAOYSA-N,CC1CCC2C1C(=O)OC=C2C,,-1.563531776
7293,C-7294,,SUTGJZFFEVGULT-UHFFFAOYSA-N,OCC(COc1ccc(cc1OC)C(=O)CC)O,,-1.563330814
7294,C-7295,,SBNKFTQSBPKMBZ-UHFFFAOYSA-N,CCOc1ccccc1C(=O)N,,-1.563235078
7295,C-7296,,WTJBNMUWRKPFRS-UHFFFAOYSA-N,CCOC(=O)C1(CCN(CC1)C)c1cccc(c1)O,,-1.562697122
7296,C-7297,,AHHFEZNOXOZZQA-ZEBDFXRSSA-N,ClCCN(C(=O)NC[C@H]1O[C@H](OC)[C@@H]([C@H]([C@@H]1O)O)O)N=O,,-1.561257773
7297,C-7298,,QFDRTQONISXGJA-UHFFFAOYSA-N,O=c1[nH]c2c([nH]1)c(=O)n(c(=O)[nH]2)C,,-1.5599999
7298,C-7299,,GJYXGIIWJFZCLN-UHFFFAOYSA-N,CCCCC(=O)CC(=O)C,,-1.5599999
7299,C-7300,,RRAFCDWBNXTKKO-UHFFFAOYSA-N,C=CCc1ccc(c(c1)OC)O,,-1.5599999
7300,C-7301,,KHBQMWCZKVMBLN-UHFFFAOYSA-N,NS(=O)(=O)c1ccccc1,,-1.5599999
7301,C-7302,,MEEBSVXYUBUBGG-UHFFFAOYSA-N,CCNC(=O)N1CCN(CC1)C.Cl,,-1.557018195
7302,C-7303,,DORCXWYLYIYZEW-UHFFFAOYSA-N,[O-][N+](=O)O.OCCn1c(=O)n(C)c2c(c1=O)n(C)cn2,,-1.555686028
7303,C-7304,,VBEOTBAFTSDSKS-UHFFFAOYSA-N,[O-][N+](=O)O.OCCn1cnc2c1c(=O)n(C)c(=O)n2C,,-1.555686028
7304,C-7305,,LVVRSRYXKCKALW-UHFFFAOYSA-N,Nc1nc(nc(n1)N(C)C)N(C)C,,-1.555443014
7305,C-7306,,FMRGPMCASSSEHQ-UHFFFAOYSA-N,[O-][N+](=O)c1ccc(cc1)C1NCCS1,,-1.55137112
7306,C-7307,,JNCLSNBVQMUCGR-UHFFFAOYSA-N,CCCCCC([NH2+]C)C.[Cl-],,-1.550949696
7307,C-7308,,FAYAYUOZWYJNBD-UHFFFAOYSA-N,Nc1ccc2c(c1)scn2,,-1.550943161
7308,C-7309,,PSIRMGCYQXQWBH-UHFFFAOYSA-N,OCC(COc1ccccc1)(CO)CO,,-1.550863137
7309,C-7310,,HFZWRUODUSTPEG-UHFFFAOYSA-N,Clc1ccc(c(c1)Cl)O,,-1.55
7310,C-7311,,INWLQCZOYSRPNW-ZDUSSCGKSA-N,CN1CCCC[C@H]1C(=O)Nc1c(C)cccc1C,,-1.55
7311,C-7312,,OWCNPTHAWPMOJU-UHFFFAOYSA-N,OCCCC(C)(C)C,,-1.55
7312,C-7313,,CETWDUZRCINIHU-SSDOTTSWSA-N,CCCCC[C@H](O)C,,-1.55
7313,C-7314,,WPYMKLBDIGXBTP-UHFFFAOYSA-N,OC(=O)c1ccccc1,,-1.55
7314,C-7315,,PWBADUKEIVQTGV-UHFFFAOYSA-N,CSc1cnc2c(n1)cncn2,,-1.55
7315,C-7316,,VNPCIBFTAYHHLJ-UHFFFAOYSA-N,CSc1cnc2c(n1)ncnc2,,-1.55
7316,C-7317,,PIJVFDBKTWXHHD-HIFRSBDPSA-N,CNC(=O)Oc1ccc2c(c1)[C@]1(C)CCN([C@@H]1N2C)C,,-1.549914581
7317,C-7318,,RXQCGGRTAILOIN-UHFFFAOYSA-N,CNC(Cc1ccccc1)(C)C,,-1.549472247
7318,C-7319,,ISDBSWZMAMHJRR-UHFFFAOYSA-N,ClCCN(CC=C)CCCl,,-1.549318207
7319,C-7320,,CKKPZBXIMKKKBT-UHFFFAOYSA-N,FCCN(P1(=O)NCCCO1)CCCl,,-1.549033443
7320,C-7321,,YOHMQBXKTUQPDM-UHFFFAOYSA-N,C=CCOCC(OC(=O)C)COC(=O)C,,-1.548880763
7321,C-7322,,AKVBCGQVQXPRLD-UHFFFAOYSA-N,CCCCCCC(C(=O)O)N,,-1.547460613
7322,C-7323,,INWLQCZOYSRPNW-UHFFFAOYSA-N,CN1CCCCC1C(=O)Nc1c(C)cccc1C,,-1.546461578
7323,C-7324,,JSTCPNFNKICNNO-UHFFFAOYSA-N,O=Nc1ccc(cc1)O,,-1.546228815
7324,C-7325,,KVGGQNNGLOIZSK-UHFFFAOYSA-N,O=[As]c1ccc(c(c1)N)O,,-1.546126114
7325,C-7326,,PPVFOZYARYOARE-UHFFFAOYSA-N,COc1ccccc1OCCOCCOCCN1CCCCC1,,-1.545996515
7326,C-7327,,XPLMIWCWJBBEFB-UHFFFAOYSA-N,CN1C(C)C2CCC(C1C)C2,,-1.544972887
7327,C-7328,,LBZUJSQLLVDWDQ-UHFFFAOYSA-N,CN(CCNC(=O)c1ccccc1)C,,-1.543057226
7328,C-7329,,VPAKVXXHZNTCFE-UHFFFAOYSA-M,CC1CCCN(C1)C=CC=C(/C=[N+]/1\CCCC(C1)C)C.[Cl-],,-1.542269836
7329,C-7330,,MGZOLDRJCCCSOA-UHFFFAOYSA-N,CN(C(=O)OCC(COC(=O)N)(C)C)C,,-1.541000598
7330,C-7331,,XULIXFLCVXWHRF-UHFFFAOYSA-N,CN1C(C)(C)CCCC1(C)C,,-1.540627712
7331,C-7332,,IKVPKVIYHXZKMK-UHFFFAOYSA-N,CN1CCOC(C1)(OCC#C)c1ccccc1.Cl,,-1.540398399
7332,C-7333,,FMWLUWPQPKEARP-UHFFFAOYSA-N,ClC(Br)Cl,,-1.54
7333,C-7334,,MWVTWFVJZLCBMC-UHFFFAOYSA-N,n1ccc(cc1)c1ccncc1,,-1.54
7334,C-7335,,NKTOLZVEWDHZMU-UHFFFAOYSA-N,Cc1ccc(c(c1)O)C,,-1.54
7335,C-7336,,AVKUERGKIZMTKX-NJBDSQKTSA-N,N[C@H](c1ccccc1)C(=O)N[C@@H]1C(=O)N2[C@@H]1SC([C@@H]2C(=O)O)(C)C,,-1.539007742
7336,C-7337,,VZECTCSEONQIPP-UHFFFAOYSA-N,OC(=O)COc1cccc(c1)C,,-1.538874883
7337,C-7338,,HWRUOPCDGPXWRR-UHFFFAOYSA-N,Clc1cnc(nc1)NS(=O)(=O)c1cccc(c1)N,,-1.538487697
7338,C-7339,,BPVYCXMGJPKOTQ-UHFFFAOYSA-N,NCCc1cccc(c1)C(F)(F)F,,-1.538096958
7339,C-7340,,SWSRADGPGOTAJT-UHFFFAOYSA-N,CCC(NC(=S)C(=S)NC(CC)C)C,,-1.536939844
7340,C-7341,,FODBVCSYJKNBLO-UHFFFAOYSA-N,COc1cccc(c1OC)C(=O)O,,-1.535312477
7341,C-7342,,NWULWVPYPIRXAU-UHFFFAOYSA-N,NC(=O)c1cccc(c1O)C,,-1.53501263
7342,C-7343,,PHUDGXZCRYIJCH-UHFFFAOYSA-N,CC(SC(C(=O)N)(C)C)C,,-1.534513828
7343,C-7344,,KHJLUGZFVDFOKZ-UHFFFAOYSA-N,CCC(c1ccccc1)(C(=O)N)O,,-1.533555739
7344,C-7345,,CZDBLBODEYKMNV-UHFFFAOYSA-M,[O-]C(=O)CCn1c(=O)c2ccccc2n(c1=O)C.[Na+],,-1.533541006
7345,C-7346,,KCDXJAYRVLXPFO-UHFFFAOYSA-N,COc1cc(C=O)cc(c1O)OC,,-1.533272957
7346,C-7347,,KQPYUDDGWXQXHS-UHFFFAOYSA-N,O=C1C=CC(=O)c2c1c(O)ccc2,,-1.531581172
7347,C-7348,,RAQMXXMLEHZQQE-UHFFFAOYSA-N,O=C1c2ccccc2CS(=O)(=O)N1C,,-1.530975494
7348,C-7349,,XLOYQLAMNLMXCE-UHFFFAOYSA-N,CCOc1ccccc1OCC(CO)O,,-1.530263135
7349,C-7350,,WGQKYBSKWIADBV-UHFFFAOYSA-N,NCc1ccccc1,,-1.53
7350,C-7351,,HPAYMSPTGHIORM-AATRIKPKSA-N,COc1cc(/C=C/C(=O)N2CCCO2)cc(c1OC)OC,,-1.529321098
7351,C-7352,,HSHNITRMYYLLCV-UHFFFAOYSA-N,Oc1ccc2c(c1)oc(=O)cc2C,,-1.529096721
7352,C-7353,,UHDKXFCUGVGVDP-UHFFFAOYSA-N,CCNC(=O)c1ccccc1O,,-1.527792931
7353,C-7354,,QXWSVGWYFCBSGK-UNVLYCKESA-N,O=[NH+]/C=c/1\n(COCCCCc2ccccc2)ccn1C.[Cl-],,-1.527265407
7354,C-7355,,GNXFOGHNGIVQEH-UHFFFAOYSA-N,COc1ccccc1OCC(COC(=O)N)O,,-1.525122224
7355,C-7356,,UILPJVPSNHJFIK-UHFFFAOYSA-N,COc1ccc(c(c1)O)C(=O)C,,-1.524649022
7356,C-7357,,JPXZQMKKFWMMGK-KQYNXXCUSA-N,O[C@@H]1[C@@H](COP(=O)(OP(=O)(O)O)O)O[C@H]([C@@H]1O)n1cnc2c1[nH]cnc2=O,,-1.524423518
7357,C-7358,,BJFGVYCULWBXKF-UHFFFAOYSA-M,COC(C[Hg]Cl)CNC(=O)N,,-1.523506427
7358,C-7359,,QZKDRLZSJSWQPS-RMPHRYRLSA-N,CC(=O)O[C@H]1[C@H](O[C@H]2[C@@H]1OC(O2)(C)C)[C@H]1COC(O1)(C)C,,-1.522863901
7359,C-7360,,NHXSTXWKZVAVOQ-UHFFFAOYSA-N,CCOC(=O)c1ccco1,,-1.522273819
7360,C-7361,,VPMWDFRZSIMDKW-UHFFFAOYSA-N,COc1ccc(cc1)CC(NCC(c1ccc(c(c1)CO)O)O)C,,-1.522108878
7361,C-7362,,RJNVSQLNEALZLC-UHFFFAOYSA-N,COc1ccccc1OCC1CO1,,-1.52176273
7362,C-7363,,AWBOSXFRPFZLOP-UHFFFAOYSA-N,c1ccc2c(c1)non2,,-1.521714821
7363,C-7364,,DFYRUELUNQRZTB-UHFFFAOYSA-N,COc1cc(ccc1O)C(=O)C,,-1.52159827
7364,C-7365,,OMRAPVPZNVLTSF-UHFFFAOYSA-N,NC(=O)OCC1(CCCC1)COC(=O)N,,-1.521349019
7365,C-7366,,FSOSKSIAEUKJIK-UHFFFAOYSA-M,CCC1(C(C)C)C(=O)[N-]C(=O)NC1=O.[Na+],,-1.521311656
7366,C-7367,,AKCRQHGQIJBRMN-UHFFFAOYSA-N,Nc1ccccc1Cl,,-1.52
7367,C-7368,,OROGSEYTTFOCAN-NNYDXVKWSA-N,COc1ccc2c3c1O[C@H]1[C@]43CCN([C@@H](C2)[C@H]4C=C[C@@H]1O)C,,-1.52
7368,C-7369,,SIKJAQJRHWYJAI-UHFFFAOYSA-N,c1ccc2c(c1)[nH]cc2,,-1.52
7369,C-7370,,RWQNBRDOKXIBIV-UHFFFAOYSA-N,Cc1c[nH]c(=O)[nH]c1=O,,-1.52
7370,C-7371,,RWZYAGGXGHYGMB-UHFFFAOYSA-N,OC(=O)c1ccccc1N,,-1.52
7371,C-7372,,QTOMCRXZFDHJOL-UHFFFAOYSA-N,CCCC(CO)(C)C,,-1.52
7372,C-7373,,XKYICAQFSCFURC-UHFFFAOYSA-N,O=COCCC(C)C,,-1.52
7373,C-7374,,UNNGUFMVYQJGTD-UHFFFAOYSA-N,CCC(C=O)CC,,-1.52
7374,C-7375,,OROGSEYTTFOCAN-DNJOTXNNSA-N,COc1ccc2c3c1O[C@@H]1[C@@]43CCN([C@H](C2)[C@@H]4C=C[C@@H]1O)C	,,-1.52
7375,C-7376,,IDQSAFVVLDCEBJ-UHFFFAOYSA-N,CCC(NC)(CC)CC.Cl,,-1.518631896
7376,C-7377,,LAPDMBHXOTURJK-UHFFFAOYSA-N,CCCC([NH2+]C)(CC)C.[Cl-],,-1.518631896
7377,C-7378,,KMFNIYQGYUDSDZ-BTJKTKAUSA-N,[O-]C(=O)/C=C\C(=O)O.NCC([NH+]1CCCCC1)c1cccs1,,-1.518568508
7378,C-7379,,RBZDDVSRHMGAOB-KRWCAOSLSA-N,COc1ccc(cc1)C(=O)/C=N/[NH+]1CCN(CC1)C.[Cl-],,-1.517251307
7379,C-7380,,FDMZYWCLSJXOCU-UHFFFAOYSA-N,NC1=NCC(O1)CN1CCN(CC1)c1ccccn1,,-1.516383688
7380,C-7381,,PZZRNAITVRJAKV-UHFFFAOYSA-N,Br/N=C/1\C=CC(=O)C=C1,,-1.514648395
7381,C-7382,,QHESLVVDHLELBB-UHFFFAOYSA-N,CC(CNC(Cc1ccccc1)(C)C)O,,-1.514545658
7382,C-7383,,ULYJKALLWCFWKP-UHFFFAOYSA-N,OCCOc1ccc(cc1N)[As]=O,,-1.514201286
7383,C-7384,,KWJDGWGMDAQESJ-UHFFFAOYSA-N,COc1cc(ccc1OC)CC(O)C,,-1.513926341
7384,C-7385,,QXVKRBMGFAUGJO-UHFFFAOYSA-N,OCCN(Cc1csc(n1)c1ccc(s1)[N+](=O)[O-])C.Cl,,-1.513270639
7385,C-7386,,HOKIDJSKDBPKTQ-GLXFQSAKSA-N,O=C(N[C@@H]1C(=O)N2[C@@H]1SCC(=C2C(=O)O)COC(=O)C)CCC[C@H](C(=O)O)N,,-1.51297407
7386,C-7387,,KSEBMYQBYZTDHS-HWKANZROSA-N,COc1cc(/C=C/C(=O)O)ccc1O,,-1.512243585
7387,C-7388,,OIRDTQYFTABQOQ-KQYNXXCUSA-N,OC[C@H]1O[C@H]([C@@H]([C@@H]1O)O)n1cnc2c1ncnc2N,,-1.511615306
7388,C-7389,,OIRDTQYFTABQOQ-UHTZMRCNSA-N,OC[C@H]1O[C@H]([C@H]([C@@H]1O)O)n1cnc2c1ncnc2N,,-1.511615306
7389,C-7390,,JWQWFYMPBWLERY-UHFFFAOYSA-N,CC(CCCC([NH3+])C)C.[Cl-],,-1.510065652
7390,C-7391,,BPMFZUMJYQTVII-UHFFFAOYSA-N,NC(=N)NCC(=O)O,,-1.51
7391,C-7392,,ZMANXGDEWNPXFF-UHFFFAOYSA-N,[O-][N+](=O)O.OCn1cnc2c1c(=O)n(C)c(=O)n2C,,-1.509631918
7392,C-7393,,SXERGJJQSKIUIC-UHFFFAOYSA-N,CC(C(=O)O)Oc1ccccc1,,-1.509605156
7393,C-7394,,NCTVMGMNIUJYIN-UHFFFAOYSA-N,OCCN1CCN=C1Nc1ncc(s1)[N+](=O)[O-],,-1.509309071
7394,C-7395,,NNGROHQONJXNMS-UHFFFAOYSA-N,COc1cccc(c1)CCCNCCSS(=O)(=O)O,,-1.508529022
7395,C-7396,,ZGFASEKBKWVCGP-UHFFFAOYSA-N,COC1(C)CC(c2ccccc2)c2c(O1)c1ccccc1oc2=O,,-1.508341134
7396,C-7397,,RYIGNEOBDRVTHA-UHFFFAOYSA-N,Clc1[nH]c2c(n1)n(C)c(=O)n(c2=O)C,,-1.507522077
7397,C-7398,,LGEXGKUJMFHVSY-UHFFFAOYSA-N,CNc1nc(NC)nc(n1)NC,,-1.504850549
7398,C-7399,,NXVAEVHJWOBXKG-UHFFFAOYSA-N,CNC(=O)c1ccccc1OC,,-1.503659252
7399,C-7400,,DVQHYTBCTGYNNN-UHFFFAOYSA-N,OC(=O)C1(CCC1)C(=O)O.[Pt].N.N,,-1.503468519
7400,C-7401,,IDHNGYVCZUQHFV-UHFFFAOYSA-N,ClCCCNC(Cc1ccccc1)C.Cl,,-1.503248554
7401,C-7402,,IDCHQQSVJAAUQQ-UHFFFAOYSA-N,CCN(CCc1onc(n1)c1ccccc1)CC,,-1.501957543
7402,C-7403,,WYUYEJNGHIOFOC-NWBUNABESA-N,Cc1ccc(cc1)/C(=C\CN1CCCC1)/c1ccccn1.Cl,,-1.501601667
7403,C-7404,,VFOAVFQWZYUFQZ-UHFFFAOYSA-N,NCCc1cc(OCC)c(c(c1)OC)OCC,,-1.501598575
7404,C-7405,,NIVFTEMPSCMWDE-UHFFFAOYSA-N,CCC(C1(O)CCCCC1)C(=O)O,,-1.50131259
7405,C-7406,,BHELZAPQIKSEDF-UHFFFAOYSA-N,BrCC=C,,-1.5
7406,C-7407,,XEPMSXZCQZXKRP-UHFFFAOYSA-N,ClCCS(=O)(=O)CCl,,-1.5
7407,C-7408,,QBBKKFZGCDJDQK-SSDOTTSWSA-N,CC[C@@H]1CCCCN1,,-1.5
7408,C-7409,,IOJUPLGTWVMSFF-UHFFFAOYSA-N,c1ccc2c(c1)scn2,,-1.5
7409,C-7410,,LUYAMNYBNTVQJG-UHFFFAOYSA-N,ClCCS(=O)(=O)CCCl,,-1.5
7410,C-7411,,NDNUANOUGZGEPO-MRVPVSSYSA-N,CCC[C@@H]1CCCCN1,,-1.5
7411,C-7412,,DKNQVJWYIUJWNC-UHFFFAOYSA-N,NC(=N)c1cccc(c1)[N+](=O)[O-].Cl,,-1.497789567
7412,C-7413,,APEJMQOBVMLION-VOTSOKGWSA-N,NC(=O)/C=C/c1ccccc1,,-1.496667103
7413,C-7414,,CTZKUHWIUDBFRC-UHFFFAOYSA-N,C#CCN1C(=O)Cc2c(S1(=O)=O)cccc2,,-1.495902618
7414,C-7415,,RQPREKYEHBAOAR-UHFFFAOYSA-N,OC(=O)CNc1ccc(cc1[N+](=O)[O-])[N+](=O)[O-],,-1.495812749
7415,C-7416,,JFXIIJKNDNHSFL-UHFFFAOYSA-N,OCCN1CC2CCC(C1)N2C(=O)CC,,-1.49570598
7416,C-7417,,XEABSBMNTNXEJM-UHFFFAOYSA-N,OC(=O)CC[Ge](=O)O[Ge](=O)CCC(=O)O,,-1.493284048
7417,C-7418,,SJFPWBFXBOZGTB-ONEGZZNKSA-N,NC(=O)/C=C/C1=NCCC1,,-1.493030787
7418,C-7419,,NXQMNKUGGYNLBY-UHFFFAOYSA-N,OC(COc1cccc(c1)C)CNC(C)C,,-1.49219093
7419,C-7420,,XRXDAJYKGWNHTQ-UHFFFAOYSA-N,N1CCN(CC1)c1ccc2c(n1)cccc2,,-1.490865139
7420,C-7421,,GXXXUZIRGXYDFP-UHFFFAOYSA-N,OC(=O)Cc1ccc(cc1)C,,-1.49077215
7421,C-7422,,ZRSNZINYAWTAHE-UHFFFAOYSA-N,COc1ccc(cc1)C=O,,-1.49
7422,C-7423,,VLILKLKOJKTCAA-UHFFFAOYSA-N,CCC(c1ccccc1)CNCCSS(=O)(=O)O,,-1.489307679
7423,C-7424,,RDYPBOROVFITQX-UHFFFAOYSA-N,OCC(C(C(C(=O)NNCc1ccccc1)O)O)O,,-1.488822351
7424,C-7425,,ZKMVVYWUWBYAMV-UHFFFAOYSA-N,O=C1C2C3CCC(C2C(=O)N1c1ccc(cc1)Cl)O3,,-1.488375613
7425,C-7426,,CGWKQCYAMPDEGC-UHFFFAOYSA-N,BrC1CS(=O)(=O)CC1Br,,-1.487330615
7426,C-7427,,JPBLHOJFMBOCAF-UHFFFAOYSA-N,Nc1nc2c(o1)cccc2,,-1.487169782
7427,C-7428,,BOARLCNCVBZNNU-UHFFFAOYSA-N,CN(c1c(C)n(C)c(=O)n(c1=O)C)C,,-1.48536357
7428,C-7429,,QRSPJBLLJXVPDD-XFAPPKAWSA-M,[O-]C(=O)[C@@H]1N2C(=O)[C@H]([C@H]2SC1(C)C)N1C(=O)[C@H](NC1(C)C)c1ccccc1.[K+],,-1.484869033
7429,C-7430,,DHLLCGOIGXQUQS-UHFFFAOYSA-N,NCCCNc1ccc(c2c1NCCC2)OC.Cl,,-1.484841869
7430,C-7431,,JUMYIBMBTDDLNG-UHFFFAOYSA-N,COC(=O)C(c1ccccc1)C1CCCCN1.Cl,,-1.484048787
7431,C-7432,,ILUJQPXNXACGAN-UHFFFAOYSA-N,COc1ccccc1C(=O)O,,-1.483299098
7432,C-7433,,JWLVVNRQYDFQGA-GQCTYLIASA-N,C/C=C(/C(=O)NC(=O)N)\C(C)C,,-1.482802173
7433,C-7434,,AIIGKPCMCFGSPV-UHFFFAOYSA-N,O=C(c1cc(Cl)nc(c1)Cl)N1CCOCC1,,-1.482311731
7434,C-7435,,NKOPQOSBROLOFP-UHFFFAOYSA-N,Cc1n[nH]c(=S)[nH]c1=O,,-1.481891825
7435,C-7436,,MARBJSDTJFJORF-UHFFFAOYSA-N,O=C(CN1CCOCC1)NCc1ccccc1,,-1.481871947
7436,C-7437,,UBOXGVDOUJQMTN-UHFFFAOYSA-N,ClCC(Cl)Cl,,-1.48
7437,C-7438,,ISAKRJDGNUQOIC-UHFFFAOYSA-N,O=c1cc[nH]c(=O)[nH]1,,-1.48
7438,C-7439,,OCSRIEOBSUDSMV-UHFFFAOYSA-N,Cn1c(=O)n(CC=C)c(cc1=O)N,,-1.479994983
7439,C-7440,,RGEVWUKXWFOAID-UHFFFAOYSA-N,CCC1(CC)C(=O)CCNC1=O,,-1.4797314
7440,C-7441,,BQNDVYLVJFLZRV-UHFFFAOYSA-N,FCCCSC#N,,-1.479522465
7441,C-7442,,YZERDTREOUSUHF-UHFFFAOYSA-N,Fc1c(F)c(C(=O)O)c(c(c1F)F)F,,-1.479472378
7442,C-7443,,IJVCSMSMFSCRME-KBQPJGBKSA-N,O[C@H]1CC[C@@H]2[C@@]34[C@H]1Oc1c4c(C[C@H]2N(CC3)C)ccc1O,,-1.479013036
7443,C-7444,,SRCOGSWMVAYDQE-UHFFFAOYSA-N,ClCC1CC2CCN1CC2.Cl,,-1.476933086
7444,C-7445,,HZOTZTANVBDFOF-PBCQUBLHSA-N,OC(=O)c1ccccc1O.CNC(=O)Oc1ccc2c(c1)[C@]1(C)CCN([C@@H]1N2C)C,,-1.476569119
7445,C-7446,,HBUNPJGMNVQSBX-UHFFFAOYSA-N,CC(=O)Nc1c2sscc2[nH]c1=O,,-1.474931566
7446,C-7447,,ONWSHWFYPNZPAA-UHFFFAOYSA-N,NC(=O)OCCCCOC(=O)N,,-1.47215044
7447,C-7448,,IBKQQKPQRYUGBJ-UHFFFAOYSA-N,CC(=O)c1cc(O)c(c(c1)O)O,,-1.471114024
7448,C-7449,,ZYPIAZBAHRUTGU-UHFFFAOYSA-N,O=C(N1CC1)Nc1ccccc1,,-1.470457085
7449,C-7450,,SNMVRZFUUCLYTO-UHFFFAOYSA-N,CCCCl,,-1.47
7450,C-7451,,VIUDTWATMPPKEL-UHFFFAOYSA-N,Nc1cccc(c1)C(F)(F)F,,-1.47
7451,C-7452,,MYDQAEQZZKVJSL-UHFFFAOYSA-N,CCCCCOC(=O)N,,-1.47
7452,C-7453,,RZKSECIXORKHQS-SSDOTTSWSA-N,CCCC[C@@H](CC)O,,-1.47
7453,C-7454,,YNVOMSDITJMNET-UHFFFAOYSA-N,OC(=O)c1cscc1,,-1.47
7454,C-7455,,LBKFGYZQBSGRHY-UHFFFAOYSA-N,COc1ccc(cc1O)C(=O)O,,-1.469055572
7455,C-7456,,HCJMNOSIAGSZBM-UHFFFAOYSA-N,OC(=O)c1c(C)cccc1O,,-1.468778559
7456,C-7457,,JEUPZKBFJZDULG-UHFFFAOYSA-M,CC[N+]1(CC)C(C)CCCC1C.[Br-],,-1.466871092
7457,C-7458,,XZIDTOHMJBOSOX-UHFFFAOYSA-N,Clc1ccc(c(c1Cl)C(=O)O)Cl,,-1.466557607
7458,C-7459,,NQEAWPKKPXTLGE-UHFFFAOYSA-N,C=CCSC(C(=O)N)(C)C,,-1.466472333
7459,C-7460,,FHFYDNQZQSQIAI-UHFFFAOYSA-N,CCn1cc(C(=O)O)c(=O)c2c1cc(N1CCN(CC1)C)c(c2)F,,-1.466393685
7460,C-7461,,XXANNZJIZQTCBP-UHFFFAOYSA-N,COc1c2CN(C)CCc2cc2c1OCO2,,-1.466373261
7461,C-7462,,IEZTZCXBBTUQMD-UHFFFAOYSA-N,CCC1C(=O)NC(=O)N(C1=O)c1ccccc1,,-1.46611465
7462,C-7463,,HBXNJMZWGSCKPW-UHFFFAOYSA-N,CCCCCCC(N)C,,-1.465016711
7463,C-7464,,IDLSITKDRVDKRV-XHXSRVRCSA-N,Oc1ccc(cc1)CCN[C@H]([C@@H](c1ccc(cc1)O)O)C.Cl,,-1.464976653
7464,C-7465,,PESXGULMKCKJCC-UHFFFAOYSA-M,COC(=O)c1ccc(cc1)[O-].[Na+],,-1.46417491
7465,C-7466,,SKPLBLUECSEIFO-UHFFFAOYSA-N,OC(COC(=O)N)COc1ccc(cc1)Cl,,-1.463167705
7466,C-7467,,UUAGAQFQZIEFAH-UHFFFAOYSA-N,FC(=C(F)F)Cl,,-1.462733729
7467,C-7468,,JNTPTNNCGDAGEJ-UHFFFAOYSA-N,OCCCCCCCl,,-1.462490195
7468,C-7469,,SMNFXAFXLXHKSF-UHFFFAOYSA-N,FCCN(C(=O)NCCCl)N=O,,-1.462371602
7469,C-7470,,KWAYEPXDGHYGRW-UHFFFAOYSA-N,NC(=O)c1cccc(c1)[N+](=O)[O-],,-1.461022553
7470,C-7471,,KRPAJLYSLFNDOA-UHFFFAOYSA-N,OC(COc1ccccc1C)COC(=O)N,,-1.460558628
7471,C-7472,,FLVIGYVXZHLUHP-UHFFFAOYSA-N,CCNC(=S)NCC,,-1.46
7472,C-7473,,LRSASMSXMSNRBT-UHFFFAOYSA-N,Cc1c[nH]c(=O)nc1N,,-1.46
7473,C-7474,,ZXVONLUNISGICL-UHFFFAOYSA-N,[O-][N+](=O)c1cc(C)c(c(c1)[N+](=O)[O-])O,,-1.46
7474,C-7475,,JNGWGQUYLVSFND-UHFFFAOYSA-N,O=C1NC(=O)NC1(C)c1ccccc1,,-1.459671144
7475,C-7476,,ZHFUHZPSVMXPGL-GGWOSOGESA-N,C/C=C/N1CCN(C1=O)/C=C/C,,-1.456517597
7476,C-7477,,OCDGBSUVYYVKQZ-UHFFFAOYSA-N,CN(Cc1c[nH]c2c1cccc2)C,,-1.454342905
7477,C-7478,,HSSAXQPNRNFSLU-UHFFFAOYSA-N,CCOC(=O)c1cnc2n(c1=O)C(C)CCC2,,-1.453548166
7478,C-7479,,BCCGKQFZUUQSEX-WBPXWQEISA-N,O[C@H]([C@H](C(=O)O)O)C(=O)O.O[C@H]([C@H](C(=O)O)O)C(=O)O.CC1N(C)CCOC1c1ccccc1,,-1.45342971
7479,C-7480,,PXECXIZFANFWIN-UHFFFAOYSA-N,Clc1ccc(nc1)OCCN1CSCC1.Cl,,-1.452495937
7480,C-7481,,GKHSEDFDYXZGCG-UHFFFAOYSA-N,N#CCc1ccccc1C#N,,-1.451212485
7481,C-7482,,HYDZMARBTYAIMU-UHFFFAOYSA-N,S=C1NC(=O)C(N1)C,,-1.450793264
7482,C-7483,,BILWDWLNZFTXAN-UHFFFAOYSA-N,[O-][N+](=O)c1ncc(n1C)C,,-1.450649337
7483,C-7484,,ISFBTZLEOKKUDX-UHFFFAOYSA-N,[O-][N+](=O)c1nc(cn1C)C,,-1.450649337
7484,C-7485,,VDAXOIZQZPYAOM-UHFFFAOYSA-N,CCC(=O)c1ccc(cc1)N.Cl,,-1.450471399
7485,C-7486,,HMOKGDUTHPAVRO-PXJKFVASSA-N,CCCC(c1ccccc1)OCn1ccn(/c/1=C/[NH+]=O)C.[Cl-],,-1.450363135
7486,C-7487,,PVXJBKOQPCPILX-UHFFFAOYSA-N,OCC(COc1cccc(c1)OC)O,,-1.450187765
7487,C-7488,,UWZDUHTYIUMENV-UHFFFAOYSA-N,OCC(COc1ccc(cc1)OC)O,,-1.450187765
7488,C-7489,,AWJUIBRHMBBTKR-UHFFFAOYSA-N,c1ccc2c(c1)cncc2,,-1.45
7489,C-7490,,NZNMSOFKMUBTKW-UHFFFAOYSA-N,OC(=O)C1CCCCC1,,-1.45
7490,C-7491,,YTPLMLYBLZKORZ-UHFFFAOYSA-N,c1cccs1,,-1.45
7491,C-7492,,UJCHIZDEQZMODR-SCSAIBSYSA-N,SC[C@H](C(=O)N)NC(=O)C,,-1.447241039
7492,C-7493,,OTAFHZMPRISVEM-UHFFFAOYSA-N,O=c1ccoc2c1cccc2,,-1.446448383
7493,C-7494,,XLSCZCCJPDTCGU-UHFFFAOYSA-N,CC1(C)OCCS1,,-1.445229574
7494,C-7495,,IHTUGUQGWPOOJG-SOFGYWHQSA-N,CN(/N=C/CCCC)C=O,,-1.444484804
7495,C-7496,,PMNBNUKPDNHZFI-UHFFFAOYSA-N,O/N=C(/Cn1ccc2c1cccc2)\N,,-1.443815336
7496,C-7497,,JWVYQQGERKEAHW-UHFFFAOYSA-N,O=c1ccc2c(o1)c(O)c1c(c2)cco1,,-1.443574569
7497,C-7498,,RCODDZKULPFOGG-UHFFFAOYSA-N,O=C1C(CCN1c1ccccc1)N1CCOCC1.Cl,,-1.442830104
7498,C-7499,,OEBRKCOSUFCWJD-UHFFFAOYSA-N,COP(=O)(OC=C(Cl)Cl)OC,,-1.441243329
7499,C-7500,,XIUVZQCJSZGEJF-UHFFFAOYSA-N,N#CC1(O)CCN(CC1)CCc1ccccc1,,-1.44114863
7500,C-7501,,REOYSBSMCVRRSM-UHFFFAOYSA-L,CCCCCCC[N+](CCOCC[N+](CCCCCCC)(CC)CC)(C)C.[Br-].[Br-],,-1.440938509
7501,C-7502,,XICNBWOUXVORMU-UHFFFAOYSA-L,CCCCCCCC[N+](CCOCC[N+](CCCCCCCC)(C)C)(C)C.[Br-].[Br-],,-1.440938509
7502,C-7503,,BWHLPLXXIDYSNW-UHFFFAOYSA-N,OC(=O)C1CCn2c1ccc2C(=O)c1ccccc1.OCC(CO)(CO)N,,-1.440527348
7503,C-7504,,JQVDAXLFBXTEQA-UHFFFAOYSA-N,CCCCNCCCC,,-1.4400001
7504,C-7505,,WQOXQRCZOLPYPM-UHFFFAOYSA-N,CSSC,,-1.4400001
7505,C-7506,,RDIDOICNEQWODO-UHFFFAOYSA-N,CCCCn1c(=O)[nH]c(=O)c2c1nc[nH]2,,-1.437196923
7506,C-7507,,AWLILQARPMWUHA-UHFFFAOYSA-M,CCCC(C1(CC)C(=O)NC(=NC1=O)[S-])C.[Na+],,-1.437061349
7507,C-7508,,REQXYFLFNBBIRX-UHFFFAOYSA-N,NC(=O)C(c1ccccc1)(c1ccccc1)O,,-1.436927712
7508,C-7509,,DASGWSCKUOEYLP-DZOOLQPHSA-N,CC(C1CCCCC1)OCn1ccn(/c/1=C/[NH+]=O)C.[Cl-],,-1.435593199
7509,C-7510,,SPLXTEULIVJMRZ-UHFFFAOYSA-N,CCC(=O)c1ccc(cc1)NO,,-1.435516387
7510,C-7511,,QAXCWBIVFCEYGG-UHFFFAOYSA-N,Cn1cnc(=O)c2c1cccc2,,-1.434482122
7511,C-7512,,NRQVXWNPFZZDMQ-UHFFFAOYSA-N,O=C1NC(=O)C2(C(C1CC2)(C)C)C,,-1.434116238
7512,C-7513,,CUQCMXFWIMOWRP-UHFFFAOYSA-N,N/C(=N\c1ccccc1)/N=C(N)N,,-1.432979339
7513,C-7514,,KHWIRCOLWPNBJP-UHFFFAOYSA-N,ClCCN(C(=O)NC1CCC(=O)NC1=O)N=O,,-1.432113434
7514,C-7515,,QURCVMIEKCOAJU-HWKANZROSA-N,COc1ccc(cc1O)/C=C/C(=O)O,,-1.431489025
7515,C-7516,,OTVCBBXLGYYSNC-UHFFFAOYSA-N,Cn1c(C)n[nH]c1=S,,-1.430863129
7516,C-7517,,WLWFNJKHKGIJNW-UHFFFAOYSA-N,CN1C(=O)CC(C1=O)c1ccccc1,,-1.43080179
7517,C-7518,,QWBBPBRQALCEIZ-UHFFFAOYSA-N,Cc1c(C)cccc1O,,-1.4299999
7518,C-7519,,HUFKLTWJUGBMTC-UHFFFAOYSA-N,Clc1nc(Cl)cc(c1)C(=O)N1COCC1,,-1.429986123
7519,C-7520,,BABMCXWQNSQAOC-UHFFFAOYSA-M,C[Hg]Cl,,-1.429925287
7520,C-7521,,CLJHABUMMDMAFA-UHFFFAOYSA-N,CC(NC(C(c1ccc(cc1)O)O)C)CCc1ccccc1.Cl,,-1.4292638
7521,C-7522,,JESIHYIJKKUWIS-UHFFFAOYSA-N,Cc1ccc(cc1)C(O)C,,-1.428037866
7522,C-7523,,YKLWSXVRKIUYOM-UHFFFAOYSA-M,CCC(COC(=O)CCC(=O)[O-])(CO)CC.[Na+],,-1.428008414
7523,C-7524,,CVSUAFOWIXUYQA-UHFFFAOYSA-M,ClC1=C/C(=N/c2ccc(cc2)[O-])/C=C(C1=O)Cl.[Na+],,-1.427481034
7524,C-7525,,IBMCQJYLPXUOKM-UHFFFAOYSA-N,CN1C(C)(C)CC=CC1(C)C,,-1.426542431
7525,C-7526,,OQLZQQCXUHKXAD-UHDJGPCESA-N,CC/C=C(/C1(CC)C(=O)NC(=O)NC1=O)\C.[Na+],,-1.42591604
7526,C-7527,,SBYYYVAMWBVIIX-UHFFFAOYSA-N,O=C1NC(=O)OC1c1ccccc1,,-1.424237386
7527,C-7528,,VMKWQRRZHFSZPG-UHFFFAOYSA-N,CNC(C(C)(C)C)(C)C.Cl,,-1.424151023
7528,C-7529,,ZAEBUEMQCGDBRC-UHFFFAOYSA-N,CN1C2CCC1CN(C2)CCOC(=O)c1ccc(cc1)N,,-1.424040514
7529,C-7530,,SYVNKOFCGRDUIF-UHFFFAOYSA-N,CN1CC2CCC(C1)N2CCOC(=O)c1ccc(cc1)N,,-1.424040514
7530,C-7531,,NZASCBIBXNPDMH-UHFFFAOYSA-N,CCC1(CC)C(=O)NC=CC1=O,,-1.42171612
7531,C-7532,,DHNRXCVJLHOLKS-UHFFFAOYSA-N,N#Cc1ccc(nc1)OCCCCCNCCSS(=O)(=O)O,,-1.421091284
7532,C-7533,,QNIVIMYXGGFTAK-UHFFFAOYSA-N,CC(CCCC(N)C)C,,-1.420958544
7533,C-7534,,ADNAPRCXSGMYRO-UHFFFAOYSA-N,CCC(C#C)(OC)C,,-1.420474864
7534,C-7535,,ROFVEXUMMXZLPA-UHFFFAOYSA-N,c1ccc(nc1)c1ccccn1,,-1.42
7535,C-7536,,QMSHUERTGDUVNN-GHTWIPNGSA-N,CN([C@@H]1C(=CC(=O)[C@]2([C@H]1C[C@H]1C(=C2O)C(=O)c2c([C@@]1(C)O)cccc2)O)O)C,,-1.42
7536,C-7537,,CATSNJVOTSVZJV-UHFFFAOYSA-N,CCCCCC(=O)C,,-1.42
7537,C-7538,,NTIZESTWPVYFNL-UHFFFAOYSA-N,CC(CC(=O)C)C,,-1.42
7538,C-7539,,LSPHULWDVZXLIL-LDWIPMOCSA-N,OC(=O)[C@H]1CC[C@@](C1(C)C)(C)C(=O)O,,-1.42
7539,C-7540,,HMEYVGGHISAPJR-RUJUCOKOSA-N,CN([C@@H]1C(=C(C(=O)NCN2CCCC2)C(=O)[C@]2([C@H]1C[C@H]1C(=C2O)C(=O)c2c([C@@]1(C)O)cccc2O)O)O)C,,-1.42
7540,C-7541,,IANLIXWJIDFXSI-UHFFFAOYSA-N,O=C(c1ccc(cc1)N)Nn1ncnc1,,-1.419754896
7541,C-7542,,UGSLDMJXBQKDCT-UHFFFAOYSA-N,O=C(C1CCC(=O)N1)NC1CC1c1ccccc1,,-1.418963137
7542,C-7543,,LAWLMXPSCYHMNV-UHFFFAOYSA-N,CN(CCC(c1ccccn1)c1ccccc1)C.Cl,,-1.416872788
7543,C-7544,,NHLAPJMCARJFOG-UHFFFAOYSA-N,O=C1NN=C(C1)C,,-1.415349805
7544,C-7545,,VFUZELURVABLEH-WQLSENKSSA-N,COc1ccc(cc1)C(=O)/C=N\N(C)C,,-1.4140163
7545,C-7546,,AAYHAFZXFMIUSN-UHFFFAOYSA-N,NS(=O)(=O)C1CCCCC1,,-1.413472734
7546,C-7547,,FTKASJMIPSSXBP-UHFFFAOYSA-N,[O-][N+](=O)CC(=O)OCC,,-1.412380615
7547,C-7548,,ZFKJIMJKFOYFAL-UHFFFAOYSA-N,COCCCNCC1COc2c(O1)cccc2.Cl,,-1.412059352
7548,C-7549,,QCCDLTOVEPVEJK-UHFFFAOYSA-N,CC(=O)Cc1ccccc1,,-1.410593557
7549,C-7550,,QMSYVGCCVPYKCT-UHFFFAOYSA-N,CCN(CCSC(=N)N)CC.Cl.Cl,,-1.410291979
7550,C-7551,,ULYZAYCEDJDHCC-UHFFFAOYSA-N,CC(Cl)C,,-1.41
7551,C-7552,,YCOXTKKNXUZSKD-UHFFFAOYSA-N,Oc1ccc(c(c1)C)C,,-1.41
7552,C-7553,,FJKROLUGYXJWQN-UHFFFAOYSA-N,Oc1ccc(cc1)C(=O)O,,-1.41
7553,C-7554,,XMIIGOLPHOKFCH-UHFFFAOYSA-N,OC(=O)CCc1ccccc1,,-1.41
7554,C-7555,,MODKMHXGCGKTLE-UHFFFAOYSA-N,CC(=O)NCCc1ccccc1,,-1.408497606
7555,C-7556,,GOOCRIHPADOQAS-ZNUXJMJHSA-N,OS(=O)(=O)O.O=C1C[C@@H]2OCC=C3[C@H]4[C@@H]2[C@@H]2N1c1ccccc1[C@]12CCN([C@H]1C4)C3.O=C1C[C@@H]2OCC=C3[C@H]4[C@@H]2[C@@H]2N1c1ccccc1[C@]12CCN([C@H]1C4)C3,,-1.407623129
7556,C-7557,,DBPRUZCKPFOVDV-UHFFFAOYSA-N,CC(NCC(c1ccccc1Cl)O)C.Cl.O,,-1.403117299
7557,C-7558,,FSCPTWHCVYVMGT-UHFFFAOYSA-N,OCn1c2cc(Cl)ccc2oc1=O,,-1.400865591
7558,C-7559,,KNVQTRVKSOEHPU-UHFFFAOYSA-N,CC(=O)Nc1ccccc1Cl,,-1.4
7559,C-7560,,MFDFERRIHVXMIY-UHFFFAOYSA-N,CCN(CCOC(=O)c1ccc(cc1)N)CC,,-1.4
7560,C-7561,,TUAMRELNJMMDMT-UHFFFAOYSA-N,Cc1cc(C)cc(c1)O,,-1.4
7561,C-7562,,YVBCULSIZWMTFY-UHFFFAOYSA-N,CCCC(CCC)O,,-1.4
7562,C-7563,,BNXZHVUCNYMNOS-UHFFFAOYSA-N,CCCCN1CCCC1=O,,-1.39936936
7563,C-7564,,UBGGREWUFINDKK-UHFFFAOYSA-N,CCC(=O)N1C(C)CN(CC1(C)C)C,,-1.398619433
7564,C-7565,,YXNTXDQIDINLRU-UHFFFAOYSA-N,CNC(CC(=O)c1ccccc1)(C)C.Cl,,-1.398382649
7565,C-7566,,PLPDHGOODMBBGN-VOTSOKGWSA-N,O=C(c1ccccc1)/C=C/C(=O)O,,-1.398361785
7566,C-7567,,AAQFEENIXHFFDP-UHFFFAOYSA-N,OCC(COc1ccccc1OC)(CO)CO,,-1.397529698
7567,C-7568,,CKLJMWTZIZZHCS-REOHCLBHSA-N,OC(=O)C[C@@H](C(=O)O)N,,-1.395023054
7568,C-7569,,VLJRCRMLQIRLLA-UHFFFAOYSA-N,Clc1cccc(c1)C1NCCS1,,-1.391991593
7569,C-7570,,JCKYGMPEJWAADB-UHFFFAOYSA-N,ClCCN(c1ccc(cc1)CCCC(=O)O)CCCl,,-1.391507956
7570,C-7571,,PBOTXPDTKKNNFI-UHFFFAOYSA-N,CCCCN1CCN(CC1)C(=O)OCC,,-1.391022275
7571,C-7572,,DZHVJUCGKWKRTO-UHFFFAOYSA-N,Nc1onc(n1)c1ccccc1,,-1.390364198
7572,C-7573,,FTOAOBMCPZCFFF-UHFFFAOYSA-N,CCC1(CC)C(=O)NC(=O)NC1=O,,-1.39
7573,C-7574,,LGRFSURHDFAFJT-UHFFFAOYSA-N,O=C1OC(=O)c2c1cccc2,,-1.39
7574,C-7575,,ZFXYFBGIUFBOJW-UHFFFAOYSA-N,Cn1c(=O)n(C)c2c(c1=O)[nH]cn2,,-1.39
7575,C-7576,,IRVWPZRYDQROLU-ZDUSSCGKSA-N,COc1c(OC)c(OC)cc2c1c1ccc(c(=O)cc1[C@H](CC2)N)O,,-1.389645696
7576,C-7577,,MNOILHPDHOHILI-UHFFFAOYSA-N,CN(C(=S)N(C)C)C,,-1.389080728
7577,C-7578,,QGZBIYWLPWSMQC-UHFFFAOYSA-N,CCNc1nc(=O)nc([nH]1)C,,-1.387978964
7578,C-7579,,WLBASKRZYJUCTA-UHFFFAOYSA-N,CC(=O)Nc1occ(n1)C(F)(F)F,,-1.387141576
7579,C-7580,,XBWAZCLHZCFCGK-UHFFFAOYSA-N,Clc1ccc2c(c1)C(=NCCN2C)c1ccccc1.Cl,,-1.387076098
7580,C-7581,,ZEOMRHKTIYBETG-UHFFFAOYSA-N,c1ccc(cc1)c1nnco1,,-1.386716986
7581,C-7582,,KGFGBSRVWKBWIC-UHFFFAOYSA-N,OCCN(C(=O)Cn1ccnc1[N+](=O)[O-])CCO,,-1.383442187
7582,C-7583,,YSVIRKSYBGDUSI-UHFFFAOYSA-N,CCC(N(C)C)(CC)C.Br,,-1.383028741
7583,C-7584,,XCRAFTGAMMSJLO-UHFFFAOYSA-N,OC(=O)C(CC(=O)O)(CC(=O)O)O.O=c1cc(n(n1c1ccccc1)C)C.Cn1cnc2c1c(=O)n(C)c(=O)n2C,,-1.382748604
7584,C-7585,,ANJROQCDRGDKMV-UHFFFAOYSA-N,OCC(CSc1ccccc1)O,,-1.381753156
7585,C-7586,,GZCRKMACGRBALK-VMPITWQZSA-N,O=CN(/N=C/CC(C)C)C,,-1.381318224
7586,C-7587,,DKNWSYNQZKUICI-UHFFFAOYSA-N,NC12CC3CC(C2)CC(C1)C3,,-1.380915312
7587,C-7588,,VAJVDSVGBWFCLW-UHFFFAOYSA-N,OCCCc1ccccc1,,-1.38
7588,C-7589,,ZDVJGWXFXGJSIU-SSDOTTSWSA-N,CC(CC[C@H](O)C)C,,-1.38
7589,C-7590,,TWBYWOBDOCUKOW-UHFFFAOYSA-N,OC(=O)c1ccncc1,,-1.374293515
7590,C-7591,,IUQRFVREMWMGPS-UHFFFAOYSA-N,CCCCNC1=CC(=O)c2c(C1=O)cccn2,,-1.374118863
7591,C-7592,,CPCPUCRSKRHVAH-UHFFFAOYSA-N,CC(NCC(c1ccccc1Cl)O)C.Cl,,-1.372917194
7592,C-7593,,DNRVZOZGQHHDAT-UHFFFAOYSA-N,Clc1ccc(c(c1)C(=O)N)N,,-1.372230252
7593,C-7594,,FIUGYEVWNQNDDO-UHFFFAOYSA-N,O=C(C(=O)c1c[nH]c2c1cccc2)N(C)C,,-1.370676423
7594,C-7595,,HQMKNAFRMFCXBZ-UHFFFAOYSA-N,CNCCc1cc(OC)ccc1OC.Cl,,-1.370206575
7595,C-7596,,PNPCRKVUWYDDST-UHFFFAOYSA-N,Nc1cccc(c1)Cl,,-1.37
7596,C-7597,,IDCPFAYURAQKDZ-UHFFFAOYSA-N,[O-][N+](=O)NC(=N)N,,-1.37
7597,C-7598,,NMJJFJNHVMGPGM-UHFFFAOYSA-N,CCCCOC=O,,-1.37
7598,C-7599,,WYTRYIUQUDTGSX-UHFFFAOYSA-N,CC(Cc1ccccc1)O,,-1.367893885
7599,C-7600,,DRKWSHLYQCUKKG-UHFFFAOYSA-N,CC1NC(C)(C)C2CC1CC2,,-1.367888954
7600,C-7601,,FBMVFHKKLDGLJA-UHFFFAOYSA-N,CC1NC(C)SC(S1)C,,-1.367880166
7601,C-7602,,CGFFKDRVHZIQHL-UHFFFAOYSA-N,C=CC(NC(=S)NNC(=S)NC)C,,-1.365537735
7602,C-7603,,RPLOPBHEZLFENN-HTMVYDOJSA-M,[O-]C(=O)CCC(=O)OC[C@H]([C@@H](c1ccc(cc1)[N+](=O)[O-])O)NC(=O)C(Cl)Cl.[Na+],,-1.365235392
7603,C-7604,,ULSAJQMHTGKPIY-UHFFFAOYSA-N,ClCC(=O)C(C)(C)C,,-1.363386185
7604,C-7605,,SAAYZFAHJFPOHZ-UHFFFAOYSA-N,Nc1cccc2c1nccn2,,-1.362452409
7605,C-7606,,WETMTSZNMMYKKX-UHFFFAOYSA-N,OCC(CNc1ccccc1C(=O)N)O,,-1.36132726
7606,C-7607,,OSDWBNJEKMUWAV-UHFFFAOYSA-N,ClCC=C,,-1.36
7607,C-7608,,HNBDRPTVWVGKBR-UHFFFAOYSA-N,CCCCC(=O)OC,,-1.36
7608,C-7609,,IXQGCWUGDFDQMF-UHFFFAOYSA-N,CCc1ccccc1O,,-1.36
7609,C-7610,,FDDDEECHVMSUSB-UHFFFAOYSA-N,Nc1ccc(cc1)S(=O)(=O)N,,-1.36
7610,C-7611,,OTMSDBZUPAUEDD-UHFFFAOYSA-N,CC,,-1.36
7611,C-7612,,MIHADVKEHAFNPG-UHFFFAOYSA-N,[O-][N+](=O)c1cnc(s1)N,,-1.359411975
7612,C-7613,,BYQOKNIMGIDSHN-UHFFFAOYSA-N,[O-][N+](=O)c1c(Cl)ncn1C,,-1.359304314
7613,C-7614,,AXHFOPRUZWKQJM-UHFFFAOYSA-M,CCOc1ccc(cc1)OCC[N+](CC)(CC)CC.[I-],,-1.359205426
7614,C-7615,,ABGJIKXMJUSARA-UHFFFAOYSA-N,OCCn1c(CC)cnc1[N+](=O)[O-],,-1.359116097
7615,C-7616,,NERNEXMEYQFFHU-UHFFFAOYSA-N,O=C1NC(=O)NC21CCCCC2,,-1.358348175
7616,C-7617,,MVPOUIVDKJJYLB-UHFFFAOYSA-N,ClC(C(=O)NC(=O)N)C(C)C,,-1.358325026
7617,C-7618,,BEWCNXNIQCLWHP-UHFFFAOYSA-N,CC(=C)C(=O)OCCNC(C)(C)C,,-1.35824204
7618,C-7619,,DRYRBWIFRVMRPV-UHFFFAOYSA-N,Nc1ncnc2c1cccc2,,-1.353921167
7619,C-7620,,KKVYOWPPMNSLCP-UHFFFAOYSA-N,S=C(N1CCOCC1)SSC(=S)N1CCOCC1,,-1.352838812
7620,C-7621,,OJOBTAOGJIWAGB-UHFFFAOYSA-N,COc1cc(cc(c1O)OC)C(=O)C,,-1.352186945
7621,C-7622,,AQIXAKUUQRKLND-UHFFFAOYSA-N,N#C/N=C(/NCCSCc1nc[nH]c1C)\NC,,-1.35
7622,C-7623,,GVNWHCVWDRNXAZ-BTJKTKAUSA-N,OC(=O)/C=C\C(=O)O.CN(CCOC(c1ccccn1)c1ccc(cc1)Cl)C,,-1.346997118
7623,C-7624,,CEEQUQSGVRRXQI-UHFFFAOYSA-N,O=Cc1c(COP(=O)(O)O)cnc(c1O)C.O,,-1.346864275
7624,C-7625,,ZMTSMVZAFDWQRM-UHFFFAOYSA-N,NC(=O)NCCc1ccccc1,,-1.3467498469999999
7625,C-7626,,SIKHOOLXYFPALG-UHFFFAOYSA-N,O=C(C1NCCNC1)Nc1c(C)cccc1C.Cl.Cl,,-1.346170052
7626,C-7627,,BBFYUPYFXSSMNV-HMGRVEAOSA-N,OC[C@H]1O[C@@H](Oc2cc(O)c3c(c2)oc(c(c3=O)O)c2ccc(c(c2)O)O)[C@@H]([C@H]([C@@H]1O)O)O,,-1.346103344
7627,C-7628,,OSASVXMJTNOKOY-UHFFFAOYSA-N,CC(C(Cl)(Cl)Cl)(O)C,,-1.345983594
7628,C-7629,,NAZDVUBIEPVUKE-UHFFFAOYSA-N,COc1ccc(c(c1)N)OC,,-1.343970605
7629,C-7630,,OVECGORDPUPRLI-BAUSSPIASA-N,CN1C[C@@H]2C[C@H](C1)c1n(C2)c(=O)ccc1.I,,-1.34240307
7630,C-7631,,JIEJJGMNDWIGBJ-UHFFFAOYSA-N,CCCOC(C)C,,-1.34
7631,C-7632,,VPOMSPZBQMDLTM-UHFFFAOYSA-N,Oc1cc(Cl)cc(c1)Cl,,-1.34
7632,C-7633,,LJSQFQKUNVCTIA-UHFFFAOYSA-N,CCSCC,,-1.34
7633,C-7634,,BCXHDORHMMZBBZ-DORFAMGDSA-N,OS(=O)(=O)O.COc1ccc2c3c1O[C@@H]1[C@@]43CCN([C@H](C2)[C@@H]4C=C[C@@H]1O)C.COc1ccc2c3c1O[C@@H]1[C@@]43CCN([C@H](C2)[C@@H]4C=C[C@@H]1O)C,,-1.337965649
7634,C-7635,,VLPIATFUUWWMKC-UHFFFAOYSA-N,CC(COc1c(C)cccc1C)N,,-1.337142008
7635,C-7636,,WCDSTFHSWVDGPD-CABZTGNLSA-N,CN[C@H]([C@@H](c1ccccc1)OC(=O)C)C,,-1.336994338
7636,C-7637,,BRHWDUPLRLPVDQ-UHFFFAOYSA-N,OCCN(C12CC3CC(C2)CC(C1)C3)CCO.Cl,,-1.336817294
7637,C-7638,,XWSLYQXUTWUIKM-UHFFFAOYSA-N,COP(=S)(OC)OC,,-1.334364752
7638,C-7639,,FDJAMXYLIRPRIS-UHFFFAOYSA-N,CC(=O)NNC(=O)c1ccccn1,,-1.331652647
7639,C-7640,,HLWPXRDVZZOLHS-UHFFFAOYSA-N,CCN1CCCN(C1=O)CC,,-1.331630274
7640,C-7641,,YBAZINRZQSAIAY-UHFFFAOYSA-N,N#Cc1ccc(cc1)N,,-1.331162879
7641,C-7642,,DGMMLYVLXGFBJP-UHFFFAOYSA-N,OC(c1ccccc1)CN1CCCCC1.Cl,,-1.330304207
7642,C-7643,,FZERHIULMFGESH-UHFFFAOYSA-N,CC(=O)Nc1ccccc1,,-1.33
7643,C-7644,,FFWSICBKRCICMR-UHFFFAOYSA-N,CC(CCC(=O)C)C,,-1.33
7644,C-7645,,WJVBIMBJLVWPNE-OQLLNIDSSA-N,Oc1cccc(c1)/C=N/NC(=O)c1ccncc1,,-1.329388879
7645,C-7646,,KGMFIIRMHHMLND-UHFFFAOYSA-N,COc1cc(CC(N)C)cc(c1)OC.Cl,,-1.327537022
7646,C-7647,,AYSLABMBEKTPTQ-UHFFFAOYSA-N,CCOC(=O)N1CCN(CC1)C(CC)C,,-1.326719056
7647,C-7648,,WXFJHNDXYIDTAF-UHFFFAOYSA-N,Cn1c(=O)n(C)c2c(c1=O)n(CCOS(=O)(=O)O)cn2.OCc1c(CO)cnc(c1O)C,,-1.326003014
7648,C-7649,,SUPCQIBBMFXVTL-UHFFFAOYSA-N,CCOC(=O)C(=C)C,,-1.325059328
7649,C-7650,,CJCSPKMFHVPWAR-JTQLQIEISA-N,OC(=O)[C@](Cc1ccc(c(c1)O)O)(N)C,,-1.32472887
7650,C-7651,,OQHDRLTXPGYYJN-UHFFFAOYSA-N,CNCC(c1ccccc1)C.Cl,,-1.324317561
7651,C-7652,,MTRZHSVFAGKMOA-UHFFFAOYSA-N,OC(=O)CNc1ccc(cc1)[N+](=O)[O-],,-1.324131932
7652,C-7653,,TVSIMAWGATVNGK-UHFFFAOYSA-N,COc1cc(OC)c(cc1CC(N)C)OC,,-1.323354263
7653,C-7654,,RJNYZLOAGXCCHJ-UHFFFAOYSA-N,Cc1n(C)c(=O)n(c(=O)c1Br)C,,-1.32215408
7654,C-7655,,SZLPEYBCBJPFBC-UHFFFAOYSA-N,COCCN(C(=O)c1cc(OC)c(c(c1)OC)OC)CCOC,,-1.32192358
7655,C-7656,,XFGUWVXEXZICLY-UHFFFAOYSA-N,ONC(=O)c1cc(Cl)nc(c1)Cl,,-1.32123436
7656,C-7657,,UXMKOLJFXKKWEQ-UHFFFAOYSA-N,O=C1C=CC(O1)c1ccccc1,,-1.320925163
7657,C-7658,,FNZNYVDWBOFGOR-UHFFFAOYSA-N,CCN1CC2CCC(C1)N2C(=O)CC,,-1.320241455
7658,C-7659,,WWPWSGWQSUCSDH-UHFFFAOYSA-N,CCC(=O)N1C2CCCC1CN(C2)C,,-1.320241455
7659,C-7660,,WXSCUAIQCDLFSI-UHFFFAOYSA-N,CCCC(=O)N1C2CCC1CN(C2)C,,-1.320241455
7660,C-7661,,UPEUQDJSUFHFQP-UHFFFAOYSA-N,CC(=O)C#Cc1ccccc1,,-1.320034845
7661,C-7662,,IBYHHJPAARCAIE-UHFFFAOYSA-N,ClCCBr,,-1.3200001
7662,C-7663,,UWTUEMKLYAGTNQ-OWOJBTEDSA-N,Br/C=C/Br,,-1.3200001
7663,C-7664,,VDNBWCJJIKFXID-CRAIPNDOSA-N,O=C(N[C@@H]1C(=O)N2[C@@H]1SCC(=C2C(=O)O)CN1C=CC=C=C1)Cc1cccs1,,-1.3200001
7664,C-7665,,YKRGDOXKVOZESV-WRJNSLSBSA-N,OC[C@H]1O[C@@H](O[C@@]23C[C@@H]4[C@@]3(COC(=O)c3ccccc3)[C@@H]3O[C@@]2(C)C[C@]4(O3)O)[C@@H]([C@H]([C@@H]1O)O)O,,-1.319934824
7665,C-7666,,DICNWOXTWUJPIQ-UHFFFAOYSA-N,Nc1oc2c(n1)cc(c(c2)O)Cl,,-1.31973
7666,C-7667,,RIIKPLGIMDVDSV-UHFFFAOYSA-N,OCCC1C2CCN(C1CNCCN(CC)CC)CC2,,-1.318952859
7667,C-7668,,YIAPLDFPUUJILH-UHFFFAOYSA-N,OC1CCc2c1cccc2,,-1.317448764
7668,C-7669,,SPWIGPQVICYSOT-XLPZGREQSA-N,OC[C@H]1O[C@H](C[C@@H]1O)n1cc(F)c(nc1=O)NC,,-1.316786974
7669,C-7670,,NGVDGCNFYWLIFO-UHFFFAOYSA-N,O=Cc1c(COP(=O)(O)O)cnc(c1O)C,,-1.316307888
7670,C-7671,,RGZZPXRWOUTAPT-UHFFFAOYSA-N,[O-][N+](=O)c1no[n+](c1C)[O-],,-1.316243478
7671,C-7672,,UFDHNJJHPSGMFX-UHFFFAOYSA-N,O=C1CC(CC(=O)N1)CC(C1CC(C)(OC(=O)C)CC(C1=O)C)O,,-1.315852635
7672,C-7673,,ODKNJVUHOIMIIZ-RRKCRQDMSA-N,OC[C@H]1O[C@H](C[C@@H]1O)n1cc(F)c(=O)[nH]c1=O,,-1.315730503
7673,C-7674,,JFUUKHUKGAQKIW-UHFFFAOYSA-N,CC(=O)NC(c1ccccc1)NC(=O)C,,-1.314383429
7674,C-7675,,LINQVIAARQIDQJ-UHFFFAOYSA-N,CC(CCC=C(C)C)N,,-1.314307777
7675,C-7676,,WFWKNGZODAOLEO-UHFFFAOYSA-N,COc1ccc(cc1)CC(=O)C,,-1.314143404
7676,C-7677,,GIAMHXZYZSZXLE-UHFFFAOYSA-N,OS(=O)(=O)O.CNC(CC1CCC(CC1)O)C,,-1.313055342
7677,C-7678,,SAXHIDRUJXPDOD-UHFFFAOYSA-N,CCOC(=O)C(c1ccccc1)O,,-1.312514892
7678,C-7679,,QGGXNMYRWYGBRV-SJDTYFKWSA-N,O=[NH+]/C=c\1/n(COCc2cccc3c2cccc3)ccn1C.[Cl-],,-1.312166349
7679,C-7680,,ITUYMTWJWYTELW-UHFFFAOYSA-N,Cl/N=C/1\C=CC(=O)C=C1,,-1.310565087
7680,C-7681,,FDXOWEXWCPILKM-UHFFFAOYSA-N,OCC(COc1ccccc1)(O)C,,-1.310228781
7681,C-7682,,NXXYKOUNUYWIHA-UHFFFAOYSA-N,Cc1cccc(c1O)C,,-1.3099999
7682,C-7683,,WLOXDXOPKNBBFP-UHFFFAOYSA-N,[O-][N+](=O)c1ncc(n1C)C(O)(C)C,,-1.309371801
7683,C-7684,,MXOAEAUPQDYUQM-UHFFFAOYSA-N,OCC(COc1ccc(cc1)Cl)O,,-1.306712317
7684,C-7685,,XZWMZFQOHTWGQE-UHFFFAOYSA-N,Cc1n[nH]c(=O)[nH]c1=O,,-1.306265318
7685,C-7686,,JECMVFPDLRRCIS-UHFFFAOYSA-N,O=C(COc1ccc(cc1)F)OCC[NH+](C)C.[Cl-],,-1.30372807
7686,C-7687,,NXFQWRWXEYTOTK-UHFFFAOYSA-N,COc1nc(C)nc(n1)N,,-1.302725284
7687,C-7688,,WZHVLILJVZZLNS-UHFFFAOYSA-N,CCC(=O)N1CCN(CC1)C,,-1.302224195
7688,C-7689,,KFUSEUYYWQURPO-OWOJBTEDSA-N,Cl/C=C/Cl,,-1.3
7689,C-7690,,SMWDFEZZVXVKRB-UHFFFAOYSA-N,c1ccc2c(c1)nccc2,,-1.3
7690,C-7691,,XVAIDCNLVLTVFM-UHFFFAOYSA-N,COc1ccc(cc1)NC(=O)C,,-1.3
7691,C-7692,,HCFAJYNVAYBARA-UHFFFAOYSA-N,CCCC(=O)CCC,,-1.3
7692,C-7693,,JARKCYVAAOWBJS-UHFFFAOYSA-N,CCCCCC=O,,-1.3
7693,C-7694,,UMPSXRYVXUPCOS-UHFFFAOYSA-N,Clc1c(O)cccc1Cl,,-1.3
7694,C-7695,,HXVNBWAKAOHACI-UHFFFAOYSA-N,CC(C(=O)C(C)C)C,,-1.3
7695,C-7696,,GPFAJKDEDBRFOS-FKQDBXSBSA-N,CN1CC[C@@]23[C@@H]4[C@H]1Cc1c3c(O[C@H]2[C@H](C=C4)O)c(cc1)OCCN1CCOCC1,,-1.299401589
7696,C-7697,,MFKMOLJNQHPVHC-UHFFFAOYSA-N,OCC(COCc1ccc(cc1)OC)O,,-1.29745369
7697,C-7698,,GOGYHVOOMHFPAC-UHFFFAOYSA-N,CCCCN(c1ccccc1)C(=O)N,,-1.297121699
7698,C-7699,,WKWQIMRIQQDCEM-UHFFFAOYSA-N,[O-][N+](=O)c1ncc(n1C)CC(O)C,,-1.296325267
7699,C-7700,,APDNCRBSYUOIKC-UHFFFAOYSA-N,CCn1cnc2c1[nH]cnc2=S,,-1.295353895
7700,C-7701,,ZMMJGEGLRURXTF-UHFFFAOYSA-N,CC[n+]1c(c2ccccc2)c2cc(N)ccc2c2c1cc(N)cc2.[Br-],,-1.294814415
7701,C-7702,,XNCLQWUEWKYSQF-UHFFFAOYSA-N,NC(=O)CCSSSCCC(=O)N,,-1.294491523
7702,C-7703,,FYOSQQMCCODNJV-UHFFFAOYSA-N,CNC1(C)CC2CC1CC2,,-1.293736995
7703,C-7704,,BDADSRBGWZXOQY-UHFFFAOYSA-N,CCCCCCCNCCSS(=O)(=O)O,,-1.293262253
7704,C-7705,,CFFBLPKCMVYPLU-UHFFFAOYSA-N,NC1=NCC(O1)CN1CCN(CC1)c1ncccn1,,-1.293019962
7705,C-7706,,ZNIFSRGNXRYGHF-UHFFFAOYSA-N,Clc1cccc(c1NC1=NCCN1)Cl.Cl,,-1.292239762
7706,C-7707,,MAVAXPFTVGSHTB-UHFFFAOYSA-N,C1CNC(C1)c1c[nH]c2c1cccc2,,-1.291934418
7707,C-7708,,KXPXJGYSEPEXMF-WYHSTMEOSA-N,OC[C@H](c1ccccc1)C(=O)OC1C[C@@H]2N([C@H](C1)[C@@H]1[C@H]2O1)C.Cl,,-1.290694588
7708,C-7709,,SCYULBFZEHDVBN-UHFFFAOYSA-N,CC(Cl)Cl,,-1.29
7709,C-7710,,FHADSMKORVFYOS-UHFFFAOYSA-N,OC1CCCCCCC1,,-1.29
7710,C-7711,,TZKGRFZSJHYEOY-UHFFFAOYSA-N,FCCCCC#N,,-1.288850896
7711,C-7712,,CBGDIJWINPWWJW-IYSWYEEDSA-N,C[C@H]1OC=C2C(=C(C)C(=C(C2=O)C(=O)O)O)[C@@H]1C,,-1.288458223
7712,C-7713,,MYKLQMNSFPAPLZ-UHFFFAOYSA-N,CC1=CC(=O)C(=CC1=O)C,,-1.288299596
7713,C-7714,,YAJCYOUHZABXFT-UHFFFAOYSA-N,ONC(=O)c1ccc(cc1)C(=O)NO,,-1.288293507
7714,C-7715,,VUGRNZHKYVHZSN-UHFFFAOYSA-N,CCCCCC(C#C)O,,-1.286808318
7715,C-7716,,CJENPNUXCMYXPT-UPHRSURJSA-N,F/C=C(/Cl)\F,,-1.284913896
7716,C-7717,,CXYJOKAZIWXRHN-UHFFFAOYSA-N,O=C1CCC(=O)N1c1ccc(cc1)S(=O)(=O)N,,-1.284704094
7717,C-7718,,PAQSTZTUDSARQK-UHFFFAOYSA-N,OCC(COC(C(=C)C)Br)O,,-1.284154904
7718,C-7719,,GHDPMHONBNZPGP-UHFFFAOYSA-N,CCCNC(=O)Nc1ncco1,,-1.283876642
7719,C-7720,,YOLHKYWNQMSMDN-UHFFFAOYSA-N,COc1ccc2c(c1)[nH]c(=O)o2,,-1.282870141
7720,C-7721,,HTSABYAWKQAHBT-UHFFFAOYSA-N,CC1CCCC(C1)O,,-1.280193644
7721,C-7722,,CKQHAYFOPRIUOM-UHFFFAOYSA-N,Nc1cccc(c1)C(=O)C,,-1.28
7722,C-7723,,BJJDXAFKCKSLTE-UHFFFAOYSA-N,Cc1cc(N)nc(n1)C,,-1.28
7723,C-7724,,AFBPFSWMIHJQDM-UHFFFAOYSA-N,CNc1ccccc1,,-1.28
7724,C-7725,,KWOLFJPFCHCOCG-UHFFFAOYSA-N,CC(=O)c1ccccc1,,-1.28
7725,C-7726,,OBNCKNCVKJNDBV-UHFFFAOYSA-N,CCCC(=O)OCC,,-1.28
7726,C-7727,,TWSRVQVEYJNFKQ-UHFFFAOYSA-N,CCCCCOC(=O)CC,,-1.28
7727,C-7728,,IJFXRHURBJZNAO-UHFFFAOYSA-N,Oc1cccc(c1)C(=O)O,,-1.27992482
7728,C-7729,,RLISWLLILOTWGG-UHFFFAOYSA-N,OC(=O)COc1ccccc1C(=O)N,,-1.279698097
7729,C-7730,,XJBQYXCXGYSVBZ-UHFFFAOYSA-N,OC(C(O)C)COc1ccccc1,,-1.279681697
7730,C-7731,,LAKYIYSREICHNF-UHFFFAOYSA-M,Nc1ccc(cc1)S(=O)(=O)Nc1sc(c(n1)C(=O)[O-])C(=O)O.[Na+],,-1.279360332
7731,C-7732,,GWGLGTKSTGSWGQ-UPHRSURJSA-N,OC(=O)/C=C\C(=O)NC(=O)N,,-1.279314324
7732,C-7733,,ADTDBAKUQAKBGZ-VXJIXCKJSA-N,O=C1C[C@@H]2OCC=C3[C@H]4[C@@H]2[C@@H]2N1c1ccccc1[C@]12CC[N+]([C@H]1C4)(C3)[O-],,-1.275073462
7733,C-7734,,KFETUQFRWIVAMU-UHFFFAOYSA-N,CC(c1cccc(c1O)C)C,,-1.273640633
7734,C-7735,,KTJSVELYMZTQJB-UHFFFAOYSA-N,CCc1[nH]c2c(n1)n(C)c(=O)n(c2=O)C,,-1.273201528
7735,C-7736,,HHZQLQREDATOBM-CODXZCKSSA-M,[O-]C(=O)CCC(=O)OCC(=O)[C@@]1(O)CC[C@@H]2[C@]1(C)C[C@H](O)[C@H]1[C@H]2CCC2=CC(=O)CC[C@]12C.[Na+],,-1.272012841
7736,C-7737,,VQASKUSHBVDKGU-UHFFFAOYSA-N,CCC1(C)OC(=O)N(C1=O)C,,-1.271880874
7737,C-7738,,KLIHWYNSISMOMR-QMMMGPOBSA-N,CC[C@@](C(C)(C)C)(O)C,,-1.27
7738,C-7739,,DJILXZDYSGJWKM-UHFFFAOYSA-N,CN1C2CCC1CN(C2)C(=O)CC(=O)O,,-1.269940781
7739,C-7740,,TWKAWBNRBUPTMA-UHFFFAOYSA-N,CN1CC2CCC(C1)N2C(=O)CC(=O)O,,-1.269940781
7740,C-7741,,DKPDJFHVGNUHSL-UHFFFAOYSA-N,OCCOc1ccc(cc1C(=O)N)Br,,-1.268990626
7741,C-7742,,JQIBJYGPKFIOHE-UHFFFAOYSA-N,CCC1(CC)NCCS1,,-1.268396267
7742,C-7743,,LLHDHYPYFLBISK-UHFFFAOYSA-N,NC(=S)C(c1cnccn1)c1ccccc1,,-1.266984245
7743,C-7744,,MDIFHVYPHRHKLB-FPLPWBNLSA-N,O/N=C\1/CCCCC1C,,-1.266223502
7744,C-7745,,YEKQSSHBERGOJK-UHFFFAOYSA-N,CNC(=O)OCc1cccc(n1)COC(=O)NC,,-1.262740993
7745,C-7746,,IMPPGHMHELILKG-UHFFFAOYSA-N,CCOc1ccc(cc1)N,,-1.261657225
7746,C-7747,,JIOZHSSMPMWZQB-UHFFFAOYSA-N,O=C(c1ccc2c(c1)OCO2)N1CCOCC1,,-1.260919614
7747,C-7748,,PGNKBEARDDELNB-UHFFFAOYSA-N,OC(=O)C(CC(=O)O)(CC(=O)O)O.CCN(C(=O)N1CCN(CC1)C)CC,,-1.260205651
7748,C-7749,,SHVCSCWHWMSGTE-UHFFFAOYSA-N,Cc1cc(=O)[nH]c(=O)[nH]1,,-1.26
7749,C-7750,,VAOCPAMSLUNLGC-UHFFFAOYSA-N,OCCn1c(C)ncc1[N+](=O)[O-],,-1.26
7750,C-7751,,IMLSAISZLJGWPP-UHFFFAOYSA-N,C1SCCS1,,-1.259344091
7751,C-7752,,IOQGBHYJEGYACJ-UHFFFAOYSA-M,Cc1n(CCCCCC[N+](C)(C)C)ccc2c1nc1c2cccc1.[Br-].Br,,-1.257882665
7752,C-7753,,XPUWXYXPAIXPPK-UHFFFAOYSA-M,CC[N+](CCC[n+]1ccc2c(c1C)[nH]c1c2cccc1)(CC)CC.[Br-].[Br-],,-1.257882665
7753,C-7754,,IUNJCFABHJZSKB-UHFFFAOYSA-N,O=Cc1ccc(cc1O)O,,-1.257453785
7754,C-7755,,WEYTUUBWDDEAGG-UHFFFAOYSA-N,Nc1ccc2c(c1)CONC2,,-1.256491666
7755,C-7756,,OVUYDYFWRKGKKV-UHFFFAOYSA-M,CCCC1(CC)C(=O)[N-]C(=O)NC1=O.[Na+],,-1.256465353
7756,C-7757,,DVRWEKGUWZINTQ-UHFFFAOYSA-N,O=C1CSC(=S)N1c1ccccc1,,-1.256271833
7757,C-7758,,NZPWAZZKZMQLTL-UHFFFAOYSA-N,C=Cc1cnc(n1C)[N+](=O)[O-],,-1.255417189
7758,C-7759,,BUJAGSGYPOAWEI-UHFFFAOYSA-N,CC(C(=O)Nc1c(C)cccc1C)N,,-1.252889152
7759,C-7760,,IPMHCUCDBKKMAQ-UHFFFAOYSA-N,CC1C2CCC(C1(C)N)C2,,-1.252232795
7760,C-7761,,DKMVJQCQTCLYIF-UHFFFAOYSA-M,CC[N+](CCOC(=O)C(c1ccccc1)(c1ccccc1)O)(CC)C.[Br-],,-1.25093753
7761,C-7762,,HIMXGTXNXJYFGB-UHFFFAOYSA-N,O=C1NC(=O)C(=O)C(=O)N1,,-1.25
7762,C-7763,,WDNBURPWRNALGP-UHFFFAOYSA-N,Oc1ccc(c(c1)Cl)Cl,,-1.25
7763,C-7764,,UYXCSOAMZMOWRY-UHFFFAOYSA-N,O=C1NS(=O)(=O)Cc2c1cccc2,,-1.249601528
7764,C-7765,,PRNNIHPVNFPWAH-UHFFFAOYSA-N,CCS(=O)(=O)c1ccc(cc1)F,,-1.249350674
7765,C-7766,,ORQQKSZUXNAWAX-UHFFFAOYSA-N,CC(=O)c1ccc(o1)[N+](=O)[O-],,-1.247142454
7766,C-7767,,WUESWDIHTKHGQA-UHFFFAOYSA-N,NC(=O)NC1CCCCC1,,-1.247109824
7767,C-7768,,JTEJPPKMYBDEMY-UHFFFAOYSA-N,NCCc1c[nH]c2c1cc(OC)cc2,,-1.247099831
7768,C-7769,,YLQRXLUMXFSAAG-UHFFFAOYSA-N,CCCCC(COC(=O)N)CO,,-1.246654256
7769,C-7770,,QDHFDXDMKYJPSC-UHFFFAOYSA-N,CCNC(=O)Cc1ccccc1,,-1.246256197
7770,C-7771,,ORMNNUPLFAPCFD-DVLYDCSHSA-M,CC(C(=O)N[C@@H]1C(=O)N2[C@@H]1SC([C@@H]2C(=O)[O-])(C)C)Oc1ccccc1.[K+],,-1.245506205
7771,C-7772,,HBGFIKZGJDWPRO-UHFFFAOYSA-M,Clc1nc(Cl)c(c(c1Cl)[O-])Cl.[Na+],,-1.24491834
7772,C-7773,,KBHMHROOFHVLBA-UHFFFAOYSA-N,CC(C(=O)c1ccccc1)N(C)C,,-1.244687703
7773,C-7774,,XPFRXWCVYUEORT-UHFFFAOYSA-N,O=C(Cc1ccccc1)NC(=O)N,,-1.244419698
7774,C-7775,,WREVVZMUNPAPOV-UHFFFAOYSA-N,Nc1cccc2c1nccc2,,-1.244235554
7775,C-7776,,GNZBHOOZDKNFTO-XMLTWROESA-M,CC[C@@H]([C@@H]1NC(=O)C(=C1[O-])C(=O)C)C.[Na+],,-1.243962236
7776,C-7777,,CYMGNLQIIHMKDZ-UHFFFAOYSA-N,N/C(=N\CCC1CCCCCC1)/CSS(=O)(=O)O,,-1.243669842
7777,C-7778,,XDASIVGQIOWAPZ-UHFFFAOYSA-N,O=C(C1NCCNC1)Nc1ccccc1.Cl.Cl,,-1.240201237
7778,C-7779,,DKPFZGUDAPQIHT-UHFFFAOYSA-N,CCCCOC(=O)C,,-1.24
7779,C-7780,,FBSFWRHWHYMIOG-UHFFFAOYSA-N,COC(=O)c1cc(O)c(c(c1)O)O,,-1.24
7780,C-7781,,ZSIAUFGUXNUGDI-UHFFFAOYSA-N,CCCCCCO,,-1.24
7781,C-7782,,KDKYADYSIPSCCQ-UHFFFAOYSA-N,CCC#C,,-1.24
7782,C-7783,,WOMVMPNQSSOFPY-RFVHGSKJSA-N,COc1cccc(c1OC(=O)[C@H](N1CCOCC1)C)OC.Cl,,-1.239833852
7783,C-7784,,SKKLFJHESZIVKT-UHFFFAOYSA-N,N1CCNCC1.OC(=O)Cn1cnc2c1c(=O)n(C)c(=O)n2C,,-1.239160245
7784,C-7785,,XAMBIJWZVIZZOG-UHFFFAOYSA-N,NNc1ccc(cc1)C,,-1.238779012
7785,C-7786,,LKHWKAGQNOMUFQ-UHFFFAOYSA-N,CCCNC(COC(=O)c1ccccc1)(C)C.Cl,,-1.238325832
7786,C-7787,,DHCQZOVMJDSSAA-UHFFFAOYSA-N,CC(C1(C)CC(=O)NC(=O)C1)C,,-1.237679265
7787,C-7788,,NKBASRXWGAGQDP-UHFFFAOYSA-N,Clc1ccc(c(c1)C(=O)O)O,,-1.236950199
7788,C-7789,,QSJYRVSERRYRMJ-UHFFFAOYSA-N,CCOC(=O)C(C(C(F)(F)F)(C(F)(F)F)O)C(=O)C,,-1.236005301
7789,C-7790,,YWWBVUKXYSHFSO-UHFFFAOYSA-N,CC(=O)C(C(C(F)(F)F)(C(F)(F)F)O)C(=O)C,,-1.234776839
7790,C-7791,,ILNSRQWEUTXPPQ-UHFFFAOYSA-N,CSc1c(Cl)nc(nc1N1CCNCC1)NC,,-1.233286479
7791,C-7792,,QERYCTSHXKAMIS-UHFFFAOYSA-N,OC(=O)c1cccs1,,-1.232640402
7792,C-7793,,CSEWAUGPAQPMDC-UHFFFAOYSA-N,OC(=O)Cc1ccc(cc1)N,,-1.232606106
7793,C-7794,,NRPFNQUDKRYCNX-UHFFFAOYSA-N,COc1ccc(cc1)CC(=O)O,,-1.231430051
7794,C-7795,,ICKCVNJKNQLYJF-UHFFFAOYSA-N,CCCCCC(NCCSS(=O)(=O)O)C,,-1.231114347
7795,C-7796,,VAJCSPZKMVQIAP-UHFFFAOYSA-N,Cc1ccc2c(c1)C(=O)C(=O)N2,,-1.23090728
7796,C-7797,,UEHZKEABUOAZSH-UHFFFAOYSA-N,O=C1Nc2c(C1=O)cccc2C,,-1.23090728
7797,C-7798,,KDICASSDSSYKMK-UHFFFAOYSA-N,O=C1Nc2c(C1=O)c(C)ccc2,,-1.23090728
7798,C-7799,,COLNVLDHVKWLRT-MRVPVSSYSA-N,N[C@@H](C(=O)O)Cc1ccccc1,,-1.23
7799,C-7800,,SKIVFJLNDNKQPD-UHFFFAOYSA-N,CC(=O)NS(=O)(=O)c1ccc(cc1)N,,-1.23
7800,C-7801,,UGQMRVRMYYASKQ-DEGSGYPDSA-N,OC[C@@H]1O[C@@H]([C@H]([C@H]1O)O)n1cnc2c1ncnc2O,,-1.23
7801,C-7802,,RCFRTWDBBMGLGK-UHFFFAOYSA-N,CCC1(C)C(=O)NC(=O)NC1=O,,-1.23
7802,C-7803,,QIVBCDIJIAJPQS-SECBINFHSA-N,OC(=O)[C@@H](Cc1c[nH]c2c1cccc2)N,,-1.23
7803,C-7804,,UGQMRVRMYYASKQ-KQYNXXCUSA-N,OC[C@H]1O[C@H]([C@@H]([C@@H]1O)O)n1cnc2c1[nH]cnc2=O,,-1.229848644
7804,C-7805,,GJSURZIOUXUGAL-UHFFFAOYSA-N,Clc1cccc(c1NC1=NCCN1)Cl,,-1.229001749
7805,C-7806,,ORRZGUBHBVWWOP-UHFFFAOYSA-N,CCC1(C)CC(=O)NC(=O)C1,,-1.228371956
7806,C-7807,,YOLLUMURPUEOJW-UHFFFAOYSA-N,CC1(CNC1)c1ccccc1,,-1.22695549
7807,C-7808,,DMULVCHRPCFFGV-UHFFFAOYSA-N,CN(CCc1c[nH]c2c1cccc2)C,,-1.225960263
7808,C-7809,,RPTUSVTUFVMDQK-UHFFFAOYSA-N,NNc1nncc2c1cccc2,,-1.224104944
7809,C-7810,,NDAUXUAQIAJITI-GFCCVEGCSA-N,OCc1cc(ccc1O)[C@@H](CNC(C)(C)C)O,,-1.22
7810,C-7811,,BAYAKMPRFGNNFW-UHFFFAOYSA-N,OC(C(C)C)C(C)C,,-1.22
7811,C-7812,,NDAUXUAQIAJITI-UHFFFAOYSA-N,OCc1cc(ccc1O)C(CNC(C)(C)C)O	,,-1.22
7812,C-7813,,XENUZQKXLSDMDY-UHFFFAOYSA-N,OS(=O)(=O)SCCNCCCc1ccccc1,,-1.2198259
7813,C-7814,,SDOHGYUYKZFOOW-UHFFFAOYSA-N,OCCCCCC/N=C(/CSS(=O)(=O)O)\N,,-1.219758046
7814,C-7815,,ZZGMTCKULVMTDB-UHFFFAOYSA-N,OC(C(N(C(=O)C)C)C)c1ccccc1,,-1.219632699
7815,C-7816,,NZDNCDGEHXHPCO-UHFFFAOYSA-N,[O-][N+](=O)N(CCO[N+](=O)[O-])CCO[N+](=O)[O-],,-1.21907482
7816,C-7817,,AANLIOPOVSJZLY-UHFFFAOYSA-N,[O-][N+](=O)c1nccn1CC(CCl)O,,-1.218897311
7817,C-7818,,UWHUTZOCTZJUKC-JKSUJKDBSA-N,Oc1ccc2c(c1)OC[C@]1([C@@H]2c2cc(O)c(cc2C1)O)O,,-1.218498477
7818,C-7819,,HRHKSTOGXBBQCB-VFWICMBZSA-N,CO[C@@]12[C@@H]3[C@@H](N3C)CN2C2=C([C@H]1COC(=O)N)C(=O)C(=C(C2=O)C)N,,-1.218362512
7819,C-7820,,SRGKFVAASLQVBO-BTJKTKAUSA-N,CN(CCC(c1ccccn1)c1ccc(cc1)Br)C.OC(=O)/C=C\C(=O)O,,-1.217202688
7820,C-7821,,IRATYSMPOJBEIJ-UHFFFAOYSA-N,OCCCNc1ccccc1C(=O)N,,-1.215707755
7821,C-7822,,QKLVXOYMOLDCNG-UHFFFAOYSA-N,CCOc1ccccc1N1C(=O)C2C(C1=O)C1OC2CC1,,-1.215320251
7822,C-7823,,RDLPVSKMFDYCOR-UEKVPHQBSA-N,O=C([C@@H](C1=CCC=CC1)N)N[C@@H]1C(=O)N2[C@@H]1SCC(=C2C(=O)O)C,,-1.214949512
7823,C-7824,,IQZBVVPYTDHTIP-UHFFFAOYSA-N,NC(=O)Nc1ccc(cc1)F,,-1.214337001
7824,C-7825,,SHNJNXNMYKGBGP-UHFFFAOYSA-N,OC(Cc1ccccc1)CNC(C)C,,-1.214327356
7825,C-7826,,ZXQKYQVJDRTTLZ-UHFFFAOYSA-N,CCN(C(=O)C1CCCNC1)CC,,-1.21240683
7826,C-7827,,XWOVYFGIWQEHHR-UHFFFAOYSA-K,OC(=O)C1=C/C(=C(\c2ccc(c(c2)C(=O)O)[O-])/c2ccc(c(c2)C(=O)[O-])[O-])/C=CC1=O.[Na+].[Na+].[Na+],,-1.211556584
7827,C-7828,,IABBAGAOMDWOCW-UHFFFAOYSA-N,OC(=O)C(CC(=O)O)(CC(=O)O)O.CCN(CCOC(=O)c1cccnc1)CC,,-1.210891105
7828,C-7829,,RZXMPPFPUUCRFN-UHFFFAOYSA-N,Cc1ccc(cc1)N,,-1.21
7829,C-7830,,CFVWNXQPGQOHRJ-UHFFFAOYSA-N,C=CC(=O)OCC(C)C,,-1.21
7830,C-7831,,GJRQTCIYDGXPES-UHFFFAOYSA-N,CC(COC(=O)C)C,,-1.21
7831,C-7832,,METKIMKYRPQLGS-UHFFFAOYSA-N,OC(COc1ccc(cc1)CC(=O)N)CNC(C)C	,,-1.21
7832,C-7833,,MWBWWFOAEOYUST-UHFFFAOYSA-N,Nc1ncc2c(n1)nc[nH]2,,-1.209950395
7833,C-7834,,OZHPKSFNBCNLER-UHFFFAOYSA-M,O=c1[n-]c(=O)n(c2c1n(C)cn2)C.[Na+],,-1.208761584
7834,C-7835,,NTJJPDBWQWPWKN-UHFFFAOYSA-N,CC(=O)Nc1oc(c(n1)C)C,,-1.208448709
7835,C-7836,,XJKSERUTELYNMR-UHFFFAOYSA-N,CCCn1c(=O)n(C)c2c(c1=O)n(C)cn2,,-1.208219428
7836,C-7837,,DJVBBLAMBGWOCZ-UHFFFAOYSA-N,O=C1C2C3CCC(C2C(=O)N1c1ccccc1Cl)O3,,-1.208053704
7837,C-7838,,AKEUNCKRJATALU-UHFFFAOYSA-N,OC(=O)c1c(O)cccc1O,,-1.207403926
7838,C-7839,,MYGVPKMVGSXPCQ-JEDNCBNOSA-N,N[C@H](C(=O)O)CC[S+](C)C.[Cl-],,-1.204844777
7839,C-7840,,SIDLZWOQUZRBRU-UHFFFAOYSA-N,CCC1(CC)C(=O)NCC(C1=O)C,,-1.20424089
7840,C-7841,,AGLXDWOTVQZHIQ-UHFFFAOYSA-N,O=c1[nH]c2c(o1)cc(c(c2)Cl)O,,-1.204033396
7841,C-7842,,BOASKSPVGGTZKJ-UHFFFAOYSA-N,C1Sc2ncccc2NC1=O,,-1.203592454
7842,C-7843,,DRBAJMGSRKIURK-UHFFFAOYSA-N,CC(C#C)NCc1ccccc1,,-1.202899781
7843,C-7844,,KQVQBPSOWVZVQD-UHFFFAOYSA-M,CC[N+](CCOC(=O)C(c1ccccc1)(c1ccccc1)O)(CC)C.[Cl-],,-1.202638889
7844,C-7845,,OTJOZBNDDQBXQC-UHFFFAOYSA-M,CC[N+](CCCOC(=O)C(c1ccccc1)(c1ccccc1)O)(C)C.[Cl-],,-1.202638889
7845,C-7846,,AMQRUBLLHGHUCR-UHFFFAOYSA-L,Nc1ccccc1N.[Cl-].[Cl-].[Pt+2],,-1.201767572
7846,C-7847,,TUEJFGFQYKDAPM-UHFFFAOYSA-N,Cc1ccc(cc1)N(c1cccc(c1)O)CC1=NCCN1.Cl,,-1.201147115
7847,C-7848,,NWINIEGDLHHNLH-UHFFFAOYSA-N,Cc1cc(O)c2c(n1)cccc2,,-1.2
7848,C-7849,,VGQLNJWOULYVFV-OJOKCITNSA-N,COC(=O)[C@@H]1[C@H]2C=C[C@@H]([C@@H]1C(=O)OC)C2,,-1.2
7849,C-7850,,KMTDMTZBNYGUNX-UHFFFAOYSA-N,OCc1ccc(cc1)C,,-1.2
7850,C-7851,,RZWRYPGAUIOOMK-UHFFFAOYSA-N,O=Nc1ccc(c2c1cccn2)O,,-1.199553237
7851,C-7852,,PZZHMLOHNYWKIK-UHFFFAOYSA-N,OC(=O)C(c1ccccc1O)NCCNC(c1ccccc1O)C(=O)O,,-1.198808962
7852,C-7853,,ICFXZZFWRWNZMA-UHFFFAOYSA-N,CCN(C(C(=O)c1ccccc1)C)CC.Cl,,-1.19869122
7853,C-7854,,VFKZTMPDYBFSTM-KVTDHHQDSA-N,BrC[C@H]([C@H]([C@@H]([C@@H](CBr)O)O)O)O,,-1.198245503
7854,C-7855,,VFKZTMPDYBFSTM-GUCUJZIJSA-N,BrC[C@H]([C@@H]([C@@H]([C@H](CBr)O)O)O)O,,-1.198245503
7855,C-7856,,KATMQOFDULSKOZ-CHHCPSLASA-N,Cn1ccn(/c/1=C\[NH+]=O)COCC1CCCCC1.[Cl-],,-1.196621576
7856,C-7857,,QQBPIHBUCMDKFG-GEEYTBSJSA-N,Nc1ccc(c(n1)N)/N=N/c1ccccc1.Cl,,-1.196024897
7857,C-7858,,UHBGYFCCKRAEHA-UHFFFAOYSA-N,NC(=O)c1ccc(cc1)C,,-1.195713015
7858,C-7859,,PLLGIMWGTWNSQB-UHFFFAOYSA-N,OCC(COc1ccccc1C(=O)C)O,,-1.195587826
7859,C-7860,,WLBDHRQPFMZSBF-UHFFFAOYSA-N,OCC(COc1ccc(cc1)C(=O)C)O,,-1.195587826
7860,C-7861,,XLUFVYWWUQRZCL-UHFFFAOYSA-N,[O-][N+](=O)c1nccn1CC(COCC)O,,-1.194873697
7861,C-7862,,KSLSOBUAIFEGLT-UHFFFAOYSA-N,C#CC(c1ccccc1)(O)C,,-1.192665559
7862,C-7863,,HUMNYLRZRPPJDN-UHFFFAOYSA-N,O=Cc1ccccc1,,-1.1900001
7863,C-7864,,KUFFULVDNCHOFZ-UHFFFAOYSA-N,Cc1ccc(c(c1)C)O,,-1.1900001
7864,C-7865,,JWDYCNIAQWPBHD-UHFFFAOYSA-N,OCC(COc1ccccc1C)O,,-1.188711628
7865,C-7866,,NPDBEUDAYBQLHV-UHFFFAOYSA-N,Cc1[nH]nc(c(=O)c1)N1CCOCC1,,-1.183318788
7866,C-7867,,HVQGUIQVKSROJF-UHFFFAOYSA-N,COc1ccccc1NCC(=O)N,,-1.182053306
7867,C-7868,,KTKDYVVUGTXLJK-UHFFFAOYSA-N,CCCN(C(=O)N)CCC,,-1.181295863
7868,C-7869,,FBHPVOLRIXZZMD-UHFFFAOYSA-N,COC(=O)C(Cc1ccc(cc1)Cl)N,,-1.180506144
7869,C-7870,,ASSKVPFEZFQQNQ-UHFFFAOYSA-N,O=c1oc2c([nH]1)cccc2,,-1.178321093
7870,C-7871,,OAIXNMHLYQAFPH-UHFFFAOYSA-N,CN(CCOCCCOC(=O)c1ccc(cc1)N)C,,-1.17746476
7871,C-7872,,RPDVFFALGUJAPM-UHFFFAOYSA-M,[S-]C(=S)N1CCCCC1.[Na+],,-1.176714961
7872,C-7873,,BXZVVICBKDXVGW-NKWVEPMBSA-N,OC[C@@H]1CC[C@@H](O1)n1cnc2c1[nH]cnc2=O,,-1.174679801
7873,C-7874,,YRRWOZRDSFWKLZ-UHFFFAOYSA-L,C[N+](Cc1ccccc1)(CCCCCCCCCC[N+](Cc1ccccc1)(C)C)C.[Br-].[Br-],,-1.174190756
7874,C-7875,,JJVUBVYJJVCKSL-UHFFFAOYSA-N,CN(C1CC(=C(c2c1cccc2)c1ccccc1)S(=O)(=O)O)C,,-1.173349779
7875,C-7876,,RNAGZQQIHXIDQH-UHFFFAOYSA-N,CN1CCC(CC1)(C(=O)C)c1cccc(c1)O,,-1.172035563
7876,C-7877,,CXUDIIIEZHHTDL-UHFFFAOYSA-N,N#CCNc1ccccc1C(=O)N,,-1.171261869
7877,C-7878,,FJBFPHVGVWTDIP-UHFFFAOYSA-N,BrCBr,,-1.17
7878,C-7879,,HEDRZPFGACZZDS-UHFFFAOYSA-N,ClC(Cl)Cl,,-1.17
7879,C-7880,,TZYRSLHNPKPEFV-UHFFFAOYSA-N,CCC(CO)CC,,-1.17
7880,C-7881,,ZQZJKHIIQFPZCS-UHFFFAOYSA-N,CCCNC(=O)N,,-1.165950319
7881,C-7882,,JYGFTBXVXVMTGB-UHFFFAOYSA-N,O=C1Cc2c(N1)cccc2,,-1.163965507
7882,C-7883,,UTUUGODMVOQPEQ-UHFFFAOYSA-N,CCCCN1C(=S)SCC1=O,,-1.163186613
7883,C-7884,,IBQXSHMLSZXUHF-UHFFFAOYSA-N,CCCC[NH2+]CC(c1ccccc1)O.[Cl-],,-1.162594653
7884,C-7885,,WMISISUCUDFLOA-UHFFFAOYSA-N,FCCN(P1(=O)NCCCO1)CCF,,-1.162377904
7885,C-7886,,DXPMJCLOFQOSSS-UHFFFAOYSA-N,CN(Cn1c(=O)oc2c1cc(Cl)cc2)C,,-1.162250286
7886,C-7887,,XWVMYVGJUIEGPC-UHFFFAOYSA-L,CC[Hg]OC(=O)C[S-].[K+],,-1.162213565
7887,C-7888,,OLBMBFHNGDUGST-UHFFFAOYSA-N,COc1ccc(c(c1)CC(N)C)OC.Cl,,-1.160843537
7888,C-7889,,NOMHBBFEJSVGSC-UHFFFAOYSA-N,ClCCS(=O)CCCl,,-1.16
7889,C-7890,,BCMCBBGGLRIHSE-UHFFFAOYSA-N,c1ccc2c(c1)ocn2,,-1.16
7890,C-7891,,LNTHITQWFMADLM-UHFFFAOYSA-N,OC(=O)c1cc(O)c(c(c1)O)O,,-1.16
7891,C-7892,,WMSQREUDUHHDDC-UHFFFAOYSA-N,C=CCC1(C)C(=O)NC(=O)NC1=O,,-1.16
7892,C-7893,,KBLOTQMFQLJJPR-UHFFFAOYSA-N,CC1CNC(N1)(C(F)(F)F)C(F)(F)F.O,,-1.157764311
7893,C-7894,,XRAILAIVPUNDJC-UHFFFAOYSA-N,OCC(COc1ccccc1OC)(O)C,,-1.156575753
7894,C-7895,,HHRZAEJMHSGZNP-UHFFFAOYSA-N,NNC(c1ccccc1)C,,-1.15507783
7895,C-7896,,CDMRYARHYKNFLS-UHFFFAOYSA-N,CCCC(C(=O)N)(C)C,,-1.1541444
7896,C-7897,,DNVMAHXEIATJSW-UHFFFAOYSA-N,CN1CCN(C1=Nc1ncc(s1)[N+](=O)[O-])C,,-1.153844566
7897,C-7898,,RMBRPGBOGSJHEX-UHFFFAOYSA-M,OC(c1ccccc1)C(=O)OC1CC2CCC(C1)[N+]2(C)Cc1ccccc1.[Br-],,-1.152779954
7898,C-7899,,MQXOLBLJDLXICK-UHFFFAOYSA-L,[O-]S(=O)c1ccccc1CSSCc1ccccc1S(=O)[O-].[Na+].[Na+].O.O.O,,-1.150665447
7899,C-7900,,HMSVXZJWPVIVIV-ZCFIWIBFSA-N,CC[C@H](C(C)(C)C)O,,-1.15
7900,C-7901,,BNWQEHYYXTVKOF-UHFFFAOYSA-N,c1ccc(cc1)Cn1cncn1,,-1.148458634
7901,C-7902,,HIZFHSGLPYLSFU-UHFFFAOYSA-N,CC(CNc1ccccc1C(=O)N)O,,-1.147503052
7902,C-7903,,VPNYRYCIDCJBOM-UHFFFAOYSA-M,O=C(C(c1ccccc1)(C1CCCC1)O)OC1CC[N+](C1)(C)C.[Br-],,-1.145257792
7903,C-7904,,TWXDDNPPQUTEOV-UHFFFAOYSA-N,CNC(Cc1ccccc1)C.Cl,,-1.144948593
7904,C-7905,,TWXDDNPPQUTEOV-SBSPUUFOSA-N,CN[C@@H](Cc1ccccc1)C.Cl,,-1.144948593
7905,C-7906,,ZYDUNXCLPOKBNQ-UHFFFAOYSA-N,CC1(C)CC=CC(N1)(C)C,,-1.144204764
7906,C-7907,,SDQUZFKATDFLLP-UHFFFAOYSA-N,CCCC(COC(=O)N)COC(=O)N,,-1.142793697
7907,C-7908,,WBJZSYNORLRGOJ-UHFFFAOYSA-M,CC([N+](CCOC(=O)C(c1ccccc1)(c1ccccc1)O)(C)C)C.[Cl-],,-1.141224588
7908,C-7909,,KQKPFRSPSRPDEB-UHFFFAOYSA-N,CNS(=O)(=O)Cc1ccc2c(c1)c(CCN(C)C)c[nH]2,,-1.140810713
7909,C-7910,,CXQWRCVTCMQVQX-LSDHHAIUSA-N,Oc1cc2O[C@H](c3ccc(c(c3)O)O)[C@H](C(=O)c2c(c1)O)O,,-1.140221799
7910,C-7911,,GGPCERYTJXDGOH-UHFFFAOYSA-N,O=C1Cc2ccccc2S(=O)(=O)N1C,,-1.140074448
7911,C-7912,,AWIJPALBOQNRBS-UHFFFAOYSA-N,COc1cnc2c(n1)cncn2,,-1.14
7912,C-7913,,OPTASPLRGRRNAP-UHFFFAOYSA-N,Nc1cc[nH]c(=O)n1,,-1.14
7913,C-7914,,PCWGTDULNUVNBN-UHFFFAOYSA-N,OCCCC(C)C,,-1.14
7914,C-7915,,TXFPEBPIARQUIG-UHFFFAOYSA-N,CC(=O)c1ccc(cc1)O,,-1.138382419
7915,C-7916,,BWHAMWGGORIDBK-UHFFFAOYSA-N,OS(=O)(=O)O.NNc1nnc(c2c1cccc2)NN,,-1.137598247
7916,C-7917,,ZVNYYNAAEVZNDW-UHFFFAOYSA-N,Nc1ccnn1c1ccccc1,,-1.13746325
7917,C-7918,,QEHKQNYBBLCFIJ-UHFFFAOYSA-N,Nc1[nH]ncc1c1ccccc1,,-1.13746325
7918,C-7919,,SILNNFMWIMZVEQ-UHFFFAOYSA-N,O=c1[nH]c2c([nH]1)cccc2,,-1.136990997
7919,C-7920,,NSLJAVZPTLLIER-UHFFFAOYSA-N,CC1=NN(C(=O)CC1)CCc1ccncc1,,-1.135606638
7920,C-7921,,NRJCXKSPPCEIAQ-UHFFFAOYSA-N,Brc1ccc(nc1)OCCNCCSS(=O)(=O)O,,-1.133000685
7921,C-7922,,JIOUJVPLJOQUFD-UHFFFAOYSA-N,CCC(C(=O)NC(=O)N)CC,,-1.132883299
7922,C-7923,,MRUDNSFOFOQZDA-UHFFFAOYSA-N,OC(=O)c1c(Cl)cccc1Cl,,-1.130907122
7923,C-7924,,RXOIEVSUURELPG-UHFFFAOYSA-N,CCNC1=NC(=O)C(O1)c1ccccc1,,-1.13056562
7924,C-7925,,YPHMISFOHDHNIV-SPFNVWMYSA-N,C[C@H]1C[C@@H](C)C(=O)[C@H](C1)[C@H](CC1CC(=O)NC(=O)C1)O,,-1.13
7925,C-7926,,DQUIGLNWFFUKSE-UHFFFAOYSA-N,OC(COC(=O)C)COc1ccccc1,,-1.129568026
7926,C-7927,,ATDJBVLEABOLOI-UHFFFAOYSA-M,CC(=CC=CN1CCCCC1)C=[N+]1CCCCC1.[Cl-],,-1.129346085
7927,C-7928,,OTFFCAGPSWJBDK-UHFFFAOYSA-N,Nc1cccc2c1[nH]nc2,,-1.127842578
7928,C-7929,,KGKSTPKEAQNJJD-UHFFFAOYSA-N,CC(C#CBr)(CC)O,,-1.127499923
7929,C-7930,,YPHMISFOHDHNIV-FSZOTQKASA-N,C[C@H]1C[C@H](C)C(=O)[C@@H](C1)[C@@H](CC1CC(=O)NC(=O)C1)O,,-1.127030697
7930,C-7931,,ZTXDHEQQZVFGPK-UHFFFAOYSA-N,O=c1n(CC2OC2)c(=O)n(n1CC1OC1)CC1OC1,,-1.126970929
7931,C-7932,,OXZTXUBLTWIENJ-UHFFFAOYSA-N,CC(C(COC(=O)N)(COC(=O)NCC#C)C)C,,-1.125450766
7932,C-7933,,CIEZMYRJRCLYNF-UHFFFAOYSA-N,CC(C12COP(=O)(OC1)OC2)C,,-1.125280157
7933,C-7934,,SGLGUTWNGVJXPP-UHFFFAOYSA-N,N#Cc1cc(C#N)cc(c1)C#N,,-1.124402146
7934,C-7935,,ILAJRTDNJJZPMG-UHFFFAOYSA-N,CC(=O)CNc1ccccc1C(=O)N,,-1.124226861
7935,C-7936,,OJVABJMSSDUECT-UHFFFAOYSA-L,[O-]S(=O)(=O)[O-].COc1c(OC)ccc2c1c[n+]1CCc3c(c1c2)cc1c(c3)OCO1.COc1c(OC)ccc2c1c[n+]1CCc3c(c1c2)cc1c(c3)OCO1,,-1.123879876
7936,C-7937,,SJNWVWZUCJZLGK-UHFFFAOYSA-N,OCC(COc1ccccc1F)O,,-1.123809679
7937,C-7938,,HBOMLICNUCNMMY-XLPZGREQSA-N,OC[C@H]1O[C@H](C[C@@H]1N=[N+]=[N-])n1cc(C)c(=O)[nH]c1=O,,-1.123713531
7938,C-7939,,MIWKMBLORLMHOJ-UHFFFAOYSA-N,CCC(C(=O)N)C(C)C,,-1.123606333
7939,C-7940,,XGYICSXQOIEICF-UHFFFAOYSA-N,O=c1[nH]c2c(o1)cc(c(c2)Cl)N,,-1.123167465
7940,C-7941,,JILCEWWZTBBOFS-UHFFFAOYSA-N,CNc1c(C)n(n(c1=O)c1ccccc1)C,,-1.122159914
7941,C-7942,,IIUOQVUAQZTVHA-UHFFFAOYSA-N,OS(=O)(=O)SCCNC1CCCCCC1,,-1.120462533
7942,C-7943,,ZNSMNVMLTJELDZ-UHFFFAOYSA-N,ClCCOCCCl,,-1.12
7943,C-7944,,DZGWFCGJZKJUFP-UHFFFAOYSA-N,NCCc1ccc(cc1)O,,-1.12
7944,C-7945,,QRMNMQPMRJCVMQ-UHFFFAOYSA-N,Clc1cccnc1OCCCNCCSS(=O)(=O)O,,-1.119843656
7945,C-7946,,GQKJIYAQMYZWPY-UHFFFAOYSA-N,Clc1ccc(nc1)OCCCNCCSS(=O)(=O)O,,-1.119843656
7946,C-7947,,QGOXHXFKOTUXNE-UHFFFAOYSA-N,CCC(COC(=O)N)COC(=O)NC,,-1.119779333
7947,C-7948,,RRBSZTYIWIHPST-UHFFFAOYSA-N,OCC(Cn1c(=O)c2n(C)cnc2n(c1=O)C)O,,-1.11969682
7948,C-7949,,OOQWOQSMHKWCEB-XOZOLZJESA-N,C[C@@H]1N(C)CCO[C@H]1c1ccccc1.Cl,,-1.119377938
7949,C-7950,,PVDMXWQWDSFJFI-BBJSDXRSSA-O,CCCCCCOCN1C=C[NH+](/C/1=C/[NH+]=O)C.[Cl-],,-1.119303278
7950,C-7951,,FBIVTBYHXAWRQD-UHFFFAOYSA-N,CCC(C#CCl)(C=C)O,,-1.118769631
7951,C-7952,,VXTWEDPZMSVFEF-UHFFFAOYSA-N,NNC(Cc1ccccc1)C,,-1.115289763
7952,C-7953,,HAWPXGHAZFHHAD-UHFFFAOYSA-N,ClCCN(CCCl)C,,-1.114082527
7953,C-7954,,YHAHUGQQOBPXOZ-UIPPETONSA-N,NC(=O)OC[C@@H]1N=C(N)N2[C@@]3([C@H]1NC(=N3)N)C(O)(O)CC2.Cl.Cl,,-1.111844675
7954,C-7955,,NEEHYRZPVYRGPP-IYEMJOQQSA-L,OC[C@H]([C@H]([C@@H]([C@H](C(=O)[O-])O)O)O)O.OC[C@H]([C@H]([C@@H]([C@H](C(=O)[O-])O)O)O)O.[Ca+2],,-1.111399785
7955,C-7956,,ZEKZLJVOYLTDKK-UHFFFAOYSA-N,CCn1cc(C(=O)O)c(=O)c2c1c(F)c(N1CCNC(C1)C)c(c2)F,,-1.110697261
7956,C-7957,,NIKKSNUDXYPTRO-UHFFFAOYSA-N,COc1ncc2c(n1)nccn2,,-1.11
7957,C-7958,,KCCOKUSVNPDIBJ-UHFFFAOYSA-N,COc1ncnc2c1nccn2,,-1.11
7958,C-7959,,PFNHSEQQEPMLNI-LURJTMIESA-N,CCC[C@@H](CO)C,,-1.11
7959,C-7960,,QZTMHCLQBRFNOF-UHFFFAOYSA-N,NNC(=O)c1cc(Cl)nc(c1)Cl,,-1.109802048
7960,C-7961,,GSDSWSVVBLHKDQ-UHFFFAOYSA-N,CN1CCN(CC1)c1c(F)cc2c3c1OCC(n3cc(c2=O)C(=O)O)C,,-1.106783532
7961,C-7962,,HBSCPBXJXNOCOA-UHFFFAOYSA-N,CC1NCCOC1c1ccccc1.Clc1[nH]c2c(n1)n(C)c(=O)n(c2=O)C,,-1.105988114
7962,C-7963,,KUMCLYGZVRXJMG-UHFFFAOYSA-N,CCC1(CC)C(=O)NC(=O)NC1=S,,-1.105685885
7963,C-7964,,VMXUWOKSQNHOCA-UKTHLTGXSA-N,CN/C(=C\[N+](=O)[O-])/NCCSCc1ccc(o1)CN(C)C,,-1.105494977
7964,C-7965,,KGIFNEFQLJMDQJ-UHFFFAOYSA-N,CN1C(C)(C)CCC1(C)C,,-1.104690074
7965,C-7966,,UEJSSZHHYBHCEL-UHFFFAOYSA-N,Nc1ccc(cc1)S(=O)(=O)[N-]c1ncccn1.[Ag+],,-1.104127298
7966,C-7967,,LZMATGARSSLFMQ-UHFFFAOYSA-N,CC(NC(=O)N)C,,-1.103387217
7967,C-7968,,ITIMVGQIEWDPHB-UHFFFAOYSA-N,[O-][N+](=O)c1nccn1CC(=O)NCC(CO)O,,-1.101975835
7968,C-7969,,UZJLYRRDVFWSGA-UHFFFAOYSA-N,CC(=O)NCc1ccccc1,,-1.10149852
7969,C-7970,,NYGBABLOVPPBIK-UHFFFAOYSA-N,CCC[NH2+]C(C(c1ccccc1)O)C.[Cl-],,-1.101180351
7970,C-7971,,DBMBOQURAYUHGJ-UHFFFAOYSA-N,CCCC(C(c1ccccc1)O)[NH2+]C.[Cl-],,-1.101180351
7971,C-7972,,LWBDLDRSUCFTEB-JLHYYAGUSA-N,O=C(c1ccccc1)/C=N/N1CCOCC1,,-1.100920088
7972,C-7973,,XYPQGNNSAIEXIS-UHFFFAOYSA-N,CNC(=O)Oc1cccc(c1)[N+](CC)(CC)C.[I-],,-1.100474282
7973,C-7974,,BWPMHDNLIGQVLN-UHFFFAOYSA-N,ClCC(=O)Nc1ccc(cc1)[As](=O)(O)O,,-1.100303971
7974,C-7975,,BMVXCPBXGZKUPN-UHFFFAOYSA-N,CCCCCCN,,-1.1
7975,C-7976,,LCPDWSOZIOUXRV-UHFFFAOYSA-N,OC(=O)COc1ccccc1,,-1.1
7976,C-7977,,ZAFNJMIOTHYJRJ-UHFFFAOYSA-N,CC(OC(C)C)C,,-1.1
7977,C-7978,,WQOSZFNCFHKQTA-UHFFFAOYSA-N,OS(=O)(=O)O.CCOC(=O)N1CCN(CC1)C(=N)N,,-1.099925289
7978,C-7979,,OJCZPLDERGDQRJ-UHFFFAOYSA-N,OC(=O)C(CC(=O)O)(CC(=O)O)O.COCC1(CCN(CC1)CCc1cccs1)N(c1ccccc1)C(=O)CC,,-1.09967839
7979,C-7980,,VMQHGBUSMBFWHN-UHFFFAOYSA-N,NCCCCNC(=O)c1ccccc1,,-1.098918242
7980,C-7981,,UQCNKQCJZOAFTQ-ISWURRPUSA-N,O=C1CC[C@@]2([C@@]34[C@H]1Oc1c4c(C[C@H]2N(CC3)C)ccc1O)O,,-1.098667521
7981,C-7982,,OVRNILYWDQLUFB-UHFFFAOYSA-N,COc1c(OC)cccc1C(=O)OCCN(C)C.Cl,,-1.098420473
7982,C-7983,,XCENPWBBAXQVCG-UHFFFAOYSA-N,O=CC1(CCNCC1)c1ccccc1,,-1.098077299
7983,C-7984,,NDVWOBYBJYUSMF-UHFFFAOYSA-N,CC1CCCCC1O,,-1.096674271
7984,C-7985,,BOKLXRSOBOAPTP-UHFFFAOYSA-N,COC(=O)C(=O)N1C2CCC1CN(C2)C,,-1.096396711
7985,C-7986,,UCAGLBKTLXCODC-UHFFFAOYSA-N,OC(=O)c1ccc(cc1)S(=O)(=O)N,,-1.095715812
7986,C-7987,,HJLSLZFTEKNLFI-UHFFFAOYSA-N,CCS(=O)(=O)CCn1c(C)ncc1[N+](=O)[O-],,-1.095190428
7987,C-7988,,OQNKZWDYYSHLPO-UHFFFAOYSA-N,NNC(=O)CC(C)C,,-1.094957236
7988,C-7989,,AUFSOOYCQYDGES-UHFFFAOYSA-N,CNCC(c1ccccc1)C,,-1.094695264
7989,C-7990,,IQYJSKNHDZZDGA-UHFFFAOYSA-N,COc1cccccc1=O,,-1.092624929
7990,C-7991,,GZFGOTFRPZRKDS-UHFFFAOYSA-N,Oc1ccc(cc1)Br,,-1.09
7991,C-7992,,RDHPKYGYEGBMSE-UHFFFAOYSA-N,CCBr,,-1.09
7992,C-7993,,UUQQOJIPZZOPGZ-UHFFFAOYSA-N,NCCCCCCCF,,-1.087110363
7993,C-7994,,UEEYLGDMBFXUIB-UHFFFAOYSA-N,CN1CC2CCC(C1C)C2,,-1.086865401
7994,C-7995,,DZDXQECBERXVDV-UHFFFAOYSA-M,CCN(C(=S)[S-])CC.[Tl+],,-1.084936038
7995,C-7996,,LAQPNDIUHRHNCV-UHFFFAOYSA-N,N#Cc1cccc(c1)C#N,,-1.084823773
7996,C-7997,,WVGCPEDBFHEHEZ-UHFFFAOYSA-N,Brc1c[nH]nc1,,-1.084458128
7997,C-7998,,VSRBKQFNFZQRBM-UHFFFAOYSA-N,CCCCCC(N)C,,-1.08439897
7998,C-7999,,XGXDBLPZUSKNSA-SCZZXKLOSA-N,C[C@@H]1C[C@@H](C(=O)N1c1ccccc1)N,,-1.083415882
7999,C-8000,,FQJXITFHANYMET-UHFFFAOYSA-N,CCCCCOCC(CO)O,,-1.083023693
8000,C-8001,,NNBFNNNWANBMTI-UHFFFAOYSA-M,[O-]S(=O)(=O)O.CCN(c1ccc(cc1)/C(=C/1\C=CC(=[N+](CC)CC)C=C1)/c1ccccc1)CC,,-1.08156243
8001,C-8002,,UBSPKGKFFQKZJB-UHFFFAOYSA-N,COC(=O)CCC[N+](=O)[O-],,-1.081341404
8002,C-8003,,YBRQEOLOGGLDGM-UHFFFAOYSA-M,CCCCCCCCCCCC[N+](CCO)(CCO)C.[Cl-],,-1.080720355
8003,C-8004,,KRIMXCDMVRMCTC-UHFFFAOYSA-N,CCCCC(O)(C)C,,-1.08
8004,C-8005,,QQONPFPTGQHPMA-UHFFFAOYSA-N,CC=C,,-1.08
8005,C-8006,,NGXUUAFYUCOICP-UHFFFAOYSA-N,CCn1c(=O)n(CC=C)c(cc1=O)N,,-1.079942733
8006,C-8007,,OKFRDMBIDGPCCX-UHFFFAOYSA-N,OC(=O)C(OC1CCCCC1)(C)C,,-1.079766938
8007,C-8008,,MUCZHBLJLSDCSD-UHFFFAOYSA-N,CC(OP(=O)(OC(C)C)F)C,,-1.077643927
8008,C-8009,,FAKRSMQSSFJEIM-RQJHMYQMSA-N,SC[C@H](C(=O)N1CCC[C@H]1C(=O)O)C,,-1.07623908
8009,C-8010,,QCDYQQDYXPDABM-UHFFFAOYSA-N,Oc1cc(O)cc(c1)O,,-1.075447104
8010,C-8011,,MNAHXOPJHCWFKN-JRUHLWALSA-N,O=[NH+]/C=c\1/n(COCCCc2ccccc2)ccn1C.[Cl-],,-1.075098605
8011,C-8012,,MCBNZMRZUYBCAD-MWMYENNMSA-N,CC(CC(C)(C)C)OCn1ccn(/c/1=C/[NH+]=O)C.[Cl-],,-1.074714534
8012,C-8013,,GHASVSINZRGABV-UHFFFAOYSA-N,Fc1c[nH]c(=O)[nH]c1=O,,-1.0700001
8013,C-8014,,XVTZQNZGUDNVOW-UHFFFAOYSA-N,CN(C1CN(C(=O)C1)c1ccccc1)C,,-1.064698278
8014,C-8015,,YJQYMUPERFRTJO-UHFFFAOYSA-N,[O-][N+](=O)/N=C(/n1nc(cc1C)C)\N,,-1.064199653
8015,C-8016,,UNEPJNUFVDMRKA-UHFFFAOYSA-N,CCCC(CCC)[NH3+].[Cl-],,-1.063651269
8016,C-8017,,AOZOQYULWUHLSQ-UHFFFAOYSA-N,CCOP(=O)(OP(=O)(N(C)C)N(C)C)OCC,,-1.063526289
8017,C-8018,,IZTQPCTXSWRFSB-UHFFFAOYSA-N,CCOP(=O)(N(C)C)OP(=O)(N(C)C)OCC,,-1.063526289
8018,C-8019,,RKSKSWSMXZYPFW-UHFFFAOYSA-N,OC(=O)C(CC(=O)O)NCc1ccccc1,,-1.063191359
8019,C-8020,,POZZPXLZWADZGS-UHFFFAOYSA-M,CCCCCCC(=O)Oc1cccc(c1)[N+](C)(C)C.[Br-],,-1.061257005
8020,C-8021,,RKMGAJGJIURJSJ-UHFFFAOYSA-N,CC1(C)CCCC(N1)(C)C,,-1.06046117
8021,C-8022,,ISPYQTSUDJAMAB-UHFFFAOYSA-N,Oc1ccccc1Cl,,-1.0599999
8022,C-8023,,WSLDOOZREJYCGB-UHFFFAOYSA-N,ClCCCl,,-1.0599999
8023,C-8024,,HJOVHMDZYOCNQW-UHFFFAOYSA-N,CC1=CC(=O)CC(C1)(C)C,,-1.0599999
8024,C-8025,,FUZZWVXGSFPDMH-UHFFFAOYSA-N,CCCCCC(=O)O,,-1.0599999
8025,C-8026,,HRYZWHHZPQKTII-UHFFFAOYSA-N,CCCl,,-1.0599999
8026,C-8027,,BCJMNZRQJAVDLD-CQRYIUNCSA-N,C/C=C\1/C[C@@H](C)[C@](O)(CO)C(=O)OCC2=CCN3[C@H]2[C@H](OC1=O)CC3,,-1.05739082
8027,C-8028,,WFLFOFDFIHOEFA-UHFFFAOYSA-N,OCC(COc1ccc(cc1C)N)O,,-1.056935657
8028,C-8029,,WRIAZWHRIAAAMU-UHFFFAOYSA-N,CCC=C(COC(=O)N)COC(=O)N,,-1.055382648
8029,C-8030,,XNSAINXGIQZQOO-SRVKXCTJSA-N,O=C1CC[C@H](N1)C(=O)N[C@H](C(=O)N1CCC[C@H]1C(=O)N)Cc1[nH]cnc1,,-1.051320345
8030,C-8031,,MYWUZJCMWCOHBA-UHFFFAOYSA-N,CNC(Cc1ccccc1)C,,-1.050024869
8031,C-8032,,WRLGYAWRGXKSKG-UHFFFAOYSA-M,CCC1(C(=O)NC(=NC1=O)[O-])c1ccccc1.[Na+],,-1.049185548
8032,C-8033,,LCGFVWKNXLRFIF-UHFFFAOYSA-N,NC1CCc2c(C1)cccc2,,-1.044118093
8033,C-8034,,MFOCDFTXLCYLKU-CMPLNLGQSA-N,C[C@@H]1N(C)CCO[C@H]1c1ccccc1,,-1.043358872
8034,C-8035,,MYSWGUAQZAJSOK-UHFFFAOYSA-N,Fc1cc2c(cc1N1CCNCC1)n(cc(c2=O)C(=O)O)C1CC1,,-1.043161762
8035,C-8036,,WCJHPDVYERQRGZ-UHFFFAOYSA-N,CCN(C(=O)N1CCN(CC1)C)CC.Cl,,-1.040024294
8036,C-8037,,LPAGFVYQRIESJQ-UHFFFAOYSA-N,c1ccc2c(c1)NCC2,,-1.04
8037,C-8038,,XRMVWAKMXZNZIL-UHFFFAOYSA-N,CCC(CO)(C)C,,-1.04
8038,C-8039,,LOMFXRJCLQQSJH-UHFFFAOYSA-N,OCC1COC(O1)(C)CCl,,-1.039834016
8039,C-8040,,GUCPYIYFQVTFSI-UHFFFAOYSA-N,COc1ccc(cc1)C(=O)N,,-1.038943177
8040,C-8041,,BNTXITGTFRZWPE-UHFFFAOYSA-N,OC(c1ccccc1)C(NC(C)C)C.Cl,,-1.036969284
8041,C-8042,,ZNQJFIFFHMOZQQ-UHFFFAOYSA-N,CN1CCc2c(C1)cccc2.Cl,,-1.036172802
8042,C-8043,,DLWOTOMWYCRPLK-UVTDQMKNSA-N,COC1=C(OC)C=C/C(=c\2/c(N)c([nH]c(c2C)C(=O)O)c2ccc3c(n2)C(=O)C(=C(C3=O)OC)N)/C1=O,,-1.036168675
8043,C-8044,,NQPJDJVGBDHCAD-UHFFFAOYSA-N,O=C1NCCCN1,,-1.033914192
8044,C-8045,,IKVCCOSAYBITFB-UHFFFAOYSA-N,NNc1nnc(c2c1cccc2)NN.Cl,,-1.033170918
8045,C-8046,,ICGLPKIVTVWCFT-UHFFFAOYSA-N,NNS(=O)(=O)c1ccc(cc1)C,,-1.032001208
8046,C-8047,,VKPLPDIMEREJJF-UHFFFAOYSA-N,COc1cccc(c1)C(=O)N,,-1.030540227
8047,C-8048,,RZVAJINKPMORJF-UHFFFAOYSA-N,CC(=O)Nc1ccc(cc1)O,,-1.03
8048,C-8049,,FICAQKBMCKEFDI-UHFFFAOYSA-N,Cc1onc(c1)C,,-1.029065931
8049,C-8050,,QARRCHMPOZWNED-UHFFFAOYSA-N,CC1CCCC(N1)(C)C,,-1.029045979
8050,C-8051,,SQMCFUSVGSBKFK-UHFFFAOYSA-N,O=C1NC(=O)C(C(=O)N1C)(C)C1=CCCCC1.[Na+],,-1.028130901
8051,C-8052,,IJHNSHDBIRRJRN-UHFFFAOYSA-N,CN(CCC(c1ccccn1)c1ccccc1)C,,-1.028082953
8052,C-8053,,YFESJHPTNWYOCO-UHFFFAOYSA-N,OCC(CCl)(CCl)CO,,-1.027810418
8053,C-8054,,IVKQLFYZTJODMJ-UHFFFAOYSA-N,CNCCc1c[nH]c2c1cccc2.Cl,,-1.027009651
8054,C-8055,,DPWPWRLQFGFJFI-UHFFFAOYSA-N,CN(Cc1ccccc1)CC#C,,-1.026518509
8055,C-8056,,FSODIQQHMZLLSA-UHFFFAOYSA-N,Nc1ccc(cc1)C(=O)Nc1ncc[nH]1,,-1.024784296
8056,C-8057,,DRLZGRQTCWVOKV-UHFFFAOYSA-N,CC(Cc1cc(C)c(c(c1)C)O)N.Cl,,-1.024262237
8057,C-8058,,MLAWCOBYMMKWMA-NSLJXJERSA-N,O/N=C/1\CCC/C(=N\O)/C1=O,,-1.023255269
8058,C-8059,,RSQUAQMIGSMNNE-UHFFFAOYSA-N,O=C1Cc2c(N1C)cccc2,,-1.018620834
8059,C-8060,,XEIDPXZIMOWYQI-UHFFFAOYSA-N,Nc1ccc2c(c1)CON(C2)C(=O)C,,-1.016622326
8060,C-8061,,USAHOPJHPJHUNS-IFCNUISUSA-N,OS(=O)(=O)O.O[C@H]1C=C[C@@H]2[C@@]34[C@H]1Oc1c4c(C[C@H]2N(CC3)C)ccc1O.O[C@H]1C=C[C@@H]2[C@@]34[C@H]1Oc1c4c(C[C@H]2N(CC3)C)ccc1O,,-1.015709276
8061,C-8062,,RTZZCYNQPHTPPL-UHFFFAOYSA-N,Oc1cccc(c1)[N+](=O)[O-],,-1.01
8062,C-8063,,AVMSWPWPYJVYKY-UHFFFAOYSA-N,O=COCC(C)C,,-1.01
8063,C-8064,,IWVCMVBTMGNXQD-PXOLEDIWSA-N,OC(COc1cccc2c1C[C@H](O)[C@@H](C2)O)CNC(C)(C)C	,,-1.01
8064,C-8065,,WSHYKIAQCMIPTB-UHFFFAOYSA-M,CC(=O)CC(c1c(=O)oc2c(c1[O-])cccc2)c1ccccc1.[K+],,-1.00940702
8065,C-8066,,IYTZFCYXBYJPPR-UHFFFAOYSA-N,N#CCn1c(C)ncc1[N+](=O)[O-],,-1.008286602
8066,C-8067,,PFQDPIRIPKGLJL-UHFFFAOYSA-N,C[NH+](CCOC(=O)COc1ccccc1)C.[Cl-],,-1.007981952
8067,C-8068,,LWCIBYRXSHRIAP-UHFFFAOYSA-N,OCC(COCc1ccccc1)O,,-1.007740604
8068,C-8069,,CKPOISPEUWPZBX-UHFFFAOYSA-N,CCC(NC)(CC)C.Cl,,-1.007736296
8069,C-8070,,DTVKHGYUYWRPAS-UHFFFAOYSA-N,CCNC(CC)(C)C.Cl,,-1.007736296
8070,C-8071,,RHZBRCQIKQUQHQ-UHFFFAOYSA-N,ClC(=O)CN1C(=O)c2c(C1=O)cccc2,,-1.007072425
8071,C-8072,,BCKXMQIYWWTZDP-UHFFFAOYSA-N,CNC(=O)c1ccccc1O,,-1.006264951
8072,C-8073,,PQLXJCRFZCRBNF-UHFFFAOYSA-N,OCCNc1ccccc1.Cl,,-1.00412133
8073,C-8074,,VOBHRQFELWTZFS-AWLRYRRCSA-K,O=C1/C(=N\Nc2ccc(c3c2cccc3)S(=O)(=O)[O-])/c2ccc(cc2C=C1S(=O)(=O)[O-])S(=O)(=O)[O-].[Na+].[Na+].[Na+],,-1.003217035
8074,C-8075,,MTEQLYDOCFPCAX-UHFFFAOYSA-N,Clc1nccc(n1)N(C)C,,-1.001659316
8075,C-8076,,PINNQKFNRKECFX-UHFFFAOYSA-N,CCNc1nncs1,,-1.000608932
8076,C-8077,,CRPNQSVBEWWHIJ-UHFFFAOYSA-N,O=Cc1ccc(c(c1O)O)O,,-1.000341097
8077,C-8078,,INQOMBQAUSQDDS-UHFFFAOYSA-N,CI,,-1.0
8078,C-8079,,JFDZBHWFFUWGJE-UHFFFAOYSA-N,N#Cc1ccccc1,,-1.0
8079,C-8080,,KYWJZCSJMOILIZ-ZETCQYMHSA-N,CCC[C@](CC)(O)C,,-1.0
8080,C-8081,,UVRGEKVEVCNKET-UHFFFAOYSA-N,OCC(CNc1ccc(cc1)C)O,,-0.998170684
8081,C-8082,,RQWQIVXLPCFXCO-OWOJBTEDSA-N,OCN(c1ncc(nn1)/C=C/c1ccc(o1)[N+](=O)[O-])CO,,-0.997399729
8082,C-8083,,VNDHYTGVCGVETQ-UHFFFAOYSA-N,NC(=O)c1ccc(cc1)F,,-0.99389065
8083,C-8084,,FIIUIEQMEKWLPT-UHFFFAOYSA-N,OCCn1c(C)cnc1[N+](=O)[O-],,-0.993842433
8084,C-8085,,UGWULZWUXSCWPX-UHFFFAOYSA-N,O=C1CNC(=S)N1,,-0.993092336
8085,C-8086,,UIGROZQTAVYLMH-UHFFFAOYSA-N,CN1CCOC(C1)(O)c1ccccc1.Cl,,-0.993067687
8086,C-8087,,UZECCNDOASGYNH-UHFFFAOYSA-N,N#Cc1ccc(cc1)S(=O)(=O)N,,-0.991729342
8087,C-8088,,DJWYOLJPSHDSAL-ROUUACIJSA-N,OCC([C@H](C(=O)NCCC(=O)NCCSSCCNC(=O)CCNC(=O)[C@@H](C(CO)(C)C)O)O)(C)C,,-0.990949029
8088,C-8089,,AZQWKYJCGOJGHM-UHFFFAOYSA-N,O=C1C=CC(=O)C=C1,,-0.99000001
8089,C-8090,,CXBDYQVECUFKRK-UHFFFAOYSA-N,CCCCOC,,-0.99000001
8090,C-8091,,GNXFOGHNGIVQEH-QMMMGPOBSA-N,COc1ccccc1OC[C@@H](COC(=O)N)O,,-0.99000001
8091,C-8092,,WINXNKPZLFISPD-UHFFFAOYSA-M,O=C1[N-]S(=O)(=O)c2c1cccc2.[Na+],,-0.989879725
8092,C-8093,,FXNYSZHYMGWWEZ-UHFFFAOYSA-N,Cn1c(=O)n(CC(=C)C)c(cc1=O)N,,-0.989498762
8093,C-8094,,FFKUDWZICMJVPA-UHFFFAOYSA-N,OC(=O)c1ccccc1OP(=O)(O)O,,-0.987441311
8094,C-8095,,FKJIJBSJQSMPTI-CAOXKPNISA-M,[O-]C(=O)CC[C@H]([C@H]1CC[C@@H]2[C@]1(C)C(=O)C[C@H]1[C@H]2C(=O)C[C@H]2[C@]1(C)CCC(=O)C2)C.[Na+],,-0.987409557
8095,C-8096,,UVDDFTZLVFIQFL-VOTSOKGWSA-N,ONC(=O)/C=C/c1ccccc1,,-0.987346975
8096,C-8097,,XKBBLYSGQCPRSO-UHFFFAOYSA-N,COCCNCC(C(Oc1ccccc1)(C)C)O,,-0.987066687
8097,C-8098,,AITDPMAXOVTSTP-UHFFFAOYSA-N,N(Cc1ccccc1)CCNCc1ccccc1.O=C1NC(C(C1C(=O)C)O)C(C)(C)C.O=C1NC(C(C1C(=O)C)O)C(C)(C)C,,-0.986513471
8098,C-8099,,SDNGTEVPTBGTKK-UHFFFAOYSA-N,CN(CCC(=O)c1ccc(cc1)C)C.Cl,,-0.986356179
8099,C-8100,,JLDCNMJPBBKAHH-UHFFFAOYSA-N,Nc1ccc(cc1)S(=O)(=O)[N-]c1ncccn1.[Na+],,-0.98627433
8100,C-8101,,JXDYKVIHCLTXOP-UHFFFAOYSA-N,O=C1C(=O)Nc2c1cccc2,,-0.983871053
8101,C-8102,,JOLPMPPNHIACPD-ZZXKWVIFSA-N,OC(=O)/C=C/c1ccc(cc1)N,,-0.982207335
8102,C-8103,,OTXSBWFUHZIFLR-UHFFFAOYSA-N,Cc1cccc(c(=O)c1)O,,-0.981729269
8103,C-8104,,XLAOKZDOZHZWBK-UHFFFAOYSA-N,CC(Cc1ccc2c(c1)OCO2)N.Cl,,-0.981621316
8104,C-8105,,DGXWNDGLEOIEGT-UHFFFAOYSA-N,CC(Cc1ccc(cc1)F)N,,-0.981138783
8105,C-8106,,RBQOQRRFDPXAGN-UHFFFAOYSA-N,CCCn1cnc2c1c(=O)n(CCCCC(=O)C)c(=O)n2C,,-0.981090588
8106,C-8107,,CHMBIJAOCISYEW-UHFFFAOYSA-N,CC(=O)Nc1ccc(cc1)N,,-0.98000002
8107,C-8108,,GWIJGCIVKLITQK-UHFFFAOYSA-N,Nc1ccc(cc1)S(=O)(=O)[N-]c1nccs1.[Na+],,-0.979044336
8108,C-8109,,FGOFNVXHDGQVBG-UHFFFAOYSA-N,COc1ccccc1NC(=O)C,,-0.978689532
8109,C-8110,,JZWFDVDETGFGFC-UHFFFAOYSA-N,CC(=O)NC(=O)c1ccccc1O,,-0.978427093
8110,C-8111,,WPFYQSJKOJNEMK-UHFFFAOYSA-N,O=C1C2C3CCC(C2C(=O)N1c1ccccc1C)O3,,-0.977451928
8111,C-8112,,HDJLSECJEQSPKW-UHFFFAOYSA-N,COC(=O)c1ccco1,,-0.976248745
8112,C-8113,,FCPZQUBCYSQZFZ-FEXGMLSNSA-N,O=[NH+]/C=c/1\n(COC/C=C\c2ccccc2)ccn1C.[Cl-],,-0.974886803
8113,C-8114,,UZLYOWSQVRAOBL-UHFFFAOYSA-M,Oc1cccc(c1)C(=O)[O-].[Na+],,-0.973953261
8114,C-8115,,OSIGAIXSSYAHEG-UHFFFAOYSA-N,Nc1ccc2c(c1)ccc(=O)o2.Cl,,-0.973607205
8115,C-8116,,IHONYPFTXGQWAX-UHFFFAOYSA-N,COc1ccccc1OCC(=O)O,,-0.972239553
8116,C-8117,,GRVMJKAAXNELJW-UHFFFAOYSA-N,CCC(c1ccccc1)N.Cl,,-0.972238258
8117,C-8118,,PSQIKYRNQLTHDK-UHFFFAOYSA-N,CC(=O)Nc1n[nH]c(cc1=O)C,,-0.971028594
8118,C-8119,,IDYZIJYBMGIQMJ-UHFFFAOYSA-N,CCn1cc(C(=O)O)c(=O)c2c1nc(N1CCNCC1)c(c2)F,,-0.970168775
8119,C-8120,,RYYVLZVUVIJVGH-UHFFFAOYSA-N,Cn1cnc2c1c(=O)n(C)c(=O)n2C,,-0.97000003
8120,C-8121,,XRECTZIEBJDKEO-UHFFFAOYSA-N,Nc1nc(=O)[nH]cc1F,,-0.97000003
8121,C-8122,,GWOFUCIGLDBNKM-UHFFFAOYSA-N,OCC(COC(=O)c1ccccc1Nc1ccnc2c1ccc(c2)Cl)O,,-0.969421725
8122,C-8123,,CUSYXOQIPLRISK-UHFFFAOYSA-N,[O-][N+](=O)CCCC(=O)N,,-0.968676934
8123,C-8124,,INSXAGGBFMXUIH-UHFFFAOYSA-N,CS(=O)(=O)O.CNCC(c1cccc(c1)NS(=O)(=O)C)O,,-0.968519948
8124,C-8125,,SGZRQMALQBXAIQ-UHFFFAOYSA-N,CC(Cc1ccc(cc1)O)NCC(c1cc(O)cc(c1)O)O.Br,,-0.967636128
8125,C-8126,,BJYBJYYHZYGRIW-UHFFFAOYSA-L,CC[N+](CC[N+]1(C)Cc2c(C1)c(Cl)c(c(c2Cl)Cl)Cl)(CC)C.[I-].[I-],,-0.966067793
8126,C-8127,,VNGUYOQHHPRKLZ-UHFFFAOYSA-N,COc1c(cccc1OC)CC(N)C.Cl,,-0.963562979
8127,C-8128,,UVKXJAUUKPDDNW-NSCUHMNNSA-N,C/C=C/CC#N,,-0.95999998
8128,C-8129,,KXDAEFPNCMNJSK-UHFFFAOYSA-N,NC(=O)c1ccccc1,,-0.95999998
8129,C-8130,,FUSGACRLAFQQRL-UHFFFAOYSA-N,CCN(C(=O)N)N=O,,-0.95999998
8130,C-8131,,DKMROQRQHGEIOW-UHFFFAOYSA-N,CCOC(=O)CCC(=O)OCC,,-0.95999998
8131,C-8132,,RGHHSNMVTDWUBI-UHFFFAOYSA-N,O=Cc1ccc(cc1)O,,-0.95999998
8132,C-8133,,QYKIQEUNHZKYBP-UHFFFAOYSA-N,C=COC=C,,-0.959735935
8133,C-8134,,FJVAQPINJBFBLI-UHFFFAOYSA-N,Cn1cnc2c(c1=O)cccc2,,-0.959331577
8134,C-8135,,IBHWREHFNDMRPR-UHFFFAOYSA-N,Oc1cc(O)c(c(c1)O)C(=O)O,,-0.958913768
8135,C-8136,,GPDXFYPVHRESMA-UHFFFAOYSA-N,Oc1cc(C(=O)O)c(cc1O)O,,-0.958913768
8136,C-8137,,NHYQQYMSESLQDX-UHFFFAOYSA-N,N#Cc1ncnc2c1[nH]cn2,,-0.95762225
8137,C-8138,,YCDXXCPZKJPBTE-UHFFFAOYSA-N,FCCSC#N,,-0.957268675
8138,C-8139,,SKRGPEBZTXSTCT-UHFFFAOYSA-N,CNCC(c1cccc(c1)OC(=O)C)OC(=O)C,,-0.956116584
8139,C-8140,,XHYFCIYCSYEDCP-UHFFFAOYSA-N,CC1(C)CCO1,,-0.955626256
8140,C-8141,,RVGLUKRYMXEQAH-UHFFFAOYSA-N,CC1(C)COC1,,-0.955626256
8141,C-8142,,NYHBQMYGNKIUIF-FTWQFJAYSA-N,OC[C@H]1O[C@H]([C@@H]([C@H]1O)O)n1cnc2c1[nH]c(N)nc2=O,,-0.95385015
8142,C-8143,,GGNMTJKRHHLJHH-UHFFFAOYSA-N,COc1cc(cc(c1OC)OC)C(=O)N,,-0.953661008
8143,C-8144,,NGSWKAQJJWESNS-ZZXKWVIFSA-N,OC(=O)/C=C/c1ccc(cc1)O,,-0.952816254
8144,C-8145,,JWYUFVNJZUSCSM-UHFFFAOYSA-N,Nc1nc2c([nH]1)cccc2,,-0.950585427
8145,C-8146,,LMTGCJANOQOGPI-UHFFFAOYSA-N,CN(c1ccccc1)C(=O)C,,-0.94999999
8146,C-8147,,RJNJWHFSKNJCTB-UHFFFAOYSA-N,NC(=O)NCc1ccccc1,,-0.94999999
8147,C-8148,,JJIUCEJQJXNMHV-UHFFFAOYSA-N,CCOP(=O)(SCCN(C(C)C)C(C)C)C,,-0.949988189
8148,C-8149,,PJISLFCKHOHLLP-UHFFFAOYSA-N,CCOP(=O)(OCC)SCCN(CC)CC,,-0.949862709
8149,C-8150,,KXKAXOZWSFAJTG-UHFFFAOYSA-N,CCP(=O)(OC(C)C)F,,-0.949815715
8150,C-8151,,SBUQZKJEOOQSBV-UHFFFAOYSA-N,CNC(Cc1ccc(cc1)O)C,,-0.949526675
8151,C-8152,,KCCLFMFYEDPKEL-UHFFFAOYSA-N,CCOC(=O)C1CC2CCN1CC2,,-0.949179157
8152,C-8153,,ZIGSKTZSJNCADJ-UHFFFAOYSA-N,Nc1ccc(cc1)C(=O)Nc1n[nH]nn1,,-0.948312993
8153,C-8154,,IAKHMKGGTNLKSZ-INIZCTEOSA-N,COc1c(OC)cc2c(c1OC)c1ccc(c(=O)cc1[C@H](CC2)NC(=O)C)OC,,-0.94824229
8154,C-8155,,LZXUGCWQXVQIDR-UHFFFAOYSA-N,OP(=O)(SCCCNCCCNCCCSP(=O)(O)O)O,,-0.948003133
8155,C-8156,,BQETUQVXROQUPT-UHFFFAOYSA-N,CSc1c(Cl)nc(nc1N1CCN(CC1)C)N,,-0.947447983
8156,C-8157,,IYTUKSIOQKTZEG-UHFFFAOYSA-N,OC(=O)Cc1ccc(c(c1)Cl)O,,-0.946608237
8157,C-8158,,QZAYGJVTTNCVMB-UHFFFAOYSA-N,NCCc1c[nH]c2c1cc(O)cc2,,-0.945022712
8158,C-8159,,SLKWSZYSOUHYME-UHFFFAOYSA-N,CCOC(=O)N1CCNCC1.Cl,,-0.944882214
8159,C-8160,,NCIKQJBVUNUXLW-UHFFFAOYSA-N,CNCCc1c[nH]c2c1cccc2,,-0.944500094
8160,C-8161,,FFTVPQUHLQBXQZ-KVUCHLLUSA-N,CN([C@@H]1C(=O)C(=C([C@@]2([C@H]1C[C@@H]1Cc3c(C(=C1C2=O)O)c(O)ccc3N(C)C)O)O)C(=O)N)C,,-0.944371617
8161,C-8162,,CLJMMQGDJNYDER-UHFFFAOYSA-N,CCCC(CCC)N,,-0.943263145
8162,C-8163,,DERJYEZSLHIUKF-UHFFFAOYSA-N,CNNCc1ccc(cc1)C(=O)NC(C)C.Cl,,-0.942871546
8163,C-8164,,XLKDJOPOOHHZAN-UHFFFAOYSA-N,c1ncc2c(c1)cc[nH]2,,-0.942381341
8164,C-8165,,SRSKXJVMVSSSHB-UHFFFAOYSA-N,c1ncc2c(c1)[nH]cc2,,-0.942381341
8165,C-8166,,VUVPNTYTOUGMDG-UHFFFAOYSA-N,OCCNC(=S)NCC=C,,-0.942306295
8166,C-8167,,KYXSVGVQGFPNRQ-UHFFFAOYSA-N,CN1CCc2c(C1)cccc2,,-0.940083029
8167,C-8168,,LFSAPCRASZRSKS-ZCFIWIBFSA-N,C[C@@H]1CCCCC1=O,,-0.94
8168,C-8169,,GRXKLBBBQUKJJZ-UHFFFAOYSA-N,CC(C(C)(C)C)OP(=O)(F)C,,-0.938269483
8169,C-8170,,SHPIBZXFYWMQBR-UHFFFAOYSA-M,O=C(C(c1cccs1)(c1ccccc1)O)OC1CC[N+](C1)(C)C.[Br-],,-0.937741879
8170,C-8171,,ABTXGJFUQRCPNH-UHFFFAOYSA-N,CCN(CCNC(=O)c1ccc(cc1)N)CC.Cl,,-0.937717357
8171,C-8172,,FMKMKBLHMONXJM-UHFFFAOYSA-N,Cc1nn(c(c1)N)c1ccccc1,,-0.937565506
8172,C-8173,,LCWKIAHCEIHHJE-UHFFFAOYSA-N,CN(Cc1cc(C)c(c(c1)C)O)C,,-0.937520315
8173,C-8174,,JNOZNCBBHYHMBY-UHFFFAOYSA-N,CC1=CCCC(N1C)(C)C,,-0.936944377
8174,C-8175,,VOZRXNHHFUQHIL-UHFFFAOYSA-N,CC(=C)C(=O)OCC1CO1,,-0.935275171
8175,C-8176,,GOAXEHDWLMGWIV-UHFFFAOYSA-N,COc1cc(CC(N)C)cc(c1OC)OC.Cl,,-0.93500647
8176,C-8177,,WEAVUIXCKWTMNE-UHFFFAOYSA-N,CN1CCN(C1c1ccc(cc1)Cl)C,,-0.934508757
8177,C-8178,,FBVLYAYUSWWENM-UHFFFAOYSA-N,[O-][N+](=O)c1cn(c(n1)Cl)C,,-0.932291531
8178,C-8179,,XWVOEFLBOSSYGM-UHFFFAOYSA-N,COc1cc(cc(c1OC)OC)C(=O)N1CCOCC1,,-0.931986201
8179,C-8180,,OBNUTEJYDRDZQQ-UHFFFAOYSA-N,CC(=O)Nc1ccc(cc1)OCC(C(O)C)O,,-0.931732033
8180,C-8181,,FVRDYQYEVDDKCR-DBRKOABJSA-N,OC[C@H]1O[C@H]([C@@H]([C@@H]1O)O)c1scc(n1)C(=O)N,,-0.931256692
8181,C-8182,,IHJUECRFYCQBMW-UHFFFAOYSA-N,CC(C#CC(O)(C)C)(O)C,,-0.930437151
8182,C-8183,,JACRWUWPXAESPB-QMMMGPOBSA-N,OC[C@@H](c1ccccc1)C(=O)O,,-0.93000001
8183,C-8184,,VOUGEZYPVGAPBB-XQRVVYSFSA-N,CO/C(=C\C(=O)O)/C(=O)C(=C)C,,-0.92983769
8184,C-8185,,SPCIYGNTAMCTRO-UHFFFAOYSA-N,CN(CCc1c[nH]c2c1c(O)ccc2)C,,-0.929276483
8185,C-8186,,SXCBDZAEHILGLM-UHFFFAOYSA-N,OCCCCCCCO,,-0.927838407
8186,C-8187,,QLNWXBAGRTUKKI-UHFFFAOYSA-N,CC(=O)Nc1cccc(c1)O,,-0.927812999
8187,C-8188,,LSAHUFPNCNCJLX-UHFFFAOYSA-N,NC1CCN(C1=O)c1ccc(cc1)F,,-0.926541516
8188,C-8189,,UICBCXONCUFSOI-UHFFFAOYSA-N,CC(=O)NNc1ccccc1,,-0.926194989
8189,C-8190,,QMNUDYFKZYBWQX-UHFFFAOYSA-N,O=c1nc[nH]c2c1cccc2,,-0.925496369
8190,C-8191,,POVITWJTUUJBNK-UHFFFAOYSA-N,C=CC(=O)Nc1ccc(cc1)O,,-0.924854526
8191,C-8192,,ZEHYJZXQEQOSON-AATRIKPKSA-N,CCC(C#C)(/C=C/Cl)O,,-0.923625055
8192,C-8193,,WAFIYOULDIWAKR-UHFFFAOYSA-N,CCC(c1ccccc1)(COC(=O)N)O,,-0.92271508
8193,C-8194,,INVVMIXYILXINW-UHFFFAOYSA-N,Cc1cc(=O)n2c(n1)nc[nH]2,,-0.921226828
8194,C-8195,,FMLSQAUAAGVTJO-UHFFFAOYSA-N,CC(CC(O)(C)C)C,,-0.92000002
8195,C-8196,,WAPNOHKVXSQRPX-SSDOTTSWSA-N,C[C@H](c1ccccc1)O,,-0.92000002
8196,C-8197,,YFDSDPIBEUFTMI-UHFFFAOYSA-N,OCC(Br)(Br)Br,,-0.919934433
8197,C-8198,,MJKVTPMWOKAVMS-UHFFFAOYSA-N,O=c1oc2ccccc2cc1O,,-0.919866271
8198,C-8199,,NPDFXFLCEDDWEG-UHFFFAOYSA-N,OS(=O)(=O)O.OS(=O)(=O)O.OS(=O)(=O)O.CCN(c1ccc(c(c1)C)N)CCNS(=O)(=O)C.CCN(c1ccc(c(c1)C)N)CCNS(=O)(=O)C,,-0.918390593
8199,C-8200,,RRKMWVISRMWBAL-UHFFFAOYSA-N,COc1cc(C=O)cc(c1O)O,,-0.918195642
8200,C-8201,,FLDSOXFRYVOGFK-UHFFFAOYSA-N,[O-][N+](=O)c1ncc([nH]1)[N+](=O)[O-],,-0.915556467
8201,C-8202,,WIBADEXUNPVVIP-UHFFFAOYSA-N,CNCCc1ccccc1.Cl,,-0.914543061
8202,C-8203,,RUHVDRGWCIAFLG-UHFFFAOYSA-N,CN(CCOc1ccccc1)C,,-0.910608609
8203,C-8204,,IPEHBUMCGVEMRF-UHFFFAOYSA-N,NC(=O)c1cnccn1,,-0.91000003
8204,C-8205,,NMUINCUJOZFODB-UHFFFAOYSA-N,COc1cnc2c(n1)ncnc2,,-0.91000003
8205,C-8206,,RCNOGGGBSSVMAS-UHFFFAOYSA-N,OC(=O)Cc1cscc1,,-0.909776024
8206,C-8207,,HIVLUCCOZZYOEF-UHFFFAOYSA-N,CCC(=O)N1CC(C)N(C(C1)C)C,,-0.909459416
8207,C-8208,,JHFYKGNJFTVPPY-UHFFFAOYSA-N,CCC(=O)N1C(C)CN(CC1C)C,,-0.909459416
8208,C-8209,,IDIICHZCEIGXGB-UHFFFAOYSA-N,SC(=S)N1CCNCC1,,-0.908337843
8209,C-8210,,OSCTXCOERRNGLW-VOTSOKGWSA-N,OCCNC(=O)/C=C/c1ccccc1,,-0.908092303
8210,C-8211,,ZSPPPAFDNHYXNW-FMQUCBEESA-N,N#CCCN(c1ccc(cc1)/N=N/c1ccc(cc1)[N+](=O)[O-])CC,,-0.907620919
8211,C-8212,,RGXCCTUBFMDKJO-UHFFFAOYSA-N,OCCN1CCN(CC1)c1nc(NC)nc(c1SC)Cl,,-0.90341258
8212,C-8213,,RUDQYVYWAGQGNG-UHFFFAOYSA-N,OCCNc1nc(N2CCN(CC2)C)c(c(n1)Cl)SC,,-0.90341258
8213,C-8214,,GEDVVYWLPUPJJZ-UHFFFAOYSA-N,Cc1cc2nc3ccc(=[N+](C)C)cc3sc2cc1N.[Cl-],,-0.903408216
8214,C-8215,,KYCBWEZLKCTALM-UHFFFAOYSA-N,NC(=O)CN1Cc2ccccc2OC1=O,,-0.903007854
8215,C-8216,,TXXWBTOATXBWDR-UHFFFAOYSA-N,CN(CCCCCCN(C)C)C,,-0.902475434
8216,C-8217,,VRRLMHJRNFXPRI-UHFFFAOYSA-N,NC(=NCc1ccccc1)N.CC(=O)O,,-0.902362079
8217,C-8218,,IHKPROKNRABKBI-UHFFFAOYSA-N,COc1ccc(cc1C(C([NH+](C)C)C)O)OC.[Cl-],,-0.901475661
8218,C-8219,,NGBBVGZWCFBOGO-UHFFFAOYSA-N,CC(Cc1ccc2c(c1)OCO2)N,,-0.901201507
8219,C-8220,,QVOFCQBZXGLNAA-UHFFFAOYSA-M,CCCC[N+](CCCC)(CCCC)C.[OH-],,-0.9010909
8220,C-8221,,OOXOYCKYWLCWLT-UHFFFAOYSA-M,CCCC[N+](CCC)(CCC)CCC.[OH-],,-0.9010909
8221,C-8222,,GKRZNOGGALENQJ-UHFFFAOYSA-N,CC(=O)NC(=O)N,,-0.89999998
8222,C-8223,,VNWKTOKETHGBQD-UHFFFAOYSA-N,C,,-0.89999998
8223,C-8224,,FTGPOQQGJVJDCT-UHFFFAOYSA-N,Nc1c2ccccc2nc2c1cccc2.Cl,,-0.899145212
8224,C-8225,,JTYLHYOCBGPMNO-UHFFFAOYSA-N,NN(c1ccccc1)Cc1ccccc1.Cl,,-0.896346803
8225,C-8226,,UEYIAABRKWHXJV-UHFFFAOYSA-M,NC(=O)CNc1ccc(cc1)[As](=O)(O)[O-].[Na+],,-0.893012288
8226,C-8227,,WLOGRANXQCUIPF-UHFFFAOYSA-N,NCCS(=O)(=O)N1CCCCC1,,-0.892992208
8227,C-8228,,ZTSJQQMUSULPRX-UHFFFAOYSA-M,CCCCOC(=O)CO[NH3+].[Cl-],,-0.892880502
8228,C-8229,,KYITYFHKDODNCQ-UHFFFAOYSA-M,CC(=O)CC(c1c(=O)oc2c(c1[O-])cccc2)c1ccccc1.[Na+],,-0.892587929
8229,C-8230,,ZLWYEPMDOUQDBW-UHFFFAOYSA-N,Nc1ccc(cn1)C(=O)N,,-0.891657811
8230,C-8231,,ALBSWLMUHHZLLR-UHFFFAOYSA-N,[O-][N+](=O)CC(=O)OC,,-0.891132807
8231,C-8232,,JPOXNPPZZKNXOV-UHFFFAOYSA-N,ClCBr,,-0.88999999
8232,C-8233,,YRSIFCHKXFKNME-LURJTMIESA-N,CC[C@@H](C(O)(C)C)C,,-0.88999999
8233,C-8234,,QNVRIHYSUZMSGM-ZCFIWIBFSA-N,CCCC[C@H](O)C,,-0.88999999
8234,C-8235,,WLJVXDMOQOGPHL-UHFFFAOYSA-N,OC(=O)Cc1ccccc1,,-0.88999999
8235,C-8236,,FSBZQLGCTYKSMP-UHFFFAOYSA-N,CCc1ccc(c(c1)CN(C)C)O,,-0.88987868
8236,C-8237,,XUZKWGHQFMAXTE-UHFFFAOYSA-N,SC/C(=[NH+]\CCc1ccc(c(c1)OC)OC)/N.[Cl-],,-0.888415518
8237,C-8238,,VABTXEYLYWGJRB-UHFFFAOYSA-N,NC(=N)SCCSC(=N)N.Br.Br,,-0.88814886
8238,C-8239,,IVVNZDGDKPTYHK-UHFFFAOYSA-N,CC(C(C)(C)C)/N=C(/Nc1ccncc1)\NC#N,,-0.885959976
8239,C-8240,,FHIDNBAQOFJWCA-UAKXSSHOSA-N,OC[C@H]1O[C@H]([C@@H]([C@@H]1O)O)n1cc(F)c(=O)[nH]c1=O,,-0.883326956
8240,C-8241,,RBGDLYUEXLWQBZ-UHFFFAOYSA-N,NC(=O)c1ccccc1Cl,,-0.883178757
8241,C-8242,,SANOUVWGPVYVAV-UHFFFAOYSA-N,CC(CC(=O)N)C,,-0.883073608
8242,C-8243,,BYCNQOVVSOKZEP-UHFFFAOYSA-N,[O-][N+](=O)c1cccnc1OCCCNCCSS(=O)(=O)O,,-0.881696286
8243,C-8244,,SBQYWGXLAKUAKB-UHFFFAOYSA-N,[O-][N+](=O)c1ccc(nc1)OCCCNCCSS(=O)(=O)O,,-0.881696286
8244,C-8245,,YAHRDLICUYEDAU-UHFFFAOYSA-N,CCC(CC(N)C)C,,-0.880256099
8245,C-8246,,SELFEGODBFAHGT-VOTSOKGWSA-N,OCCN(C(=O)/C=C/c1ccccc1)CCO,,-0.880228855
8246,C-8247,,FDWRKMPNEIXNOE-UHFFFAOYSA-N,CC1=NS(=O)(=O)c2c(N1)cccc2,,-0.880123604
8247,C-8248,,QBKCGCOHIUEGDX-UHFFFAOYSA-N,CCOC(=O)N1CCN(CC1)C(C)C.Cl,,-0.880117068
8248,C-8249,,AQGSZYZZVTYOMQ-UHFFFAOYSA-N,CCCC(C(=O)C)C(=O)C,,-0.88
8249,C-8250,,MQWCXKGKQLNYQG-LJGSYFOKSA-N,C[C@@H]1CC[C@H](CC1)O,,-0.88
8250,C-8251,,QCRFMSUKWRQZEM-UHFFFAOYSA-N,OC1CCCCCC1,,-0.88
8251,C-8252,,LBSFSRMTJJPTCW-DSXUQNDKSA-N,C=C[C@H]1CN2CC[C@H]1C[C@H]2[C@@H](c1ccnc2c1cc(OC)cc2)O.Cl,,-0.879758256
8252,C-8253,,QUPKCFBHJFNUEW-UHFFFAOYSA-N,CCC1=NCCN1,,-0.877942536
8253,C-8254,,LHCPRYRLDOSKHK-UHFFFAOYSA-N,Nc1ncnc2c1cn[nH]2,,-0.877898746
8254,C-8255,,UVUYSPTYWQXNLX-UHFFFAOYSA-N,C=CCN1C(=S)NCC1=O,,-0.875626036
8255,C-8256,,MZZYGYNZAOVRTG-UHFFFAOYSA-N,O=C(c1ccccc1O)Nc1ncn[nH]1,,-0.875463438
8256,C-8257,,PJMQBIMLDBAWRK-UHFFFAOYSA-N,NCCc1cc(OC)ccc1OC.Cl,,-0.875446447
8257,C-8258,,QNBOLLYOPCWBRB-DHZHZOJOSA-N,CCCO/N=C/c1cccnc1,,-0.87495017
8258,C-8259,,LOYFUELOTCGIOH-UHFFFAOYSA-N,Clc1ccc2c(c1)n(C(=O)C)c(=O)o2,,-0.87373128
8259,C-8260,,VCYBVWFTGAZHGH-UHFFFAOYSA-N,O=C1c2ccccc2N(C1=O)C,,-0.872602492
8260,C-8261,,VATYWCRQDJIRAI-UHFFFAOYSA-N,O=Cc1ccc(cc1)N,,-0.872163443
8261,C-8262,,QFLPSIUFCCCRMI-UHFFFAOYSA-N,ClCc1cccc(n1)C.Cl,,-0.872158712
8262,C-8263,,AANUQVPVSJJCRI-UHFFFAOYSA-N,Clc1cnc2c(n1)ncnc2,,-0.87
8263,C-8264,,YAVYBQFUSWPIQK-UHFFFAOYSA-N,Clc1cnc2c(n1)cncn2,,-0.87
8264,C-8265,,WGTASENVNYJZBK-UHFFFAOYSA-N,COc1cc(CC(N)C)cc(c1OC)OC,,-0.869436088
8265,C-8266,,LUHUIAWMUOEPTR-UHFFFAOYSA-N,CCCCSC(c1ccccn1)C(=O)N.Cl,,-0.868499576
8266,C-8267,,CFASZFVMLVOUHC-UHFFFAOYSA-M,COc1ccc(cc1C(C[N+](C)(C)C)C)OC.[Cl-],,-0.868061104
8267,C-8268,,SHOWAGCIRTUYNA-UHFFFAOYSA-N,COc1cc2CNCCc2cc1OC.Cl,,-0.867013945
8268,C-8269,,CXKWCBBOMKCUKX-UHFFFAOYSA-M,CN(c1ccc2c(c1)sc1c(n2)ccc(=[N+](C)C)c1)C.[Cl-],,-0.865461237
8269,C-8270,,LSLYOANBFKQKPT-UHFFFAOYSA-N,CC(Cc1ccc(cc1)O)NCC(c1cc(O)cc(c1)O)O,,-0.865269932
8270,C-8271,,NWJIWGNFMQWTDD-UHFFFAOYSA-N,CNC(=S)NCCCN.Br.Br,,-0.862682564
8271,C-8272,,CFCUWKMKBJTWLW-BKHRDMLASA-N,CO[C@@H]([C@@H]1Cc2cc3cc(O[C@@H]4O[C@H](C)[C@H]([C@@H](C4)O[C@H]4C[C@@H](O)[C@@H]([C@H](O4)C)O)O)c(c(c3c(c2C(=O)[C@H]1O[C@@H]1O[C@H](C)[C@H]([C@@H](C1)O[C@@H]1O[C@H](C)[C@@H]([C@@H](C1)O[C@@H]1O[C@H](C)[C@H]([C@@](C1)(C)O)O)O)O)O)O)C)C(=O)[C@H]([C@H](O)C)O,,-0.862597478
8272,C-8273,,HKOIXWVRNLGFOR-KOFBORESSA-N,COc1ccc2c3c1O[C@@H]1[C@@]43CCN[C@H](C2)[C@@H]4C=C[C@@H]1O,,-0.862524525
8273,C-8274,,WRONACHIHQGZSD-JGAZGGJJSA-N,CCN([C@H]([C@@H](c1ccccc1)O)C)C.Cl,,-0.861564657
8274,C-8275,,SMQUZDBALVYZAC-UHFFFAOYSA-N,O=Cc1ccccc1O,,-0.86000001
8275,C-8276,,UULSDCUWMKTMND-UHFFFAOYSA-N,NC(=O)CNc1ccc(cc1)[As](=O)(O)O,,-0.859282501
8276,C-8277,,JBWSEIGJTHGZRV-UHFFFAOYSA-N,O=C1Cc2ccccc2S(=O)(=O)N1,,-0.85876186
8277,C-8278,,PGSADBUBUOPOJS-UHFFFAOYSA-N,CN(c1ccc2c(c1)nc1c(n2)cc(c(c1)N)C)C.Cl,,-0.858505602
8278,C-8279,,ARZNUKACBZOBTQ-IRIIKGHASA-N,C=CCC(OCn1ccn(/c/1=C/[NH+]=O)C)CCC=C.[Cl-],,-0.857110929
8279,C-8280,,ONJSZLXSECQROL-UHFFFAOYSA-N,OC(=O)CNC(=O)c1ccccc1O,,-0.85617251
8280,C-8281,,ITEQSCBLCCNACE-UHFFFAOYSA-N,O=C1C=C(OC(=O)N(C)C)CC(C1)(C)C,,-0.85000002
8281,C-8282,,RNVCVTLRINQCPJ-UHFFFAOYSA-N,Cc1ccccc1N,,-0.85000002
8282,C-8283,,JJYPMNFTHPTTDI-UHFFFAOYSA-N,Cc1cccc(c1)N,,-0.85000002
8283,C-8284,,ZRKWMRDKSOPRRS-UHFFFAOYSA-N,O=NN(C(=O)N)C,,-0.85000002
8284,C-8285,,NGFMICBWJRZIBI-UJPOAAIJSA-N,OC[C@H]1O[C@@H](Oc2ccccc2CO)[C@@H]([C@H]([C@@H]1O)O)O,,-0.85000002
8285,C-8286,,FJKIXWOMBXYWOQ-UHFFFAOYSA-N,CCOC=C,,-0.85000002
8286,C-8287,,HGBOYTHUEUWSSQ-UHFFFAOYSA-N,CCCCC=O,,-0.85000002
8287,C-8288,,XKIRHOWVQWCYBT-UHFFFAOYSA-N,CCC(CC)(CC)O,,-0.85000002
8288,C-8289,,RFZHJHSNHYIRNE-ZETCQYMHSA-N,CC[C@@](C(C)C)(O)C,,-0.85000002
8289,C-8290,,DMSMPAJRVJJAGA-UHFFFAOYSA-N,O=c1[nH]sc2c1cccc2,,-0.849089186
8290,C-8291,,RDMOROXKXONCAL-UEKVPHQBSA-N,COC1=C(C(=O)O)N2[C@H](SC1)[C@@H](C2=O)NC(=O)[C@@H](C1=CCC=CC1)N,,-0.848443526
8291,C-8292,,MKTOIPPVFPJEQO-UHFFFAOYSA-N,O=C(OOC(=O)CCC(=O)O)CCC(=O)O,,-0.847068476
8292,C-8293,,HETKPDLDBOPSJP-UHFFFAOYSA-N,NCCS/C(=N\CC)/N.Br.Br,,-0.846595745
8293,C-8294,,OMIHMYNWDWUMGW-UHFFFAOYSA-N,c1ccc(cn1)OCCCN1CSCC1.Cl.Cl,,-0.845738488
8294,C-8295,,MORNELSZOBVPQN-UHFFFAOYSA-M,C[N+]1(CCCC1)C1CSSC1.[I-],,-0.845299336
8295,C-8296,,LDCYZAJDBXYCGN-VIFPVBQESA-N,OC(=O)[C@H](Cc1c[nH]c2c1cc(O)cc2)N,,-0.844561981
8296,C-8297,,UOCUDGZQFFDOMM-UHFFFAOYSA-N,CCOC(=O)N1CCN(CC1)CN1CCN(CC1)C(=O)OCC,,-0.844322469
8297,C-8298,,BVEWMNTVZPFPQI-UHFFFAOYSA-N,OC1C(=O)NC(=O)NC1=O,,-0.84265144
8298,C-8299,,PVNIIMVLHYAWGP-UHFFFAOYSA-N,OC(=O)c1cccnc1,,-0.83999997
8299,C-8300,,MMKOENPMBPNDHX-UHFFFAOYSA-N,[O-][N+](=O)c1ncc(n1C)CCO,,-0.837192807
8300,C-8301,,ZLAUKQRQFQGZMX-UHFFFAOYSA-N,[O-][N+](=O)c1nc(cn1CCO)C,,-0.837192807
8301,C-8302,,PMXNPOJHBQDJKS-UHFFFAOYSA-N,COC(=O)c1sccc1S(=O)(=O)N,,-0.837017593
8302,C-8303,,GFLRGUVCYHGCGC-UHFFFAOYSA-M,COc1ccc(cc1CC([N+](C)(C)C)C)OC.[Cl-],,-0.836462118
8303,C-8304,,FUXMIXDZSFCFJD-UHFFFAOYSA-N,CC(COc1ccc(cc1)[As](=O)(O)O)O,,-0.835792819
8304,C-8305,,KOPIRKLPVHIQML-UHFFFAOYSA-N,OCCN1CCOC1=Nc1ncc(s1)[N+](=O)[O-],,-0.833289926
8305,C-8306,,SSPYSWLZOPCOLO-UHFFFAOYSA-N,O=c1cn[nH]c(=O)[nH]1,,-0.833262349
8306,C-8307,,SZKQYDBPUCZLRX-UHFFFAOYSA-N,CCN(CCOC(=O)c1ccc(cc1Cl)N)CC.Cl,,-0.830386564
8307,C-8308,,BXRNXXXXHLBUKK-UHFFFAOYSA-N,O=C1NCC(=O)NC1,,-0.82999998
8308,C-8309,,JTHNLKXLWOXOQK-UHFFFAOYSA-N,CCCC(=O)C=C,,-0.82999998
8309,C-8310,,JDLKFOPOAOFWQN-SECBINFHSA-N,C=CCS[S@@](=O)CC=C,,-0.82999998
8310,C-8311,,PFCHFHIRKBAQGU-UHFFFAOYSA-N,CCCC(=O)CC,,-0.82999998
8311,C-8312,,UCJMBBZBOFQKOW-UHFFFAOYSA-N,Cc1cc(C)c(c(c1)[N+](C)(C)C)O.[Br-],,-0.829804817
8312,C-8313,,LMFKRLGHEKVMNT-UJDVCPFMSA-N,CO[C@@H]([C@](C(=O)OCC1=CCN2[C@H]1[C@@H](O)CC2)(C(C)C)O)C,,-0.829572711
8313,C-8314,,AGNGYMCLFWQVGX-AGFFZDDWSA-N,[O-]/C(=C\[N+]#N)/OC[C@@H](C(=O)O)N,,-0.826411099
8314,C-8315,,NYMGNSNKLVNMIA-UHFFFAOYSA-N,CC(NNC(=O)c1ccncc1)C,,-0.824773094
8315,C-8316,,FYZGXAKJVDHGDR-UHFFFAOYSA-N,NNC(=O)c1ccc(cc1O)N,,-0.823479425
8316,C-8317,,QCHFTSOMWOSFHM-WPRPVWTQSA-N,CC[C@@H]1C(=O)OC[C@@H]1Cc1cncn1C,,-0.822647555
8317,C-8318,,IPHNUCBDRMZDOH-ALUHPYBCSA-O,O=[NH+]/C=C/1\N(COC2CCCCCC2)C=C[NH+]1C.[Cl-],,-0.822401518
8318,C-8319,,KZOWNALBTMILAP-HCVDSKSXSA-N,OC[C@H]1O[C@@H]2[C@H]([C@@H]1O)Oc1n2ccc(=N)n1.Cl,,-0.822244418
8319,C-8320,,FMRWQLAJBBKXDM-UHFFFAOYSA-N,CC1(C)CCC(N1)(C)C,,-0.821291712
8320,C-8321,,YLQBMQCUIZJEEH-UHFFFAOYSA-N,c1ccco1,,-0.81999999
8321,C-8322,,IYXGSMUGOJNHAZ-UHFFFAOYSA-N,CCOC(=O)CC(=O)OCC,,-0.81999999
8322,C-8323,,UUIQMZJEGPQKFD-UHFFFAOYSA-N,CCCC(=O)OC,,-0.81999999
8323,C-8324,,WNLRTRBMVRJNCN-UHFFFAOYSA-N,OC(=O)CCCCC(=O)O,,-0.81999999
8324,C-8325,,MCSINKKTEDDPNK-UHFFFAOYSA-N,CCCOC(=O)CC,,-0.81999999
8325,C-8326,,OORJLPKTPUREGV-UHFFFAOYSA-N,NCCS/C(=N\c1ccccc1)/N.Br.Br,,-0.819602314
8326,C-8327,,RGUQWGXAYZNLMI-UHFFFAOYSA-N,FC(c1cc2NC=NS(=O)(=O)c2cc1S(=O)(=O)N)(F)F,,-0.818579535
8327,C-8328,,LKCAFSOYOMFQSL-UHFFFAOYSA-N,NOCc1ccc(cc1)[N+](=O)[O-].Cl,,-0.816772261
8328,C-8329,,OCSOHUROTFFTFO-UHFFFAOYSA-N,OC(c1ccccc1)COC(=O)N,,-0.816127439
8329,C-8330,,LMEJPVLOENSTRV-UHFFFAOYSA-N,NCC(Sc1ccc(cc1)Cl)(O)C,,-0.815436139
8330,C-8331,,GRAOWBQCLZIQIW-UHFFFAOYSA-N,OCC(COc1ccc(cc1)NC(=O)C)O,,-0.814834136
8331,C-8332,,CMSMOCZEIVJLDB-UHFFFAOYSA-N,ClCCN(P1(=O)NCCCO1)CCCl,,-0.81471862
8332,C-8333,,NGPDZEACIWDCKX-WUDKWMPASA-N,C[C@@H]1C(=O)O[C@H]2[C@H]1CC[C@@]1([C@@H]2[C@](C)(O)C=CC1=O)C,,-0.814676662
8333,C-8334,,GHELJWBGTIKZQW-UHFFFAOYSA-N,CC(N1CCCC1=O)C,,-0.814408112
8334,C-8335,,IPDLHOGKOAVQTF-UHFFFAOYSA-N,CC(=O)COc1ccc(cc1)[As](=O)(O)O,,-0.811575006
8335,C-8336,,VJVOAGLABGZRSL-UHFFFAOYSA-N,COC1=CC(=O)C(=CC1=O)C,,-0.81120124
8336,C-8337,,WELIVEBWRWAGOM-UHFFFAOYSA-N,NCCC(=O)NCCSSCCNC(=O)CCN,,-0.810973627
8337,C-8338,,OXQGTIUCKGYOAA-UHFFFAOYSA-N,CCC(C(=O)O)CC,,-0.81
8338,C-8339,,VCCAAURNBULZRR-SFYZADRCSA-N,CC[C@@H]([C@H]1CCCCN1)O,,-0.809681017
8339,C-8340,,PRBLRLQZOKOQCQ-UHFFFAOYSA-N,NNCc1ccccc1.Cl,,-0.809447479
8340,C-8341,,NBOOZXVYXHATOW-UHFFFAOYSA-N,N1CCN(CC1)Cc1ccc2c(c1)OCO2,,-0.808933189
8341,C-8342,,YDJXNYNKKXZBMP-UHFFFAOYSA-N,O=C1CCN(CC1)CCc1ccccc1,,-0.808418251
8342,C-8343,,VNLMRPAWAMPLNZ-UHFFFAOYSA-N,C=CCC1(CC(O)C)C(=O)NC(=O)NC1=O,,-0.808258181
8343,C-8344,,WOMVICAMAQURRN-UHFFFAOYSA-N,CC(c1ccc(cc1)N)C(=O)O,,-0.804689247
8344,C-8345,,XNLGSAWYMBYCPW-VGOFMYFVSA-N,O/N=C/CCC(=O)c1ccc(cc1)OCC(CO)O,,-0.801655653
8345,C-8346,,XBCXJKGHPABGSD-UHFFFAOYSA-N,Cn1ccc(=O)[nH]c1=O,,-0.80000001
8346,C-8347,,JSZOAYXJRCEYSX-UHFFFAOYSA-N,[O-][N+](=O)CCC,,-0.80000001
8347,C-8348,,PLIKAWJENQZMHA-UHFFFAOYSA-N,Nc1ccc(cc1)O,,-0.80000001
8348,C-8349,,QQZOPKMRPOGIEB-UHFFFAOYSA-N,CCCCC(=O)C,,-0.80000001
8349,C-8350,,VVQNEPGJFQJSBK-UHFFFAOYSA-N,COC(=O)C(=C)C,,-0.80000001
8350,C-8351,,ZOCHHNOQQHDWHG-ZCFIWIBFSA-N,CCC[C@@H](CC)O,,-0.80000001
8351,C-8352,,WVYWICLMDOOCFB-ZCFIWIBFSA-N,CC(C[C@H](O)C)C,,-0.80000001
8352,C-8353,,AFQYFVWMIRMBAE-UHFFFAOYSA-N,NC(=O)OCC(C)(C)C,,-0.80000001
8353,C-8354,,NICDYIQSKYACMJ-UHFFFAOYSA-N,NCCCCSC(=N)N.Br.Br,,-0.798966929
8354,C-8355,,VEZUQRBDRNJBJY-UHFFFAOYSA-N,ON=C1CCCCC1,,-0.798420434
8355,C-8356,,OIFBSDVPJOWBCH-UHFFFAOYSA-N,CCOC(=O)OCC,,-0.798209707
8356,C-8357,,QVGLHVDBDYLFON-UHFFFAOYSA-M,Cn1c(=O)c2[n-]cnc2n(c1=O)C.[Na+],,-0.797815726
8357,C-8358,,ZNXZGRMVNNHPCA-VIFPVBQESA-N,SCCNC(=O)CCNC(=O)[C@@H](C(CO)(C)C)O,,-0.796257738
8358,C-8359,,ONTWCYDBNXHETF-UHFFFAOYSA-N,NCCc1csc2c1cc(O)cc2,,-0.796192507
8359,C-8360,,NVKGVBZZSJFQLM-UHFFFAOYSA-N,ClCCN(C(=O)N)N=O,,-0.794056975
8360,C-8361,,XILORGWKMLOGKF-UHFFFAOYSA-N,CCN(C(=O)CCC(=O)O)CC,,-0.793752802
8361,C-8362,,VLSVEVCSHFHKEM-UHFFFAOYSA-N,COc1ccc(c(c1)C(=O)N)O,,-0.793390475
8362,C-8363,,GZUXJHMPEANEGY-UHFFFAOYSA-N,CBr,,-0.79000002
8363,C-8364,,CUWOZWFDSYIYHL-UHFFFAOYSA-N,COc1cc(ccc1OC)CC(=O)N,,-0.788092739
8364,C-8365,,SEVKYLYIYIKRSW-UHFFFAOYSA-N,CC(Cc1ccccc1)N.Cl,,-0.787531316
8365,C-8366,,GWCFTYITFDWLAY-UHFFFAOYSA-N,CCN1CCCCCC1=O,,-0.787206825
8366,C-8367,,FGOUNKZHBOQSNX-UHFFFAOYSA-N,CCCCN1CCC(CC1)(O)Cc1ccccn1.Cl.Cl,,-0.786732512
8367,C-8368,,HCTVWSOKIJULET-LQDWTQKMSA-M,O=C(N[C@@H]1C(=O)N2[C@@H]1SC([C@@H]2C(=O)[O-])(C)C)COc1ccccc1.[K+],,-0.786593822
8368,C-8369,,BHYWREOEQYCKSC-UHFFFAOYSA-N,Cc1ncsc1CC(=O)O,,-0.786483502
8369,C-8370,,RHOGRSKNWDNCDN-UHFFFAOYSA-N,NCCc1cc(OC)c(c(c1)OC)OCC,,-0.784067062
8370,C-8371,,KBGDSIVKVKJSJB-UHFFFAOYSA-N,OCC(COc1ccccc1C=O)O,,-0.783500908
8371,C-8372,,QEZPUQMNWKYVDS-UHFFFAOYSA-N,OCC(COc1ccc(cc1)C=O)O,,-0.783500908
8372,C-8373,,XCYWUZHUTJDTGS-UHFFFAOYSA-N,COC1CCC=CO1,,-0.783295238
8373,C-8374,,QYAPHLRPFNSDNH-LYNLVHCPSA-N,CN([C@@H]1C(=O)C(=C([C@@]2([C@H]1CC1C(=C(O)c3c([C@@]1(C)O)c(Cl)ccc3O)C2=O)O)O)C(=O)N)C.Cl,,-0.783186188
8374,C-8375,,TZEGEDDAQGVPCE-UEIGIMKUSA-M,O=C(Oc1cccc(c1)[N+](C)(C)C)/C=C/c1ccccc1.[Br-],,-0.783054444
8375,C-8376,,HBVYOCJBEXSCQE-UHFFFAOYSA-N,NCC(c1ccccc1)C.Cl,,-0.782902912
8376,C-8377,,ZZPKZRHERLGEKA-UHFFFAOYSA-N,CC(=O)Oc1cccc(c1)O,,-0.782076614
8377,C-8378,,ACJHFLOITZTLEZ-UHFFFAOYSA-N,CCN(CC(COC(=O)N)(COC(=O)N)CC)CC,,-0.780918661
8378,C-8379,,QRUDEWIWKLJBPS-UHFFFAOYSA-N,c1ccc2c(c1)[nH]nn2,,-0.77999997
8379,C-8380,,VSOOBQALJVLTBH-UHFFFAOYSA-N,COC(=O)c1ccccc1S(=O)(=O)N,,-0.779369761
8380,C-8381,,VYFLPFGUVGMBEP-UHFFFAOYSA-N,COc1c(ccc(c1OC)OC)CN1CCNCC1.Cl.Cl,,-0.779249701
8381,C-8382,,IQFVPQOLBLOTPF-HKXUKFGYSA-L,Nc1c(/N=N/c2ccc(cc2)c2ccc(cc2)/N=N/c2cc(c3c(c2N)cccc3)S(=O)(=O)[O-])cc(c2c1cccc2)S(=O)(=O)[O-].[Na+].[Na+],,-0.77856538
8382,C-8383,,CAVQBDOACNULDN-KHFUBBAMSA-N,OS(=O)(=O)O.CN[C@H]([C@@H](c1ccccc1)O)C.CN[C@H]([C@@H](c1ccccc1)O)C,,-0.777689387
8383,C-8384,,DAINBAXHBFSNCQ-UHFFFAOYSA-N,Nc1ccc(cc1)S(=O)(=O)[N-]c1ccccn1.[Na+],,-0.774436909
8384,C-8385,,CXYFHCXKHPYNBO-UHFFFAOYSA-N,CCCCCCNCCSS(=O)(=O)O,,-0.773078085
8385,C-8386,,ZFHWDLYDBITDJK-UHFFFAOYSA-M,Cc1cccc(c1OCC[N+](C)(C)C)C.[Br-],,-0.772208714
8386,C-8387,,OAPVUSSHCBRCOL-KBHRXELFSA-N,CN([C@@H]1C(=O)C(=C([C@@]2([C@H]1C[C@H]1C(=C(O)c3c([C@H]1O)c(Cl)ccc3O)C2=O)O)O)C(=O)N)C.Cl,,-0.771201268
8387,C-8388,,GLDQAMYCGOIJDV-UHFFFAOYSA-N,OC(=O)c1cccc(c1O)O,,-0.770888646
8388,C-8389,,XUCIJNAGGSZNQT-NEHBFDAQSA-N,OC[C@@H]1O[C@H](OC[C@@H]2O[C@H](O[C@H](c3ccccc3)C#N)[C@H]([C@@H]([C@H]2O)O)O)[C@H]([C@@H]([C@H]1O)O)O,,-0.76999998
8389,C-8390,,LZDKZFUFMNSQCJ-UHFFFAOYSA-N,CCOCCOCC,,-0.76999998
8390,C-8391,,BHAAPTBBJKJZER-UHFFFAOYSA-N,COc1ccc(cc1)N,,-0.768232754
8391,C-8392,,HFYAEUXHCMTPOL-UHFFFAOYSA-N,CC(C=C)(CC)O,,-0.767702541
8392,C-8393,,SVDOODSCHVSYEK-IFLJXUKPSA-N,CN([C@@H]1C(=O)C(=C([C@@]2([C@H]1[C@@H](O)[C@H]1C(=C(O)c3c([C@@]1(C)O)cccc3O)C2=O)O)O)C(=O)N)C.Cl,,-0.767358684
8393,C-8394,,FJJJJRAPZCRYGA-UHFFFAOYSA-N,FCCCC#N,,-0.766816928
8394,C-8395,,SDXAWLJRERMRKF-UHFFFAOYSA-N,Cc1[nH]nc(c1)C,,-0.766442678
8395,C-8396,,OLGRRKKKZVVCNR-UHFFFAOYSA-N,CCC(=O)c1ccc(cc1)OCC(CN1CCOCC1)O,,-0.765837368
8396,C-8397,,MGFREDWKELGWML-UHFFFAOYSA-N,N1CCc2c(C1)cccc2.Cl,,-0.762691338
8397,C-8398,,CCHMTZLZEZOPMO-UHFFFAOYSA-N,CCNC(=O)Nc1ncco1,,-0.76263658
8398,C-8399,,NWEHHHQVDLTXFI-UHFFFAOYSA-N,NC(=S)C(c1ccccn1)c1ccccc1.Cl,,-0.762004938
8399,C-8400,,XCSRVVVSIMSNMV-UHFFFAOYSA-N,CCNCCC(=O)c1ccccc1O.Cl,,-0.761285467
8400,C-8401,,KXGWXVVNYQOMQZ-UHFFFAOYSA-M,CCc1cc(c2c1cccc(c2)C(C)C)S(=O)(=O)[O-].[Na+],,-0.758625092
8401,C-8402,,ZBEKOEYCWKIMGU-UHFFFAOYSA-N,CCN1CCNC(=O)C1=O,,-0.758319624
8402,C-8403,,MRSXAJAOWWFZJJ-UHFFFAOYSA-M,CC(=O)Nc1nnc(s1)S(=O)(=O)[NH-].[Na+],,-0.757351556
8403,C-8404,,XGZVUEUWXADBQD-UHFFFAOYSA-L,[O-]C(=O)[O-].[Li+].[Li+],,-0.754630559
8404,C-8405,,BGDKAVGWHJFAGW-UHFFFAOYSA-N,CCN(C(=O)C(c1ccccc1)CO)Cc1ccncc1,,-0.753249798
8405,C-8406,,URYZARAFMQWNPZ-XCVCLJGOSA-N,OC(=O)CN(C(=O)N)/N=C/c1ccc(o1)[N+](=O)[O-],,-0.752436865
8406,C-8407,,VMKPDXOZTSISIW-UHFFFAOYSA-N,ONC(=O)c1ccccc1N,,-0.747711616
8407,C-8408,,ZKLPARSLTMPFCP-UHFFFAOYSA-N,OC(=O)COCCN1CCN(CC1)C(c1ccc(cc1)Cl)c1ccccc1,,-0.747407006
8408,C-8409,,VIULBFHXDPUWIL-UHFFFAOYSA-N,CC[Sn](O[Sn](CC)(CC)CC)(CC)CC,,-0.746436269
8409,C-8410,,XQZXYNRDCRIARQ-LURJTMIESA-N,OCC(NC(=O)c1c(I)c(C(=O)NC(CO)CO)c(c(c1I)NC(=O)[C@@H](O)C)I)CO,,-0.74434272
8410,C-8411,,CWJNZABCORLUPT-UHFFFAOYSA-M,Cc1[n+](CCCCC[N+](C)(C)C)ccc2c1c1ccccc1[nH]2.[Br-].[Br-],,-0.74335038
8411,C-8412,,HVPYTXIRTRZJEU-UHFFFAOYSA-M,CC[N+](CCC[n+]1ccc2c(c1C)[nH]c1c2cccc1)(CC)C.[Br-].[Br-],,-0.74335038
8412,C-8413,,OBBCSXFCDPPXOL-UHFFFAOYSA-N,[O-][N+](=O)c1nccn1CC(COC)O,,-0.742607087
8413,C-8414,,QNBVYCDYFJUNLO-UHDJGPCESA-N,O=[NH+]/C=c/1\ccccn1C.[I-],,-0.740471266
8414,C-8415,,BTJIUGUIPKRLHP-UHFFFAOYSA-N,Oc1ccc(cc1)[N+](=O)[O-],,-0.74000001
8415,C-8416,,DCXYFEDJOCDNAF-UWTATZPHSA-N,NC(=O)C[C@H](C(=O)O)N,,-0.74000001
8416,C-8417,,CKRZKMFTZCFYGB-UHFFFAOYSA-N,ONc1ccccc1,,-0.74000001
8417,C-8418,,JIGUQPWFLRLWPJ-UHFFFAOYSA-N,CCOC(=O)C=C,,-0.74000001
8418,C-8419,,WRMNZCZEMHIOCP-UHFFFAOYSA-N,OCCc1ccccc1,,-0.74000001
8419,C-8420,,VHUNCYDAXJGCLO-CSWFVJHESA-N,COC(=O)c1ccccc1O[C@@H]1O[C@H](CO[C@H]2OC[C@@H]([C@H]([C@@H]2O)O)O)[C@H]([C@@H]([C@H]1O)O)O,,-0.74000001
8420,C-8421,,FWPKDESKJMMUSR-UHFFFAOYSA-N,CCCCCC(=O)NO,,-0.737639831
8421,C-8422,,XWZXRENCCHMZNF-UHFFFAOYSA-N,C=CCN1C(=O)OC(C1=O)C,,-0.737594785
8422,C-8423,,PUNRPAWKFTXZIW-UHFFFAOYSA-N,CCC(C#C)(CC)O,,-0.733285161
8423,C-8424,,LRBLMOZKEZGJGQ-UHFFFAOYSA-N,OCC1=CNC(=O)C(C1=O)(CC)CC,,-0.732688896
8424,C-8425,,YMTRVMXXEIEMLP-PLNGDYQASA-N,N=C1SCCN1C,,-0.730685097
8425,C-8426,,JLEHSYHLHLHPAL-UHFFFAOYSA-N,NC(=O)NC(C)(C)C,,-0.730617807
8426,C-8427,,FAKTUTGTQOLHEK-UHFFFAOYSA-N,COCCC[NH2+]CC(C1COc2c(O1)cccc2)O.[Cl-],,-0.730515005
8427,C-8428,,OJPDDQSCZGTACX-UHFFFAOYSA-N,OCCN(c1ccccc1)CCO,,-0.73000002
8428,C-8429,,NAEAAGULDNVNCW-UHFFFAOYSA-N,CCOC(=O)N1CCN(CC1)C(=O)OCC,,-0.728757608
8429,C-8430,,XBTOSRUBOXQWBO-UHFFFAOYSA-N,Nc1ccc2c(c1)cn[nH]2,,-0.728503874
8430,C-8431,,KEJFADGISRFLFO-UHFFFAOYSA-N,Nc1ccc2c(c1)[nH]nc2,,-0.728154903
8431,C-8432,,LINOMUASTDIRTM-QGRHZQQGSA-N,OC[C@@]12[C@@H](C=C(C(=O)[C@H]1O)C)O[C@H]1[C@]3([C@]2(C)C[C@H]1O)CO3,,-0.727623047
8432,C-8433,,WZBKGWBHAPBSBF-UHFFFAOYSA-N,Cc1[nH]c2c(n1)n(C)c(=O)n(c2=O)C,,-0.727611933
8433,C-8434,,KSPQDMRTZZYQLM-UHFFFAOYSA-N,OC(=O)CNC(=O)c1ccco1,,-0.727176793
8434,C-8435,,LVKZSFMYNWRPJX-UHFFFAOYSA-N,O[As](=O)(c1ccccc1)O,,-0.726113306
8435,C-8436,,PPWHTZKZQNXVAE-UHFFFAOYSA-N,CCCCNc1ccc(cc1)C(=O)OCCN(C)C.Cl,,-0.724274426
8436,C-8437,,KGGHWIKBOIQEAJ-UHFFFAOYSA-N,NC(=O)c1ccccc1F,,-0.720663722
8437,C-8438,,CDAWCLOXVUBKRW-UHFFFAOYSA-N,Nc1ccccc1O,,-0.72000003
8438,C-8439,,YKYONYBAUNKHLG-UHFFFAOYSA-N,CCCOC(=O)C,,-0.72000003
8439,C-8440,,OKXVARYIKDXAEO-UHFFFAOYSA-N,CC(C(C)(C)C)(O)C,,-0.72000003
8440,C-8441,,ZXNBBWHRUSXUFZ-NTSWFWBYSA-N,CC[C@@H]([C@H](O)C)C,,-0.72000003
8441,C-8442,,PJGSXYOJTGTZAV-UHFFFAOYSA-N,CC(=O)C(C)(C)C,,-0.72000003
8442,C-8443,,IWTBVKIGCDZRPL-LURJTMIESA-N,OCC[C@H](CC)C,,-0.72000003
8443,C-8444,,WUORSSYNZWHFQY-UHFFFAOYSA-N,OS(=O)(=O)O.CNC(Cc1ccc(cc1)O)C.CNC(Cc1ccc(cc1)O)C,,-0.719773373
8444,C-8445,,PLNNJQXIITYYTN-UHFFFAOYSA-N,NNC(=O)C(C)C,,-0.719594145
8445,C-8446,,WOXWUZCRWJWTRT-UHFFFAOYSA-N,OC(=O)C1(N)CCCCC1,,-0.719419862
8446,C-8447,,KRVVZPXPQUPXJE-UHFFFAOYSA-N,CCn1c(=O)n(C)c2c(c1=O)n(C)cn2,,-0.718968916
8447,C-8448,,KGVVXUNDDIZWEL-UHFFFAOYSA-N,Nc1ccc2c(c1)nc(o2)N,,-0.718787133
8448,C-8449,,KBAUFVUYFNWQFM-UHFFFAOYSA-N,OC(=O)CCC(=O)O.CN(CCOC(c1ccccn1)(c1ccccc1)C)C,,-0.717777831
8449,C-8450,,CERQYUUAGZXWKV-UHFFFAOYSA-N,COc1cc(ccc1OC)CC(N)C.Cl,,-0.716603509
8450,C-8451,,QROKOTBWFZITJZ-UHFFFAOYSA-N,CC(=O)Nc1ccccn1,,-0.716060794
8451,C-8452,,CQSFYCBGVMWPCM-UHFFFAOYSA-N,Nc1nnc(o1)c1ccccc1,,-0.715906344
8452,C-8453,,HOZOZZFCZRXYEK-HNHWXVNLSA-M,CCCC[N+]1(C)[C@@H]2CC(C[C@H]1[C@H]1[C@@H]2O1)OC(=O)[C@@H](c1ccccc1)CO.[Br-],,-0.714508878
8453,C-8454,,WHTRVMDSXBPLMD-UHFFFAOYSA-N,OCC(COC(C=C)Br)O,,-0.713735462
8454,C-8455,,WQZUEUHQLFUVOF-UHFFFAOYSA-N,CNC(=O)c1cc(O)ccc1O,,-0.712597744
8455,C-8456,,QCDWFXQBSFUVSP-UHFFFAOYSA-N,OCCOc1ccccc1,,-0.70999998
8456,C-8457,,PDQAZBWRQCGBEV-UHFFFAOYSA-N,S=C1NCCN1,,-0.70999998
8457,C-8458,,HESFRMMKCMMNMR-UHFFFAOYSA-N,CC[NH+](CCOC(=O)c1ccc(cc1)N)CC.COCCOC(CNC(=O)c1ccccc1OCC(=O)[O-])C[Hg].O,,-0.707710938
8458,C-8459,,RNZNYDUSDMAFDI-LURJTMIESA-N,N/C(=N\C[C@@H]1CCCO1)/COS(=S)(=O)O,,-0.703810822
8459,C-8460,,CJCSPKMFHVPWAR-UHFFFAOYSA-N,OC(=O)C(Cc1ccc(c(c1)O)O)(N)C,,-0.703552588
8460,C-8461,,SQCWXTCIGOVJIK-UHFFFAOYSA-N,CN1CCN(C1c1ccc(cc1)C)C,,-0.703074593
8461,C-8462,,BGHPNBADFZVYIL-UHFFFAOYSA-N,FC(C1(NCCN1)C(F)(F)F)(F)F.O,,-0.701130285
8462,C-8463,,HORNXRXVQWOLPJ-UHFFFAOYSA-N,Oc1cccc(c1)Cl,,-0.69999999
8463,C-8464,,WXNZTHHGJRFXKQ-UHFFFAOYSA-N,Oc1ccc(cc1)Cl,,-0.69999999
8464,C-8465,,IWDCLRJOBJJRNH-UHFFFAOYSA-N,Cc1ccc(cc1)O,,-0.69999999
8465,C-8466,,ISTJMQSHILQAEC-ZCFIWIBFSA-N,CC[C@H](C(C)C)O,,-0.69999999
8466,C-8467,,OPIHSEIJVQHIOX-UHFFFAOYSA-N,CC1=NS(=O)(=O)c2c(N1C)nccc2,,-0.699153021
8467,C-8468,,JTGITTDWIRWXDN-UHFFFAOYSA-N,COc1ccccc1N1C(=O)C2C(C1=O)C1OC2CC1,,-0.695468948
8468,C-8469,,OEZZFHANQAGLDU-UHFFFAOYSA-N,COC(c1ccccc1)CN(C)C,,-0.69478209
8469,C-8470,,YMDNODNLFSHHCV-UHFFFAOYSA-N,ClCCN(CC)CC,,-0.691462658
8470,C-8471,,HFFLGKNGCAIQMO-UHFFFAOYSA-N,O=CC(Cl)(Cl)Cl,,-0.691314351
8471,C-8472,,LOPUUBCBNOEBQV-UHFFFAOYSA-L,O=CNc1ccccc1OCC(=O)[O-].O=CNc1ccccc1OCC(=O)[O-].[Ca+2],,-0.689355493
8472,C-8473,,PHRHVYRRQVLATP-UHFFFAOYSA-N,O=C1C2C3CCC(C2C(=O)N1c1ccccc1)O3,,-0.687104251
8473,C-8474,,JCUQWSIALJCIEE-UHFFFAOYSA-N,ClC1CS(=O)(=O)CC1Cl,,-0.68662708
8474,C-8475,,APJYDQYYACXCRM-UHFFFAOYSA-N,NCCc1c[nH]c2c1cccc2,,-0.686071203
8475,C-8476,,QONLGXRPRAIDGI-UHFFFAOYSA-N,CC(NCC(c1ccc2c(c1)cccc2)O)C.Cl,,-0.685743389
8476,C-8477,,FSNGFFWICFYWQC-UHFFFAOYSA-N,ClCCN1CCCC1.Cl,,-0.68533847
8477,C-8478,,HRYKDUPGBWLLHO-UHFFFAOYSA-N,Nc1ncnc2c1n[nH]n2,,-0.685054714
8478,C-8479,,KKAJSJJFBSOMGS-UHFFFAOYSA-N,Nc1ccc2c(c1)[n+](C)c1c(c2)ccc(c1)N.[Cl-],,-0.684802225
8479,C-8480,,JPFYIYQIGQYIMC-UHFFFAOYSA-N,ClCCN1CCN(CC1)CCCl,,-0.684068511
8480,C-8481,,KWTSXDURSIMDCE-UHFFFAOYSA-N,CC(Cc1ccccc1)N,,-0.683385747
8481,C-8482,,DYDNPESBYVVLBO-UHFFFAOYSA-N,O=CNc1ccccc1,,-0.68000001
8482,C-8483,,RLSSMJSEOOYNOY-UHFFFAOYSA-N,Cc1cccc(c1)O,,-0.68000001
8483,C-8484,,MGPDSKXOTDLPJE-UHFFFAOYSA-N,CCOC(=O)N1CC1,,-0.677380683
8484,C-8485,,VTTONGPRPXSUTJ-UHFFFAOYSA-N,CN(CCc1c[nH]c2c1cc(O)cc2)C,,-0.671721689
8485,C-8486,,RMUCZJUITONUFY-UHFFFAOYSA-N,NNCCc1ccccc1,,-0.670277741
8486,C-8487,,UIHCLUNTQKBZGK-RXMQYKEDSA-N,CC[C@H](C(=O)C)C,,-0.67000002
8487,C-8488,,UVMLHMAIUVSYOL-UHFFFAOYSA-N,CC(=CCN=C(N)N)C,,-0.66781675
8488,C-8489,,BBNGVMNBBLPZIR-UHFFFAOYSA-N,O=S1(=O)N=CNc2c1cccc2,,-0.667033656
8489,C-8490,,WYWHKKSPHMUBEB-UHFFFAOYSA-N,Nc1nc(=S)c2c([nH]1)nc[nH]2,,-0.663303673
8490,C-8491,,WFRKJMRGXGWHBM-UHFFFAOYSA-M,CCCCCCCCOS(=O)(=O)[O-].[Na+],,-0.661842603
8491,C-8492,,VLZLEPNAKIFDQJ-UHFFFAOYSA-N,[O-][N+](=O)Nc1ccccn1,,-0.660497255
8492,C-8493,,SKKTUOZKZKCGTB-UHFFFAOYSA-N,CCCCOC(=O)N,,-0.66000003
8493,C-8494,,NVJUHMXYKCUMQA-UHFFFAOYSA-N,CCOCCC,,-0.66000003
8494,C-8495,,FKRCODPIKNYEAC-UHFFFAOYSA-N,CCOC(=O)CC,,-0.66000003
8495,C-8496,,WOHPVOTWUBGVPP-UHFFFAOYSA-N,OCC[NH2+]CCOc1ccccc1C.[Cl-],,-0.65995556
8496,C-8497,,BEZLAYYFGVADSA-UHFFFAOYSA-N,CCOP(=O)(OP(=O)(OC)OC)OCC,,-0.658102545
8497,C-8498,,QMNXJNURJISYMS-UHFFFAOYSA-N,CN(CCC(=O)c1ccccc1)C,,-0.657514262
8498,C-8499,,SKAADKSETAYKGL-UHFFFAOYSA-N,CN(c1ccccc1)C(=O)N,,-0.65600047
8499,C-8500,,RSDOPYMFZBJHRL-UHFFFAOYSA-N,O=C1CCCN1CC#CCN1CCCC1,,-0.653136731
8500,C-8501,,LHRIUKSRPHFASO-UHFFFAOYSA-N,O=c1nc[nH]c(c1)C,,-0.652684343
8501,C-8502,,MFWYIFRPVITMEP-UHFFFAOYSA-N,CC(=O)SCCF,,-0.652349454
8502,C-8503,,YFTRBASNPFHPAJ-UHFFFAOYSA-N,OCC(COc1ccccc1O)O,,-0.650371166
8503,C-8504,,GDRJMQGTCMCJQV-UHFFFAOYSA-N,CCN1CCCN(C1=S)CC,,-0.649672741
8504,C-8505,,AVUYXHYHTTVPRX-UHFFFAOYSA-N,CC1CN1P(=O)(N1CC1C)N1CC1C,,-0.649509631
8505,C-8506,,ZGNRRVAPHPANFI-UHFFFAOYSA-N,OCCN(c1nc2c(n1C)c(=O)n(c(=O)n2C)C)C,,-0.648829836
8506,C-8507,,ZUXNZUWOTSUBMN-UHFFFAOYSA-N,NNc1nncc2c1cccc2.Cl,,-0.648245179
8507,C-8508,,YAZSBRQTAHVVGE-UHFFFAOYSA-N,Nc1ccccc1S(=O)(=O)N,,-0.644973584
8508,C-8509,,KAZPHAGSWZTKDW-UHFFFAOYSA-N,COc1cc(ccc1OC)CC(N)C,,-0.642355305
8509,C-8510,,UYTMLDBQFLIQJA-GQCTYLIASA-N,O/N=C/c1ccco1,,-0.640880342
8510,C-8511,,KRQWFVYRQYTWRH-UHFFFAOYSA-N,CC(=O)Nc1occ(n1)C,,-0.638712439
8511,C-8512,,PTLILCRCEWAQGA-UHFFFAOYSA-N,O=Cc1cnc(n1C)[N+](=O)[O-],,-0.637858375
8512,C-8513,,HRIJSYATNFJXHM-UHFFFAOYSA-N,Nc1[nH]c(N)nc(=S)n1,,-0.630801151
8513,C-8514,,YMWUJEATGCHHMB-UHFFFAOYSA-N,ClCCl,,-0.63
8514,C-8515,,RMMXTBMQSGEXHJ-UHFFFAOYSA-N,CN(c1c(C)n(n(c1=O)c1ccccc1)C)C,,-0.63
8515,C-8516,,RMOUBSOVHSONPZ-UHFFFAOYSA-N,O=COC(C)C,,-0.63
8516,C-8517,,DOOTYTYQINUNNV-UHFFFAOYSA-N,CCOC(=O)C(CC(=O)OCC)(CC(=O)OCC)O,,-0.62844395
8517,C-8518,,SEGLVYOGDQNDAS-UHFFFAOYSA-L,[S-]CC(=O)O[Hg]C.[Na+],,-0.622500831
8518,C-8519,,RLFWWDJHLFCNIJ-UHFFFAOYSA-N,Nc1c(C)n(n(c1=O)c1ccccc1)C,,-0.62
8519,C-8520,,FGLBSLMDCBOPQK-UHFFFAOYSA-N,CC([N+](=O)[O-])C,,-0.62
8520,C-8521,,QWVGKYWNOKOFNN-UHFFFAOYSA-N,Cc1ccccc1O,,-0.62
8521,C-8522,,DFOXKPDFWGNLJU-RXMQYKEDSA-N,C[C@H](C(C)(C)C)O,,-0.62
8522,C-8523,,LGEYZYKILBJRED-UHFFFAOYSA-N,N/C(=N\C1CC1)/CSS(=O)(=O)O,,-0.616905361
8523,C-8524,,QBCQXNDNMOHQIU-UHFFFAOYSA-N,CCC1C(=O)N(C)C(=O)N(C1=O)C,,-0.614970337
8524,C-8525,,BVIDQAVCCRUFGU-UHFFFAOYSA-M,CC([N+](C)(C)C)CN1c2ccccc2Sc2c1cccc2.COS(=O)(=O)[O-],,-0.613362883
8525,C-8526,,BSFJGCCAXDCMOX-UHFFFAOYSA-N,Nc1ccc(cc1)S(=O)(=O)[N-]c1nccc(n1)C.[Na+],,-0.612943171
8526,C-8527,,DLHWKJDYXPNWAI-UHFFFAOYSA-N,CCOC(C(Cl)(Cl)Cl)O,,-0.612070527
8527,C-8528,,WZLOCUGJPMVLCX-UHFFFAOYSA-M,O=C(c1ccccc1)Oc1ccccc1[N+](C)(C)C.[Br-],,-0.608604832
8528,C-8529,,PARMADWNFXEEFC-UHFFFAOYSA-N,OS(=O)(=O)O.CCCCNCC(c1ccc(cc1)O)O.CCCCNCC(c1ccc(cc1)O)O,,-0.605986481
8529,C-8530,,BHVQKUWREDMFLD-UHFFFAOYSA-N,CCC(C#C)(C=C)O,,-0.602675464
8530,C-8531,,BEEDODBODQVSIM-UHFFFAOYSA-N,Cc1cc(c(c(c1CC1=NCCN1)C)O)C(C)(C)C.Cl,,-0.60211704
8531,C-8532,,DRTQHJPVMGBUCF-XVFCMESISA-N,OC[C@H]1O[C@H]([C@@H]([C@@H]1O)O)n1ccc(=O)[nH]c1=O,,-0.60085767
8532,C-8533,,PLENFHSJZZDRNT-GPPWNDLUSA-N,CO[C@H]1C=CC2=CC[NH+]3[C@]2(C1)C1=C(CC3)COC(=O)C1.[Cl-],,-0.60064639
8533,C-8534,,JHIVVAPYMSGYDF-UHFFFAOYSA-N,O=C1CCCCC1,,-0.60000002
8534,C-8535,,URAYPUMNDPQOKB-UHFFFAOYSA-N,CC(=O)OC(COC(=O)C)COC(=O)C,,-0.60000002
8535,C-8536,,AMQJEAYHLZJPGS-UHFFFAOYSA-N,CCCCCO,,-0.60000002
8536,C-8537,,DNJIEGIFACGWOD-UHFFFAOYSA-N,CCS,,-0.60000002
8537,C-8538,,TWIULPUWWRMHGV-UHFFFAOYSA-N,Clc1ccc(nc1)OCCNCCSS(=O)(=O)O,,-0.599268395
8538,C-8539,,NTCYWJCEOILKNG-ROLPUNSJSA-N,O[C@@H]([C@@H](N(C)C)C)c1ccccc1.Cl,,-0.598293505
8539,C-8540,,HSRJKNPTNIJEKV-UHFFFAOYSA-N,OCC(COc1ccccc1OC)O,,-0.598173085
8540,C-8541,,XDCFGLSPLPULQH-UHFFFAOYSA-N,OC(CO)CN1C(=O)COc2c1cc(Cl)cc2,,-0.596816279
8541,C-8542,,HKODIGSRFALUTA-JTLQZVBZSA-N,C/C=C\1/C[C@@H](C)[C@@](C)(O)C(=O)OCC2=CCN3[C@H]2[C@H](OC1=O)CC3,,-0.59507248
8542,C-8543,,XBAVGYMDOXCWQU-UHFFFAOYSA-N,OCc1c(C)[nH]c(=O)[nH]c1=O,,-0.594070609
8543,C-8544,,QDUUEDMQDSCAOJ-GMIVGMFBSA-N,CCC/C=C/COCn1ccn(/c/1=C/[NH+]=O)C.[Cl-],,-0.590663417
8544,C-8545,,GOOHAUXETOMSMM-GSVOUGTGSA-N,C[C@@H]1CO1,,-0.58999997
8545,C-8546,,BVOSSZSHBZQJOI-LURJTMIESA-N,CCC[C@H](C=C)O,,-0.58999997
8546,C-8547,,KVGVQTOQSNJTJI-UHFFFAOYSA-N,O=c1[nH]c(=O)c2c(n1)[nH][nH]n2,,-0.589481806
8547,C-8548,,BAFGPPSWVHCIPE-UHFFFAOYSA-N,OCCOc1ccccc1C(=O)N(C)C,,-0.586655803
8548,C-8549,,DHNCTQIFOGRFJF-UHFFFAOYSA-N,CC[NH2+]C(C(c1ccccc1)O)C.[Cl-],,-0.584156089
8549,C-8550,,DBIYVUUUZVZMQD-UHFFFAOYSA-N,CCC(C(c1ccccc1)O)[NH2+]C.[Cl-],,-0.584156089
8550,C-8551,,KWTSXDURSIMDCE-QMMMGPOBSA-N,C[C@@H](Cc1ccccc1)N,,-0.583111127
8551,C-8552,,ULFCBIUXQQYDEI-UHFFFAOYSA-N,OCC(C(=O)NNCc1ccc(c(c1O)O)O)N.Cl,,-0.582548656
8552,C-8553,,KZVRXPPUJQRGFN-UHFFFAOYSA-N,NC(=O)NCC(=O)O,,-0.580858784
8553,C-8554,,KKHGNHUXFIKANY-GPPWNDLUSA-M,CO[C@H]1C=CC2=CCN3[C@]2(C1)C1=C(CC3)COC(=C1)[O-].[Na+],,-0.579863017
8554,C-8555,,MEIRRNXMZYDVDW-MQQKCMAXSA-N,C/C=C/C=C/CO,,-0.579239646
8555,C-8556,,SIZDUQQDBXJXLQ-UHFFFAOYSA-N,OC(=O)CC1CC(C1(C)C)C(=O)C,,-0.575176059
8556,C-8557,,DENPQNAWGQXKCU-UHFFFAOYSA-N,NC(=O)c1cccs1,,-0.573770075
8557,C-8558,,IFXPDZHFZMVVKL-UHFFFAOYSA-N,CNC(=O)Oc1cccc(c1)C[NH+](C)C.[Cl-],,-0.573089923
8558,C-8559,,LLJORSYIDJJSNV-UHFFFAOYSA-N,CNC(=O)Oc1ccc(cc1)C[NH+](C)C.[Cl-],,-0.573089923
8559,C-8560,,LSBDFXRDZJMBSC-UHFFFAOYSA-N,NC(=O)Cc1ccccc1,,-0.572278879
8560,C-8561,,VHSHLMUCYSAUQU-UHFFFAOYSA-N,CC(COC(=O)C(=C)C)O,,-0.57195019
8561,C-8562,,RNVYQYLELCKWAN-UHFFFAOYSA-N,OCC1COC(O1)(C)C,,-0.570990744
8562,C-8563,,KYBOCQHDFLVQIB-UHFFFAOYSA-N,Cc1c(CC(=O)O)sc(=S)[nH]1,,-0.570311198
8563,C-8564,,GRPHSFSJUDRMKP-UHFFFAOYSA-N,CCOP(=O)(SCCN(C)C)OCC,,-0.568284528
8564,C-8565,,VFGRNTYELNYSKJ-UHFFFAOYSA-N,Nc1cc(=O)n(c(=O)n1C)C,,-0.567522083
8565,C-8566,,SGXXNSQHWDMGGP-IZZDOVSWSA-N,CN/C(=C\[N+](=O)[O-])/NCCSCc1csc(n1)CN(C)C,,-0.566034704
8566,C-8567,,GDWRXKBWBVIFLI-UHFFFAOYSA-N,[O-]S(=O)(=O)O.CC[NH+](c1ccc2c(c1)oc(=O)cc2C)CC,,-0.565857049
8567,C-8568,,AUEOTIKUFDLLHS-UHFFFAOYSA-N,NCCCCCCF,,-0.564330952
8568,C-8569,,XJHWCHWUDYDOIT-JCTPKUEWSA-N,O=[NH+]/C=c/1\n(COC(C(CC)C)C)ccn1C.[Cl-],,-0.562668633
8569,C-8570,,ZDQJHKFXTFWZCY-UHFFFAOYSA-M,C1CCN(CC1)C=CC=CC=[N+]1CCCCC1.[Cl-],,-0.562598318
8570,C-8571,,LZZYPRNAOMGNLH-UHFFFAOYSA-M,CCCCCCCCCCCCCCCC[N+](C)(C)C.[Br-],,-0.561645092
8571,C-8572,,SSOXZAQUVINQSA-BTJKTKAUSA-N,CN(CCC(c1ccccn1)c1ccccc1)C.OC(=O)/C=C\C(=O)O,,-0.561181811
8572,C-8573,,XAUDJQYHKZQPEU-KVQBGUIXSA-N,OC[C@H]1O[C@H](C[C@@H]1O)n1cnc(nc1=O)N,,-0.561063305
8573,C-8574,,XWMSEZHMHBQVLE-UHFFFAOYSA-N,COc1cc(cc(c1O)OC)C(=O)N,,-0.5608856
8574,C-8575,,BYPFEZZEUUWMEJ-UHFFFAOYSA-N,CC(=O)CCCCn1c(=O)c2n(C)cnc2n(c1=O)C	,,-0.56
8575,C-8576,,ULTHZYBVLBNQSI-UHFFFAOYSA-N,COc1ccc(c(c1)C(C[NH3+])(O)C)OC.[Cl-],,-0.557635185
8576,C-8577,,HAPOVYFOVVWLRS-UHFFFAOYSA-N,CC1(CC)CC(=O)NC1=O,,-0.556234825
8577,C-8578,,MIJRFWVFNKQQDK-UHFFFAOYSA-N,O=C(C(c1ccco1)O)c1ccco1,,-0.554196821
8578,C-8579,,YCIQUDDZPRNRMY-UHFFFAOYSA-N,[O-][n+]1onc(c1C(=O)N)C,,-0.553260144
8579,C-8580,,WLJNZVDCPSBLRP-UHFFFAOYSA-N,OC(=O)c1cc2ccccc2c(c1O)Cc1c(O)c(cc2c1cccc2)C(=O)O,,-0.553021722
8580,C-8581,,COVZYZSDYWQREU-UHFFFAOYSA-N,CS(=O)(=O)OCCCCOS(=O)(=O)C,,-0.552916053
8581,C-8582,,BADSZRMNXWLUKO-UHFFFAOYSA-N,Clc1c[nH]nc1,,-0.551420346
8582,C-8583,,ZDXPYRJPNDTMRX-GSVOUGTGSA-N,NC(=O)CC[C@H](C(=O)O)N,,-0.55000001
8583,C-8584,,XSJVWZAETSBXKU-UHFFFAOYSA-N,CCOC(C)C,,-0.55000001
8584,C-8585,,JMMWKPVZQRWMSS-UHFFFAOYSA-N,CC(OC(=O)C)C,,-0.55000001
8585,C-8586,,JSPCTNUQYWIIOT-UHFFFAOYSA-N,NC(=O)N1CCCCC1,,-0.549094756
8586,C-8587,,XEZNGIUYQVAUSS-UHFFFAOYSA-N,O1CCOCCOCCOCCOCCOCC1,,-0.547528954
8587,C-8588,,KWGRBVOPPLSCSI-UHFFFAOYSA-N,CNC(C(c1ccccc1)O)C,,-0.54646905
8588,C-8589,,YZEUHQHUFTYLPH-UHFFFAOYSA-N,[O-][N+](=O)c1ncc[nH]1,,-0.545244901
8589,C-8590,,LMIQERWZRIFWNZ-UHFFFAOYSA-N,Oc1ccc2c(c1)cc[nH]2,,-0.541255772
8590,C-8591,,RWLALWYNXFYRGW-HTQZYQBOSA-N,CCC[C@H]([C@@H](CO)CC)O,,-0.54000002
8591,C-8592,,FMGADNVMWHSJDJ-UHFFFAOYSA-N,O=C1CC(C)(C)CC(=O)N1C,,-0.539605336
8592,C-8593,,HXACOUQIXZGNBF-UHFFFAOYSA-N,OCc1cnc(c(c1C(=O)O)O)C,,-0.53847992
8593,C-8594,,AHRCREUHIWVOMK-UHFFFAOYSA-M,[O-]C(=O)c1c(O)cccc1O.[Na+],,-0.538196578
8594,C-8595,,FCPVYOBCFFNJFS-LQDWTQKMSA-M,O=C(Cc1ccccc1)N[C@@H]1C(=O)N2[C@@H]1SC([C@@H]2C(=O)[O-])(C)C.[Na+],,-0.535288039
8595,C-8596,,IRTZMJWVZQYURE-UHFFFAOYSA-N,CN(C(=O)C(=O)N(N(C(=O)C)C)c1ccccc1)C,,-0.534519571
8596,C-8597,,KLCAYWXSRJHEOT-UHFFFAOYSA-N,CCC(=O)OCN1C2CCC1CN(C2)C,,-0.53314529
8597,C-8598,,FPYATAHHYUQBFA-UHFFFAOYSA-M,CN(c1ccccc1)C=CC=C/C=[N+](/c1ccccc1)\C.[Cl-],,-0.53295433
8598,C-8599,,VHPMKWNWJJDEEC-UHFFFAOYSA-N,SCC(CCl)O,,-0.530718013
8599,C-8600,,HNDVDQJCIGZPNO-RXMQYKEDSA-N,N[C@@H](C(=O)O)Cc1c[nH]cn1,,-0.52999997
8600,C-8601,,HIIJZYSUEJYLMX-UHFFFAOYSA-N,[O-][N+](=O)c1nccn1CC(CF)O,,-0.52690632
8601,C-8602,,ZBRCAASZBMWIDA-QFPUCQTMSA-N,O[C@H]([C@H]1OC(=O)[C@H]([C@H]1O)O)/C=N/NC(=O)c1ccncc1,,-0.525610028
8602,C-8603,,JROGBPMEKVAPEH-GXGBFOEMSA-N,CC[C@H]1CN2CCc3c([C@@H]2C[C@@H]1C[C@H]1NCCc2c1cc(OC)c(c2)OC)cc(c(c3)OC)OC.Cl.Cl,,-0.52489577
8603,C-8604,,JNMNEKBPYOEAJS-UHFFFAOYSA-N,CN(c1n[nH]c(cc1=O)C)C,,-0.524161156
8604,C-8605,,CYMMEXYPWIUVOF-UHFFFAOYSA-N,CN(CCC(=O)c1ccccc1O)C.Cl,,-0.521690492
8605,C-8606,,PHTQWCKDNZKARW-UHFFFAOYSA-N,OCCC(C)C,,-0.51999998
8606,C-8607,,LZAKUZBAAQDJCF-UHFFFAOYSA-N,O=C1OCC(C1)(C)C,,-0.517123613
8607,C-8608,,CADMHCMDZLBQLA-UHFFFAOYSA-N,NC(=O)OCCOCCOC(=O)N,,-0.515790257
8608,C-8609,,PCLAZAJARAIGGD-UHFFFAOYSA-N,CSc1nnc(s1)N,,-0.515702772
8609,C-8610,,FQENQNTWSFEDLI-UHFFFAOYSA-J,[O-]P(=O)(OP(=O)([O-])[O-])[O-].[Na+].[Na+].[Na+].[Na+],,-0.514093916
8610,C-8611,,DVQZHWAYOLXTHE-UHFFFAOYSA-N,CC[N+](Cc1ccccc1)(CCCNC1=CC(=O)C(=CC1=O)NCCC[N+](Cc1ccccc1)(CC)CC)CC.[Br-].[Br-],,-0.51331962
8611,C-8612,,DYESHNNFAFXIKV-UHFFFAOYSA-N,OC(=O)C(=O)[O-].Oc1ccc2c(c1)c(CC[NH+](C)C)c[nH]2,,-0.511193319
8612,C-8613,,JQVBVDFCXFLBPV-UHFFFAOYSA-M,O=C(Cc1ccccc1)Oc1cccc(c1)[N+](C)(C)C.[Br-],,-0.510961841
8613,C-8614,,OPXLJUFZIAHIOA-UHFFFAOYSA-N,OS(=O)(=O)SCCNCCc1ccccc1,,-0.50928063
8614,C-8615,,PMDQSBZXEATWCG-DEKXFLRUSA-N,OC[C@H](c1ccccc1)C(=O)OC1C[C@@H]2N[C@H](C1)[C@@H]1[C@H]2O1.Cl,,-0.508615043
8615,C-8616,,IBZJGOGLCABLDJ-UHFFFAOYSA-N,O=Nc1ccc(c(c1O)N=O)O,,-0.507917878
8616,C-8617,,ZRYGZUCHNAVIIG-UHFFFAOYSA-N,CCC(NC)(C)C.Cl,,-0.501289641
8617,C-8618,,BMVGRQFYWXVLDD-UHFFFAOYSA-N,CCNC(C)(C)C.Cl,,-0.501289641
8618,C-8619,,NHTGHBARYWONDQ-UHFFFAOYSA-N,Oc1ccc(cc1)CC(C(=O)O)(N)C,,-0.501150706
8619,C-8620,,LKCWBDHBTVXHDL-UFFGTHJOSA-N,NCC[C@H](C(=O)N[C@@H]1C[C@H](N)[C@H]([C@@H]([C@H]1O[C@H]1O[C@@H](CO)[C@@H]([C@H]([C@@H]1O)N)O)O)O[C@H]1O[C@@H](CN)[C@@H]([C@H]([C@@H]1O)O)O)O,,-0.5
8620,C-8621,,DUXCSEISVMREAX-UHFFFAOYSA-N,OCCC(C)(C)C,,-0.5
8621,C-8622,,NDOGLIPWGGRQCO-UHFFFAOYSA-N,CCC(=O)CC(=O)C,,-0.498984525
8622,C-8623,,NFDQYBUVHVRNNY-UHFFFAOYSA-N,O=C1CC(CC(=O)N1)CC(C1CC(C)(O)CC(C1=O)C)O,,-0.497378282
8623,C-8624,,RHTNTTODYGNRSP-UHFFFAOYSA-N,c1ccc(cc1)CC1=NCCN1.Cl,,-0.497181428
8624,C-8625,,VQFGDOHENLRPFB-UHFFFAOYSA-N,SCc1cnccn1,,-0.490320034
8625,C-8626,,KFNNIILCVOLYIR-UHFFFAOYSA-N,CCCOC=O,,-0.49000001
8626,C-8627,,WFRBDWRZVBPBDO-UHFFFAOYSA-N,CCCC(O)(C)C,,-0.49000001
8627,C-8628,,FKEDUFRSQFFLHR-VSYPDCRNSA-N,CCOc1ccc2c3c1O[C@@H]1[C@@]43CCN([C@H](C2)[C@@H]4C=C[C@@H]1O)C.Cl.O.O,,-0.489547895
8628,C-8629,,HPYYCONYZSKTMH-UHFFFAOYSA-N,OCC(COc1ccccc1N)O,,-0.488425098
8629,C-8630,,FSASIHFSFGAIJM-UHFFFAOYSA-N,Nc1ncn(c2c1ncn2)C,,-0.480972941
8630,C-8631,,STECJAGHUSJQJN-KXKVQDCLSA-N,OC[C@@H](c1ccccc1)C(=O)O[C@@H]1C[C@@H]2N([C@H](C1)[C@H]1[C@@H]2O1)C,,-0.47999999
8631,C-8632,,ULSIYEODSMZIPX-MRVPVSSYSA-N,NC[C@H](c1ccccc1)O,,-0.47999999
8632,C-8633,,SMNDYUVBFMFKNZ-UHFFFAOYSA-N,OC(=O)c1ccco1,,-0.47999999
8633,C-8634,,HALWGCIWQTXDID-UHFFFAOYSA-N,CC(=C)COCC(CO)O,,-0.478269514
8634,C-8635,,UQTDVBKOSSSDQO-MWMYENNMSA-N,CCCC(OCn1ccn(/c/1=C/[NH+]=O)C)CC.[Cl-],,-0.477242547
8635,C-8636,,ULSIYEODSMZIPX-UHFFFAOYSA-N,NCC(c1ccccc1)O,,-0.476431684
8636,C-8637,,YNJBWRMUSHSURL-UHFFFAOYSA-N,OC(=O)C(Cl)(Cl)Cl,,-0.476000959
8637,C-8638,,MDYOLVRUBBJPFM-UHFFFAOYSA-N,Oc1cccccc1=O,,-0.475392827
8638,C-8639,,GTSKCZHMZXAPMP-UHFFFAOYSA-L,CC1C[N+]2(CCOCC[N+]34CCC(CC3)C(C4)C)CCC1CC2.[I-].[I-],,-0.475125982
8639,C-8640,,ALFGKMXHOUSVAD-UHFFFAOYSA-N,CCC(=O)C1(CCN(CC1)C)c1cccc(c1)O,,-0.473637562
8640,C-8641,,CFOYWRHIYXMDOT-UHFFFAOYSA-N,CCOC(=O)n1ccn(c1=S)C,,-0.473056921
8641,C-8642,,WYXSYVWAUAUWLD-SHUUEZRQSA-N,OC[C@H]1O[C@H]([C@@H]([C@@H]1O)O)n1ncc(=O)[nH]c1=O,,-0.471421723
8642,C-8643,,QELSIJXWEROXOE-IGUOPLJTSA-N,O=[NH+]/C=c/1\ccccn1COC[n+]1ccc(cc1)C(=O)N.[Cl-].[Cl-],,-0.470768513
8643,C-8644,,WESDBLALURHRDL-UHFFFAOYSA-N,Cc1ncnc2c1nccn2,,-0.47
8644,C-8645,,QPRQEDXDYOZYLA-YFKPBYRVSA-N,CC[C@@H](CO)C,,-0.47
8645,C-8646,,FVZVSNDNKMOYKF-UHFFFAOYSA-N,NCCc1cc(OC)c(c(c1)OC)OC.Cl,,-0.469163305
8646,C-8647,,RRIQOXRRSJKRFR-UHFFFAOYSA-M,CCCCCCCC[N+](C)(C)C.[I-],,-0.468698679
8647,C-8648,,QIOZLISABUUKJY-UHFFFAOYSA-N,NC(=S)c1ccccc1,,-0.467293894
8648,C-8649,,FZIIBDOXPQOKBP-UHFFFAOYSA-N,CC1CCO1,,-0.466160516
8649,C-8650,,YJOXSXGKJMRYKX-UHFFFAOYSA-N,COc1ccc(cc1)CNCCSS(=O)(=O)O,,-0.465309263
8650,C-8651,,PZMVOUYYNKPMSI-UHFFFAOYSA-N,CNCC(=O)c1ccc(c(c1)O)O,,-0.46448588
8651,C-8652,,UTGZOXAHFUVIRJ-UHFFFAOYSA-M,NC(=S)[N-]N/C=C/1\C=CC(=O)C=N1.[Na+],,-0.462079693
8652,C-8653,,UIGLAZDLBZDVBL-UHFFFAOYSA-N,OC(c1ccccc1)C#C,,-0.46204653
8653,C-8654,,KMSNYNIWEORQDJ-UHFFFAOYSA-N,O=C1CCCS1,,-0.461467917
8654,C-8655,,YNBADRVTZLEFNH-UHFFFAOYSA-N,COC(=O)c1cccnc1,,-0.46000001
8655,C-8656,,GRFNBEZIAWKNCO-UHFFFAOYSA-N,Oc1cccnc1,,-0.46000001
8656,C-8657,,WEHWNAOGRSTTBQ-UHFFFAOYSA-N,CCCNCCC,,-0.46000001
8657,C-8658,,DBMJMQXJHONAFJ-UHFFFAOYSA-M,CCCCCCCCCCCCOS(=O)(=O)[O-].[Na+],,-0.45996211
8658,C-8659,,QAXAHXNXXIWQIZ-UHFFFAOYSA-N,CCN([N+](=O)[O-])CC,,-0.459810308
8659,C-8660,,FJQXCDYVZAHXNS-UHFFFAOYSA-N,CCC(=O)C(c1ccccc1)(c1ccccc1)CC(N(C)C)C.Cl,,-0.459783139
8660,C-8661,,IRYJRGCIQBGHIV-UHFFFAOYSA-N,O=C1OC(C(=O)N1C)(C)C,,-0.456797077
8661,C-8662,,OYTKINVCDFNREN-UHFFFAOYSA-N,Nc1cnccc1N,,-0.455320675
8662,C-8663,,XQQZRZQVBFHBHL-UHFFFAOYSA-N,O1CCOCCOCCOCC1,,-0.452664256
8663,C-8664,,BALXUFOVQVENIU-SCYNACPDSA-N,CN[C@@H]([C@@H](c1ccccc1)O)C.Cl,,-0.450386937
8664,C-8665,,NWPRCRWQMGIBOT-UHFFFAOYSA-N,OCCn1cnc2c1c(=O)n(C)c(=O)n2C,,-0.450034164
8665,C-8666,,JEIZLWNUBXHADF-QMMMGPOBSA-N,CC(=O)C[C@@H]1CCCCN1,,-0.44999999
8666,C-8667,,QMMFVYPAHWMCMS-UHFFFAOYSA-N,CSC,,-0.44999999
8667,C-8668,,HAEAJIXAMUMSFQ-UHFFFAOYSA-N,OCC(CS(=O)(=O)c1ccc(cc1)C)O,,-0.449499145
8668,C-8669,,SSBJNXYJAHFKJQ-UHFFFAOYSA-N,CC(CN1CCCCC1)(O)C,,-0.448421959
8669,C-8670,,PJFNNMFXEVADGK-UHFFFAOYSA-N,OCC(=O)Nc1ccccc1,,-0.44705746
8670,C-8671,,IAOBSBQMRZRBPT-UHFFFAOYSA-N,COc1ccc(cc1C(C[NH+](C)C)O)OC.[Cl-],,-0.446604205
8671,C-8672,,VJNXVAVKCZJOFQ-UHFFFAOYSA-N,CC1NCCOC1c1ccccc1.Cl,,-0.446153248
8672,C-8673,,JUWVRBZHGIMTGG-UHFFFAOYSA-N,CN(CCNC(C(F)(F)F)(C(F)(F)F)O)C,,-0.445139685
8673,C-8674,,JQYLYGFSUFDCGW-UHFFFAOYSA-L,CC[N+](CCCNc1nc(NCCC[N+](CC)(CC)CC)nc(n1)Cl)(CC)CC.[I-].[I-],,-0.444051775
8674,C-8675,,WREGKURFCTUGRC-POYBYMJQSA-N,Nc1ccn(c(=O)n1)[C@H]1CC[C@H](O1)CO,,-0.441643715
8675,C-8676,,QEMIWXBPPYGOMV-UHFFFAOYSA-N,CCCCN1CCC(CC1)(O)c1ccco1.Cl,,-0.441467811
8676,C-8677,,QIWOKEQEGOOGGH-UHFFFAOYSA-N,O=CNNc1ccccc1,,-0.441183517
8677,C-8678,,CQOVPNPJLQNMDC-ZETCQYMHSA-N,NCCC(=O)N[C@H](C(=O)O)Cc1[nH]cnc1,,-0.440324347
8678,C-8679,,HPXRVTGHNJAIIH-UHFFFAOYSA-N,OC1CCCCC1,,-0.44
8679,C-8680,,NMUSYJAQQFHJEW-ARQDHWQXSA-N,OC[C@H]1O[C@H]([C@H]([C@@H]1O)O)n1cnc(nc1=O)N,,-0.438660983
8680,C-8681,,NMUSYJAQQFHJEW-KVTDHHQDSA-N,OC[C@H]1O[C@H]([C@@H]([C@@H]1O)O)n1cnc(nc1=O)N,,-0.438368102
8681,C-8682,,FKHLBAOXRDYSRQ-UHFFFAOYSA-M,[O-]S(=O)CCCCSSCCNC(=O)C.[Na+],,-0.438061544
8682,C-8683,,AELCINSCMGFISI-DTWKUNHWSA-N,N[C@@H]1C[C@H]1c1ccccc1,,-0.437848392
8683,C-8684,,BWBRTQPXRCBQSJ-UHFFFAOYSA-N,NCCCCCCNCCSP(=O)(O)O.O,,-0.433929781
8684,C-8685,,JVWOCHRRAWHKLT-UHFFFAOYSA-N,CCN(CCOC(=O)c1cccnc1)CC,,-0.433314049
8685,C-8686,,FMMYTRQXHORTCU-UHFFFAOYSA-N,ClCCOS(=O)(=O)C,,-0.433136336
8686,C-8687,,KMRNTNDWADEIIX-UHFFFAOYSA-N,OC(=O)CCI,,-0.43000001
8687,C-8688,,DHKHKXVYLBGOIT-UHFFFAOYSA-N,CCOC(OCC)C,,-0.43000001
8688,C-8689,,QSGAFDSLNHRMIQ-SMBKYJPPSA-N,OS(=O)(=O)O.O[C@H](c1ccccc1)[C@@H](N)C.O[C@H](c1ccccc1)[C@@H](N)C,,-0.429405397
8689,C-8690,,WRJPSSPFHGNBMG-UHFFFAOYSA-N,CC(=O)OC1CN2CCC1CC2,,-0.428432597
8690,C-8691,,JLUQTCXCAFSSLD-UHFFFAOYSA-N,O=C1C=CC2(O1)CCC12C=CC(=O)O1,,-0.427863685
8691,C-8692,,BTHSSYLQNVNWJG-UHFFFAOYSA-N,CC1=NS(=O)(=O)c2c(N1)nccc2,,-0.426230157
8692,C-8693,,NCRPDZJXUVPKNS-UHFFFAOYSA-N,CCOC(=O)N1CCN(CC1)CC.Cl,,-0.425539291
8693,C-8694,,JPJWFNHMOPQSBQ-UHFFFAOYSA-N,CN(c1ccc(cc1)C)C(=O)N,,-0.423002596
8694,C-8695,,UQSPFESRVJWENP-UHFFFAOYSA-N,COc1ccc(cc1)C1N(C)CCN1C,,-0.421269318
8695,C-8696,,GEYOCULIXLDCMW-UHFFFAOYSA-N,Nc1ccccc1N,,-0.41999999
8696,C-8697,,KWGRBVOPPLSCSI-PSASIEDQSA-N,CN[C@@H]([C@H](c1ccccc1)O)C,,-0.41999999
8697,C-8698,,POAOYUHQDCAZBD-UHFFFAOYSA-N,CCCCOCCO,,-0.41999999
8698,C-8699,,FFEARJCKVFRZRR-SCSAIBSYSA-N,CSCC[C@H](C(=O)O)N,,-0.41999999
8699,C-8700,,PXWINCSLFXUWBZ-VYIIXAMBSA-N,CO[C@H]1C=CC2=CCN3[C@]2(C1)C1=C(CC3)COC(=O)C1,,-0.41798998
8700,C-8701,,CRSNGJNHERUXSD-UHFFFAOYSA-N,OS(=O)(=O)SCCNCCOc1ccccc1,,-0.417727003
8701,C-8702,,YOAUVDYBDJTJJP-REOHCLBHSA-N,NC(=O)SC[C@@H](C(=O)O)N,,-0.416666961
8702,C-8703,,RIZZXCJMFIGMON-UHFFFAOYSA-N,CC(=O)OCC#C,,-0.416485581
8703,C-8704,,SLANUBHZICPYRW-UHFFFAOYSA-M,COc1ccc(cc1CC[N+](C)(C)C)OC.[Cl-],,-0.414595665
8704,C-8705,,BMOFKCBGQVZIAS-UHFFFAOYSA-N,OC(CN1CCN(CC1)C)COc1ccccc1C(=O)C.Cl.Cl,,-0.413424627
8705,C-8706,,FSGWUPVGLATWMM-UHFFFAOYSA-N,OC(CN1CCN(CC1)C)COc1cccc(c1)C(=O)C.Cl.Cl,,-0.413424627
8706,C-8707,,NILQLFBWTXNUOE-UHFFFAOYSA-N,OC(=O)C1(N)CCCC1,,-0.41215467
8707,C-8708,,KFVSLSTULZVNPG-UHFFFAOYSA-N,OS(=O)(=O)O.OC(c1cc(O)cc(c1)O)CNC(C)(C)C.OC(c1cc(O)cc(c1)O)CNC(C)(C)C,,-0.410914205
8708,C-8709,,PAYRUJLWNCNPSJ-UHFFFAOYSA-N,Nc1ccccc1,,-0.41
8709,C-8710,,IKECULIHBUCAKR-UHFFFAOYSA-N,CC(C(O)(C)C)C,,-0.41
8710,C-8711,,MWWATHDPGQKSAR-UHFFFAOYSA-N,CC#C,,-0.41
8711,C-8712,,MUPFEKGTMRGPLJ-GKSUOFJESA-N,OC[C@H]1O[C@]([C@@H]([C@@H]1O)O)(CO)O[C@H]1O[C@@H](CO[C@H]2O[C@@H](CO)[C@@H]([C@H]([C@@H]2O)O)O)[C@@H]([C@H]([C@@H]1O)O)O,,-0.41
8712,C-8713,,FTBPJDDHEJKEEF-UHFFFAOYSA-L,CCCCCC[N+](CCOCC[N+](CCCCCC)(CC)CC)(C)C.[Br-].[Br-],,-0.407221739
8713,C-8714,,NQNZNONJZASOKL-UHFFFAOYSA-N,N1CCN(CC1)c1ccccc1.Cl,,-0.404422991
8714,C-8715,,IWYDNHDPJXFEOV-UHFFFAOYSA-N,NC(=O)N(c1ccccc1C)C,,-0.403149588
8715,C-8716,,MRWXACSTFXYYMV-FDDDBJFASA-N,OC[C@H]1O[C@H]([C@@H]([C@@H]1O)O)n1cnc2c1ncnc2,,-0.40179674
8716,C-8717,,RHCSKNNOAZULRK-UHFFFAOYSA-N,NCCc1cc(OC)c(c(c1)OC)OC,,-0.400126628
8717,C-8718,,WJRBRSLFGCUECM-UHFFFAOYSA-N,O=C1NCC(=O)N1,,-0.40000001
8718,C-8719,,ZFLIKDUSUDBGCD-UHFFFAOYSA-N,O=C1NC(=O)C(=O)N1,,-0.40000001
8719,C-8720,,ALYNCZNDIQEVRV-UHFFFAOYSA-N,OC(=O)c1ccc(cc1)N,,-0.40000001
8720,C-8721,,WVDDGKGOMKODPV-UHFFFAOYSA-N,OCc1ccccc1,,-0.40000001
8721,C-8722,,KPSSIOMAKSHJJG-UHFFFAOYSA-N,OCC(C)(C)C,,-0.40000001
8722,C-8723,,VGGSQFUCUMXWEO-UHFFFAOYSA-N,C=C,,-0.40000001
8723,C-8724,,XQXPVVBIMDBYFF-UHFFFAOYSA-N,OC(=O)Cc1ccc(cc1)O,,-0.399080411
8724,C-8725,,NNKXWRRDHYTHFP-HZQSTTLBSA-N,C=C[C@H]1CN2CC[C@H]1C[C@H]2[C@@H](c1ccnc2c1cc(OC)cc2)O.Cl.Cl,,-0.397765163
8725,C-8726,,VFTFKUDGYRBSAL-UHFFFAOYSA-N,O1CCOCCOCCOCCOCC1,,-0.397624653
8726,C-8727,,NCPLWPQEVIBZKJ-UHFFFAOYSA-N,OCCNC(=O)c1ccccc1O,,-0.393032623
8727,C-8728,,BONORRGKLJBGRV-UHFFFAOYSA-N,CN(CCN(c1ccccn1)Cc1cccs1)C.Cl,,-0.391204944
8728,C-8729,,VNKYTQGIUYNRMY-UHFFFAOYSA-N,CCCOC,,-0.38999999
8729,C-8730,,SXSWMAUXEHKFGX-ZCFIWIBFSA-N,OC[C@H](C(C)C)C,,-0.38999999
8730,C-8731,,FKBLZUSEOXHUJZ-UHFFFAOYSA-L,CC1C[N+]2(COC[N+]34CCC(CC3)C(C4)C)CCC1CC2.[I-].[I-],,-0.388763883
8731,C-8732,,ZJJFOTCYYMAOMX-UHFFFAOYSA-M,CC(=O)Nc1cccc(c1)[As](=O)(O)[O-].[Na+],,-0.388122849
8732,C-8733,,DBAKFASWICGISY-BTJKTKAUSA-N,CN(CCC(c1ccccn1)c1ccc(cc1)Cl)C.OC(=O)/C=C\C(=O)O,,-0.387905701
8733,C-8734,,KUMMBDBTERQYCG-UHFFFAOYSA-N,OCc1cc(C)cc(c1O)CO,,-0.387586113
8734,C-8735,,PZDARDIDPSRLMQ-UHFFFAOYSA-M,CCCC[N+](CCCC)(CC)CC.[OH-],,-0.382459314
8735,C-8736,,GXAVBFNRWXCOPY-UHFFFAOYSA-N,COc1cc(O)cc(c1O)OC,,-0.382062985
8736,C-8737,,APYXNTXUDKPUKD-UHFFFAOYSA-M,CCCOC(=O)CO[NH3+].[Cl-],,-0.38063395
8737,C-8738,,CBCKQZAAMUWICA-UHFFFAOYSA-N,Nc1ccc(cc1)N,,-0.38
8738,C-8739,,FRDAATYAJDYRNW-UHFFFAOYSA-N,CCC(CC)(O)C,,-0.38
8739,C-8740,,WCOFJTWPHBKHTQ-UHFFFAOYSA-M,CCN1C(CCCCCC[N+](CC)(CC)CC)CCC1C.[I-].I,,-0.378616515
8740,C-8741,,DWSGTFTVBLXELC-MOTQWOLNSA-N,OC(c1ccccc1)C(=O)OC1C[C@@H]2CC[C@H](C1)N2C.Br,,-0.378580807
8741,C-8742,,XXBSNFDFXXRLKZ-UHFFFAOYSA-M,COc1cc(cc(c1C)C)[N+](C)(C)C.[I-],,-0.376444472
8742,C-8743,,WTUNGUOZHBRADH-UHFFFAOYSA-N,COP(=O)(SC)OC,,-0.376202171
8743,C-8744,,HBMINVNVQUDERA-UHFFFAOYSA-N,[O-][N+](=O)c1nccn1C,,-0.374100649
8744,C-8745,,XHKUDCCTVQUHJQ-LCYSNFERSA-N,OC[C@H]([C@H]([C@@H]([C@H](C(=O)O)O)O)O)O.C=C[C@H]1CN2CC[C@H]1C[C@@H]2[C@H](c1ccnc2c1cc(OC)cc2)O,,-0.372094354
8745,C-8746,,IXMINYBUNCWGER-UHFFFAOYSA-M,CCCOC(=O)c1ccc(cc1)[O-].[Na+],,-0.371755769
8746,C-8747,,GMUKQAHDARHRTC-UHFFFAOYSA-N,S=C(Nc1ccccc1)NC(=S)N,,-0.37114184
8747,C-8748,,UABRYPURASNHRO-UHFFFAOYSA-N,C[Sn](C)C.O,,-0.369803817
8748,C-8749,,JVDCYRUTPUMLMD-UHFFFAOYSA-N,CNC(=O)Oc1ccccc1C[N+](C)(C)C.[I-],,-0.368224895
8749,C-8750,,OWGHQPIPPHGSGP-UHFFFAOYSA-M,O=C1[N-]C(=O)C(O1)(C)C.[Na+],,-0.367011145
8750,C-8751,,GWSZWUDXBUODAW-UHFFFAOYSA-N,OC(C(F)(F)F)(C(F)(F)F)N1CCNCC1.O,,-0.363459282
8751,C-8752,,UHOAUPKGWPQNDM-UHFFFAOYSA-N,S=c1ccccn1C,,-0.361967271
8752,C-8753,,RAIPHJJURHTUIC-UHFFFAOYSA-N,Nc1nccs1,,-0.36000001
8753,C-8754,,JYJFNDQBESEHJQ-UHFFFAOYSA-N,O=C1NC(=O)C(O1)(C)C,,-0.359851662
8754,C-8755,,QROZCFCNYCVEDO-KQYNXXCUSA-N,OC[C@H]1O[C@H]([C@@H]([C@@H]1O)O)n1cnc2c1ncnc2NO,,-0.358739018
8755,C-8756,,BOOMHTFCWOJWFO-UHFFFAOYSA-N,OC(=O)c1ncccc1N,,-0.357802843
8756,C-8757,,GGYVTHJIUNGKFZ-UHFFFAOYSA-N,CN1CCCCC1=O,,-0.356463596
8757,C-8758,,XUIZFYDSDRUVPE-UHFFFAOYSA-N,CC(=O)c1cccc(c1)[NH+](O)C.[Cl-],,-0.355696444
8758,C-8759,,XMIVRYNNGALYOJ-UHFFFAOYSA-N,COCCC/N=C(/CSS(=O)(=O)O)\N,,-0.354983975
8759,C-8760,,LTGKKKITNWDUCD-UHFFFAOYSA-N,CC(=O)Nc1ccc(cc1)[As](=O)(O)O,,-0.354650176
8760,C-8761,,LGDFHDKSYGVKDC-UHFFFAOYSA-N,Oc1ccc(c2c1nccc2)S(=O)(=O)O,,-0.354430976
8761,C-8762,,XXYCNHJBPIDFMZ-UHFFFAOYSA-N,CCON=Cc1ccncc1,,-0.353793347
8762,C-8763,,VIDRYROWYFWGSY-UHFFFAOYSA-N,CC(NCC(c1ccc(cc1)NS(=O)(=O)C)O)C.Cl,,-0.353620742
8763,C-8764,,WUQMRWPLIMXBDX-UHFFFAOYSA-N,CN(CCc1c[nH]c2c1ccc(c2)O)C,,-0.352603659
8764,C-8765,,UWYLQWLJGMLJQF-UHFFFAOYSA-N,CCC(NCC(c1ccc(cc1)N)O)C,,-0.35161994
8765,C-8766,,LCMPIWIWBGHBOY-UHFFFAOYSA-N,CC(=O)OCC(=O)CCl,,-0.350981317
8766,C-8767,,PUJDIJCNWFYVJX-UHFFFAOYSA-N,NC(=O)OCc1ccccc1,,-0.34999999
8767,C-8768,,GLVAUDGFNGKCSF-UHFFFAOYSA-N,S=c1nc[nH]c2c1[nH]cn2,,-0.346779559
8768,C-8769,,ADSMCWDSEPBBCF-UHFFFAOYSA-M,Clc1ccc(cc1)C(=O)Oc1cccc(c1)[N+](C)(C)C.[Br-],,-0.343679316
8769,C-8770,,RVPYACGFEOZHMA-UHFFFAOYSA-M,Clc1cccc(c1)C(=O)Oc1cccc(c1)[N+](C)(C)C.[Br-],,-0.343679316
8770,C-8771,,APHORMBLIBPERX-UHFFFAOYSA-L,CC[N+](CCCCCCc1ccc(cc1)[N+](CC)(CC)CC)(CC)CC.[I-].[I-],,-0.341195074
8771,C-8772,,UCQUAMAQHHEXGD-UHFFFAOYSA-N,CC(=O)c1ccc(c(c1)O)O,,-0.340909632
8772,C-8773,,YDVMQFMAVCFLQU-UHFFFAOYSA-N,[O-][N+](=O)c1nccn1CCO,,-0.33651778
8773,C-8774,,CJYXCQLOZNIMFP-UHFFFAOYSA-N,O=C1CCCCCCN1,,-0.334917703
8774,C-8775,,PXSOHRWMIRDKMP-UHFFFAOYSA-N,O=C1C(=C(N2CC2)C(=O)C=C1N1CC1)N1CC1,,-0.334707354
8775,C-8776,,RQNWIZPPADIBDY-UHFFFAOYSA-N,[As],,-0.334154731
8776,C-8777,,ZLNGFYDJXZZFJP-UHFFFAOYSA-N,N1CCOC(C1)c1ccccc1,,-0.332188417
8777,C-8778,,PKALPKIBIKMTCN-UHFFFAOYSA-N,OCC(COc1ccccc1NC(=O)C)O,,-0.331463932
8778,C-8779,,QZKKOQQIVLXUEI-UHFFFAOYSA-N,OCc1cnc(c(c1C)O)C.Cl,,-0.33000406
8779,C-8780,,GAMYYCRTACQSBR-UHFFFAOYSA-N,c1cnc2c(c1)[nH]cn2,,-0.327434588
8780,C-8781,,KRSJNPQCDCZRDP-UHFFFAOYSA-N,CCCC(COC(=O)N(C(Cc1ccccc1)C)C)(CO)C,,-0.326383879
8781,C-8782,,GMYHTBNBDYNDAI-MWMYENNMSA-N,Cn1ccn(/c/1=C\[NH+]=O)COC1CCCCC1.[Cl-],,-0.325773038
8782,C-8783,,YGNXYFLJZILPEK-UHFFFAOYSA-N,ON=C1CCCC1,,-0.32513803
8783,C-8784,,ZIFJVJZWVSPZLE-UHFFFAOYSA-N,O=[NH+]C=c1ccn(cc1)COCn1ccc(=C[NH+]=O)cc1.[Cl-].[Cl-],,-0.32311127
8784,C-8785,,FQPFAHBPWDRTLU-UHFFFAOYSA-N,Cn1c(=O)n(C)c2c(c1=O)[nH]cn2.Cn1c(=O)n(C)c2c(c1=O)[nH]cn2.NCCN,,-0.322667824
8785,C-8786,,VWGJUXTWIWCQGL-UHFFFAOYSA-M,CC[N+](CCOC(=O)C(c1cccs1)(C1CCCC1)O)(CC)C.[Br-],,-0.32263892
8786,C-8787,,XUYPXLNMDZIRQH-UHFFFAOYSA-N,CSCCC(C(=O)O)NC(=O)C,,-0.321595251
8787,C-8788,,XYKVWCZODOKFIK-UHFFFAOYSA-N,[O-][N+](=O)OCCN([N+](=O)[O-])C,,-0.317393097
8788,C-8789,,BIQMIYWSZZTXEX-UHFFFAOYSA-N,CC(NCC(=O)c1ccc(c(c1)O)O)C,,-0.316333715
8789,C-8790,,PWZUZQNZVZKCBI-UHFFFAOYSA-N,CCOC(=S)N,,-0.314856252
8790,C-8791,,QKICWELGRMTQCR-UHFFFAOYSA-N,OP(=O)(O)O.OP(=O)(O)O.CCN(CCCC(Nc1ccnc2c1ccc(c2)Cl)C)CC,,-0.314596046
8791,C-8792,,VLAZWTFELFNZTO-UHFFFAOYSA-N,CCN1CCN(C1=S)CC,,-0.31317077
8792,C-8793,,MPCPSVWSWKWJLO-UHFFFAOYSA-N,OC(c1ccc(cc1)O)CNC(C)C,,-0.31152481
8793,C-8794,,YKQOSKADJPQZHB-RGYSVOEGSA-N,NCC[C@@H](C(=O)N[C@H]1CCNC(=O)C(NC(=O)[C@@H](CCN)NC(=O)[C@@H](NC(=O)[C@H](NC(=O)[C@H](NC(=O)[C@@H](NC1=O)CCN)CC(C)C)CC(C)C)CCN)[C@H](O)C)NC(=O)[C@H]([C@H](O)C)NC(=O)[C@@H](NC(=O)CCCC(CC)C)CCN,,-0.311473932
8794,C-8795,,YPZRWBKMTBYPTK-BJDJZHNGSA-N,O=C(N[C@H](C(=O)NCC(=O)O)CSSC[C@@H](C(=O)NCC(=O)O)NC(=O)CC[C@@H](C(=O)O)N)CC[C@@H](C(=O)O)N,,-0.310074156
8795,C-8796,,QGBSISYHAICWAH-UHFFFAOYSA-N,N#CN=C(N)N,,-0.31
8796,C-8797,,KLOHDWPABZXLGI-YWUHCJSESA-M,N[C@H](c1ccccc1)C(=O)N[C@@H]1C(=O)N2[C@@H]1SC([C@@H]2C(=O)[O-])(C)C.[Na+],,-0.307375596
8797,C-8798,,DXGIRFAFSFKYCF-UHFFFAOYSA-N,CCC(=O)NN,,-0.30157253
8798,C-8799,,HVLUYXIJZLDNIS-UHFFFAOYSA-N,NCCc1cccs1,,-0.301047067
8799,C-8800,,JKZHBDBZNPVEOX-UHFFFAOYSA-M,COc1ccc(cc1C(C[N+](C)(C)C)(O)C)OC.[Cl-],,-0.300730364
8800,C-8801,,BRUZQRBVNRKLJG-UHFFFAOYSA-N,CC(COC(=O)N)C,,-0.30000001
8801,C-8802,,WWXBHTZSYYGCSG-UHFFFAOYSA-N,NC(=O)Nc1ccc(cc1)[As](=O)(O)O,,-0.29027846
8802,C-8803,,GNHMRTZZNHZDDM-UHFFFAOYSA-N,ClCCC#N,,-0.28999999
8803,C-8804,,CQRYARSYNCAZFO-UHFFFAOYSA-N,OCc1ccccc1O,,-0.28999999
8804,C-8805,,JYVLIDXNZAXMDK-RXMQYKEDSA-N,CCC[C@H](O)C,,-0.28999999
8805,C-8806,,MJCJFUJXVGIUOD-VIFPVBQESA-N,OC(=O)C[C@](C(C(=O)O)(C)C)(C(=O)O)C,,-0.28999999
8806,C-8807,,YCIHPQHVWDULOY-FMZCEJRJSA-N,CN([C@@H]1C(=O)C(=C([C@@]2([C@H]1C[C@H]1C(=C(O)c3c([C@@]1(C)O)cccc3O)C2=O)O)O)C(=O)N)C.Cl,,-0.285853633
8807,C-8808,,WFKAJVHLWXSISD-UHFFFAOYSA-N,CC(C(=O)N)C,,-0.28489334
8808,C-8809,,RDUHXGIIUDVSHR-UHFFFAOYSA-N,CCCCNCC(c1ccc(cc1)O)O,,-0.284117508
8809,C-8810,,BNPSSFBOAGDEEL-UHFFFAOYSA-N,OS(=O)(=O)O.OCc1cc(ccc1O)C(CNC(C)(C)C)O.OCc1cc(ccc1O)C(CNC(C)(C)C)O,,-0.283830225
8810,C-8811,,VVQUAWREPHCLDH-UHFFFAOYSA-N,Cc1cc(=O)c2n([nH]1)cnn2,,-0.281076787
8811,C-8812,,FDPIMTJIUBPUKL-UHFFFAOYSA-N,CCC(=O)CC,,-0.28
8812,C-8813,,ZKNWCLWQEQMFBT-UHFFFAOYSA-N,Nc1ccc(cc1)C(=O)Oc1cccc(c1)[N+](C)(C)C.[Br-],,-0.278437174
8813,C-8814,,HTGRNYUXYDXTCF-UHFFFAOYSA-L,Cn1c2ccccc2c2c1c(C)[n+](CCC[N+](C)(C)C)cc2.[Br-].[Br-],,-0.276342147
8814,C-8815,,ZJOVXIBMMPYJIH-UHFFFAOYSA-N,OCCN(C(=O)c1cc(OC)c(c(c1)OC)OC)CCO,,-0.272020107
8815,C-8816,,GXEKYRXVRROBEV-FBXFSONDSA-N,OC(=O)[C@@H]1[C@H]2CC[C@@H]([C@@H]1C(=O)O)O2,,-0.27000001
8816,C-8817,,FVTVMQPGKVHSEY-UHFFFAOYSA-N,OC(=O)C1(N)CCC1,,-0.26880436
8817,C-8818,,XQACWEBGSZBLRG-UHFFFAOYSA-N,S=C=Nc1ccc(cc1)Br,,-0.267618262
8818,C-8819,,OIMCRYGRGHXRHC-UHFFFAOYSA-M,C[NH+](CCC[n+]1ccc2c(c1)cccc2)C.[Cl-].[Br-],,-0.265449411
8819,C-8820,,DMEHMWWKTXHHMO-UHFFFAOYSA-L,c1cc[n+](cc1)CC[n+]1ccccc1.[Br-].[Br-],,-0.265001096
8820,C-8821,,SIEFLIMNPRLFJI-UHFFFAOYSA-M,Cn1c(=O)n(C)c2c(c1=O)[nH]cn2.[Hg]CC(CN(C(=O)c1ccccc1OC)C(=O)[O-])OC.[Na+].O,,-0.264103461
8821,C-8822,,PEHVGBZKEYRQSX-UHFFFAOYSA-N,Nc1ncnc2c1cc[nH]2,,-0.261277438
8822,C-8823,,HYKQYVSNFPWGKQ-UHFFFAOYSA-N,NC(=S)c1ccccn1,,-0.260973044
8823,C-8824,,UKGBSAONERBPNE-UHFFFAOYSA-N,OS(=O)(=O)O.NNCCOc1ccc(cc1)O,,-0.260966137
8824,C-8825,,VWSLLSXLURJCDF-UHFFFAOYSA-N,CC1=NCCN1,,-0.260455671
8825,C-8826,,ZFUFAMMRSGTUQO-UHFFFAOYSA-N,CCOC(c1ccccc1)(c1ccccc1)C(=O)OCCN(C)C.Cl,,-0.259930565
8826,C-8827,,YUJCWMGBRDBPDL-UHFFFAOYSA-N,O=C1NC(=O)CC(C1)(C)C,,-0.257091381
8827,C-8828,,SXBBEBWJKCVUGH-UHFFFAOYSA-N,SCC(NCCC#N)(C)C.Cl,,-0.255989013
8828,C-8829,,NEGSZULJUBFMHT-UHFFFAOYSA-N,OCC(COc1ccccc1CO)O,,-0.255750405
8829,C-8830,,ORRQJZMYQQDYDX-UHFFFAOYSA-N,CCOC(=O)CN(CC)CC,,-0.254098548
8830,C-8831,,FNOBLETXVSZOGS-UHFFFAOYSA-N,CCOC(=O)CCCN(C)C,,-0.254098548
8831,C-8832,,OGJPXUAPXNRGGI-UHFFFAOYSA-N,CCn1cc(C(=O)O)c(=O)c2c1cc(N1CCNCC1)c(c2)F,,-0.254071933
8832,C-8833,,YWXYYJSYQOXTPL-SLPGGIOYSA-N,[O-][N+](=O)O[C@@H]1CO[C@H]2[C@@H]1OC[C@@H]2O,,-0.253999724
8833,C-8834,,KPWDGTGXUYRARH-UHFFFAOYSA-N,OCC(Cl)(Cl)Cl,,-0.253691061
8834,C-8835,,XKVUYEYANWFIJX-UHFFFAOYSA-N,Cc1ccn[nH]1,,-0.252278465
8835,C-8836,,ZWAOHEXOSAUJHY-ZIYNGMLESA-N,C[C@H]1O[C@H]([C@@H]([C@@H]1O)O)n1cc(F)c(=O)[nH]c1=O,,-0.251713198
8836,C-8837,,WIOOTMZLCZPTDW-UHFFFAOYSA-N,NCCc1ccc(c(c1)OC)OC.Cl,,-0.251484614
8837,C-8838,,VVIZQGRJJPEJPT-RAIISBKQSA-N,C[n+]1c(C)cc(nc1N)Nc1ccc2c(c1)c(=N)cc(n2C)C.[Cl-].Cl,,-0.250858715
8838,C-8839,,TWAWHTJKASJPEK-UHFFFAOYSA-J,[O-]C(=O)CN(CC(=O)[O-])CCN(CC(=O)[O-])CC(=O)[O-].[Co+2].[Co+2],,-0.250674614
8839,C-8840,,HPEMBKNBNFNSLU-UHFFFAOYSA-N,CCCCCNCCSS(=O)(=O)O,,-0.249460174
8840,C-8841,,YCYZCHCSBKTMDT-UHFFFAOYSA-N,OC(CN1CCOCC1)COc1cccc(c1)C(=O)C,,-0.244729786
8841,C-8842,,BZLVMXJERCGZMT-UHFFFAOYSA-N,COC(C)(C)C,,-0.23999999
8842,C-8843,,AQIXEPGDORPWBJ-UHFFFAOYSA-N,CCC(CC)O,,-0.23999999
8843,C-8844,,GUBGYTABKSRVRQ-QRZGKKJRSA-N,OC[C@H]1O[C@@H](O)[C@@H]([C@H]([C@@H]1O[C@@H]1O[C@H](CO)[C@H]([C@@H]([C@H]1O)O)O)O)O,,-0.23999999
8844,C-8845,,IWUCXVSUMQZMFG-AFCXAGJDSA-N,OC[C@H]1O[C@H]([C@@H]([C@@H]1O)O)n1cnc(n1)C(=O)N,,-0.235469764
8845,C-8846,,DDWXNUFFAFBJDG-UHFFFAOYSA-N,O=C1NC(=S)N(C1)C(=O)C,,-0.234406922
8846,C-8847,,GMZVRMREEHBGGF-UHFFFAOYSA-N,NC(=O)CN1CCCC1=O,,-0.23374554
8847,C-8848,,MFRUVSDIZTZFFL-UHFFFAOYSA-N,BrCCN(C)C.Br,,-0.233718232
8848,C-8849,,TUMNHQRORINJKE-UHFFFAOYSA-N,CCN(C(=O)N)CC,,-0.231605698
8849,C-8850,,SNPQRYOQWLOTFA-UHFFFAOYSA-N,CC1(C)NCCS1,,-0.225731888
8850,C-8851,,PCBOHSPTDSBFFP-UHFFFAOYSA-N,C=CCSC(c1ccccn1)C(=O)N.Cl,,-0.224346776
8851,C-8852,,DPRSKJHWKNHBOW-KCGFPETGSA-N,OC[C@H]1O[C@H]([C@@H]([C@@H]1O)O)n1ccc2c1[nH]cnc2=O,,-0.220077212
8852,C-8853,,NFACJZMKEDPNKN-VKHMYHEASA-N,COP(=O)([C@@H](C(Cl)(Cl)Cl)O)OC,,-0.22
8853,C-8854,,BAPJBEWLBFYGME-UHFFFAOYSA-N,COC(=O)C=C,,-0.22
8854,C-8855,,MCSAJNNLRCFZED-UHFFFAOYSA-N,[O-][N+](=O)CC,,-0.22
8855,C-8856,,XLYNVJJFQHWCEU-UHFFFAOYSA-N,NC(=O)c1ccc[n+](c1)Cc1ccccc1.[Cl-],,-0.219602006
8856,C-8857,,PJVJTCIRVMBVIA-UHFFFAOYSA-N,CCOP(=O)(N(C)C)C#N,,-0.218634628
8857,C-8858,,LNVWRBNPXCUYJI-UHFFFAOYSA-N,Cc1[nH]nc(c1N)C,,-0.214671959
8858,C-8859,,DVVVPMHPSRJZQX-UHFFFAOYSA-N,CCN(c1ccccc1C)C(=O)N,,-0.209600305
8859,C-8860,,AHDSRXYHVZECER-UHFFFAOYSA-N,CN(Cc1cc(CN(C)C)c(c(c1)CN(C)C)O)C,,-0.209058707
8860,C-8861,,UJLMDGSRQDVCFZ-UHFFFAOYSA-N,CCNCCCNCCSP(=O)(O)O.CCNCCCNCCSP(=O)(O)O.O.O.O,,-0.207514254
8861,C-8862,,KCURWTAZOZXKSJ-JBMRGDGGSA-N,OC[C@H]1O[C@H]([C@H]([C@@H]1O)O)n1ccc(nc1=O)N.Cl,,-0.201144085
8862,C-8863,,UBAYZMJYXBTDBB-UHFFFAOYSA-N,CN(C(=O)c1ccccc1O)C,,-0.200955672
8863,C-8864,,NOQGZXFMHARMLW-UHFFFAOYSA-N,CN(NC(=O)CCC(=O)O)C,,-0.2
8864,C-8865,,MXLMTQWGSQIYOW-RXMQYKEDSA-N,C[C@H](C(C)C)O,,-0.2
8865,C-8866,,KDYFGRWQOYBRFD-UHFFFAOYSA-N,OC(=O)CCC(=O)O,,-0.2
8866,C-8867,,PERZMHJGZKHNGU-XIGAONJHSA-N,OC[C@H]1O[C@@H](OC[C@H]2O[C@@H](O[C@H]3[C@H](O[C@@H]([C@@]([C@@H]3OC(=O)N)(C)O)C(=O)O)OP(=O)(OC[C@H](C(=O)O)OC/C=C(/CC/C=C/C(CCC(=C)C/C=C(/CCC=C(C)C)\C)(C)C)\C)O)[C@@H]([C@H]([C@@H]2O[C@@H]2OC(C)[C@H]([C@@H]([C@H]2NC(=O)C)O)O[C@@H]2O[C@H](C(=O)NC3=C(O)CCC3=O)[C@@H]([C@@H]([C@H]2O)O)O)O)NC(=O)C)[C@@H]([C@H]([C@@H]1O)O)O,,-0.199640557
8867,C-8868,,BAQCROVBDNBEEB-UBYUBLNFSA-N,OC[C@H]1OC(O)[C@@H]([C@H]([C@@H]1O)O)NC(=O)c1c(I)c(NC(=O)C)c(c(c1I)N(C(=O)C)C)I,,-0.198162028
8868,C-8869,,WOUDXEYYJPOSNE-VKZDFBPFSA-N,OC[C@@]([C@@H]([C@@]12OCCC(=C)[C@@](C(=O)N1)(NC2=O)O)O)(O)C,,-0.197112481
8869,C-8870,,VEZDUYOIFCALMU-UHFFFAOYSA-N,NCCCNCC(CSP(=O)(O)O)C.NCCCNCC(CSP(=O)(O)O)C.O.O.O.O.O,,-0.193535179
8870,C-8871,,XOAAWQZATWQOTB-UHFFFAOYSA-N,NCCS(=O)(=O)O,,-0.190529557
8871,C-8872,,XNLICIUVMPYHGG-UHFFFAOYSA-N,CCCC(=O)C,,-0.19
8872,C-8873,,FERIUCNNQQJTOY-UHFFFAOYSA-N,CCCC(=O)O,,-0.19
8873,C-8874,,WLCJLILAPNEMNQ-UHFFFAOYSA-M,[O-][Cl](=O)(=O)=O.CC(=CC=CN1CCCC1)C=[N+]1CCCC1,,-0.189648368
8874,C-8875,,DGIAUNUPXILTJW-VRWDCWMNSA-N,O=C(Nc1c(I)cc(c(c1I)C(=O)O)I)CCCCC(=O)Nc1c(I)cc(c(c1I)C(=O)O)I.CNC[C@@H]([C@H]([C@@H]([C@@H](CO)O)O)O)O.CNC[C@@H]([C@H]([C@@H]([C@@H](CO)O)O)O)O,,-0.184747346
8875,C-8876,,KIKLDWULAZATJG-YZZSNFJZSA-M,COc1ccc2c3c1O[C@@H]1[C@@]43CC[N+]([C@H](C2)[C@@H]4C=C[C@@H]1O)(C)C.[Br-],,-0.180863331
8876,C-8877,,BDWRWXCLAKVGMM-UHFFFAOYSA-N,OS(=O)(=O)SCCNCc1ccccc1,,-0.178427682
8877,C-8878,,JKNCOURZONDCGV-UHFFFAOYSA-N,CN(CCOC(=O)C(=C)C)C,,-0.170773071
8878,C-8879,,UWSDONTXWQOZFN-UHFFFAOYSA-N,O=NN1CCCCC1,,-0.17
8879,C-8880,,KSCFJBIXMNOVSH-ZCFIWIBFSA-N,OC[C@@H](Cn1cnc2c1c(=O)n(C)c(=O)n2C)O,,-0.17
8880,C-8881,,KAESVJOAVNADME-UHFFFAOYSA-N,c1ccc[nH]1,,-0.17
8881,C-8882,,QIGBRXMKCJKVMJ-UHFFFAOYSA-N,Oc1ccc(cc1)O,,-0.17
8882,C-8883,,IMPKVMRTXBRHRB-JDCCYXBGSA-N,O[C@@H]1C[C@H](O)[C@H]([C@@H]([C@H]1O)O)O,,-0.17
8883,C-8884,,XGRPZMQMSBNEOX-UHFFFAOYSA-N,C[NH2+]CC(c1cc(OC)ccc1OC)O.[Cl-],,-0.168650019
8884,C-8885,,KGHXFBVYXDFJGG-UHFFFAOYSA-N,CC(=O)Oc1ccccc1C(=O)N,,-0.166917582
8885,C-8886,,NPIJXCQZLFKBMV-YTGGZNJNSA-L,CC(=O)O[C@H]1C[C@@H]2CC[C@@H]3[C@@H]([C@]2(C[C@@H]1[N+]1(C)CCCCC1)C)CC[C@]1([C@H]3C[C@@H]([C@@H]1OC(=O)C)[N+]1(C)CCCCC1)C.[Br-].[Br-],,-0.165946099
8886,C-8887,,OIICUUGPVAEJSH-UHFFFAOYSA-M,CC[N+](Cc1ccccc1Br)(C)C.[Br-],,-0.164907033
8887,C-8888,,GEPMAHVDJHFBJI-UHFFFAOYSA-N,OC(=O)c1cccnc1.OCCN(CC(Cn1cnc2c1c(=O)n(C)c(=O)n2C)O)C,,-0.164893995
8888,C-8889,,QTENRWWVYAAPBI-YCRXJPFRSA-N,OS(=O)(=O)O.OS(=O)(=O)O.OS(=O)(=O)O.OC[C@@H]1O[C@@H](O[C@H]2[C@H](O[C@H]3[C@H](O)[C@@H](O)[C@@H]([C@H]([C@@H]3N=C(N)N)O)N=C(N)N)O[C@H]([C@]2(O)C=O)C)[C@H]([C@@H]([C@H]1O)O)NC.OC[C@@H]1O[C@@H](O[C@H]2[C@H](O[C@H]3[C@H](O)[C@@H](O)[C@@H]([C@H]([C@@H]3N=C(N)N)O)N=C(N)N)O[C@H]([C@]2(O)C=O)C)[C@H]([C@@H]([C@H]1O)O)NC,,-0.163571613
8889,C-8890,,FEQOAJFIPPBRLL-UHFFFAOYSA-N,CC(COc1ccc(cc1N)[As](=O)(O)O)O,,-0.160898377
8890,C-8891,,GRKZBWJKCYATKH-UHFFFAOYSA-N,COP(=O)(CCOC(=O)C)OC,,-0.159025071
8891,C-8892,,GIXDPYOACOYPDO-UHFFFAOYSA-M,COS(=O)(=O)[O-].CCOP(=O)(SCC[N+](c1ccccc1)(C)C)C,,-0.15742524
8892,C-8893,,OUFRIWNNMFWZTM-UHFFFAOYSA-M,Nc1ccc(cc1)[As](=O)(O)[O-].[Na+],,-0.155748658
8893,C-8894,,BFQXGKXWUIMFSH-UHFFFAOYSA-N,CC(CNCCSS(=O)(=O)O)(C)C,,-0.155273019
8894,C-8895,,QCGRMMZPZDAITA-UHFFFAOYSA-N,OCCCn1cnc2c1c(=O)n(C)c(=O)n2C,,-0.155091823
8895,C-8896,,WQABCVAJNWAXTE-UHFFFAOYSA-N,OCC(CS)S,,-0.154658287
8896,C-8897,,PAXGOFRYFNADFZ-UHFFFAOYSA-N,CN1CCc2c(C1)ccc(c2)O.Cl,,-0.154202161
8897,C-8898,,GCVHYGRJLCAOGI-UHFFFAOYSA-N,S=C1CCCCN1,,-0.153642416
8898,C-8899,,WWISPHBAYBECQZ-UHFFFAOYSA-N,CC1NC(=O)C(NC1=O)C,,-0.152771305
8899,C-8900,,WNPCZRJBOPAEFM-UHFFFAOYSA-N,OS(=O)(=O)O.CCN(CCN=C(N)N)CC,,-0.151105631
8900,C-8901,,LQAVWYMTUMSFBE-UHFFFAOYSA-N,OCCCC=C,,-0.15000001
8901,C-8902,,UUVDJIWRSIJEBS-UHFFFAOYSA-N,COc1ccc(cn1)N,,-0.149192876
8902,C-8903,,YPVRJHARGFOWMD-UHFFFAOYSA-N,NCCNCCCC(=O)c1ccccc1,,-0.147158736
8903,C-8904,,PRSGGQYVNLJACX-CHHCPSLASA-N,O=[NH+]/C=c/1\n(COCc2ccccc2)ccn1C.[Cl-],,-0.144927333
8904,C-8905,,IFQSXNOEEPCSLW-DKWTVANSSA-N,N[C@H](C(=O)O)CS.Cl,,-0.144510837
8905,C-8906,,QRUSNTDXJQBKBI-UHFFFAOYSA-N,CCC12COP(OC1)OC2,,-0.143524064
8906,C-8907,,UHDGCWIWMRVCDJ-XVFCMESISA-N,OC[C@H]1O[C@H]([C@@H]([C@@H]1O)O)n1ccc(nc1=O)N,,-0.141225719
8907,C-8908,,GUBNMFJOJGDCEL-UHFFFAOYSA-N,CCN(CCOC(=O)C1(CCCCC1)C1CCCCC1)CC.Cl,,-0.141075837
8908,C-8909,,ZMANZCXQSJIPKH-UHFFFAOYSA-N,CCN(CC)CC,,-0.14
8909,C-8910,,RJUFJBKOKNCXHH-UHFFFAOYSA-N,CCC(=O)OC,,-0.14
8910,C-8911,,BBAWQAHNHLAYFY-UHFFFAOYSA-N,CC(C(c1ccc(cc1)C)O)N.Cl,,-0.137375644
8911,C-8912,,BPPMPRBFXKFHSD-UHFFFAOYSA-N,Cc1cccc(c1)C(C([NH3+])C)O.[Cl-],,-0.137375644
8912,C-8913,,VCMGMSHEPQENPE-UHFFFAOYSA-N,CNC1(CCCCC1=O)c1ccccc1Cl.Cl,,-0.137013696
8913,C-8914,,NUGLIYXAARVRPQ-UHFFFAOYSA-N,[O-][N+](=O)c1nccn1CC(CO)O,,-0.136750735
8914,C-8915,,JPVKCHIPRSQDKL-UHFFFAOYSA-N,Nc1cccc(c1)S(=O)(=O)N,,-0.133261576
8915,C-8916,,QISTUHYRFABJSG-UHFFFAOYSA-N,CN1CCN(C1c1ccccc1)C,,-0.132217805
8916,C-8917,,OBZJZDHRXBKKTJ-JTFADIMSSA-N,OC[C@H]1O[C@H]([C@@H]([C@@H]1O)O)n1cc(c2c1ncnc2N)C(=O)N,,-0.130519177
8917,C-8918,,VVNCNSJFMMFHPL-VKHMYHEASA-N,N[C@H](C(S)(C)C)C(=O)O,,-0.13
8918,C-8919,,IMLAIXAZMVDRGA-UHFFFAOYSA-N,NCCOc1ccccc1,,-0.12869699
8919,C-8920,,OVGLVOLWBBGQHS-DUXPYHPUSA-N,CC(=O)/C=N/O,,-0.128266439
8920,C-8921,,MGFZNWDWOKASQZ-UMLIZJHQSA-M,COc1cccc(c1C(=O)N[C@@H]1C(=O)N2[C@@H]1SC([C@@H]2C(=O)[O-])(C)C)OC.[Na+],,-0.12753348
8921,C-8922,,YGRFXPCHZBRUKP-UHFFFAOYSA-N,COc1ccc(c(c1)C(C(N)C)O)OC.Cl,,-0.126787572
8922,C-8923,,KOXGZZKWEVONRZ-UHFFFAOYSA-N,COc1cc(OC)ccc1C(C([NH3+])C)O.[Cl-],,-0.126787572
8923,C-8924,,OAOBMEMWHJWPNA-UHFFFAOYSA-N,Nc1ccc(cc1)P(=O)(O)O,,-0.124373786
8924,C-8925,,UPCYEFFISUGBRW-UHFFFAOYSA-N,CCN1C(=S)SCC1=O,,-0.121104878
8925,C-8926,,PSIKPHJLTVSQFO-UHFFFAOYSA-N,NNC(=O)CC(=O)NN,,-0.120978426
8926,C-8927,,BIGRRCHSUAXSEE-UHFFFAOYSA-N,Cc1ncc2c(n1)nccn2,,-0.12
8927,C-8928,,SYBYTAAJFKOIEJ-UHFFFAOYSA-N,CC(=O)C(C)C,,-0.12
8928,C-8929,,XWMWUNNOHGBMRT-UHFFFAOYSA-M,Cc1ccc(cc1)C(=O)Oc1cccc(c1)[N+](C)(C)C.[Br-],,-0.117874335
8929,C-8930,,WOBHKFSMXKNTIM-UHFFFAOYSA-N,CC(=C)C(=O)OCCO,,-0.114420847
8930,C-8931,,DEWLEGDTCGBNGU-UHFFFAOYSA-N,ClCC(CCl)O,,-0.11
8931,C-8932,,JIVSXRLRGOICGA-UHFFFAOYSA-N,CN(CCCN1c2ccccc2Sc2c1cccc2)C.Cl,,-0.108401287
8932,C-8933,,WUXLCJZUUHIXFY-FFHNEAJVSA-N,OP(=O)(O)O.COc1ccc2c3c1O[C@@H]1[C@@]43CCN([C@H](C2)[C@@H]4C=C[C@@H]1O)C,,-0.107826836
8933,C-8934,,YVSCOIUNVKGTND-UHFFFAOYSA-N,C1COC2(C1)CCCO2,,-0.107789807
8934,C-8935,,KIUPQKLADOGVNI-UHFFFAOYSA-M,C[N+](CCCCN1CC2CCCC(C1)C2)(C)C.[I-],,-0.107507627
8935,C-8936,,ABBQHOQBGMUPJH-UHFFFAOYSA-M,[O-]C(=O)c1ccccc1O.[Na+],,-0.107492169
8936,C-8937,,FUFVKLQESJNNAN-ZZJGABIISA-M,OC(c1ccccc1)C(=O)OC1C[C@@H]2CC[C@H](C1)[N+]2(C)C.[Br-],,-0.103155602
8937,C-8938,,HYBBIBNJHNGZAN-UHFFFAOYSA-N,O=Cc1ccco1,,-0.1
8938,C-8939,,OXONWCQUZYDTNF-UHFFFAOYSA-N,OCC#CC#CC#CC(=O)N,,-0.097302768
8939,C-8940,,OTSKHUNLOQPIGN-UHFFFAOYSA-N,CC1C(=O)N(C)C(=O)N(C1=O)C,,-0.094157327
8940,C-8941,,KGBXLFKZBHKPEV-UHFFFAOYSA-N,OB(O)O,,-0.092236273
8941,C-8942,,OBZDRKHRQYPQDZ-SACNDDTHSA-N,OS(=O)(=O)O.CN[C@H]1[C@H](O)[C@H]2O[C@@H]3O[C@H](C)CC(=O)[C@@]3(O[C@@H]2[C@H]([C@H]1O)NC)O.O.O.O.O,,-0.091528684
8942,C-8943,,AYFVYJQAPQTCCC-PWNYCUMCSA-N,C[C@H]([C@H](C(=O)O)N)O,,-0.090000004
8943,C-8944,,RTZKZFJDLAIYFH-UHFFFAOYSA-N,CCOCC,,-0.090000004
8944,C-8945,,RENMDAKOXSCIGH-UHFFFAOYSA-N,ClCC#N,,-0.090000004
8945,C-8946,,FZGAXGPIOLWEAX-UHFFFAOYSA-N,CCC(C(c1ccccc1)O)N.Cl,,-0.089849131
8946,C-8947,,XLPADAMZRYURRP-UHFFFAOYSA-N,NCCCNC(CS)(C)C.Cl.Cl,,-0.0881564
8947,C-8948,,ZHVLGOLHHYJSBZ-UHFFFAOYSA-N,OP(=O)(O)O.CC(Cc1ccccc1)N,,-0.086702609
8948,C-8949,,IAPHXJRHXBQDQJ-WKMWQDDRSA-N,O=C1OCC2=CCN3[C@H]2[C@@H](CC3)OC(=O)[C@@]2(C[C@H]([C@@]1(C)O)C)O[C@H]2C,,-0.086408021
8949,C-8950,,VGJWVEYTYIBXIA-UHFFFAOYSA-N,OC(C(F)(F)F)O,,-0.085055603
8950,C-8951,,FRUIYGAEJNTDCA-UHFFFAOYSA-M,O=C1C=C/C(=N/c2ccc(cc2)[O-])/C=C1.[Na+],,-0.084696044
8951,C-8952,,PTVWPYVOOKLBCG-UHFFFAOYSA-N,OCC(CN1CCN(CC1)c1ccccc1)O,,-0.082344527
8952,C-8953,,WGJCBBASTRWVJL-UHFFFAOYSA-N,S=C1NCCS1,,-0.080641061
8953,C-8954,,VBATUBQIYXCZPA-UHFFFAOYSA-N,CC(C#C)(C=C)O,,-0.080307636
8954,C-8955,,XWXMBIPBKQHNOU-UHFFFAOYSA-N,FCCNCCCl.Cl,,-0.07925901
8955,C-8956,,YXJLHNFODZRWOV-UHFFFAOYSA-N,OS(=O)(=O)SCCNCC1CCC1,,-0.078643821
8956,C-8957,,DAFOCGYVTAOKAJ-UHFFFAOYSA-N,NCC(c1ccccc1)CC(=O)O,,-0.078452432
8957,C-8958,,INYFNNKRGLROQV-UHFFFAOYSA-N,S=C1NC2C(N1)CCCC2,,-0.076540364
8958,C-8959,,SQYNKIJPMDEDEG-UHFFFAOYSA-N,CC1OC(C)OC(O1)C,,-0.071878721
8959,C-8960,,XLMPYCGSRHSSSX-UHFFFAOYSA-N,CC(=O)C(S)C,,-0.070296435
8960,C-8961,,QNPIQYMRMOUVIP-UHFFFAOYSA-M,O=C(c1ccccc1)Oc1ccccc1C[N+](C)(C)C.[Br-],,-0.070169332
8961,C-8962,,KGVPNLBXJKTABS-UHFFFAOYSA-N,Oc1noc(c1)C,,-0.07
8962,C-8963,,KBHMEHLJSZMEMI-KSYZLYKTSA-N,OC[C@H]1O[C@H]([C@@H]([C@@H]1O)O)c1[nH]nc2c1ncnc2N,,-0.067074106
8963,C-8964,,WFENCVFYUBXRSH-UHFFFAOYSA-N,[O-]C(=O)C.CCCCCCCCCCCC[n+]1c(C)cc(c2c1cccc2)N,,-0.064795137
8964,C-8965,,DUGOZIWVEXMGBE-UHFFFAOYSA-N,COC(=O)C(c1ccccc1)C1CCCCN1,,-0.064739158
8965,C-8966,,NRFJZTXWLKPZAV-UHFFFAOYSA-N,CC(=O)NC1CCSC1=O,,-0.063964515
8966,C-8967,,ODFJOVXVLFUVNQ-UHFFFAOYSA-N,CC(=O)Nc1cc(ccc1O)[As](=O)(O)O,,-0.061261827
8967,C-8968,,YSUCWSWKRIOILX-UHFFFAOYSA-N,N/C(=N\CCc1ccccc1)/N=C(N)N.Cl,,-0.061098699
8968,C-8969,,RSBRXBZGVHQUJK-GSVOUGTGSA-N,CC[C@H]1NC(=O)NC1=O,,-0.059999999
8969,C-8970,,RMGHERXMTMUMMV-UHFFFAOYSA-N,COC(C)C,,-0.059999999
8970,C-8971,,PBPMFHCGVZTYHV-UHFFFAOYSA-N,CN(CCNc1ccccn1)C,,-0.05975272
8971,C-8972,,WJAJPNHVVFWKKL-UHFFFAOYSA-N,COc1ccc(c(c1)C(C(N)C)O)OC,,-0.057647603
8972,C-8973,,HXUAXLUDTCGASZ-UHFFFAOYSA-M,CCCCCCC1(CC)C(=O)NC(=NC1=O)[O-].[Na+],,-0.051417533
8973,C-8974,,FVGJURXBWORGKL-JEDNCBNOSA-N,O=c1[nH]c(=O)[nH]c(c1)C(=O)O.NCCCC[C@@H](C(=O)O)N,,-0.049055692
8974,C-8975,,KOLZZKRWBHRCBJ-UHFFFAOYSA-N,NCCCCCF,,-0.043197109
8975,C-8976,,IJOIPPSHQCEBDH-UHFFFAOYSA-N,C1CN2CCO[Si](O1)(OCC2)c1ccccc1,,-0.040455485
8976,C-8977,,XEKOWRVHYACXOJ-UHFFFAOYSA-N,CCOC(=O)C,,-0.039999999
8977,C-8978,,VDNNHBMWPQQUCI-UHFFFAOYSA-N,COCCNCC(COc1ccccc1)O,,-0.03887082
8978,C-8979,,NIGAUKVBFJZEHV-UHFFFAOYSA-N,ON=C(C(=O)N)C(=O)N,,-0.03839163
8979,C-8980,,QLUPQWGVSUSFPS-UHFFFAOYSA-N,CS(=O)CCn1ccnc1[N+](=O)[O-],,-0.031496095
8980,C-8981,,DHXVGJBLRPWPCS-UHFFFAOYSA-N,C1CCCOC1,,-0.029999999
8981,C-8982,,LREQLEBVOXIEOM-UHFFFAOYSA-N,CC(CCCC(O)(C)C)N,,-0.028884724
8982,C-8983,,LLQWRFCGJTVBGN-UYXJWNHNSA-N,S[C@@H]1CC[C@H]1C[NH3+].[Cl-],,-0.028220947
8983,C-8984,,LLQWRFCGJTVBGN-TYSVMGFPSA-N,S[C@@H]1CC[C@@H]1C[NH3+].[Cl-],,-0.028220947
8984,C-8985,,AQWXWWDWJQADPU-UYXJWNHNSA-N,N[C@@H]1CC[C@H]1CS.Cl,,-0.028220947
8985,C-8986,,ONBWJWYUHXVEJS-ZTYRTETDSA-N,O[C@H]1C=C[C@@H]2[C@@]34[C@H]1Oc1c4c(C[C@H]2NCC3)ccc1O,,-0.026084517
8986,C-8987,,ZEYOIOAKZLALAP-UHFFFAOYSA-M,CC(=O)Nc1c(I)c(NC(=O)C)c(c(c1I)C(=O)[O-])I.[Na+],,-0.025236216
8987,C-8988,,XWTYSIMOBUGWOL-UHFFFAOYSA-N,OC(c1cc(O)cc(c1)O)CNC(C)(C)C,,-0.024766417
8988,C-8989,,PLRXAFVBCHEMGD-UHFFFAOYSA-N,OCCCN1CCCCC1,,-0.022495084
8989,C-8990,,HOAZZPXYRQORAE-UHFFFAOYSA-N,OCCNC(C(F)(F)F)(C(F)(F)F)O,,-0.021774857
8990,C-8991,,VXIVSQZSERGHQP-UHFFFAOYSA-N,NC(=O)CCl,,-0.02
8991,C-8992,,PHMBVCPLDPDESM-ULAWRXDQSA-N,O[C@@H]1C[C@H]2CC[C@@H]([C@H]1C(=O)O)N2C,,-0.02
8992,C-8993,,WXVVDXRFHVTKKE-UHFFFAOYSA-M,[O-][Cl](=O)(=O)=O.CCCN(/C=C/C=C/C=[N+](CCC)CCC)CCC,,-0.01936154
8993,C-8994,,XQQWVNSDJQEAKL-UHFFFAOYSA-M,C[n+]1ccc(cc1)c1cccs1.[I-],,-0.017780356
8994,C-8995,,VXMNWNHDIDBDCN-UHFFFAOYSA-M,C[n+]1ccc(cc1)c1cscc1.[I-],,-0.017780356
8995,C-8996,,ZNPQLXDWQPMSMR-UHFFFAOYSA-N,ClCCNCC.Cl,,-0.015465297
8996,C-8997,,RJYGSOJCBZUNFI-UHFFFAOYSA-N,NCC(Sc1ccccc1)(O)C,,-0.015115744
8997,C-8998,,ZTQSAGDEMFDKMZ-UHFFFAOYSA-N,CCCC=O,,-0.0099999998
8998,C-8999,,DLNKOYKMWOXYQA-CBAPKCEASA-N,O[C@H](c1ccccc1)[C@@H](N)C,,-0.006391373
8999,C-9000,,DLNKOYKMWOXYQA-APPZFPTMSA-N,O[C@H](c1ccccc1)[C@H](N)C,,-0.006391373
9000,C-9001,,DLNKOYKMWOXYQA-VXNVDRBHSA-N,O[C@@H](c1ccccc1)[C@H](N)C,,-0.005517834
9001,C-9002,,PTOLALBYYJIENX-UHFFFAOYSA-M,CC(=O)Oc1c(C)cc(cc1[N+](C)(C)C)C.[Br-],,-0.001745224
9002,C-9003,,ISWSIDIOOBJBQZ-UHFFFAOYSA-N,Oc1ccccc1,,0.0
9003,C-9004,,LRHPLDYGYMQRHN-UHFFFAOYSA-N,CCCCO,,0.0
9004,C-9005,,YLXIPWWIOISBDD-NDAAPVSOSA-N,O[C@H]([C@H](C(=O)O)O)C(=O)O.CNC[C@@H](c1ccc(c(c1)O)O)O,,4.82098e-05
9005,C-9006,,QAHREYKOYSIQPH-UHFFFAOYSA-L,[O-]C(=O)C.[O-]C(=O)C.[Co+2],,0.000438928
9006,C-9007,,FOCVUCIESVLUNU-UHFFFAOYSA-N,S=P(N1CC1)(N1CC1)N1CC1,,0.001793448
9007,C-9008,,FOGDPGQSHLLYIK-XYQGXRRISA-N,CN[C@H]1[C@H](O)[C@H]2O[C@@H]3O[C@H](C)CC(=O)[C@@]3(O[C@@H]2[C@H]([C@H]1O)NC)O.Cl.Cl,,0.001851014
9008,C-9009,,ZATQNAGGARBGCM-UHFFFAOYSA-N,CCOCC(COC(C)C)O,,0.002059113
9009,C-9010,,QXLPXWSKPNOQLE-UHFFFAOYSA-N,CC(C#C)(CC)O,,0.003767029
9010,C-9011,,GMQNYSMZUWAAIN-UHFFFAOYSA-L,[O-]C(=O)c1n(C)c(C(=O)[O-])c(c(=O)c1I)I.[Na+].[Na+],,0.006209415
9011,C-9012,,ZFPGARUNNKGOBB-UHFFFAOYSA-N,CCN1CCCC1=O,,0.006248949
9012,C-9013,,TWXDDNPPQUTEOV-FVGYRXGTSA-N,CN[C@H](Cc1ccccc1)C.Cl,,0.007661571
9013,C-9014,,HBGOLJKPSFNJSD-UHFFFAOYSA-N,Oc1ccc(c(c1)S(=O)(=O)O)O.CCNCC,,0.008641938
9014,C-9015,,RZCJLMTXBMNRAD-UHFFFAOYSA-N,CC(Cc1ccc(cc1)O)N.Br,,0.009033913
9015,C-9016,,QRXWMOHMRWLFEY-UHFFFAOYSA-N,NNC(=O)c1ccncc1,,0.0099999998
9016,C-9017,,CERQOIWHTDAKMF-UHFFFAOYSA-N,CC(=C)C(=O)O,,0.0099999998
9017,C-9018,,ICFJFFQQTFMIBG-UHFFFAOYSA-N,N/C(=N\CCc1ccccc1)/N=C(N)N,,0.010524369
9018,C-9019,,MRRBSAJNXHXCBL-UHFFFAOYSA-N,O=CNc1cc(ccc1O)[As](=O)(O)O,,0.013003629
9019,C-9020,,CGRKCGWEOIQFRD-UHFFFAOYSA-N,Nc1ccc(cc1)S(=O)(=O)[NH-].[Na+],,0.019282573
9020,C-9021,,CPNGPNLZQNNVQM-UHFFFAOYSA-N,c1ncc2c(n1)nccn2,,0.02
9021,C-9022,,RKUNBYITZUJHSG-SPUOUPEWSA-N,c1ncc2c(n1)nccn2	,,0.02
9022,C-9023,,IKQRPFTXKQQLJF-IAHYZSEUSA-N,CN([C@@H]1C(=O)C(=C([C@@]2([C@H]1C[C@H]1C(=C(O)c3c([C@@]1(C)O)cccc3O)C2=O)O)O)C(=O)NCN1CCCC1)C,,0.022009623
9023,C-9024,,XWJVPBHZMKZXII-UHFFFAOYSA-N,S=C1NC(=CC(N1)(C)C)C,,0.023672285
9024,C-9025,,NEDVJZNVOSNSHF-ZNHDNBJUSA-N,[O-][N+](=O)[O-].OCC(c1ccccc1)C(=O)OC1C[C@@H]2CC[C@H](C1)[N+]2(C)C,,0.024411709
9025,C-9026,,GYDJEQRTZSCIOI-UHFFFAOYSA-N,NCC1CCC(CC1)C(=O)O,,0.025447145
9026,C-9027,,ZUFQODAHGAHPFQ-UHFFFAOYSA-N,OCc1c(CO)cnc(c1O)C.Cl,,0.029319309
9027,C-9028,,NKWCGTOZTHZDHB-UHFFFAOYSA-N,OC(=O)c1cnc[nH]1,,0.029622126
9028,C-9029,,TZFNLOMSOLWIDK-JTQLQIEISA-N,NN[C@](C(=O)O)(Cc1ccc(c(c1)O)O)C,,0.033724848
9029,C-9030,,KETSPIPODMGOEJ-UHFFFAOYSA-B,[O-]P(=O)(OC1C(OP(=O)([O-])[O-])C(OP(=O)([O-])[O-])C(C(C1OP(=O)([O-])[O-])OP(=O)([O-])[O-])OP(=O)([O-])[O-])[O-].[Na+].[Na+].[Na+].[Na+].[Na+].[Na+].[Na+].[Na+].[Na+].[Na+].[Na+].[Na+],,0.034417341
9030,C-9031,,PLUBXMRUUVWRLT-UHFFFAOYSA-N,CCOS(=O)(=O)C,,0.034761568
9031,C-9032,,ZXEKIIBDNHEJCQ-UHFFFAOYSA-N,OCC(C)C,,0.039999999
9032,C-9033,,MBDUIEKYVPVZJH-UHFFFAOYSA-N,CCS(=O)(=O)CC,,0.039999999
9033,C-9034,,SIBFQOUHOCRXDL-UHFFFAOYSA-N,OCC(CBr)O,,0.04268963
9034,C-9035,,UCKYOOZPSJFJIZ-XVKVHKPRSA-N,OC[C@H]1O[C@H]([C@@H]([C@@H]1O)O)N1CCC(NC1=O)O,,0.046046067
9035,C-9036,,BNHGKKNINBGEQL-UHFFFAOYSA-M,CCC1(CCC(C)C)C(=O)NC(=NC1=O)[O-].[Na+],,0.049141544
9036,C-9037,,REEUVFCVXKWOFE-UHFFFAOYSA-K,CC[N+](CCOc1c(OCC[N+](CC)(CC)CC)cccc1OCC[N+](CC)(CC)CC)(CC)CC.[I-].[I-].[I-],,0.04985867
9037,C-9038,,WPEXVRDUEAJUGY-UHFFFAOYSA-B,[O-]P(=O)(OC1C(OP(=O)([O-])[O-])C(OP(=O)([O-])[O-])C(C(C1OP(=O)([O-])[O-])OP(=O)([O-])[O-])OP(=O)([O-])[O-])[O-].[Ca+2].[Ca+2].[Ca+2].[Ca+2].[Ca+2].[Ca+2],,0.051390961
9038,C-9039,,QAKJEUIMEVJFTM-UHFFFAOYSA-N,OCC(COc1ccc(cc1)O)O,,0.052794953
9039,C-9040,,FSGOAEWOBMTEJB-UHFFFAOYSA-N,OCC(COc1ccccc1C(=O)N)O,,0.053669031
9040,C-9041,,CRXGSOIRPYQOTQ-UHFFFAOYSA-N,NCC1CCC(C(O1)OC1C(NC)CC(C(C1O)OC1OCC(C(C1O)NC)(C)O)N)N,,0.054038369
9041,C-9042,,VQKLRVZQQYVIJW-UHFFFAOYSA-N,NNc1nnc(c2c1cccc2)NN,,0.054616777
9042,C-9043,,ZHFKPNWWDXTOHY-UHFFFAOYSA-L,[O-]C(=O)C(Cc1cnc[nH]1)N.[O-]C(=O)C(Cc1cnc[nH]1)N.[Co+2],,0.0572747
9043,C-9044,,VSYMNYNQYZDAPD-UHFFFAOYSA-N,O=C1C(=CC(=O)c2c1cccn2)NCCN1CCOCC1,,0.057509497
9044,C-9045,,QVCMHGGNRFRMAD-XFGHUUIASA-N,O=C1O[C@@H]2CCN3[C@@H]2C(=CC3)COC(=O)[C@]([C@]([C@H]1C)(C)O)(C)O,,0.059459768
9045,C-9046,,IQCHKMQERZPOIJ-UHFFFAOYSA-N,Cc1cnc2c(n1)cncn2,,0.059999999
9046,C-9047,,KOCYTWBTXZOUFS-UHFFFAOYSA-N,Cc1cnc2c(n1)ncnc2,,0.059999999
9047,C-9048,,UILJIUFPKKZQQS-UHFFFAOYSA-N,CN1C(C)(C)CNCC1(C)C,,0.063794653
9048,C-9049,,NPGJXAIEICLLSP-UHFFFAOYSA-N,NCCCCNCCCSP(=O)(O)O.C.C,,0.064106342
9049,C-9050,,BCXCABRDBBWWGY-UHFFFAOYSA-N,CN(Cc1ccccc1)CC#C.Cl,,0.064457224
9050,C-9051,,FYAMXEPQQLNQDM-UHFFFAOYSA-N,O=P(N1CC1)(N1CC1)N1CC1,,0.064974501
9051,C-9052,,CSNNHWWHGAXBCP-UHFFFAOYSA-L,[O-]S(=O)(=O)[O-].[Mg+2],,0.065952348
9052,C-9053,,AKHALQJNHJAYRL-UHFFFAOYSA-N,OCCOc1ccccc1C(=O)N,,0.066145857
9053,C-9054,,HKOOXMFOFWEVGF-UHFFFAOYSA-N,NNc1ccccc1,,0.07
9054,C-9055,,VMKCJDKUSMBRND-UHFFFAOYSA-K,CC[N+](CCNc1nc(NCC[N+](CC)(CC)C)nc(n1)NCC[N+](CC)(CC)C)(CC)C.[I-].[I-].[I-],,0.070850942
9055,C-9056,,WOLHOYHSEKDWQH-UHFFFAOYSA-N,NC12CC3CC(C2)CC(C1)C3.Cl,,0.07481514
9056,C-9057,,IWYDHOAUDWTVEP-UHFFFAOYSA-N,OC(c1ccccc1)C(=O)O,,0.075409473
9057,C-9058,,XHVAWZZCDCWGBK-BMZZJELJSA-M,OC[C@H]1OC([S-])[C@@H]([C@H]([C@@H]1O)O)O.[Au+],,0.075928866
9058,C-9059,,SJIIDWBFRZACDQ-UHFFFAOYSA-N,SCc1ccccn1,,0.078525089
9059,C-9060,,OMAIORNZIIDXOB-UHFFFAOYSA-N,CC12COP(OC1)OC2,,0.079870779
9060,C-9061,,MSXVEPNJUHWQHW-UHFFFAOYSA-N,CCC(O)(C)C,,0.079999998
9061,C-9062,,VHJLVAABSRFDPM-IMJSIDKUSA-N,SC[C@@H]([C@H](CS)O)O,,0.081310296
9062,C-9063,,OJIYIVCMRYCWSE-UHFFFAOYSA-M,CCCCCCCCCCCC[N+](CCOc1ccccc1)(C)C.[Br-],,0.081474829
9063,C-9064,,CYHOMWAPJJPNMW-DHBOJHSNSA-N,OC1C[C@@H]2CC[C@H](C1)N2C,,0.082610111
9064,C-9065,,BCYSNOFYSIJRNM-FGZKHVCBSA-N,OCC([C@H](C(=O)NCCC(=O)O)O)(C)C.OC[C@@H]1O[C@@H](O[C@H]2[C@H](O[C@H]3[C@H](O)[C@@H](O)[C@@H]([C@H]([C@@H]3N=C(N)N)O)N=C(N)N)O[C@H]([C@]2(O)CO)C)[C@H]([C@@H]([C@H]1O)O)NC,,0.083041044
9065,C-9066,,NEVPGZLSKXATIM-UHFFFAOYSA-N,COP(=O)(N(C)C)OC,,0.086815359
9066,C-9067,,NCAIGTHBQTXTLR-UHFFFAOYSA-N,CC(Cc1ccccc1)(N)C.Cl,,0.087225624
9067,C-9068,,UNFWWIHTNXNPBV-WXKVUWSESA-N,CN[C@H]1[C@H](O)[C@H]2O[C@@H]3O[C@H](C)CC(=O)[C@@]3(O[C@@H]2[C@H]([C@H]1O)NC)O,,0.087994806
9068,C-9069,,YCAXNWFCHTZUMD-UHFFFAOYSA-N,CCC(OC(=O)c1ccccc1)(CN(C)C)C.Cl,,0.088218749
9069,C-9070,,PEOJOJMLYILUTC-UHFFFAOYSA-N,CCOC(=O)N1CCN(CC1)C.Cl,,0.090439809
9070,C-9071,,ZDQYSKICYIVCPN-UHFFFAOYSA-L,[O-]C(=O)CCC(=O)[O-].[Na+].[Na+],,0.0913756
9071,C-9072,,RTKIYNMVFMVABJ-UHFFFAOYSA-L,CC[Hg]Sc1ccccc1C(=O)[O-].[Na+],,0.091717699
9072,C-9073,,CKKFZNCSQNYGKZ-UHFFFAOYSA-M,Brc1cccc(c1)C[N+](C)(C)C.[Br-],,0.091927923
9073,C-9074,,ULOYWYMYAXXGKJ-UHFFFAOYSA-L,C(=C/C=[N+]/1\CC=CC1)C=CN1CC=CC1.C(=C/C=[N+]/1\CC=CC1)C=CN1CC=CC1.OC(=O)c1cc2ccccc2c(c1[O-])Cc1c([O-])c(cc2c1cccc2)C(=O)O.O,,0.093147981
9074,C-9075,,BALXUFOVQVENIU-GNAZCLTHSA-N,CN[C@H]([C@@H](c1ccccc1)O)C.Cl,,0.09324703
9075,C-9076,,LVDKZNITIUWNER-UHFFFAOYSA-N,OCC([N+](=O)[O-])(CO)Br,,0.09693605
9076,C-9077,,WHMDPDGBKYUEMW-UHFFFAOYSA-N,S=c1cccc[nH]1,,0.097682883
9077,C-9078,,CXYRUNPLKGGUJF-OZVSTBQFSA-M,OC[C@H](c1ccccc1)C(=O)OC1C[C@@H]2[C@@H]3[C@H]([C@H](C1)[N+]2(C)C)O3.[Br-],,0.098328457
9078,C-9079,,HZTMGWSBSDLALI-UHFFFAOYSA-N,CCCCN(C(=O)N1CCOCC1)CCN(C(=O)N1CCOCC1)CCCC,,0.09848937
9079,C-9080,,LFKDJXLFVYVEFG-UHFFFAOYSA-N,NC(=O)OC(C)(C)C,,0.1
9080,C-9081,,JNGIYILIWDVASL-UHFFFAOYSA-N,CN(CCOC(=O)c1cccnc1)C,,0.102609875
9081,C-9082,,ABWLRVJYVVQTGQ-BJMVGYQFSA-N,NC(=S)N/N=C/c1cccnc1,,0.105903163
9082,C-9083,,QTSJJDIDTYFLFC-BJMVGYQFSA-N,NC(=S)N/N=C/c1ccncc1,,0.105903163
9083,C-9084,,GXBCCUBTQFNGFA-BJMVGYQFSA-N,NC(=S)N/N=C/c1ccccn1,,0.105903163
9084,C-9085,,ZMRKFJJMIJVTLK-UHFFFAOYSA-L,C[N+]1(CCCC[n+]2ccc3c(c2)cccc3)CCCC1.[Br-].[Br-],,0.107452927
9085,C-9086,,NLLGJEMIZSAJFN-AAFOHLTDSA-L,OC[C@H]([C@H]([C@@H]([C@H](C(S(=O)(=O)[O-])Nc1ccc(cc1)S(=O)(=O)c1ccc(cc1)NC(S(=O)(=O)[O-])[C@@H]([C@H]([C@@H]([C@@H](CO)O)O)O)O)O)O)O)O.[Na+].[Na+],,0.10752026
9086,C-9087,,JWUJQDFVADABEY-RXMQYKEDSA-N,C[C@@H]1CCCO1,,0.11
9087,C-9088,,KZAUOCCYDRDERY-UITAMQMPSA-N,CNC(=O)O/N=C(/C(=O)N(C)C)\SC,,0.11
9088,C-9089,,WIMYYXRANPYBED-UHFFFAOYSA-N,CNN=CC,,0.11048143
9089,C-9090,,RLQPOUJATYVJJL-UHFFFAOYSA-N,OCC1CC2CCN1CC2.Cl,,0.113992989
9090,C-9091,,XMLNCADGRIEXPK-ZNHDNBJUSA-M,OCC(c1ccccc1)C(=O)OC1C[C@@H]2CC[C@H](C1)[N+]2(C)C.[Br-],,0.114283799
9091,C-9092,,RRNJROHIFSLGRA-JEDNCBNOSA-N,CC(=O)O.NCCCC[C@@H](C(=O)O)N,,0.116986653
9092,C-9093,,KSCFJBIXMNOVSH-UHFFFAOYSA-N,OCC(Cn1cnc2c1c(=O)n(C)c(=O)n2C)O,,0.117190105
9093,C-9094,,NIXKBAZVOQAHGC-UHFFFAOYSA-N,OS(=O)(=O)Cc1ccccc1,,0.118080336
9094,C-9095,,AFBBKYQYNPNMAT-UHFFFAOYSA-N,S=c1nc[nH][nH]1,,0.118984517
9095,C-9096,,WIQVPGFUYBUXNC-UHFFFAOYSA-N,COCc1c(CO)cnc(c1O)C.Cl,,0.119136998
9096,C-9097,,GHEZLRAEZRLJOX-UHFFFAOYSA-K,CC[N+](CCOc1ccc(cc1)OCC[N+](CC)(CC)CC)(CC)CC.[I-].[I-].[I-],,0.119498384
9097,C-9098,,MTZAUZNQAMNFME-UHFFFAOYSA-N,COc1cc(C)oc(=O)c1,,0.122957029
9098,C-9099,,RPHZRUDLEUBFCM-UHFFFAOYSA-L,[O-]S(=O)(=O)CS(=O)(=O)[O-].[Ca+2],,0.125508066
9099,C-9100,,JOZZAIIGWFLONA-UHFFFAOYSA-N,CC(C(C)C)N,,0.125605863
9100,C-9101,,IKCYQNSSQXAQHC-UHFFFAOYSA-N,CCOC(=O)CON.Cl,,0.130271111
9101,C-9102,,QXWYKJLNLSIPIN-JGVFFNPUSA-N,OC(=O)[C@H]([C@@H](c1ccc(c(c1)O)O)O)N,,0.130627695
9102,C-9103,,OXQHGCWVMOLOBC-UHFFFAOYSA-N,Cc1cc(=O)c(=O)[nH][nH]1,,0.134003551
9103,C-9104,,IFICQWLWXOGTPQ-UHFFFAOYSA-N,Cc1cccc(c1)OCC(=[NH2+])N.[Cl-],,0.135276769
9104,C-9105,,HKVNQGYCUGIYTA-UHFFFAOYSA-N,O=C1C=CC=CC1=c1ocn[nH]1,,0.140917704
9105,C-9106,,YOEWQQVKRJEPAE-UHFFFAOYSA-L,O=C(OCC[N+](C)(C)C)CCC(=O)OCC[N+](C)(C)C.[Cl-].[Cl-],,0.141097247
9106,C-9107,,WSDISUOETYTPRL-UHFFFAOYSA-N,OCN1C(=O)N(C(C1=O)(C)C)CO,,0.14206012
9107,C-9108,,QTTSJXQSEQDDRB-UHFFFAOYSA-N,C[NH+]1CCc2c(C1)ccc(c2O)O.[Cl-],,0.146203109
9108,C-9109,,URMJNZMQXGBIFX-UHFFFAOYSA-N,CN1CCc2c(C1)cc(c(c2)O)O.Cl,,0.146203109
9109,C-9110,,APPCGOGGJODGIM-UHFFFAOYSA-M,CC(C[N+](C)(C)C)OC(=O)c1ccccc1.[I-],,0.147106909
9110,C-9111,,NXYZPLILSHUEBR-UHFFFAOYSA-N,O=C(NC1C=CC(OC1C(=O)O)n1ccc(nc1=O)N)CC1CCN(C(=N1)N)C,,0.148736284
9111,C-9112,,NLHHRLWOUZZQLW-UHFFFAOYSA-N,C=CC#N,,0.15000001
9112,C-9113,,WBJINCZRORDGAQ-UHFFFAOYSA-N,CCOC=O,,0.15000001
9113,C-9114,,QYNMSPKSYXPZHG-UHFFFAOYSA-M,CCOC(=O)c1ccc(cc1)[O-].[Na+],,0.150358948
9114,C-9115,,SXDTZLOWSYNYRT-UHFFFAOYSA-N,COc1ccc(cc1)C(C(N)C)O.Cl,,0.150706272
9115,C-9116,,HMPUHXCGUHDVBI-UHFFFAOYSA-N,Cc1nnc(s1)N,,0.150908576
9116,C-9117,,AXFZADXWLMXITO-UHFFFAOYSA-N,CC(=O)NCCS,,0.151676036
9117,C-9118,,WCVPFJVXEXJFLB-UHFFFAOYSA-N,NCCCC(=O)N,,0.152184905
9118,C-9119,,QORQZMBCPRBCAB-UHFFFAOYSA-M,CCC(C1(CC)C(=O)NC(=NC1=O)[O-])C.[Na+],,0.152799861
9119,C-9120,,OZQDLJNDRVBCST-SHUUEZRQSA-N,OC[C@H]1O[C@H]([C@@H]([C@@H]1O)O)n1ncc(nc1=O)N,,0.153821135
9120,C-9121,,LRGJRHZIDJQFCL-UHFFFAOYSA-M,CC[N+](CC)(CC)CC.[OH-],,0.159472595
9121,C-9122,,YTGJWQPHMWSCST-UHFFFAOYSA-N,CC(C(=O)NCC(=O)O)S,,0.162235377
9122,C-9123,,YECKGFONHTVTNM-UHFFFAOYSA-L,[S-]C(=S)NCCCCCCNC(=S)[S-].[Na+].[Na+],,0.163253122
9123,C-9124,,GXFAIFRPOKBQRV-GHXCTMGLSA-N,NCCC[C@@H](CC(=O)N[C@H]1CNC(=O)[C@@H](NC(=O)/C(=C/NC(=O)N)/NC(=O)[C@@H](NC(=O)[C@@H](NC1=O)CO)CO)[C@H]1C[C@H](O)N=C(N1)N)N,,0.163865844
9124,C-9125,,CPJAUCNNLLTZAX-UHFFFAOYSA-N,CON=Cc1ccncc1,,0.166999559
9125,C-9126,,QGCAKXUASFKRJA-NRPADANISA-N,CN1C[C@H](C)C2=CC(=O)[C@H]([C@@H]2C1)C,,0.168113267
9126,C-9127,,QCFURRURLJLBAD-UHFFFAOYSA-L,CC[N+](CCCCCc1ccc(cc1)[N+](CC)(CC)CC)(CC)CC.[I-].[I-],,0.173371202
9127,C-9128,,SYMHUEFSSMBHJA-UHFFFAOYSA-N,Cc1ncnc2c1[nH]cn2,,0.173465218
9128,C-9129,,AXOJRQLKMVSHHZ-UHFFFAOYSA-N,COC(=O)C1=CCCN(C1)C.Br,,0.175890739
9129,C-9130,,GVTLAVKAVSKBKK-UHFFFAOYSA-N,O=C(c1nccnc1)NCN1CCOCC1,,0.175997452
9130,C-9131,,KQUQZJSQMSHWHP-SCLAZZCHSA-N,O[C@H]1C=C[C@@H]2[C@@]34[C@H]1Oc1c4c(C[C@H]2[N+](CC3)(C)C)ccc1O.[Br-],,0.176530328
9131,C-9132,,BQULAXAVRFIAHN-PPHPATTJSA-N,CCOC(=O)[C@H](Cc1ccc(cc1)O)N.Cl,,0.176615907
9132,C-9133,,XFZHQCMTPGWYES-UHFFFAOYSA-L,COC(=O)C1C[N+]2(CCOCC[N+]34CCC(CC3)C(C4)C(=O)OC)CCC1CC2.[I-].[I-],,0.177593902
9133,C-9134,,SUPLROXPVQPDDY-UHFFFAOYSA-N,FCCNCCF.Br,,0.179055158
9134,C-9135,,XRVCFZPJAHWYTB-UHFFFAOYSA-N,CCC(CO)(CO)CC,,0.179788685
9135,C-9136,,UVSAFUWNKNTPOZ-UHFFFAOYSA-L,CC[N+](CCNc1nc(NCC[N+](CC)(CC)CC)nc(n1)Cl)(CC)CC.[I-].[I-],,0.183204099
9136,C-9137,,BHRZNVHARXXAHW-UHFFFAOYSA-N,CCC(N)C,,0.185069005
9137,C-9138,,NXJOFTRBTBDSHB-UHFFFAOYSA-N,CN1CCCN(CC1)C(=S)SSC(=S)N1CCCN(CC1)C,,0.187453533
9138,C-9139,,YYBNDIVPHIWTPK-KYJQVDHRSA-N,OS(=O)(=O)O.CNC(=O)Oc1ccc2c(c1)[C@]1(C)CCN([C@@H]1N2C)C.CNC(=O)Oc1ccc2c(c1)[C@]1(C)CCN([C@@H]1N2C)C,,0.187905224
9139,C-9140,,XUFXOAAUWZOOIT-UGEKTDRHSA-N,OC[C@H]1O[C@H](O[C@@H]2[C@@H](CO)OC([C@@H]([C@H]2O)O)O)[C@@H]([C@H]([C@@H]1O[C@H]1O[C@H](C)[C@H]([C@@H]([C@H]1O)O)N[C@H]1C=C(CO)[C@H]([C@@H]([C@H]1O)O)O)O)O,,0.190031117
9140,C-9141,,MRBFGEHILMYPTF-UHFFFAOYSA-N,N1CCN(CC1)c1ncccn1,,0.19011219
9141,C-9142,,HNHUULCIDMFRCJ-UHFFFAOYSA-N,CCC(c1ccccn1)C(=S)N.Cl,,0.191716861
9142,C-9143,,HLKXYZVTANABHZ-REOHCLBHSA-N,OC(=O)C[C@@H](C(=O)O)NC(=O)N,,0.193504266
9143,C-9144,,DJQOOSBJCLSSEY-UHFFFAOYSA-N,[O-][n+]1cc(ncc1C)C(=O)O,,0.195583207
9144,C-9145,,SWAHCTPCIUXXTQ-UHFFFAOYSA-N,OC(=O)CCN1C(=S)SCC1=O,,0.19692782
9145,C-9146,,ACTRVOBWPAIOHC-XIXRPRMCSA-N,S[C@H]([C@@H](C(=O)O)S)C(=O)O,,0.198674248
9146,C-9147,,SCHKAKNJXBPJHD-HKJHEKHQSA-N,NCCCC(CC(=O)NCCCC(CC(=O)NC1[C@@H](O[C@@H]([C@@H]([C@H]1O)OC(=O)N)CO)NC1=N[C@H]2[C@H](N1)[C@H](O)CNC2=O)N)N,,0.200174428
9147,C-9148,,SCHKAKNJXBPJHD-SNQQVPMJSA-N,NCCC[C@@H](CC(=O)NCCC[C@@H](CC(=O)N[C@H]1[C@@H](O[C@@H]([C@@H]([C@H]1O)OC(=O)N)CO)NC1=N[C@H]2[C@H](N1)[C@H](O)CNC2=O)N)N,,0.200174428
9148,C-9149,,JVWYCUBGJVOEIZ-UHFFFAOYSA-N,CCOc1ccc(cc1)N.Cl,,0.202829992
9149,C-9150,,XUYPXLNMDZIRQH-LURJTMIESA-N,CSCC[C@@H](C(=O)O)NC(=O)C,,0.205548286
9150,C-9151,,MIZIOHLLYXVEHJ-UHFFFAOYSA-N,OCCN(Cc1ccccc1)CCO,,0.207692843
9151,C-9152,,YGIPNGHJLVOBQO-UHFFFAOYSA-N,OCCNC(C(c1ccccc1)O)C.Cl,,0.209067748
9152,C-9153,,DJDFFEBSKJCGHC-UHFFFAOYSA-N,C1CN=C(N1)Cc1cccc2c1cccc2.Cl,,0.209823934
9153,C-9154,,UOZODPSAJZTQNH-LSWIJEOBSA-N,OC[C@H]1O[C@H]([C@@H]([C@@H]1O[C@H]1O[C@@H](CN)[C@H]([C@@H]([C@H]1N)O)O)O)O[C@@H]1[C@@H](O)[C@H](N)C[C@@H]([C@H]1O[C@H]1O[C@H](CO)[C@H]([C@@H]([C@H]1N)O)O)N,,0.210677424
9154,C-9155,,DYDCUQKUCUHJBH-UHFFFAOYSA-N,NC1CONC1=O,,0.211112122
9155,C-9156,,DYDCUQKUCUHJBH-REOHCLBHSA-N,N[C@H]1CONC1=O,,0.211112122
9156,C-9157,,PGBHMTALBVVCIT-VCIWKGPPSA-N,OC[C@H]1O[C@H]([C@@H]([C@@H]1O[C@H]1O[C@@H](CN)[C@H]([C@@H]([C@H]1N)O)O)O)O[C@@H]1[C@@H](O)[C@H](N)C[C@@H]([C@H]1O[C@H]1O[C@H](CN)[C@H]([C@@H]([C@H]1N)O)O)N,,0.2113721
9157,C-9158,,UCPVOMHRDXMAIZ-UHFFFAOYSA-M,CC(=O)Nc1c(I)cc(c(c1I)C(=O)[O-])I.[Na+],,0.211487859
9158,C-9159,,MPYXTIHPALVENR-UHFFFAOYSA-N,Oc1cc(O)cc(c1)O.O.O,,0.211711053
9159,C-9160,,FKPSBYZGRQJIMO-UHFFFAOYSA-M,CC[N+](Cc1ccccc1)(CC)CC.[OH-],,0.213188429
9160,C-9161,,DXUUXWKFVDVHIK-UHFFFAOYSA-N,CC[N+](Cc1ccccc1Cl)(CCNC(=O)C(=O)NCC[N+](Cc1ccccc1Cl)(CC)CC)CC.[Cl-].[Cl-],,0.215760851
9161,C-9162,,LULNWZDBKTWDGK-UHFFFAOYSA-M,O=C(N(C)C)Oc1cccc(c1)[N+](C)(C)C.[Br-],,0.217240793
9162,C-9163,,XFZJGFIKQCCLGK-UHFFFAOYSA-M,C[N+]1(C)CCN(CC1)c1ccccc1.[I-],,0.219931018
9163,C-9164,,YRKCREAYFQTBPV-UHFFFAOYSA-N,CC(=O)CC(=O)C,,0.22
9164,C-9165,,MYVIATVLJGTBFV-UHFFFAOYSA-M,OCCc1sc[n+](c1C)Cc1cnc(nc1N)C.[Cl-],,0.220684968
9165,C-9166,,LXNHXLLTXMVWPM-UHFFFAOYSA-N,OCc1c(CO)cnc(c1O)C,,0.221900113
9166,C-9167,,DFCDOVXJNHFKPW-UHFFFAOYSA-L,CC[N+](CCOc1ccc(cc1)OCC[N+](CC)(CC)C)(CC)C.[I-].[I-],,0.227425295
9167,C-9168,,NVHNGVXBCWYLFA-UHFFFAOYSA-N,S=C1NCCCN1,,0.228886246
9168,C-9169,,FGNBZUSQEHJNQG-UHFFFAOYSA-N,CCCC(CN(C)C)(CO)CO,,0.229043907
9169,C-9170,,PAMIQIKDUOTOBW-UHFFFAOYSA-N,CN1CCCCC1,,0.23
9170,C-9171,,COIKZKVUCOJBTN-UHFFFAOYSA-L,CC[N+](CCCCc1ccc(cc1)[N+](CC)(CC)CC)(CC)CC.[I-].[I-],,0.230326598
9171,C-9172,,NDKBVBUGCNGSJJ-UHFFFAOYSA-M,C[N+](Cc1ccccc1)(C)C.[OH-],,0.232994713
9172,C-9173,,ASXBYYWOLISCLQ-HZYVHMACSA-N,OC[C@@H]1O[C@@H](O[C@H]2[C@H](O[C@H]3[C@H](O)[C@@H](O)[C@@H]([C@H]([C@@H]3N=C(N)N)O)N=C(N)N)O[C@H]([C@]2(O)CO)C)[C@H]([C@@H]([C@H]1O)O)NC,,0.233887686
9173,C-9174,,OOYGSFOGFJDDHP-KMCOLRRFSA-N,OS(=O)(=O)O.OC[C@H]1O[C@H](O[C@H]2[C@H](N)C[C@@H]([C@H]([C@@H]2O)O[C@H]2O[C@H](CN)[C@H]([C@@H]([C@H]2O)O)O)N)[C@@H]([C@H]([C@@H]1O)N)O,,0.234648149
9174,C-9175,,UCSJYZPVAKXKNQ-HZYVHMACSA-N,OC[C@@H]1O[C@@H](O[C@H]2[C@H](O[C@H]3[C@H](O)[C@@H](O)[C@@H]([C@H]([C@@H]3N=C(N)N)O)N=C(N)N)O[C@H]([C@]2(O)C=O)C)[C@H]([C@@H]([C@H]1O)O)NC,,0.235390522
9175,C-9176,,WTGQALLALWYDJH-WYHSTMEOSA-N,OC[C@H](c1ccccc1)C(=O)OC1C[C@@H]2N([C@H](C1)[C@@H]1[C@H]2O1)C.Br,,0.23883776
9176,C-9177,,AGDVQHODLAMVPE-UHFFFAOYSA-L,CC[N+](CCCc1ccc(cc1)[N+](CC)(CC)CC)(CC)CC.[I-].[I-],,0.240805212
9177,C-9178,,UDIIBEDMEYAVNG-ZKFPOVNWSA-N,NC[C@@H](C(=O)N[C@@H]1C[C@H](N)[C@H]([C@@H]([C@H]1O[C@H]1OC[C@]([C@@H]([C@H]1O)NC)(C)O)O)O[C@H]1O[C@H](CN)[C@H]([C@@H]([C@H]1O)O)O)O,,0.24442315
9178,C-9179,,PCGWRXYZXVZXIN-UHFFFAOYSA-L,CC[N+](CCOc1ccc(cc1)OCC[N+](CC)(C)C)(C)C.[I-].[I-],,0.248496861
9179,C-9180,,UWOZUINVJAAGAU-UHFFFAOYSA-L,CC[N+](CCc1ccc(cc1)[N+](CC)(CC)CC)(CC)CC.[I-].[I-],,0.251542964
9180,C-9181,,VALMMTCBNFTXRE-UHFFFAOYSA-L,CC[N+](CCCCc1ccc(cc1)[N+](CC)(CC)C)(CC)C.[I-].[I-],,0.251542964
9181,C-9182,,XESARGFCSKSFID-FLLFQEBCSA-N,OC[C@H]1O[C@H]([C@@H]([C@@H]1O)O)c1[nH]nc(c1O)C(=O)N,,0.253787814
9182,C-9183,,NMJLIXOMSLNUGE-UHFFFAOYSA-N,NCCCCCCNCCSS(=O)(=O)O.Br,,0.255183951
9183,C-9184,,IYUIRFKKWDARLN-UHFFFAOYSA-N,CCC(=O)ON1C2CCC1CN(C2)C,,0.25663476
9184,C-9185,,VHPXSBIFWDAFMB-UHFFFAOYSA-N,NC1=NC(CS1)C(=O)O,,0.256763507
9185,C-9186,,ARMSUXRJKXTMGX-UHFFFAOYSA-L,CC[N+](CCOC(=O)CC1C[N+]2(C)CCC1CC2)(CC)C.[I-].[I-],,0.25784066
9186,C-9187,,KPUOOXMQSSEHNF-UHFFFAOYSA-L,CC[N+](CCOC(=O)C1CC2CC[N+]1(C)CC2=O)(CC)C.[I-].[I-],,0.25787527
9187,C-9188,,TTWYZDPBDWHJOR-IDIVVRGQSA-L,O[C@@H]1[C@@H](COP(=O)(OP(=O)(OP(=O)(O)[O-])[O-])O)O[C@H]([C@@H]1O)n1cnc2c1ncnc2N.[Na+].[Na+],,0.258734112
9188,C-9189,,LYGJENNIWJXYER-UHFFFAOYSA-N,[O-][N+](=O)C,,0.25999999
9189,C-9190,,WEVYAHXRMPXWCK-UHFFFAOYSA-N,CC#N,,0.25999999
9190,C-9191,,YXYJKSUNCFFNLM-UHFFFAOYSA-N,NCCCNCCCSP(=O)(O)O.NCCCNCCCSP(=O)(O)O.O.O.O.O.O,,0.260614366
9191,C-9192,,QYRYFNHXARDNFZ-UHFFFAOYSA-N,COc1ccc(cc1)C(C1(O)CCCCC1)CN(C)C.Cl,,0.260651756
9192,C-9193,,AKFQXXGXDRRJPV-UHFFFAOYSA-L,CC[N+](CCSSCC[N+](CC)(CC)C)(CC)C.[I-].[I-],,0.260927089
9193,C-9194,,LAWFYCBSBZSZRC-UHFFFAOYSA-L,O(CC[N+]12CCC(CC1)CC2)CC[N+]12CCC(CC1)CC2.[I-].[I-],,0.260988099
9194,C-9195,,PUWVNTVQJFSBDH-RYUDHWBXSA-N,ON(C(=O)C)CCC[C@@H]1NC(=O)[C@@H](NC1=O)CCCN(C(=O)C)O,,0.261627844
9195,C-9196,,OXRDNEBTSJFQLF-UHFFFAOYSA-N,CCNCCNCCSP(=O)(O)O.CCNCCNCCSP(=O)(O)O.O.O.O.O.O,,0.262355028
9196,C-9197,,MMQUBQQEPRRSHO-UHFFFAOYSA-L,CC[N+](CCCc1ccc(cc1)[N+](CC)(CC)C)(CC)C.[I-].[I-],,0.262552892
9197,C-9198,,BJORNXNYWNIWEY-UHFFFAOYSA-N,C1CN=C(N1)C1CCCc2c1cccc2.Cl,,0.263212583
9198,C-9199,,GNVHKORFQWXVQW-WBPXWQEISA-L,[O-]C(=O)[C@@H]([C@H](C(=O)O)O)O.[O-]C(=O)[C@@H]([C@H](C(=O)O)O)O.CC[N+](CCOCC[N+](CC)(CC)CC)(C)C,,0.263926374
9199,C-9200,,QMJHHGXCWYZSBV-UHFFFAOYSA-L,O=C(OCC[N+](C)(C)C)CCC(=O)OCC[N+](C)(C)C.[I-].[I-],,0.26423108
9200,C-9201,,PIXBDAJCAOOONR-UHFFFAOYSA-L,O=C(OC[N+](C)(C)C)CCCCC(=O)OC[N+](C)(C)C.[I-].[I-],,0.26423108
9201,C-9202,,WETJYPOLZYXLQC-UHFFFAOYSA-L,CC[N+](CCOC(C[N+](CC)(CC)CC)C)(CC)CC.[I-].[I-],,0.265737188
9202,C-9203,,IZMJWGJGVGRWBW-UHFFFAOYSA-N,CCOC(=O)CCN(C)C,,0.267779682
9203,C-9204,,XZNUGFQTQHRASN-XQENGBIVSA-N,CN[C@@H]1[C@H](O[C@@H]2[C@@H]([C@@H]1O)O[C@@H]([C@@H](C2)N)O[C@@H]1[C@@H](N)C[C@H]([C@@H]([C@H]1O)O)N)O[C@H]1O[C@H](CO)[C@H]([C@@H]([C@H]1O)O)N,,0.267941734
9204,C-9205,,VEVOECUDDNJOOR-UHFFFAOYSA-L,CC[N+](CCOC(=O)C1CC2CC[N+]1(C)CC2)(CC)C.[I-].[I-],,0.269013549
9205,C-9206,,PFGZYKXIUPPVPI-UHFFFAOYSA-L,CC[N+](CCOC(=O)C1C[N+]2(C)CCC1CC2)(CC)C.[I-].[I-],,0.269013549
9206,C-9207,,HMOFROZMGLUQPI-UHFFFAOYSA-N,CCCCNCCSS(=O)(=O)O,,0.269779291
9207,C-9208,,FSMDSXIVAIALBA-UHFFFAOYSA-L,C[N+](CCOc1ccc(cc1)OCC[N+](C)(C)C)(C)C.[I-].[I-],,0.270643223
9208,C-9209,,ZOLBALGTFCCTJF-UHFFFAOYSA-N,OS(=O)(=O)O.CC(NCC(c1ccc(c(c1)O)O)O)C.CC(NCC(c1ccc(c(c1)O)O)O)C,,0.272059807
9209,C-9210,,OJTFRASCEXKERE-UHFFFAOYSA-L,CC[N+](CCS(=O)CC[N+](CC)(CC)C)(CC)C.[I-].[I-],,0.273837023
9210,C-9211,,JMIJJGDVIKZQQA-UHFFFAOYSA-L,C[N+](CCCCCCc1ccc(cc1)[N+](C)(C)C)(C)C.[I-].[I-],,0.273849221
9211,C-9212,,REDUKVGSRPLFRP-UHFFFAOYSA-L,CC[N+](CCc1ccc(cc1)[N+](CC)(CC)C)(CC)C.[I-].[I-],,0.273849221
9212,C-9213,,YFSZIWUTVIASLF-UHFFFAOYSA-L,CC[N+](CCCCc1ccc(cc1)[N+](CC)(C)C)(C)C.[I-].[I-],,0.273849221
9213,C-9214,,AFOSIXZFDONLBT-UHFFFAOYSA-N,C=CS(=O)(=O)C=C,,0.274310329
9214,C-9215,,HAHHOMVBRQUNQK-UHFFFAOYSA-L,CC[N+](CCCOCCC[N+](CC)(CC)C)(CC)C.[I-].[I-],,0.277117745
9215,C-9216,,LBSKEFWQPNVWTP-UHFFFAOYSA-N,CCC(C#C)O,,0.277599399
9216,C-9217,,GRRNUXAQVGOGFE-XKIAHZFYSA-N,OC[C@H]1O[C@@H](O[C@@H]2[C@@H](O)[C@H](N)C[C@@H]([C@H]2O)NC)[C@@H]2[C@H]([C@H]1O)O[C@@]1(O2)O[C@H]([C@@H](CO)N)[C@@H]([C@@H]([C@H]1O)O)O,,0.277757785
9217,C-9218,,GNFVFPBRMLIKIM-UHFFFAOYSA-N,FCC#N,,0.278049614
9218,C-9219,,KQNPFQTWMSNSAP-UHFFFAOYSA-N,CC(C(=O)O)C,,0.28
9219,C-9220,,FVSKHRXBFJPNKK-UHFFFAOYSA-N,CCC#N,,0.28
9220,C-9221,,SNTRNYFGXUVYFR-UHFFFAOYSA-L,O=C(C1CC2CC[N+]1(C)CC2)OCC([N+](C)(C)C)C.[I-].[I-],,0.280481435
9221,C-9222,,JBLYKTBKSVPTJV-UHFFFAOYSA-L,CC(C[N+](C)(C)C)OC(=O)C1CC2CC[N+]1(C)CC2.[I-].[I-],,0.280481435
9222,C-9223,,IYCHDNQCHLMLJZ-UHFFFAOYSA-N,ONC(=O)c1cccnc1,,0.28132846
9223,C-9224,,JPFWJDMDPLEUBD-ITJAGOAWSA-N,NC(=O)OC[C@@H]([C@H]([C@@H](C(=O)N[C@@H]([C@H]1O[C@H]([C@@H]([C@@H]1O)O)n1cc(C(=O)O)c(=O)[nH]c1=O)C(=O)O)N)O)O,,0.282835612
9224,C-9225,,LQSWCSYIDIBGRR-UHFFFAOYSA-N,COC(=O)C1=CCCN(C1)C.Cl,,0.283327665
9225,C-9226,,PMZHTDUYMYPVOC-UHFFFAOYSA-L,O(C[N+]12CCC(CC1)CC2)C[N+]12CCC(CC1)CC2.[I-].[I-],,0.283797945
9226,C-9227,,FBDVPECXXASKAO-UHFFFAOYSA-N,CNCCNCCSP(=O)(O)O.CNCCNCCSP(=O)(O)O.O.O.O.O.O,,0.285238667
9227,C-9228,,XWOUHHGZZURCLD-UHFFFAOYSA-L,C[N+](CCCCCc1ccc(cc1)[N+](C)(C)C)(C)C.[I-].[I-],,0.28544729
9228,C-9229,,YFAJFUPAVXENCH-UHFFFAOYSA-L,CC[N+](CCCc1ccc(cc1)[N+](CC)(C)C)(C)C.[I-].[I-],,0.28544729
9229,C-9230,,HYWSJWFBIDJNRS-UHFFFAOYSA-M,Cc1n(CCC[N+](C)(C)C)ccc2c1nc1c2cccc1.[Br-].Br,,0.285847566
9230,C-9231,,PPUPIWHVDCTDTQ-UHFFFAOYSA-L,CC[N+](CCSCC[N+](CC)(CC)C)(CC)C.[I-].[I-],,0.287090288
9231,C-9232,,YWLXEQKAKDKVBQ-UHFFFAOYSA-M,[O-]C(=O)C1CSCN1.[Na+],,0.287823113
9232,C-9233,,HEKZZKQGNORJMJ-UHFFFAOYSA-N,NCC(CNCCSP(=O)(O)O)O.NCC(CNCCSP(=O)(O)O)O.O.O.O,,0.288628996
9233,C-9234,,SXSCTOBLBXISDM-UHFFFAOYSA-L,C[N+](Cc1ccccc1)(CCCCCC[N+](Cc1ccccc1)(C)C)C.[Br-].[Br-],,0.288707474
9234,C-9235,,YJKSJBJGNTWPSQ-UHFFFAOYSA-L,CC[N+](CCOC(C[N+](CC)(CC)CC)C)(C)C.[I-].[I-],,0.28880457
9235,C-9236,,BDOXIBLHBSZILV-UHFFFAOYSA-L,CC[N+](CCOC(C[N+](CC)(C)C)C)(CC)CC.[I-].[I-],,0.28880457
9236,C-9237,,NUVDQORZUXQNSV-UHFFFAOYSA-L,CC[N+](CCOCC[N+]1(C)CCOCC1)(CC)C.[I-].[I-],,0.288841729
9237,C-9238,,HSFWRNGVRCDJHI-UHFFFAOYSA-N,C#C,,0.28999999
9238,C-9239,,VLARUOGDXDTHEH-UHFFFAOYSA-L,OC(COc1cccc2c1c(=O)cc(o2)C(=O)[O-])COc1cccc2c1c(=O)cc(o2)C(=O)[O-].[Na+].[Na+],,0.290446839
9239,C-9240,,CWVGVPZANOTPDH-UHFFFAOYSA-L,CC[N+](CCOCC[N+]1(C)CCCCC1)(CC)C.[I-].[I-],,0.290510428
9240,C-9241,,LDJNSLOKTFFLSL-UHFFFAOYSA-M,[O-]C(=O)c1ccccc1.[Li+],,0.290543502
9241,C-9242,,IUCJMVBFZDHPDX-UHFFFAOYSA-N,C1CN1c1nc(nc(n1)N1CC1)N1CC1,,0.291925569
9242,C-9243,,MKJDHGYSDAFVSZ-UHFFFAOYSA-L,CCC[N+](CCC1CC[N+](CC1)(C)CCC)(C)C.[I-].[I-],,0.292185504
9243,C-9244,,ATGTZMGMKSLCDM-UHFFFAOYSA-L,O=C(C1CC2CC[N+]1(C)CC2)OCC[N+](C)(C)C.[I-].[I-],,0.292260388
9244,C-9245,,PORLHOLWCPTEOL-UHFFFAOYSA-L,O=C(C1C[N+]2(C)CCC1CC2)OCC[N+](C)(C)C.[I-].[I-],,0.292260388
9245,C-9246,,PNHMBKXVXNJADT-UHFFFAOYSA-N,OC(=O)CCCN1CCOCC1,,0.292900916
9246,C-9247,,VPSBSHPMUADTAT-UHFFFAOYSA-L,C[N+](CCCC[N+]1(C)CC2CCCC(C1)C2)(C)C.[I-].[I-],,0.293904669
9247,C-9248,,YFZNSPMAOIVQRP-YVKGXWRCSA-N,OCc1cn(c(=O)[nH]c1=O)[C@@H]1O[C@@H]([C@H]([C@H]1O)O)[C@@H](C(=O)O)NC(=O)[C@H]([C@@H]([C@H](COC(=O)N)O)O)N,,0.294641834
9248,C-9249,,ZKHQWZAMYRWXGA-KQYNXXCUSA-N,O[C@@H]1[C@@H](COP(=O)(OP(=O)(OP(=O)(O)O)O)O)O[C@H]([C@@H]1O)n1cnc2c1ncnc2N,,0.294837024
9249,C-9250,,JGJCNZJNWCAVMH-UHFFFAOYSA-L,C[N+](CCC[n+]1ccc(cc1)C(c1ccccc1)c1ccccc1)(C)C.[Br-].[Br-],,0.295569779
9250,C-9251,,NDPWNLBKGLNLRA-UHFFFAOYSA-N,OCCOc1ccc(cc1N)[As](=O)(O)O,,0.296923281
9251,C-9252,,BDMWAACMYKFTRK-UHFFFAOYSA-L,CC[N+](CCS(=O)CC[N+](C)(C)C)(CC)C.[I-].[I-],,0.297350648
9252,C-9253,,GZMYROYVXUXQMG-UHFFFAOYSA-L,C[N+](CCCCc1ccc(cc1)[N+](C)(C)C)(C)C.[I-].[I-],,0.297363559
9253,C-9254,,UVOPKOZEXXZCSA-UHFFFAOYSA-L,CC[N+](CCc1ccc(cc1)[N+](CC)(C)C)(C)C.[I-].[I-],,0.297363559
9254,C-9255,,GILIYJDBJZWGBG-REOHCLBHSA-N,C[C@@H](C(F)(F)F)O,,0.30000001
9255,C-9256,,KZNICNPSHKQLFF-UHFFFAOYSA-N,O=C1CCC(=O)N1,,0.30000001
9256,C-9257,,DRAZYTHOEPZGLA-UHFFFAOYSA-L,CC[N+](CCOCC[N+](CC)(CC)CC)(C)C.[I-].[I-],,0.300814648
9257,C-9258,,KDJPXQUBHNBSKZ-UHFFFAOYSA-L,CC[N+](CCCOCCC[N+](C)(C)C)(CC)C.[I-].[I-],,0.300814648
9258,C-9259,,LCDSUTOOQPRVAF-UHFFFAOYSA-L,CCCC[N+](CCOCC[N+](C)(C)C)(CC)C.[I-].[I-],,0.300814648
9259,C-9260,,CUYAYRDAKAKHLZ-UHFFFAOYSA-N,C1CCN(CC1)CCc1cccnc1,,0.301052841
9260,C-9261,,SQMGCPHFHQGPIF-JIOYIOPFSA-N,COC[C@@]12CN(CC)C3[C@]4([C@@H]2[C@@H](OC)[C@@H]3[C@@]2([C@@H]3[C@H]4C[C@@]([C@@H]3O)([C@H]([C@@H]2O)OC)O)O)[C@H](C[C@H]1O)OC,,0.301376692
9261,C-9262,,VXAKLOLHHGJHEX-UHFFFAOYSA-M,COc1ccc(cc1C(C([N+](C)(C)C)C)O)OC.[Cl-],,0.302077766
9262,C-9263,,RKMBPARPFMUZSG-UHFFFAOYSA-N,FCC(=O)NC(C(Cl)Cl)O,,0.302182804
9263,C-9264,,JARYYMUOCXVXNK-CSLFJTBJSA-N,OC[C@H]1C[C@H](N[C@H]2C=C(CO)[C@H]([C@@H]([C@H]2O)O)O)[C@@H]([C@H]([C@@H]1O[C@@H]1O[C@H](CO)[C@H]([C@@H]([C@H]1O)O)O)O)O,,0.303212161
9264,C-9265,,COSWCAGTKRUTQV-UHFFFAOYSA-N,CNC(=O)N(C)C,,0.303417342
9265,C-9266,,GFYRIDJNJUPTMC-UHFFFAOYSA-M,CC1CCC(N1C)CCCCCC[N+](C)(C)C.[I-].I,,0.30429072
9266,C-9267,,NBJGGHFXCGHTNJ-UHFFFAOYSA-N,OS(=O)(=O)O.NC(=NCCN1CCCCCCC1)N.NC(=NCCN1CCCCCCC1)N,,0.305658081
9267,C-9268,,GURJIPMUZBHWOB-UHFFFAOYSA-L,C[N+](CCC[N+]1(C)CC2CCCC(C1)C2)(C)C.[I-].[I-],,0.306058603
9268,C-9269,,XJUUVZIZWCSTOD-UHFFFAOYSA-L,C[N+](CCSSCC[N+](C)(C)C)(C)C.[I-].[I-],,0.307804579
9269,C-9270,,FATUQANACHZLRT-XBQZYUPDSA-L,OC[C@H]([C@H]([C@@H]([C@H]([C@H](C(=O)[O-])O)O)O)O)O.OC[C@H]([C@H]([C@@H]([C@H]([C@H](C(=O)[O-])O)O)O)O)O.[Ca+2],,0.309428276
9270,C-9271,,KEEGZHRRNDVIKI-UHFFFAOYSA-L,CCCCC[N+](CCOCC[N+](CCCCC)(CC)CC)(C)C.[Br-].[Br-],,0.309441568
9271,C-9272,,YIGNINFAAFTVJS-UHFFFAOYSA-L,C[N+](CCCc1ccc(cc1)[N+](C)(C)C)(C)C.[I-].[I-],,0.309616053
9272,C-9273,,QWCKQJZIFLGMSD-VKHMYHEASA-N,CC[C@@H](C(=O)O)N,,0.31
9273,C-9274,,RZZPDXZPRHQOCG-OJAKKHQRSA-N,O[C@@H]1[C@@H](COP(=O)(OP(=O)(OCC[N+](C)(C)C)[O-])O)O[C@H]([C@@H]1O)n1ccc(nc1=O)N,,0.311289263
9274,C-9275,,XZFPDUXSUDETHM-UHFFFAOYSA-L,CC[N+](CCSCC[N+](C)(C)C)(CC)C.[I-].[I-],,0.311353301
9275,C-9276,,RUBDHVDUWRMJGL-UHFFFAOYSA-L,CC[N+](CC(OCC[N+](C)(C)C)C)(CC)C.[I-].[I-],,0.313166279
9276,C-9277,,OBOWRTHMVVMXTI-UHFFFAOYSA-L,CC[N+](CCOCCC[N+](C)(C)C)(CC)C.[I-].[I-],,0.313166279
9277,C-9278,,OHDRNJZYQXBZGG-UHFFFAOYSA-L,CCC[N+](CCOCC[N+](C)(C)C)(CC)C.[I-].[I-],,0.313166279
9278,C-9279,,KWPUZGACLSKSKM-UHFFFAOYSA-L,CC[N+](CCOC(C[N+](CC)(C)C)C)(C)C.[I-].[I-],,0.313166279
9279,C-9280,,OPSSGPQGJGYBIS-UHFFFAOYSA-L,C[N+](CCOCC[N+]1(C)CCOCC1)(C)C.[I-].[I-],,0.313205591
9280,C-9281,,AEQFSUDEHCCHBT-UHFFFAOYSA-M,CCCC(C(=O)[O-])CCC.[Na+],,0.313405539
9281,C-9282,,SWIRFWUEJODNRG-LTCKWSDVSA-L,[O-]C(=O)CC[C@@H](C(=O)[O-])NC(=O)c1ccc(cc1)NCc1cnc2c(n1)c(=O)nc([nH]2)N.[Na+].[Na+],,0.313928851
9282,C-9283,,XCWPBWWTGHQKDR-UHFFFAOYSA-N,S=C1SCCS1,,0.314385747
9283,C-9284,,SBUJHOSQTJFQJX-NOAMYHISSA-N,OC[C@H]1O[C@H](O[C@H]2[C@H](N)C[C@@H]([C@H]([C@@H]2O)O[C@H]2O[C@H](CN)[C@H]([C@@H]([C@H]2O)O)O)N)[C@@H]([C@H]([C@@H]1O)N)O,,0.314703538
9284,C-9285,,VJZLQIPZNBPASX-OJJGEMKLSA-L,O=C1C=C[C@]2(C(=C1)CC[C@@H]1[C@@H]2[C@@H](O)C[C@]2([C@H]1CC[C@]2(O)C(=O)COP(=O)([O-])[O-])C)C.[Na+].[Na+],,0.314803038
9285,C-9286,,QVUOXPGGDOOBLA-UHFFFAOYSA-L,CC[N+](CCSSCC[N+](CC)(CC)CC)(CC)CC.[Br-].[Br-],,0.316572895
9286,C-9287,,GFNVVUBUWBTSAN-UHFFFAOYSA-L,CC[N+](CCC1CC[N+](CC1)(C)CC)(C)C.[I-].[I-],,0.316743073
9287,C-9288,,HNWCOANXZNKMLR-UHFFFAOYSA-N,NCc1c(CO)cnc(c1O)C.Cl.Cl,,0.316751179
9288,C-9289,,UZLRPNHVKXCOHS-UHFFFAOYSA-N,CC(=O)NCCSC(=O)C,,0.317628611
9289,C-9290,,IGVCNYSLCSHUBO-UHFFFAOYSA-L,C[N+](CC[N+]1(C)CC2CCCC(C1)C2)(C)C.[I-].[I-],,0.318562461
9290,C-9291,,MLUCVPSAIODCQM-NSCUHMNNSA-N,C/C=C/C=O,,0.31999999
9291,C-9292,,UMGDCJDMYOKAJW-UHFFFAOYSA-N,NC(=S)N,,0.31999999
9292,C-9293,,MBDNRNMVTZADMQ-UHFFFAOYSA-N,O=S1(=O)CC=CC1,,0.32079039
9293,C-9294,,CEAZRRDELHUEMR-UHFFFAOYSA-N,CNC(C1CCC(C(O1)OC1C(N)CC(C(C1O)OC1OCC(C(C1O)NC)(C)O)N)N)C,,0.320932954
9294,C-9295,,FAPWYRCQGJNNSJ-UBKPKTQASA-L,OCC([C@H](C(=O)NCCC(=O)[O-])O)(C)C.OCC([C@H](C(=O)NCCC(=O)[O-])O)(C)C.[Ca+2],,0.321904276
9295,C-9296,,QSXVNTBKSUOTAI-UHFFFAOYSA-L,O=S(CC[N+](C)(C)C)CC[N+](C)(C)C.[I-].[I-],,0.3222106
9296,C-9297,,DIZOIPNFCMPXFR-UHFFFAOYSA-L,C[N+](CCc1ccc(cc1)[N+](C)(C)C)(C)C.[I-].[I-],,0.322224289
9297,C-9298,,PIQVDUKEQYOJNR-VZXSFKIWSA-N,COC(=O)[C@H]1[C@H](C[C@H]2N([C@@H]1CC2)C)OC(=O)c1ccccc1.Cl,,0.322454376
9298,C-9299,,TYNQJNYAIIACFM-UHFFFAOYSA-L,C[N+](CC[N+]1(C)Cc2c(C1)cccc2)(C)C.[I-].[I-],,0.324066833
9299,C-9300,,SXEIAGBDJHXATF-UHFFFAOYSA-L,CC[N+](CCOCC[N+](C)(C)C)(CC)C.[I-].[I-],,0.325879536
9300,C-9301,,FOSXBINENBQXPD-UHFFFAOYSA-L,CC(C[N+](C)(C)C)OC(C[N+](C)(C)C)C.[I-].[I-],,0.325879536
9301,C-9302,,BDMHRDJIKJNRKY-UHFFFAOYSA-L,C[N+](CCCOCCC[N+](C)(C)C)(C)C.[I-].[I-],,0.325879536
9302,C-9303,,BUCTXJLMXKQBJP-UHFFFAOYSA-L,C[N+](CCCCCCC[N+](C)(C)C)(C)C.[I-].[I-],,0.327697074
9303,C-9304,,VOWFSTQCEXIMLP-UHFFFAOYSA-N,COc1ccc(c(c1)C(CN)O)OC.Cl,,0.327712543
9304,C-9305,,XAEQXKDZYYQGHE-UHFFFAOYSA-L,C[N+](CCOCC[N+]1(C)CCCC1)(C)C.[I-].[I-],,0.327737686
9305,C-9306,,IBABVQIIFVJKAG-UHFFFAOYSA-L,Brc1c[n+](CCC[N+](C)(C)C)cc2c1cccc2.[Br-].[Br-],,0.328772536
9306,C-9307,,NLVFBUXFDBBNBW-PBSUHMDJSA-N,NC[C@H]1O[C@H](O[C@@H]2[C@@H](N)C[C@H]([C@@H]([C@H]2O)O[C@H]2O[C@H](CO)[C@H]([C@@H]([C@H]2O)N)O)N)[C@@H](C[C@@H]1O)N,,0.330199815
9307,C-9308,,PBIHCSQFOZFORQ-UHFFFAOYSA-L,CC[N+](CCS(=O)CC[N+](CC)(CC)CC)(CC)CC.[Br-].[Br-],,0.331277784
9308,C-9309,,JUEVZYGVJAVKRY-UHFFFAOYSA-N,C[n+]1ccc(cc1)c1c[nH]c(c1)C.[I-],,0.332231481
9309,C-9310,,IFFLKGMDBKQMAH-UHFFFAOYSA-N,Nc1ccnc(c1)N,,0.333115748
9310,C-9311,,RFEJUZJILGIRHQ-UHFFFAOYSA-N,OC(C(C(=O)O)O)C(=O)O.OC(C(C(=O)O)O)C(=O)O.CN1CCCC1c1cccnc1,,0.33497467
9311,C-9312,,IPIWKLKSFLQQEA-UHFFFAOYSA-L,CCCC[N+](CCOCC[N+](CCCC)(CC)CC)(C)C.[Br-].[Br-],,0.335024432
9312,C-9313,,YWQMRMQXEJSKHI-UHFFFAOYSA-L,CC[N+](CCCOCCC[N+](CC)(CC)CC)(CC)CC.[Br-].[Br-],,0.335024432
9313,C-9314,,XKJPMAOXOIOVIC-UHFFFAOYSA-L,C[N+](Cc1ccc(cc1)[N+](C)(C)C)(C)C.[I-].[I-],,0.335209534
9314,C-9315,,LPJSRZKKOQXIBO-UHFFFAOYSA-L,CC[N+](CCCCCCC[N+](CC)(CC)CC)(CC)CC.[Br-].[Br-],,0.336880721
9315,C-9316,,FSPAEMUWKSBARM-UHFFFAOYSA-L,C[N+](CCSCC[N+](C)(C)C)(C)C.[I-].[I-],,0.337052451
9316,C-9317,,XXLCXPJFZSMOBW-UHFFFAOYSA-L,CC[N+](CCOCC[N+](C)(C)C)(C)C.[I-].[I-],,0.338976204
9317,C-9318,,FNVKGDRMUFQULX-UHFFFAOYSA-L,CC(C[N+](C)(C)C)OCC[N+](C)(C)C.[I-].[I-],,0.338976204
9318,C-9319,,LZYYNZUWBANDMX-UHFFFAOYSA-L,C[N+](CCCCCC[N+](C)(C)C)(C)C.[I-].[I-],,0.340849469
9319,C-9320,,NSKGQURZWSPSBC-VVPCINPTSA-N,OC[C@H]1O[C@H]([C@@H]([C@@H]1O)O)O[C@H]1[C@H](O[C@H]2O[C@H](CN)[C@H]([C@@H]([C@H]2N)O)O)[C@@H](N)C[C@H]([C@@H]1O)N,,0.3424881
9320,C-9321,,LWVTVUWDPRDWKX-UHFFFAOYSA-L,C[N+](CCC1CC[N+](CC1)(C)C)(C)C.[I-].[I-],,0.34277296
9321,C-9322,,BKQCNUPZIBYHSN-UHFFFAOYSA-N,OCCC/N=C(/CSS(=O)(=O)O)\N,,0.343960751
9322,C-9323,,SFMSZTNDIWQOND-UHFFFAOYSA-L,CC[N+](CCSCC[N+](CC)(CC)CC)(CC)CC.[Br-].[Br-],,0.346438261
9323,C-9324,,SUGUXNYMDILWAX-UHFFFAOYSA-L,COc1cc2c[n+](CCC[N+](C)(C)C)ccc2cc1OC.[Br-].[Br-],,0.34658004
9324,C-9325,,QCDMSCUTQSXHCU-UHFFFAOYSA-N,NCC1(N)CCCCC1,,0.346892508
9325,C-9326,,SXEJUWIDHIUSSV-UHFFFAOYSA-L,C[N+](c1ccc(cc1)[N+](C)(C)C)(C)C.[I-].[I-],,0.348595003
9326,C-9327,,JCQLYHFGKNRPGE-FCVZTGTOSA-N,OC[C@H]1O[C@]([C@H]([C@@H]1O[C@@H]1O[C@H](CO)[C@@H]([C@@H]([C@H]1O)O)O)O)(O)CO,,0.348690266
9327,C-9328,,PRNVHVUEIITLRV-MWIGPOFTSA-N,C/N=C\1/CN(O)C(=c2c(=N1)ccc(c2)Cl)c1ccccc1.Cl,,0.34902156
9328,C-9329,,URWAJWIAIPFPJE-YFMIWBNJSA-N,NCC1=CC[C@H]([C@H](O1)O[C@@H]1[C@@H](N)C[C@H]([C@@H]([C@H]1O)O[C@H]1OC[C@]([C@@H]([C@H]1O)NC)(C)O)N)N,,0.349174945
9329,C-9330,,UWVYIEXDBDLRBV-UHFFFAOYSA-M,CC(=O)Nc1c[n+](CCC[N+](C)(C)C)cc2c1cccc2.[Br-].[Br-],,0.349483638
9330,C-9331,,CDAISMWEOUEBRE-CDRYSYESSA-N,O[C@@H]1[C@@H](O)[C@H](O)[C@H]([C@@H]([C@H]1O)O)O,,0.34999999
9331,C-9332,,QAXZLVLNSWBGRJ-UHFFFAOYSA-L,CC[N+](CCCCCC[N+](CC)(CC)CC)(CC)CC.[Br-].[Br-],,0.350318633
9332,C-9333,,XJUDHWMLJZETPI-UHFFFAOYSA-L,CC[N+](CCOCC[N+]1(CC)CCCCC1)(CC)CC.[Br-].[Br-],,0.350361426
9333,C-9334,,VGEOUKPOQQEQSX-OALZAMAHSA-M,O=C(N[C@@H]1C(=O)N2[C@@H]1SCC(=C2C(=O)[O-])COC(=O)C)CSc1ccncc1.[Na+],,0.351210786
9334,C-9335,,WQMAANNAZKNUDL-UHFFFAOYSA-N,ClCCN(C)C,,0.352079789
9335,C-9336,,GSHPGFRNQUDFLK-UHFFFAOYSA-L,C[N+](CCOCC[N+](C)(C)C)(C)C.[I-].[I-],,0.352480102
9336,C-9337,,DZLNHFMRPBPULJ-GSVOUGTGSA-N,OC(=O)[C@H]1CSCN1,,0.354176435
9337,C-9338,,PPNGBUNXPYHPHB-UHFFFAOYSA-L,C[N+](CCC[n+]1ccc(cc1)C=Cc1ccccc1)(C)C.[Br-].[Br-],,0.354342951
9338,C-9339,,SRFSMBZBBSVMKO-UHFFFAOYSA-L,C[N+](CCCCC[N+](C)(C)C)(C)C.[I-].[I-],,0.354412691
9339,C-9340,,LJXVGZZEFUHOPD-UHFFFAOYSA-N,NC(=NCCCCSS(=O)(=O)O)N,,0.356055998
9340,C-9341,,PMWFVHVKRYLNKN-UHFFFAOYSA-L,C[N+](CCC[n+]1cc2ccccc2c2c1cccc2)(C)C.[Br-].[Br-],,0.356327281
9341,C-9342,,DJDNLDKPWOJAFU-UHFFFAOYSA-L,CC[N+](CCS(=O)CC[N+](CC)(CC)CC)(C)C.[Br-].[Br-],,0.358221583
9342,C-9343,,WBDSDEWASQRXRJ-UHFFFAOYSA-L,OCC[N+](CCOCC[N+](CCO)(CC)CC)(C)C.[Br-].[Br-],,0.35828303
9343,C-9344,,XUJNEKJLAYXESH-REOHCLBHSA-N,N[C@H](C(=O)O)CS,,0.359768699
9344,C-9345,,RVSTWRHIGKXTLG-WCXIOVBPSA-N,O[C@@H]([C@H]([C@@H]([C@H](C(=O)O)O)O)O)COC(=O)C(N(C(C)C)C(C)C)N(C(C)C)C(C)C,,0.359969997
9345,C-9346,,NURQLCJSMXZBPC-UHFFFAOYSA-N,Cc1cnccc1C,,0.36000001
9346,C-9347,,ANJTVLIZGCUXLD-DTWKUNHWSA-N,O=c1cccc2n1C[C@@H]1CNC[C@H]2C1,,0.36000001
9347,C-9348,,JCDRZCWRRLKLTB-UHFFFAOYSA-N,CNCCc1ccc(c(c1)O)O.Cl,,0.361327319
9348,C-9349,,KBRJFXPGJDMODH-UHFFFAOYSA-L,CC[N+](CCCOCCC[N+](CC)(CC)CC)(C)C.[Br-].[Br-],,0.362209181
9349,C-9350,,NXMGHXWDIYVXFB-UHFFFAOYSA-L,CCCC[N+](CCOCC[N+](CCCC)(C)C)(C)C.[Br-].[Br-],,0.362209181
9350,C-9351,,OKLOCJHVBDCKPW-UHFFFAOYSA-L,CC[N+](CCOCC[N+](CC)(CC)CC)(CC)CC.[Br-].[Br-],,0.362209181
9351,C-9352,,NSDGGCIJILWODV-UHFFFAOYSA-L,CCCC[N+](CCOCC[N+](CC)(C)C)(CC)CC.[Br-].[Br-],,0.362209181
9352,C-9353,,VUZFUHYMELMOSR-UHFFFAOYSA-L,CCOC(=O)CC[N+](CCOCC[N+](CCC(=O)OCC)(C)C)(C)C.[Cl-].[Cl-],,0.36310006
9353,C-9354,,PAJPWUMXBYXFCZ-UHFFFAOYSA-N,OC(=O)C1(N)CC1,,0.364071873
9354,C-9355,,CIAWGAQGHUAOHH-UHFFFAOYSA-L,CC[N+](CCCCCCC[N+](CC)(CC)C)(CC)C.[Br-].[Br-],,0.364185622
9355,C-9356,,UIMBFBNFXCWIGG-UHFFFAOYSA-L,CC[N+](CCOCC[N+]1(CC)CCCC1)(CC)CC.[Br-].[Br-],,0.364229834
9356,C-9357,,VVWYBGBTZWEMKT-UHFFFAOYSA-L,CC[N+](CCC[n+]1ccc2c(c1)cccc2)(CC)CC.[Br-].[Br-],,0.364271037
9357,C-9358,,CQCCIWUTQBJFPB-UHFFFAOYSA-L,C[N+](CCCCCC[n+]1ccc2c(c1)cccc2)(C)C.[Br-].[Br-],,0.364271037
9358,C-9359,,SVSWMJWPWQDOBP-UHFFFAOYSA-L,C[N+]1(CCC[n+]2ccc3c(c2)cccc3)CCOCC1.[Br-].[Br-],,0.364315227
9359,C-9360,,DEGNVZJJUSWXDF-UHFFFAOYSA-N,CC(NCCSS(=O)(=O)O)(C)C,,0.364715733
9360,C-9361,,LFDRIERUIQJBLI-UHFFFAOYSA-L,C[N+](CCC[n+]1ccc(cc1)Cc1ccccc1)(C)C.[Br-].[Br-],,0.366301328
9361,C-9362,,FYXPTECHEQODIG-UHFFFAOYSA-M,C[N+](CCC[n+]1cccc2c1c1ccccc1[nH]2)(C)C.[Br-].[Br-],,0.367340277
9362,C-9363,,YXWKGHSFQVHHSO-UHFFFAOYSA-M,C[N+](CCC[n+]1ccc2c(c1)c1ccccc1[nH]2)(C)C.[Br-].[Br-],,0.367340277
9363,C-9364,,DXXUGBPKQDTBQW-UHFFFAOYSA-L,Clc1c2C[N+](Cc2c(c(c1Cl)Cl)Cl)(C)CC[N+](C)(C)C.[Cl-].[Cl-],,0.367514343
9364,C-9365,,LVISWIXSNZQRHA-UHFFFAOYSA-N,CC(NCC(c1cccc(c1)O)O)C,,0.370247767
9365,C-9366,,VXVJDURWORQZFX-UHFFFAOYSA-L,CC[N+](CCSSCC[N+](CC)(C)C)(C)C.[Br-].[Br-],,0.370270405
9366,C-9367,,IOPYAHCREUTVQD-UHFFFAOYSA-M,C(=CC=[N+]1CCCC1)C=CN1CCCC1.[O-][Cl](=O)(=O)=O,,0.370332402
9367,C-9368,,XQAGDGDPAAJQSI-UHFFFAOYSA-L,CC[N+](CCSCC[N+](CC)(CC)CC)(C)C.[Br-].[Br-],,0.374370681
9368,C-9369,,OXCMEGSBLSWICP-UHFFFAOYSA-L,CC1c2ccccc2CC[N+]1(C)CCC[N+](C)(C)C.[Br-].[Br-],,0.374431381
9369,C-9370,,LILHXRHKCXDQGU-UHFFFAOYSA-L,CC[N+]1(CCC[N+](C)(C)C)CCc2c(C1)cccc2.[Br-].[Br-],,0.374431381
9370,C-9371,,NSYSSMYQPLSPOD-UHFFFAOYSA-N,Oc1cc(C)oc(=O)c1,,0.376368285
9371,C-9372,,ZAPMTSHEXFEPSD-UHFFFAOYSA-N,ClCCN1CCOCC1,,0.376466153
9372,C-9373,,KWOZLQNORHAQOY-UHFFFAOYSA-L,CCC[N+](CCOCC[N+](CC)(C)C)(CC)CC.[Br-].[Br-],,0.376467487
9373,C-9374,,XRKACABSJZHNBA-UHFFFAOYSA-L,CC[N+](CCOCCC[N+](CC)(CC)CC)(C)C.[Br-].[Br-],,0.376467487
9374,C-9375,,ULWAQUOJDWTYTM-UHFFFAOYSA-L,CC[N+](CCCOCC[N+](CC)(CC)CC)(C)C.[Br-].[Br-],,0.376467487
9375,C-9376,,FKMYOBZNVAVPDG-UHFFFAOYSA-L,CC[N+](CCOC(C[N+](CC)(C)C)C)(CC)CC.[Br-].[Br-],,0.376467487
9376,C-9377,,DFPHFJOBKOEGQC-UHFFFAOYSA-L,CC[N+](CCOCC[N+]1(CC)CCOCC1)(C)C.[Br-].[Br-],,0.376512936
9377,C-9378,,MZRMNCMJRSKSTF-UHFFFAOYSA-N,CCN/C(=N/CCSS(=O)(=O)O)/N,,0.378206126
9378,C-9379,,WDVSHHCDHLJJJR-UHFFFAOYSA-N,Nc1ccc2c(c1)nc1c(c2)ccc(c1)N,,0.378300387
9379,C-9380,,HLXQFVXURMXRPU-UHFFFAOYSA-L,C[N+](CCCCCCCCCC[N+](C)(C)C)(C)C.[Br-].[Br-],,0.378510059
9380,C-9381,,NUIGSIPDCSDQDC-UHFFFAOYSA-L,CC[N+](CCCC[N+](CC)(CC)CC)(CC)CC.[Br-].[Br-],,0.378510059
9381,C-9382,,STISWHNAAJTCNP-UHFFFAOYSA-L,CC[N+](CCCCCC[N+](CC)(CC)C)(CC)C.[Br-].[Br-],,0.378510059
9382,C-9383,,KBGJFZIQEQXMJB-UHFFFAOYSA-L,CC[N+](CCOCC[N+]1(CC)CCCCC1)(C)C.[Br-].[Br-],,0.378555744
9383,C-9384,,UPQHUJSVEOJFCA-UHFFFAOYSA-L,C[N+](CCCCC[n+]1ccc2c(c1)cccc2)(C)C.[Br-].[Br-],,0.378598307
9384,C-9385,,HPYNZHMRTTWQTB-UHFFFAOYSA-N,Cc1ncccc1C,,0.38
9385,C-9386,,JYYNAJVZFGKDEQ-UHFFFAOYSA-N,Cc1ccnc(c1)C,,0.38
9386,C-9387,,HWWYDZCSSYKIAD-UHFFFAOYSA-N,Cc1cncc(c1)C,,0.38
9387,C-9388,,MUBZPKHOEPUJKR-UHFFFAOYSA-N,OC(=O)C(=O)O,,0.38
9388,C-9389,,OUFWPBPWBBMQCV-UHFFFAOYSA-L,C[N+]1(CCC[n+]2ccc3c(c2)cccc3)CCCC1.[Br-].[Br-],,0.380696891
9389,C-9390,,PMRYVIKBURPHAH-UHFFFAOYSA-N,Cn1cc[nH]c1=S,,0.381795909
9390,C-9391,,FIKAKWIAUPDISJ-UHFFFAOYSA-L,C[n+]1ccc(cc1)c1cc[n+](cc1)C.[Cl-].[Cl-],,0.382191667
9391,C-9392,,CTUVIUYTHWPELF-IYEMJOQQSA-L,OC[C@H]([C@H]([C@@H]([C@H](C(=O)[O-])O)O)O)O.OC[C@H]([C@H]([C@@H]([C@H](C(=O)[O-])O)O)O)O.[Mg+2],,0.38237175
9392,C-9393,,NPUGYWPZOLONFA-UHFFFAOYSA-N,OC(c1ccccc1)C[NH2+]C.[Cl-],,0.382710267
9393,C-9394,,DDQCSVBNRCHUCE-UHFFFAOYSA-L,C[N+](Cc1ccccc1)(CCOCC[N+](Cc1ccccc1)(C)C)C.[Cl-].[Cl-],,0.383601164
9394,C-9395,,IFRTXENWUYJADC-UHFFFAOYSA-L,CC[N+](CCS(=O)CC[N+](CC)(C)C)(C)C.[Br-].[Br-],,0.386948245
9395,C-9396,,CPLQLYDHVGNBIJ-UHFFFAOYSA-N,NCCCNC(CS)C.Cl.Cl,,0.387640032
9396,C-9397,,WKCYFSZDBICRKL-UHFFFAOYSA-N,OCCCN(CC)CC,,0.389049182
9397,C-9398,,ZHRWFZMWXXRCDX-UHFFFAOYSA-L,C[N+](CCC[N+]1(C)CCc2c(C1)cccc2)(C)C.[Br-].[Br-],,0.389103615
9398,C-9399,,SRBFZHDQGSBBOR-QTBDOELSSA-N,O[C@H]1CO[C@@H]([C@H]([C@@H]1O)O)O,,0.38999999
9399,C-9400,,PVBRXXAAPNGWGE-LGVAUZIVSA-L,O[C@@H]1[C@H](O)[C@H](O[C@H]1n1cnc2c1[nH]c(N)nc2=O)COP(=O)([O-])[O-].[Na+].[Na+],,0.390207162
9400,C-9401,,SRJOCJYGOFTFLH-UHFFFAOYSA-N,OC(=O)C1CCNCC1,,0.390482249
9401,C-9402,,OUWWJCHXOLADFM-UHFFFAOYSA-L,CC[N+](CCOCC[N+](CC)(CC)CC)(C)C.[Br-].[Br-],,0.391209822
9402,C-9403,,PFHLJUZSAAHJKA-UHFFFAOYSA-L,CC[N+](CC(OC(C[N+](CC)(C)C)C)C)(C)C.[Br-].[Br-],,0.391209822
9403,C-9404,,VDFWPNHAXLIYBZ-UHFFFAOYSA-L,CC[N+](CCCOCCC[N+](CC)(C)C)(C)C.[Br-].[Br-],,0.391209822
9404,C-9405,,OFOPDXDDEDPPBK-UHFFFAOYSA-L,CCC[N+](CCOCC[N+](CCC)(C)C)(C)C.[Br-].[Br-],,0.391209822
9405,C-9406,,SCRFQUYFINSIFB-UHFFFAOYSA-L,CC[N+](CCCCCCC[N+](CC)(C)C)(C)C.[Br-].[Br-],,0.393323125
9406,C-9407,,IFKBZHDNEPYYJT-UHFFFAOYSA-L,CC[N+](CCOCC[N+]1(CC)CCCC1)(C)C.[Br-].[Br-],,0.393370395
9407,C-9408,,KXQOFXMOHFZTQD-UHFFFAOYSA-L,Cc1[n+](CCC[N+](C)(C)C)ccc2c1cccc2.[Br-].[Br-],,0.393414435
9408,C-9409,,KBTQRBOMLCMWMB-UHFFFAOYSA-L,Cc1cc2ccccc2c[n+]1CCC[N+](C)(C)C.[Br-].[Br-],,0.393414435
9409,C-9410,,YLHJQAQFJJFIHA-UHFFFAOYSA-L,C=CC[N+](CCOCC[N+](CC=C)(C)C)(C)C.[Br-].[Br-],,0.395541737
9410,C-9411,,JOVOSQBPPZZESK-UHFFFAOYSA-N,NNc1ccccc1.Cl,,0.397933972
9411,C-9412,,NBJHDLKSWUDGJG-UHFFFAOYSA-N,ClCCN1CCOCC1.Cl,,0.398695555
9412,C-9413,,XWKFPIODWVPXLX-UHFFFAOYSA-N,Cc1ccc(cn1)C,,0.40000001
9413,C-9414,,JKLZCQWVERBDEZ-UHFFFAOYSA-N,O=C1CSC(=S)N1C,,0.401436567
9414,C-9415,,PIOPKWFBKZTUMS-UHFFFAOYSA-N,Nc1cccccc1=O,,0.403854391
9415,C-9416,,JMTRFDQKURLOMK-UHFFFAOYSA-L,CC[N+](CCSCC[N+](CC)(C)C)(C)C.[Br-].[Br-],,0.404223892
9416,C-9417,,VDOXASKSMFFHKM-UHFFFAOYSA-M,C[N+](CCC[NH+]1CCc2c(C1)cccc2)(C)C.[Br-].[Br-],,0.404288878
9417,C-9418,,QNCDQXUEQDTVPX-UHFFFAOYSA-M,C[N+](CCCN1CC2CCCC(C1)C2)(C)C.[I-],,0.405390448
9418,C-9419,,MHMVGOIOCAQGJD-UHFFFAOYSA-L,CC[N+](CCOCC[N+](CC)(CC)C)(C)C.[Br-].[Br-],,0.406470265
9419,C-9420,,MCILYHVMCGKQGR-UHFFFAOYSA-L,CC[N+](CCOCCC[N+](C)(C)C)(CC)C.[Br-].[Br-],,0.406470265
9420,C-9421,,FROHJIAAKPDPPL-UHFFFAOYSA-L,CC[N+](CCOC(C[N+](CC)(C)C)C)(C)C.[Br-].[Br-],,0.406470265
9421,C-9422,,UPCIBFUJJLCOQG-UHFFFAOYSA-L,CC[N+](CCN(CC[N+](CC)(C)C)C)(C)C.[Br-].[Br-],,0.407561201
9422,C-9423,,OGNKZBOWNPYIDD-UHFFFAOYSA-N,Cc1cc[nH+]c2c1cccc2.[Cl-],,0.408337863
9423,C-9424,,ILFPCMXTASDZKM-YFKPBYRVSA-N,OC(=O)[C@H]1CCC(=O)C1=C,,0.408417543
9424,C-9425,,GGYVFJXFWSWCEZ-UHFFFAOYSA-L,CC[N+](CCCCCC[N+](CC)(C)C)(C)C.[Br-].[Br-],,0.408659325
9425,C-9426,,QBOSERJVPQFZAQ-UHFFFAOYSA-L,CC[N+](CCCC[N+](CC)(CC)C)(CC)C.[Br-].[Br-],,0.408659325
9426,C-9427,,DFSBPMGFJCFTFQ-UHFFFAOYSA-L,C[N+](CCC[n+]1ccc2c(c1)cccc2)(C)C.[Br-].[Br-],,0.408753929
9427,C-9428,,ZCTXEAQXZGPWFG-UHFFFAOYSA-N,OCN1C(=O)NC(=O)C1NC(=O)NCNC(=O)NC1C(=O)NC(=O)N1CO,,0.410835965
9428,C-9429,,WFZKRNIMSVDNBU-UHFFFAOYSA-N,OS(=O)(=O)O.O=C1N=C(N(C1)C)N.NCCc1c[nH]c2c1cc(O)cc2,,0.411828041
9429,C-9430,,OVXQHPWHMXOFRD-UHFFFAOYSA-M,CCOP(=O)(SCC[N+](C)(C)C)OCC.[I-],,0.416546156
9430,C-9431,,GEBUMRFWHSVZMX-UHFFFAOYSA-N,CNCCC(=O)c1ccc(cc1)O.Cl,,0.419012597
9431,C-9432,,HPHBOJANXDKUQD-UHFFFAOYSA-N,NNC(=O)CC#N,,0.419264307
9432,C-9433,,HWNQQXXZOQECES-UHFFFAOYSA-N,CCC(SS(=O)(=O)O)(N=C(N)N)C,,0.419380627
9433,C-9434,,CXVQSUBJMYZELD-UHFFFAOYSA-N,NCCCC(=O)OCC.Cl,,0.422044209
9434,C-9435,,WSFXVOFYKCDIFC-UHFFFAOYSA-L,CC[N+](CCOCC[N+](CC)(C)C)(C)C.[Br-].[Br-],,0.422286525
9435,C-9436,,GBKLAYXZNQSPBS-XYSQQLOGSA-N,ClCCNC[C@H]([C@H]([C@@H]([C@@H](CNCCCl)O)O)O)O.Cl.Cl,,0.422379539
9436,C-9437,,VFBNKSCGJOBFNU-UHFFFAOYSA-L,C[N+](CCCCCCC[N+](C)(C)C)(C)C.[Br-].[Br-],,0.424556955
9437,C-9438,,BYEFHDZWRALTEN-UHFFFAOYSA-N,CCC12COP(=O)(OC1)OC2,,0.425055927
9438,C-9439,,BTANRVKWQNVYAZ-SCSAIBSYSA-N,CC[C@H](O)C,,0.43000001
9439,C-9440,,DQWPFSLDHJDLRL-UHFFFAOYSA-N,CCOP(=O)(OCC)OCC,,0.43000001
9440,C-9441,,KFZMGEQAYNKOFK-UHFFFAOYSA-N,CC(O)C,,0.43000001
9441,C-9442,,LBOPECYONBDFEM-VUAFVNRWSA-N,O[C@H]([C@H](C(=O)O)O)C(=O)O.CC(NC[C@H](c1ccc(c(c1)O)O)O)C,,0.430634527
9442,C-9443,,AEYOOYGXUSCILK-UHFFFAOYSA-N,OC(CNCCSP(=O)(O)O)CNCCSP(=O)(O)O,,0.431432203
9443,C-9444,,UPMFZISCCZSDND-JJKGCWMISA-M,OC[C@H]([C@H]([C@@H]([C@H](C(=O)[O-])O)O)O)O.[Na+],,0.432122695
9444,C-9445,,DKNDBIIKSJWQFL-UHFFFAOYSA-N,CN(CCC(=O)c1ccccc1)C.Cl,,0.43286388
9445,C-9446,,ANSKEMFAKDVURY-UHFFFAOYSA-M,CN(CC1C2CC[N+](C1CN(C)C)(CC2)C)C.[I-],,0.434956607
9446,C-9447,,GIWJDYFVKWAEOG-UHFFFAOYSA-L,CN(CC[N+](C)(C)C)CC[N+](C)(C)C.[Br-].[Br-],,0.439875672
9447,C-9448,,FAPSXSAPXXJTOU-UHFFFAOYSA-L,C[N+](CCCCCC[N+](C)(C)C)(C)C.[Br-].[Br-],,0.441058748
9448,C-9449,,VEESEJJVUZVATI-UHFFFAOYSA-L,CC[N+](CCCC[N+](CC)(C)C)(C)C.[Br-].[Br-],,0.441058748
9449,C-9450,,GXCRUTWHNMMJEK-WYUVZMMLSA-M,[O-]C(=O)C1=C(COC(=O)C)CS[C@H]2N1C(=O)[C@H]2NC(=O)CC#N.[Na+],,0.442127242
9450,C-9451,,UMSBICJLRLBRSQ-UHFFFAOYSA-N,OS(=O)(=O)SCCNCC1CC1,,0.443750916
9451,C-9452,,ZEDGXSBAZFPSSM-UHFFFAOYSA-M,O=C(c1ccccc1)Oc1ccc(cc1)[N+](C)(C)C.[Br-],,0.446030423
9452,C-9453,,TXNREHWFZSEYKZ-UHFFFAOYSA-M,O=C(c1ccccc1)Oc1cccc(c1)[N+](C)(C)C.[Br-],,0.446030423
9453,C-9454,,OISVCGZHLKNMSJ-UHFFFAOYSA-N,Cc1cccc(n1)C,,0.44999999
9454,C-9455,,QZIQJVCYUQZDIR-UHFFFAOYSA-N,ClCCN(CCCl)C.Cl,,0.452743861
9455,C-9456,,STVVMTBJNDTZBF-VIFPVBQESA-N,OC[C@H](Cc1ccccc1)N,,0.454899629
9456,C-9457,,IEXIPYCHASVPFD-UHFFFAOYSA-L,Oc1ccc2c(c1)c(cc(c2)S(=O)(=O)[O-])S(=O)(=O)[O-].[Na+].[Na+],,0.458107615
9457,C-9458,,XLDKUDAXZWHPFH-UHFFFAOYSA-N,NCCCNCCCCNCCCN.Cl.Cl.Cl.Cl,,0.458198661
9458,C-9459,,GJVFBWCTGUSGDD-UHFFFAOYSA-L,C[N+](CCCCC[N+](C)(C)C)(C)C.[Br-].[Br-],,0.458212407
9459,C-9460,,XTVOFWWZDFAMRO-UHFFFAOYSA-M,C[n+]1ccc(cc1)c1cocc1.[I-],,0.466762788
9460,C-9461,,XUWHAWMETYGRKB-UHFFFAOYSA-N,O=C1CCCCN1,,0.467077348
9461,C-9462,,HUOSDXNNLBQJLM-UHFFFAOYSA-M,ICC[N+](C)(C)C.[I-],,0.467277449
9462,C-9463,,RKIFMRPSYFQBJG-UHFFFAOYSA-L,C[N+](CCC[n+]1ccccc1)(C)C.[Br-].[Br-],,0.468389537
9463,C-9464,,DJQJFMSHHYAZJD-UHFFFAOYSA-N,O=C(Nc1c(C)cccc1C)CN(CC(=O)O)CC(=O)O,,0.468667133
9464,C-9465,,DPJRMOMPQZCRJU-UHFFFAOYSA-M,OCCc1sc[n+](c1C)Cc1cnc(nc1N)C.[Cl-].Cl,,0.472031301
9465,C-9466,,ZGTMUACCHSMWAC-UHFFFAOYSA-L,[O-]C(=O)CN(CC(=O)O)CCN(CC(=O)O)CC(=O)[O-].[Na+].[Na+],,0.473391944
9466,C-9467,,BIKNTKSEMWGCDC-UHFFFAOYSA-L,OC(C[N+](C)(C)C)C[N+](C)(C)C.[Br-].[Br-],,0.473515982
9467,C-9468,,RADKZDMFGJYCBB-UHFFFAOYSA-N,O=Cc1c(CO)cnc(c1O)C,,0.47582725
9468,C-9469,,LPMGBZUUAYQFCO-UHFFFAOYSA-L,C[N+](CCCC[N+](C)(C)C)(C)C.[Br-].[Br-],,0.476071519
9469,C-9470,,DJGAAPFSPWAYTJ-UHFFFAOYSA-M,CN(c1c(C)n(n(c1=O)c1ccccc1)C)CS(=O)(=O)[O-].[Na+],,0.477115162
9470,C-9471,,RMVOJBZIVYFSOQ-RFKZQXLXSA-N,[NH3+][C@H]1CC[C@H]1S.[Cl-],,0.478236309
9471,C-9472,,RMVOJBZIVYFSOQ-MMALYQPHSA-N,[NH3+][C@H]1CC[C@@H]1S.[Cl-],,0.478236309
9472,C-9473,,NKDDWNXOKDWJAK-UHFFFAOYSA-N,COCOC,,0.47999999
9473,C-9474,,LOSWWGJGSSQDKH-UHFFFAOYSA-N,CCOCC(CO)O,,0.481384838
9474,C-9475,,JJBCTCGUOQYZHK-UHFFFAOYSA-N,CC(=O)Oc1ccccc1C(=O)O.NCCCCC(C(=O)O)N,,0.486317714
9475,C-9476,,YWCASUPWYFFUHE-UHFFFAOYSA-N,CS(=O)(=O)OCCCNCCCOS(=O)(=O)C.Cl,,0.487023594
9476,C-9477,,CBKQWIBXFHHUHD-UHFFFAOYSA-M,CCOC(=O)C1CC2CC[N+]1(C)CC2.[I-],,0.487862818
9477,C-9478,,NSMWYRLQHIXVAP-OLQVQODUSA-N,C[C@@H]1NC[C@H](NC1)C,,0.49000001
9478,C-9479,,TXBGGFAHWDCORU-UHFFFAOYSA-M,CC(=O)Oc1cccc(c1)[N+](C)(C)C.[I-],,0.493281269
9479,C-9480,,GDVWHZUHXUQPDF-UHFFFAOYSA-L,C[N+](CCC[N+](C)(C)C)(C)C.[Br-].[Br-],,0.494696675
9480,C-9481,,WNPNNLQNNJQYFA-UHFFFAOYSA-N,OC(C(C(=O)O)O)C(=O)O.NCC(c1ccc(c(c1)O)O)O,,0.495847342
9481,C-9482,,VENXSELNXQXCNT-IJYXXVHRSA-N,O[C@H]([C@H](C(=O)O)O)C(=O)O.C[C@@H]([C@@H](c1cccc(c1)O)O)N,,0.498538127
9482,C-9483,,HMJCMMTUKIJJAL-UHFFFAOYSA-N,CCCNc1ccc(cc1)C(=O)OCC(C[NH+](C)C)O.[Cl-],,0.499179199
9483,C-9484,,XXRMYXBSBOVVBH-UHFFFAOYSA-N,CC(C[N+](C)(C)C)OC(=O)N.[Cl-],,0.502130859
9484,C-9485,,ISWQCIVKKSOKNN-UHFFFAOYSA-L,Oc1cc(cc(c1O)S(=O)(=O)[O-])S(=O)(=O)[O-].[Na+].[Na+],,0.502807642
9485,C-9486,,VHJLVAABSRFDPM-QWWZWVQMSA-N,SC[C@H]([C@@H](CS)O)O,,0.505612206
9486,C-9487,,BMKDZUISNHGIBY-UHFFFAOYSA-N,O=C1NC(=O)CN(C1)CC(N1CC(=O)NC(=O)C1)C,,0.50894091
9487,C-9488,,KRKNYBCHXYNGOX-UHFFFAOYSA-N,OC(=O)C(CC(=O)O)(CC(=O)O)O,,0.50999999
9488,C-9489,,NRGGMCIBEHEAIL-UHFFFAOYSA-N,CCc1ccccn1,,0.50999999
9489,C-9490,,XDPMKIBCTGOLAF-UHFFFAOYSA-M,O1CCN(CC1)/C=C/C=C/C=[N+]1CCOCC1.[Cl-].O.O,,0.510318475
9490,C-9491,,HXHNKQJNCXGUEB-UHFFFAOYSA-N,O=C1C=C(NCCNCc2ccncc2)C(=O)c2c1nccc2,,0.510968723
9491,C-9492,,MWUIVEJFGUFRKG-UHFFFAOYSA-N,Oc1cccc(c1)[N+](Cc1ccccc1)(C)C.[Br-],,0.511140607
9492,C-9493,,IFPHDUVGLXEIOQ-UHFFFAOYSA-N,O=[I]c1ccccc1C(=O)O,,0.511853735
9493,C-9494,,YWPJUNSZBYZRBF-UHFFFAOYSA-N,Oc1cccc(c1)[N+](C(C)C)(C)C.[I-],,0.512614147
9494,C-9495,,DVDCIQWIGOVWEX-MLBSPLJJSA-M,COc1ccc(cc1)C(=O)/C(=C\C(=O)[O-])/Br.[Na+],,0.512755525
9495,C-9496,,YGCOKJWKWLYHTG-UHFFFAOYSA-N,OCN(c1nc(nc(n1)N(CO)CO)N(CO)CO)CO,,0.513882794
9496,C-9497,,DYAGPCQOMOCCFX-MERQFXBCSA-M,CN1CCC[C@H]1c1ccc[n+](c1)C.[I-],,0.516876498
9497,C-9498,,ZWEHNKRNPOVVGH-UHFFFAOYSA-N,CCC(=O)C,,0.51999998
9498,C-9499,,KXKVLQRXCPHEJC-UHFFFAOYSA-N,COC(=O)C,,0.51999998
9499,C-9500,,RWXKUYSKUSXRGL-CLFYSBASSA-N,CCN(C(=O)/C(=C/COP(=O)(OC)OC)/Cl)CC,,0.51999998
9500,C-9501,,KLSJWNVTNUYHDU-UHFFFAOYSA-N,Nc1n[nH]cn1,,0.51999998
9501,C-9502,,PMFYONXEPDMBPE-CTERPIQNSA-M,O[C@@H]1C[C@H](O[C@H]1C)C[N+](C)(C)C.[I-],,0.521191175
9502,C-9503,,SYYSYOYRAULAGV-UHFFFAOYSA-M,C(=C/C=[N+]/1\CC=CC1)C=CN1CC=CC1.[O-][Cl](=O)(=O)=O,,0.521810234
9503,C-9504,,HIWMLMWKYHIRNQ-IYPAPVHQSA-M,CCCCO[C@H]1C[C@@H]1[N+](C)(C)C.[I-],,0.524044202
9504,C-9505,,CIRWEZJXZRWTHE-UHFFFAOYSA-M,COc1cccc(c1)C[N+](C)(C)C.[Br-],,0.524503229
9505,C-9506,,JWUXJYZVKZKLTJ-UHFFFAOYSA-N,O=C1CC(C)(C)NC(C1)(C)C,,0.528739061
9506,C-9507,,SQVIAVUSQAWMKL-UHFFFAOYSA-N,CCNCC(c1cccc(c1)O)O,,0.530703655
9507,C-9508,,AUAHHJJRFHRVPV-BZDVOYDHSA-N,CC[C@H](NCCN[C@H](CO)CC)CO.Cl.Cl,,0.534425972
9508,C-9509,,JRFKIOFLCXKVOT-UHFFFAOYSA-N,OCNC(=O)c1cccnc1,,0.534807205
9509,C-9510,,AXOIZCJOOAYSMI-UHFFFAOYSA-N,O=C(OCC[N+](C)(C)C)CCC(=O)OCC[N+](C)(C)C,,0.536997421
9510,C-9511,,LOYXLMNYVHOJJJ-UHFFFAOYSA-N,Cl[As](c1ccc(c(c1)N)O)Cl.Cl,,0.537003403
9511,C-9512,,FXIHTBJWEKIXHE-UHFFFAOYSA-N,SC/C(=[NH+]\CCC[NH+]1CCOCC1)/N.[Cl-].[Cl-],,0.537232245
9512,C-9513,,IDCBOTIENDVCBQ-UHFFFAOYSA-N,CCOP(=O)(OP(=O)(OCC)OCC)OCC,,0.537319054
9513,C-9514,,HCBIBCJNVBAKAB-UHFFFAOYSA-N,CCN(CCOC(=O)c1ccc(cc1)N)CC.Cl,,0.537511224
9514,C-9515,,YASYVMFAVPKPKE-VIFPVBQESA-N,CO[P@@](=O)(NC(=O)C)SC,,0.54000002
9515,C-9516,,XFHBFOSBGWDTRO-UHFFFAOYSA-M,CC1OCC(O1)C[N+](C)(C)C.[I-],,0.541904807
9516,C-9517,,ZGKNMKBZOSTFCB-UHFFFAOYSA-N,O=c1cc(cc(c(c1)O)O)C(=O)O,,0.543073244
9517,C-9518,,XKXHCNPAFAXVRZ-UHFFFAOYSA-N,NCc1ccccc1.Cl,,0.546953738
9518,C-9519,,SOELXOBIIIBLRJ-UHFFFAOYSA-M,[O-]c1n(C)c(=O)n(c2c1ncn2)C.OCC[N+](C)(C)C,,0.547704373
9519,C-9520,,XFNAGAQPPRZSFP-UHFFFAOYSA-N,O=NC=c1cc[nH]cc1,,0.549375206
9520,C-9521,,SRWAMKHZLDKAHZ-UHFFFAOYSA-L,[O-]S(=O)(=O)c1ccccc1S(=O)(=O)[O-].[Na+].[Na+],,0.549455318
9521,C-9522,,GTIWCKXKQGMMQZ-UHFFFAOYSA-N,NCCc1cccc(c1)O.Cl,,0.550635387
9522,C-9523,,KMOLOOJMKSFREQ-UHFFFAOYSA-M,Oc1cc(cc(c1)[N+](C)(C)C)[N+](C)(C)C.[Cl-].[Cl-],,0.550952236
9523,C-9524,,XWPYRLPMMKHYFK-UHFFFAOYSA-M,[O-]P(=O)(SCC(CN)O)O.[Na+].O.O.O.O,,0.550997055
9524,C-9525,,XDVMCVGTDUKDHL-UHFFFAOYSA-N,NCCSC(=N)N.Br.Br,,0.55127821
9525,C-9526,,RRHRWCURNKQTLD-UHFFFAOYSA-M,COC(=O)CC[N+](C)(C)C.[Br-],,0.552546082
9526,C-9527,,KNPHMCQIKGHPRU-UHFFFAOYSA-N,Oc1cccc(c1)[N+](C)(C)C.[I-],,0.554207488
9527,C-9528,,IUXBQHOEFVDPEG-UHFFFAOYSA-M,COc1ccc(cc1C(C[N+](C)(C)C)O)OC.[Cl-],,0.559448241
9528,C-9529,,RGHFKWPGWBFQLN-UHFFFAOYSA-M,CCC1(CC)C(=O)NC(=NC1=O)[O-].[Na+],,0.559661382
9529,C-9530,,WYURNTSHIVDZCO-UHFFFAOYSA-N,C1CCCO1,,0.56
9530,C-9531,,GJXZNORUUOVBKP-UHFFFAOYSA-N,OS(=O)(=O)O.Cc1nccnc1N1CCCCC1,,0.560157507
9531,C-9532,,TVKWFYUSFZSPTC-UHFFFAOYSA-N,CC[N+](c1cccc(c1)O)(CC)CC.[Br-],,0.561929382
9532,C-9533,,PYIHTIJNCRKDBV-UHFFFAOYSA-L,C[N+](CCCCCC[N+](C)(C)C)(C)C.[Cl-].[Cl-],,0.5633826
9533,C-9534,,XQDHXDORJFXNDX-UHFFFAOYSA-M,OCC[N+](CC)(CC)CC.[I-],,0.563586092
9534,C-9535,,NMJFPRRGKVHVRB-UHFFFAOYSA-M,CC(=O)CCC[N+](C)(C)C.[I-],,0.566803205
9535,C-9536,,APKDPOQXVKRLEP-UHFFFAOYSA-L,[O-]C(=O)CCC(=O)C.[O-]C(=O)CCC(=O)C.[Ca+2],,0.568163579
9536,C-9537,,CYHOMWAPJJPNMW-UHFFFAOYSA-N,OC1CC2CCC(C1)N2C,,0.569370644
9537,C-9538,,HGINCPLSRVDWNT-UHFFFAOYSA-N,C=CC=O,,0.56999999
9538,C-9539,,XTWZHJXJIIUEJP-UHFFFAOYSA-N,CC(=O)Nc1ccc(cc1)C(=O)O.OCCN(C)C,,0.571358301
9539,C-9540,,FPVKHBSQESCIEP-JQCXWYLXSA-N,OC[C@H]1O[C@H](C[C@@H]1O)n1cnc2c1NC=NC[C@H]2O,,0.571423018
9540,C-9541,,MTCJZZBQNCXKAP-KSYZLYKTSA-N,OC[C@H]1O[C@H]([C@@H]([C@@H]1O)O)c1[nH]nc2c1[nH]cnc2=O,,0.57149427
9541,C-9542,,YKASHPSKFYVZRC-UHFFFAOYSA-M,C[N+](Cc1ccco1)(C)C.[I-],,0.573309869
9542,C-9543,,ZUTJDJAXWKOOOI-UHFFFAOYSA-N,NC(=O)NCCNC(=O)N,,0.573981769
9543,C-9544,,VOQLXJOTGDNQST-UHFFFAOYSA-N,NCCCNCCCSP(=O)(O)O.O.O,,0.576199954
9544,C-9545,,DFBNXHDETSPXEW-UHFFFAOYSA-N,NCCCNC(CSS(=O)(=O)O)C.Cl,,0.577109918
9545,C-9546,,TZIHFWKZFHZASV-UHFFFAOYSA-N,COC=O,,0.57999998
9546,C-9547,,NBBJYMSMWIIQGU-UHFFFAOYSA-N,CCC=O,,0.57999998
9547,C-9548,,NLMDJJTUQPXZFG-UHFFFAOYSA-N,C1NCCOCCOCCNCCOCCOC1,,0.581118915
9548,C-9549,,UMILHIMHKXVDGH-UHFFFAOYSA-N,O(CCOCC1OC1)CCOCCOCC1OC1,,0.581198398
9549,C-9550,,VNYBTNPBYXSMOO-UHFFFAOYSA-M,C[n+]1cccc(c1)OC(=O)N(C)C.[Br-],,0.583161543
9550,C-9551,,MKHNHUAKANLVLX-UHFFFAOYSA-N,Cc1cc(C)c(cc1[N+](C)(C)C)O.[Br-],,0.584734453
9551,C-9552,,NSAJZVJLTGQRGE-UHFFFAOYSA-N,Cc1ccc(c(c1O)C)[N+](C)(C)C.[Br-],,0.584734453
9552,C-9553,,IMAGLCGCHKGGLR-UHFFFAOYSA-M,O=c1[nH]c(=O)[nH]c(c1)C(=O)[O-].OCC[N+](C)(C)C,,0.58626115
9553,C-9554,,NPORIZAYKBQYLF-LREBCSMRSA-N,O[C@H]([C@H](C(=O)O)O)C(=O)O.OCc1cccnc1,,0.586341563
9554,C-9555,,WXMKPNITSTVMEF-UHFFFAOYSA-M,[O-]C(=O)c1ccccc1.[Na+],,0.586395742
9555,C-9556,,SHCLHGQKJMOYER-UHFFFAOYSA-M,CCOCC[N+](C)(C)C.[I-],,0.586480612
9556,C-9557,,FBKSTVYBFCTVIO-UHFFFAOYSA-N,OCCOCC/N=C(/CSS(=O)(=O)O)\N,,0.587863808
9557,C-9558,,FFSHJQVIKQNKOB-UHFFFAOYSA-N,OCCNCCCNCCSP(=O)(O)O,,0.587920976
9558,C-9559,,XWRZKLKALVJDDS-REOHCLBHSA-N,SC[C@@H](C(=O)O)N=C(N)N,,0.588010203
9559,C-9560,,FEWJPZIEWOKRBE-JCYAYHJZSA-N,O[C@H]([C@H](C(=O)O)O)C(=O)O,,0.588582801
9560,C-9561,,ICVPTJCCKTXCDT-UHFFFAOYSA-L,[O-]P(=O)(OCC[N+](C)(C)C)[O-].[Cl-].[Ca+2],,0.588946255
9561,C-9562,,SUHOQUVVVLNYQR-MRVPVSSYSA-N,OC[C@H](COP(=O)(OCC[N+](C)(C)C)[O-])O,,0.589690218
9562,C-9563,,MCTZLPKUFFIIJT-UHFFFAOYSA-M,CCCCC[N+](C)(C)C.[I-],,0.589798272
9563,C-9564,,GUIWMJZVPUIZPM-UHFFFAOYSA-M,CC(=O)CC[N+](C)(C)C.[I-],,0.589872603
9564,C-9565,,TZYQTWHRLVDYPL-UHFFFAOYSA-N,O=C1CC=NC=N1,,0.58999997
9565,C-9566,,DNCYBUMDUBHIJZ-UHFFFAOYSA-N,O=c1ccnc[nH]1,,0.58999997
9566,C-9567,,ICXBKMXYDWPSIY-UHFFFAOYSA-N,O=C(C(Cc1cccc(c1)O)N)OC(C(O)C)O,,0.593000222
9567,C-9568,,LCNBIHVSOPXFMR-UHFFFAOYSA-N,NCCCNCCCCN.Cl.Cl.Cl,,0.594100681
9568,C-9569,,MWTKBRSZHDQNSZ-UHFFFAOYSA-N,CCC(C(c1ccc(c(c1)O)O)O)[NH2+]C.[Cl-],,0.594599656
9569,C-9570,,WPUGGWWDFLGUEX-UHFFFAOYSA-M,[O-][Cl](=O)(=O)=O.CN(C=CC=CC=[N+](C)C)C,,0.597403334
9570,C-9571,,GYESKCXGLKLYHY-UHFFFAOYSA-N,CC(CN1C(=O)C2C(C1=O)C1OC2CC1)O,,0.600623106
9571,C-9572,,HYYDHUILGLWOOP-UHFFFAOYSA-N,OC(c1ccccc1)CNc1ccccn1.Cl,,0.600800628
9572,C-9573,,GWBBVOVXJZATQQ-UHFFFAOYSA-L,CC(P(=O)(O)[O-])(P(=O)(O)[O-])O.[Na+].[Na+],,0.602077346
9573,C-9574,,WQGWDDDVZFFDIG-UHFFFAOYSA-N,Oc1c(O)cccc1O,,0.60425499
9574,C-9575,,CHFUHGDBYUITQJ-UHFFFAOYSA-L,OCC(COP(=O)([O-])[O-])O.[K+].[K+],,0.605105477
9575,C-9576,,ZMJGSOSNSPKHNH-UHFFFAOYSA-N,NCc1c(COP(=O)(O)O)cnc(c1O)C,,0.605241969
9576,C-9577,,YSYILHQNTLENLJ-UHFFFAOYSA-N,Oc1ccc(c(c1)[N+](C)(C)C)O.[Br-],,0.605338228
9577,C-9578,,DYWCIVBBDWZOCL-UHFFFAOYSA-M,C=Cc1cc[n+](cc1)C.[I-],,0.607164183
9578,C-9579,,OINMNSFDYTYXEQ-UHFFFAOYSA-M,BrCC[N+](C)(C)C.[Br-],,0.607348764
9579,C-9580,,UILOTUUZKGTYFQ-UHFFFAOYSA-N,CC(=O)O.NCc1ccc(cc1)S(=O)(=O)N,,0.608569074
9580,C-9581,,CRQCPVNYRRBQTD-UHFFFAOYSA-N,CNCCCNCCSP(=O)(O)O.O,,0.608602615
9581,C-9582,,NCXUIEDQTCQZRK-UHFFFAOYSA-L,[O-]C(=O)CCCCCCCCC(=O)[O-].[Na+].[Na+],,0.608687256
9582,C-9583,,CAEPIUXAUPYIIJ-UHFFFAOYSA-N,CC[N+](c1cccc(c1)O)(C)C.[Br-],,0.608803706
9583,C-9584,,UKYCBARPGROEFH-UHFFFAOYSA-N,Oc1ccccc1C[N+](C)(C)C.[Br-],,0.608803706
9584,C-9585,,XFKVYSOSXFBGIZ-UHFFFAOYSA-N,Cc1ccc(cc1O)[N+](C)(C)C.[Br-],,0.608803706
9585,C-9586,,XIRIZZCWCUUYLK-UHFFFAOYSA-N,CC(CSP(=O)(O)O)(N)C,,0.60920561
9586,C-9587,,OOVDEPZODSXAMU-UHFFFAOYSA-N,COC(=O)C(Cc1ccc(cc1)O)(N)C.Cl,,0.609589541
9587,C-9588,,DFPAKSUCGFBDDF-UHFFFAOYSA-N,NC(=O)c1cccnc1,,0.61000001
9588,C-9589,,MZQMJDMSBIOZRX-UHFFFAOYSA-M,COCC[N+](C)(C)C.[I-],,0.610649601
9589,C-9590,,FRDSROCWJPLYFM-UHFFFAOYSA-N,O=c1cc(C)[nH]nc1N,,0.610970987
9590,C-9591,,RNAICSBVACLLGM-GNAZCLTHSA-N,CC[C@@H]1C(=O)OC[C@@H]1Cc1cncn1C.Cl,,0.611332328
9591,C-9592,,KOGNWJDRKVGHOP-UHFFFAOYSA-N,OC(C([NH2+]C)C)c1ccc(cc1)N.[Cl-],,0.611556774
9592,C-9593,,NMTZXNJYQSPJGV-UHFFFAOYSA-N,NCCCNCC(CSP(=O)(O)O)O,,0.61217254
9593,C-9594,,VUHOLWZZFYWBLJ-UHFFFAOYSA-M,CC[N+](c1ccccc1)(CC)C.[Br-],,0.612297043
9594,C-9595,,QVFHQENRNSAHEK-UHFFFAOYSA-M,O=C(c1ccccc1)OCC[N+](C)(C)C.[Cl-],,0.61308923
9595,C-9596,,DORZSPXXJAIBKW-DQMXGCRQSA-N,Cn1ccn(/c/1=C\[NH+]=O)COCCC#C.[Cl-],,0.613160528
9596,C-9597,,UHDGCWIWMRVCDJ-CCXZUQQUSA-N,OC[C@H]1O[C@H]([C@H]([C@@H]1O)O)n1ccc(nc1=O)N,,0.613872211
9597,C-9598,,XWBIZYHDVFHTID-UHFFFAOYSA-M,CCCC[N+](C)(C)C.[I-],,0.614157877
9598,C-9599,,APCZGLLBEWTYMV-UHFFFAOYSA-M,C[N+]1=C(C)SCC1.[I-],,0.614204322
9599,C-9600,,XLFWDASMENKTKL-UHFFFAOYSA-N,CCO/C(=N/c1on[n+](c1)N1CCOCC1)/[O-],,0.615763106
9600,C-9601,,SNESGMZASZVGNN-UHFFFAOYSA-M,COc1cc2C=[N+](C)CCc2cc1OC.[Cl-],,0.616696398
9601,C-9602,,UDKCHVLMFQVBAA-UHFFFAOYSA-M,OC(=O)c1ccccc1[O-].OCC[N+](C)(C)C,,0.617466076
9602,C-9603,,OBNNFQUTTOFCRL-UHFFFAOYSA-N,C#CCCOCn1ccc(=C[NH+]=O)cc1.[Cl-],,0.618547366
9603,C-9604,,YCIMNLLNPGFGHC-UHFFFAOYSA-N,Oc1ccccc1O,,0.62
9604,C-9605,,BDERNNFJNOPAEC-UHFFFAOYSA-N,CCCO,,0.62
9605,C-9606,,WSEQLMQNPBNMSL-FJXQXJEOSA-N,CCOC(=O)CC[C@@H](C(=O)OCC)N.Cl,,0.620339213
9606,C-9607,,URJQOOISAKEBKW-UHFFFAOYSA-N,CCOc1c(cnn(c1=O)C)N1CCOCC1,,0.621102693
9607,C-9608,,UIEGYKVRCKDVKQ-LREBCSMRSA-N,O[C@H]([C@H](C(=O)O)O)C(=O)O.OCCN(C)C,,0.621195252
9608,C-9609,,KBDDIZRDKLGWGW-UHFFFAOYSA-N,NCCCNCCCCNCCCN.Cl,,0.621958403
9609,C-9610,,DUDYCTFOKLFKCC-UHFFFAOYSA-N,N#CCCNC(CSS(=O)(=O)O)(C)C,,0.622839492
9610,C-9611,,JLFNLZLINWHATN-UHFFFAOYSA-N,OCCOCCOCCOCCOCCO,,0.622912409
9611,C-9612,,KYHQZNGJUGFTGR-UHFFFAOYSA-N,CC(Cn1cnc2c1c(=O)n(C)c(=O)n2C)O,,0.622972578
9612,C-9613,,JRIGVWDKYXCHMG-UHFFFAOYSA-N,O=[As]c1ccc(c(c1)N)O.Cl,,0.628010951
9613,C-9614,,VRGKDCRTYBCJTA-AATRIKPKSA-N,O=N/C=c/1\cccc[nH]1,,0.628606634
9614,C-9615,,RXBKMJIPNDOHFR-UHFFFAOYSA-N,OS(=O)(=O)O.NNCCc1ccccc1,,0.630283322
9615,C-9616,,HLCFGWHYROZGBI-JJKGCWMISA-M,OC[C@H]([C@H]([C@@H]([C@H](C(=O)[O-])O)O)O)O.[K+],,0.63032967
9616,C-9617,,YAIOVNRRAGKGDY-BORNJIKYSA-N,CC(OCn1ccn(/c/1=C/[NH+]=O)C)C.[Cl-],,0.631348721
9617,C-9618,,HPDZIFBLRDLGFA-UHFFFAOYSA-N,C[NH2+]C(C(c1ccc(c(c1)O)O)O)C.[Cl-],,0.631356155
9618,C-9619,,NZDMRJGAFPUTMZ-UHFFFAOYSA-N,CCC(C(c1ccc(c(c1)O)O)O)N.Cl,,0.631356155
9619,C-9620,,YDLSUFFXJYEVHW-UHFFFAOYSA-N,O=C1CCCCCCCN1,,0.632881438
9620,C-9621,,WWZYJJGFUIAWNW-UHDJGPCESA-N,[O-]S(=O)(=O)C.O=[NH+]/C=c/1\ccccn1C,,0.634036798
9621,C-9622,,CWHOHHKTRJUFTR-UHFFFAOYSA-N,NCCCNCCSP(=O)(O)O.O,,0.634072327
9622,C-9623,,JEUHEOPRPYQCHO-UHFFFAOYSA-M,N#CCCNCCSP(=O)(O)[O-].[Na+],,0.634193899
9623,C-9624,,MKRZGVCMTCPWHY-UHFFFAOYSA-N,Oc1cccc(c1)[N+](C)(C)C.[Br-],,0.634285567
9624,C-9625,,AOUFQWSQOJRJEW-UHFFFAOYSA-N,Oc1ccccc1[N+](C)(C)C.[Br-],,0.634285567
9625,C-9626,,BLTGLBUXRZQJCJ-UHFFFAOYSA-N,Oc1ccc(cc1)[N+](C)(C)C.[Br-],,0.634285567
9626,C-9627,,RQZCPCLQGVDXMN-VILQZVERSA-N,Cn1ccn(/c/1=C\[NH+]=O)COCC=C.[Cl-],,0.635111474
9627,C-9628,,CYSGHNMQYZDMIA-UHFFFAOYSA-N,CN1CCN(C1=O)C,,0.635554761
9628,C-9629,,UUZYBYIOAZTMGC-UHFFFAOYSA-M,C[N+](Cc1ccccc1)(C)C.[Br-],,0.637990908
9629,C-9630,,QFVZBSRARQASRO-UHFFFAOYSA-M,COC(=O)CO[NH3+].[Cl-],,0.638667801
9630,C-9631,,KGQXYKPFNXVZOH-VILQZVERSA-N,Cn1ccn(/c/1=C\[NH+]=O)COCC#C.[Cl-],,0.638907075
9631,C-9632,,ZFRBZRBCVWXTHC-UHFFFAOYSA-N,NCCCCNCCSP(=O)(O)O,,0.639854279
9632,C-9633,,FVJTYCJHQHSYGS-UHFFFAOYSA-N,NCCCNCCCSP(=O)(O)O,,0.639854279
9633,C-9634,,PBVRVFGGNJUBSU-UHFFFAOYSA-M,CCC[N+](C)(C)C.[I-],,0.639965433
9634,C-9635,,LKDRXBCSQODPBY-BGPJRJDNSA-N,OC[C@@]1(O)OC[C@@H]([C@H]([C@@H]1O)O)O,,0.63999999
9635,C-9636,,RFSUNEUAIZKAJO-KAZBKCHUSA-N,OC[C@H]1O[C@@]([C@@H]([C@@H]1O)O)(O)CO,,0.63999999
9636,C-9637,,RFJFGGRHLGXZNV-UHFFFAOYSA-N,NC(=O)OCC[N+](C)(C)C.[Br-],,0.643779022
9637,C-9638,,SGROXKJKWRIASN-UHDJGPCESA-N,[O-]C(=O)C(O)C.O=[NH+]/C=c/1\ccccn1C,,0.645445984
9638,C-9639,,ZEHGKSPCAMLJDC-UHFFFAOYSA-M,CC(=O)OCC[N+](C)(C)C.[Br-],,0.645672547
9639,C-9640,,TVOREWXXEDDJHQ-UHFFFAOYSA-M,CCOC(=O)C[N+](C)(C)C.[Br-],,0.645672547
9640,C-9641,,WWGXHTXOZKVJDN-UHFFFAOYSA-M,CCN(C(=S)[S-])CC.[Na+].O.O.O,,0.647244591
9641,C-9642,,WHOHXJZQBJXAKL-DFWYDOINSA-N,COC(=O)[C@H](CS)N.Cl,,0.64733897
9642,C-9643,,BBDAGFIXKZCXAH-PJNBIRNISA-N,OC[C@H]1O[C@@H]2[C@H]([C@@H]1O)Oc1n2ccc(=N)n1,,0.647423919
9643,C-9644,,CULUKMPMGVXCEI-VHSXEESVSA-N,CN1C[C@@H]2C[C@H](C1)c1n(C2)c(=O)ccc1,,0.648400712
9644,C-9645,,WRNWIYJRUVWHFF-UHFFFAOYSA-N,N#CCCNC(CSS(=O)(=O)O)C,,0.64918428
9645,C-9646,,KRTSDMXIXPKRQR-WAYWQWQTSA-N,CNC(=O)/C=C(\OP(=O)(OC)OC)/C,,0.64999998
9646,C-9647,,METVSRFIOHSNJX-UHFFFAOYSA-N,ClC[Si]12OCCN(CCO1)CCO2,,0.65027966
9647,C-9648,,DOIGHQCAQBRSKI-UHFFFAOYSA-N,OCc1c(CO)n([O-])c2c([n+]1=O)cccc2,,0.653255945
9648,C-9649,,YFBDGNHKARUTDC-UHFFFAOYSA-M,CCCC[N+](CC)(CC)CC.[OH-],,0.653805563
9649,C-9650,,HLNJFEXZDGURGZ-UHFFFAOYSA-M,C[n+]1ccccc1.[I-],,0.655527163
9650,C-9651,,QTFFLDZVWHSBKC-PHZXCRFESA-O,C[NH+]1C=CN(/C/1=C\[NH+]=O)COCC.[Cl-],,0.656242929
9651,C-9652,,NRVFDGZJTPCULU-UHFFFAOYSA-N,SCCN(C)C.Cl,,0.656296988
9652,C-9653,,LENZDBCJOHFCAS-UHFFFAOYSA-N,OCC(CO)(CO)N,,0.657089461
9653,C-9654,,FXBRVWUWVBAZKC-UHFFFAOYSA-N,CN(CCSC(=N)N)C.Cl.Cl,,0.657269454
9654,C-9655,,LMZQPVYGDQEUAO-UHFFFAOYSA-N,N/C(=N\C1CCCCC1)/N=C(N)N.Cl,,0.658136339
9655,C-9656,,ATADHKWKHYVBTJ-FVGYRXGTSA-N,CNC[C@@H](c1ccc(c(c1)O)O)O.Cl,,0.658239155
9656,C-9657,,YRJLEOWRVNBAOI-UHFFFAOYSA-N,CC(C(c1ccc(c(c1)O)O)O)N.Cl,,0.658239155
9657,C-9658,,ATADHKWKHYVBTJ-UHFFFAOYSA-N,CNCC(c1ccc(c(c1)O)O)O.Cl,,0.658239155
9658,C-9659,,ATADHKWKHYVBTJ-SBSPUUFOSA-N,CNC[C@H](c1ccc(c(c1)O)O)O.Cl,,0.658239155
9659,C-9660,,KBSVAZCLQHOLKP-JRTVQGFMSA-N,OC[C@@H]([C@@H]([C@H](C=O)N)O)NC(=O)[C@H](N)C,,0.659078226
9660,C-9661,,HUGIRWXCWTYWPT-UHFFFAOYSA-N,CSC(c1ccccn1)C(=O)N.Cl,,0.660153183
9661,C-9662,,KBXIJIPYZKPDRU-UHFFFAOYSA-N,NOCC(=O)O.NOCC(=O)O.Cl,,0.66036971
9662,C-9663,,KWXSCVLEALEWOQ-UHFFFAOYSA-N,NCCNCCSP(=O)(O)O.O,,0.661129351
9663,C-9664,,UOYIYWCAYFTQLH-UHFFFAOYSA-N,[O-][N+](=O)N1CN2CN(C1)CN(C2)[N+](=O)[O-],,0.661198997
9664,C-9665,,KTNROWWHOBZQGK-UHFFFAOYSA-N,CCNCC(c1cccc(c1)O)O.Cl,,0.662155556
9665,C-9666,,OKSFLWQAQWJYJB-UHFFFAOYSA-N,C[NH2+]C(C(c1cccc(c1)O)O)C.[Cl-],,0.662155556
9666,C-9667,,IXSOBROTCIOFLL-UHFFFAOYSA-N,OC(c1ccc(c(c1)O)C)C([NH3+])C.[Cl-],,0.662155556
9667,C-9668,,MPDVOQWXTLMVIE-UHFFFAOYSA-N,OC(c1ccc(c(c1)C)O)C([NH3+])C.[Cl-],,0.662155556
9668,C-9669,,CSRRBDMYOUQTCO-UHFFFAOYSA-N,CNCC(=O)c1ccc(c(c1)O)O.Cl,,0.662243324
9669,C-9670,,PALPTWOXTUVPKA-UHFFFAOYSA-M,[O-]S(=O)(=O)NC1CCCCC1.[K+],,0.66289229
9670,C-9671,,NWGINJFMAHGUNS-UHFFFAOYSA-N,OCC(CCN1C(=O)OC(C1=O)(C)C)O,,0.663098211
9671,C-9672,,UNZMYCAEMNVPHX-UHFFFAOYSA-M,O=C(c1ccc(cc1)N)NCC(=O)[O-].[Na+],,0.665200559
9672,C-9673,,GNMJFQWRASXXMS-UHFFFAOYSA-M,C[N+](c1ccccc1)(C)C.[Br-],,0.665301042
9673,C-9674,,JKOQGQFVAUAYPM-UHFFFAOYSA-N,NCCCNCCSP(=O)(O)O,,0.669139985
9674,C-9675,,JSGVYZIZTZNDHK-UHFFFAOYSA-N,NCCNCCCSP(=O)(O)O,,0.669139985
9675,C-9676,,NCRVPKSUUBCYGU-UHFFFAOYSA-N,C/N=C(/NCCSS(=O)(=O)O)\N,,0.671070231
9676,C-9677,,KMRUMDCKCWFUAW-UHFFFAOYSA-N,NC(=NCCCSS(=O)(=O)O)N,,0.671070231
9677,C-9678,,YPGMOWHXEQDBBV-IMJSIDKUSA-N,O[C@H]1CSSC[C@@H]1O,,0.672424187
9678,C-9679,,YPGMOWHXEQDBBV-QWWZWVQMSA-N,O[C@@H]1CSSC[C@H]1O,,0.672424187
9679,C-9680,,LMOINURANNBYCM-UHFFFAOYSA-N,OC(c1cc(O)cc(c1)O)CNC(C)C,,0.675180669
9680,C-9681,,XBBDACCLCFWBSI-ZETCQYMHSA-N,COC(=O)[C@H](Cc1ccc(c(c1)O)O)N,,0.67527113
9681,C-9682,,XSEUMFJMFFMCIU-UHFFFAOYSA-N,CCCC/N=C(/N=C(N)N)\N,,0.676228301
9682,C-9683,,KWTQSFXGGICVPE-WCCKRBBISA-N,OC(=O)[C@H](CCCN=C(N)N)N.Cl,,0.676413797
9683,C-9684,,WUFRNEJYZWHXLC-CTERPIQNSA-M,O[C@@H]1C[C@H](O[C@H]1C)C[N+](C)(C)C.[Cl-],,0.678372576
9684,C-9685,,IKALZAKZWHFNIC-JIZZDEOASA-L,[O-]C(=O)C[C@@H](C(=O)[O-])N.[K+].[K+],,0.679263973
9685,C-9686,,SYNHCENRCUAUNM-UHFFFAOYSA-N,ClCC[N+](CCCl)(C)[O-].Cl,,0.68087936
9686,C-9687,,FXYZDFSNBBOHTA-UHFFFAOYSA-N,N=C(N1CCOCC1)N=C(N)N.Cl,,0.682642968
9687,C-9688,,OXWXINKWKITCIH-UHFFFAOYSA-N,[O-][N+](=O)c1cccc(c1)P(=O)(O)O,,0.683537536
9688,C-9689,,MGFVNWXRFBPCJJ-UHFFFAOYSA-M,ClCC[N+](CCCl)(C)C.[Cl-],,0.685006341
9689,C-9690,,MXPYFZODOSRODU-UHFFFAOYSA-N,OC(=O)CCN([N+](=O)[O-])CCC(=O)O,,0.685808213
9690,C-9691,,HTKFJJITPRZSPS-YJOCEBFMSA-N,COCn1ccn(/c/1=C/[NH+]=O)C.[Cl-],,0.686888181
9691,C-9692,,FQTFHMSZCSUVEU-UHFFFAOYSA-N,NCC(c1ccc(c(c1)O)O)O.Cl,,0.686896629
9692,C-9693,,FQTFHMSZCSUVEU-QRPNPIFTSA-N,NC[C@@H](c1ccc(c(c1)O)O)O.Cl,,0.686896629
9693,C-9694,,SNPLKNRPJHDVJA-ZETCQYMHSA-N,OCCCNC(=O)[C@@H](C(CO)(C)C)O,,0.687708371
9694,C-9695,,SNPLKNRPJHDVJA-UHFFFAOYSA-N,OCCCNC(=O)C(C(CO)(C)C)O,,0.687708371
9695,C-9696,,AEUTYOVWOVBAKS-UWVGGRQHSA-N,CC[C@H](NCCN[C@H](CO)CC)CO,,0.689701874
9696,C-9697,,KNCYXPMJDCCGSJ-UHFFFAOYSA-N,O=C1CCCC(=O)N1,,0.690768944
9697,C-9698,,OCYSGIYOVXAGKQ-FVGYRXGTSA-N,CNC[C@@H](c1cccc(c1)O)O.Cl,,0.691081466
9698,C-9699,,PPRPRPMMKPXRKK-YDYUUSCQSA-N,C[C@@H]([C@@H](c1cccc(c1)O)O)N.Cl,,0.691081466
9699,C-9700,,COTCEGYSNTWJQV-UHFFFAOYSA-N,CNCC(c1ccc(cc1)O)O.Cl,,0.691081466
9700,C-9701,,AYEOOGDUDIHXQE-UHFFFAOYSA-N,OC(c1ccc(cc1)O)C(N)C.Cl,,0.691081466
9701,C-9702,,HLNPDVKKRBWQAA-UHFFFAOYSA-M,C[N+](N)(C)C.[I-],,0.69456479
9702,C-9703,,BALXUFOVQVENIU-KXNXZCPBSA-N,CN[C@H]([C@H](c1ccccc1)O)C.Cl,,0.695307021
9703,C-9704,,BXKDSDJJOVIHMX-UHFFFAOYSA-N,CC[N+](c1cccc(c1)O)(C)C.[Cl-],,0.695307021
9704,C-9705,,BALXUFOVQVENIU-UHFFFAOYSA-N,CNC(C(c1ccccc1)O)C.Cl,,0.695307021
9705,C-9706,,BALXUFOVQVENIU-GHXDPTCOSA-N,CN[C@@H]([C@H](c1ccccc1)O)C.Cl,,0.695307021
9706,C-9707,,ZJQHPWUVQPJPQT-UHFFFAOYSA-N,NCc1cc(=O)[nH]o1,,0.696358778
9707,C-9708,,MDAXKAUIABOHTD-UHFFFAOYSA-N,C1CNCCNCCCNCCNC1,,0.698254009
9708,C-9709,,KDFBGNBTTMPNIG-UHFFFAOYSA-N,NCCc1c[nH]c2c1cccc2.Cl,,0.698797757
9709,C-9710,,UNXHWFMMPAWVPI-ZXZARUISSA-N,OC[C@H]([C@H](CO)O)O,,0.69999999
9710,C-9711,,HDIYFZDHQUQHER-UHFFFAOYSA-N,CC(NCCSS(=O)(=O)O)C,,0.700529748
9711,C-9712,,JFTLKSYFPKTYDE-UHFFFAOYSA-N,CCCNCCSS(=O)(=O)O,,0.700529748
9712,C-9713,,FEBQXMFOLRVSGC-UHFFFAOYSA-N,c1ccc(cn1)CNCc1cccnc1,,0.700586413
9713,C-9714,,BESWVQPILXAJAZ-UHFFFAOYSA-N,NC(=NCCSS(=O)(=O)O)N,,0.700616928
9714,C-9715,,HZZVJAQRINQKSD-PBFISZAISA-N,OC(=O)[C@@H]1N2[C@H](O/C/1=C\CO)CC2=O,,0.700793521
9715,C-9716,,JXXCENBLGFBQJM-UHFFFAOYSA-N,OC(C[N+](C)(C)C)CC(=O)O.[Cl-],,0.704083406
9716,C-9717,,JXXCENBLGFBQJM-FYZOBXCZSA-N,O[C@@H](C[N+](C)(C)C)CC(=O)O.[Cl-],,0.704083406
9717,C-9718,,RLATYNCITHOLTJ-UHFFFAOYSA-N,CN(CC(c1ccc(c(c1)O)O)O)C,,0.70501824
9718,C-9719,,FOIPWTMKYXWFGC-UHFFFAOYSA-N,NC(=N)N(CCOP(=O)(O)O)C,,0.705245075
9719,C-9720,,VYFLMMKRRGRSFX-UHFFFAOYSA-M,O=C1C=C([O-])C(=O)c2c1cccc2.[Na+],,0.707440494
9720,C-9721,,JHPHVAVFUYTVCL-UHFFFAOYSA-M,CC(C[N+](C)(C)C)OC(=O)C.[Cl-],,0.708438025
9721,C-9722,,VEQOALNAAJBPNY-UHFFFAOYSA-N,O=c1cc(n(n1c1ccccc1)C)C,,0.70999998
9722,C-9723,,HJSJELVDQOXCHO-HTQZYQBOSA-N,OCC1=CCN2[C@H]1[C@H](O)CC2,,0.711609071
9723,C-9724,,DHBUISJCVRMTAZ-UHFFFAOYSA-M,O=c1[nH]c(=O)[nH]c(c1)C(=O)[O-].[K+],,0.711779848
9724,C-9725,,XWPYVVNCDABVOT-UHFFFAOYSA-N,OCC(COP(=O)(O)O)[O-].[Na+],,0.712075185
9725,C-9726,,ONTDSPKZPGJVHX-UHFFFAOYSA-M,[O-]P(=O)(SCC(=N)N)O.[Na+],,0.716461331
9726,C-9727,,KWIUHFFTVRNATP-UHFFFAOYSA-O,OC(=O)C[N+](C)(C)C,,0.72000003
9727,C-9728,,CTENFNNZBMHDDG-UHFFFAOYSA-N,NCCc1ccc(c(c1)O)O.Cl,,0.722072321
9728,C-9729,,OWMFSWZUAWKDRR-UHFFFAOYSA-N,NCC(c1cccc(c1)O)O.Cl,,0.722072321
9729,C-9730,,QZIQJIKUVJMTDG-JSTPYPERSA-L,C[C@@H]1O[C@@H]1P(=O)([O-])[O-].[Na+].[Na+],,0.722599506
9730,C-9731,,NVUGKLNAYJKCMZ-UHFFFAOYSA-N,NC(=S)Cc1ccccn1.Cl,,0.724290245
9731,C-9732,,JLVSRWOIZZXQAD-UHFFFAOYSA-N,SCC(CS(=O)(=O)O)S,,0.72520965
9732,C-9733,,DYWNLSQWJMTVGJ-UHFFFAOYSA-N,OC(c1ccccc1)C(N)C.Cl,,0.726612065
9733,C-9734,,DYWNLSQWJMTVGJ-DKXTVVGFSA-N,O[C@@H](c1ccccc1)[C@@H](N)C.Cl,,0.726612065
9734,C-9735,,DYWNLSQWJMTVGJ-KUSKTZOESA-N,O[C@H](c1ccccc1)[C@@H](N)C.Cl,,0.726612065
9735,C-9736,,OKIZCWYLBDKLSU-UHFFFAOYSA-M,C[N+](C)(C)C.[Cl-],,0.729283121
9736,C-9737,,CKDMBDPJWHDRFQ-UHFFFAOYSA-N,CC(C[N+](/N=C(/C(=C)C)\[O-])(C)C)O,,0.72989206
9737,C-9738,,IXACLQSORYJAHN-UHFFFAOYSA-M,FCC[N+](C)(C)C.[Br-],,0.730328334
9738,C-9739,,DYLFXNWAKZHDJH-UHFFFAOYSA-N,CC(C(=O)O)ON.Br,,0.730475381
9739,C-9740,,IEZDOKQWPWZVQF-UHFFFAOYSA-N,O=C1CCC2N1C(=O)CC2,,0.73087011
9740,C-9741,,JFKJWWJOCJHMGV-WCCKRBBISA-N,CCOC(=O)[C@H](CS)N.Cl,,0.731267619
9741,C-9742,,ZVRYGOWMYYDRID-UHFFFAOYSA-N,CCNCCSS(=O)(=O)O,,0.732227717
9742,C-9743,,DVHOMPKWTYENNE-UHFFFAOYSA-M,[S-]C(=S)N1CCOCC1.[Na+],,0.73227695
9743,C-9744,,HQEROMHPIOLGCB-DFWYDOINSA-M,OC(=O)CC[C@@H](C(=O)[O-])N.[K+],,0.73231212
9744,C-9745,,DVMKENULKFKEFR-UHFFFAOYSA-N,NC(=O)CCC(=O)C(=C)NC(=O)C,,0.734722139
9745,C-9746,,PPZMYIBUHIPZOS-UHFFFAOYSA-N,NCCc1cnc[nH]1.Cl.Cl,,0.735031144
9746,C-9747,,BUXCUOWXTOKEMQ-UHFFFAOYSA-N,NCCc1ccn[nH]1.Cl.Cl,,0.735031144
9747,C-9748,,YMZJBJPWTXJQMR-LJUKVTEVSA-L,C[C@@H]1O[C@@H]1P(=O)([O-])[O-].[Ca+2],,0.736912245
9748,C-9749,,CXTOKLCLMGHMRU-UHFFFAOYSA-N,CC[N+](c1cccc(c1)O)(C)C.[OH-],,0.736953623
9749,C-9750,,UCTWMZQNUQWSLP-SECBINFHSA-N,CNC[C@H](c1ccc(c(c1)O)O)O,,0.737057937
9750,C-9751,,UCTWMZQNUQWSLP-UHFFFAOYSA-N,CNCC(c1ccc(c(c1)O)O)O,,0.737057937
9751,C-9752,,AIXAANGOTKPUOY-UHFFFAOYSA-N,NC(=O)OCC[N+](C)(C)C.[Cl-],,0.738385103
9752,C-9753,,BVHLGVCQOALMSV-JEDNCBNOSA-N,NCCCC[C@@H](C(=O)O)N.Cl,,0.738385103
9753,C-9754,,JOMNTHCQHJPVAZ-YFKPBYRVSA-N,C[C@H]1CNCCN1,,0.74000001
9754,C-9755,,WQZGKKKJIJFFOK-VFUOTHLCSA-N,OC[C@H]1O[C@@H](O)[C@@H]([C@H]([C@@H]1O)O)O,,0.74000001
9755,C-9756,,SMZNXSCEYVZLSZ-UHFFFAOYSA-M,CCOC(C[N+](C)(C)C)C.[Cl-],,0.740635536
9756,C-9757,,JUGOREOARAHOCO-UHFFFAOYSA-M,CC(=O)OCC[N+](C)(C)C.[Cl-],,0.74074069
9757,C-9758,,CFEPSQISKFBCRD-UHFFFAOYSA-N,CNC(C(c1ccccc1O)O)C,,0.741757928
9758,C-9759,,RROJVSOIIWHLCQ-UHFFFAOYSA-N,OC1CC2CCC(C1)N2.Cl,,0.74226569
9759,C-9760,,REDXCMZCCZLQCV-UHFFFAOYSA-N,NN1C2CCC1C(=O)N(C2=O)C,,0.743380276
9760,C-9761,,GBFLZEXEOZUWRN-VKHMYHEASA-N,OC(=O)CSC[C@@H](C(=O)O)N,,0.746686231
9761,C-9762,,RPHLQSHHTJORHI-UHFFFAOYSA-N,OC1CN(C2=CC(=O)C(=O)C=C12)C,,0.746722587
9762,C-9763,,RXKJFZQQPQGTFL-UHFFFAOYSA-N,OCC(=O)CO,,0.747121883
9763,C-9764,,NCYVXEGFNDZQCU-UHFFFAOYSA-N,CCN(C(=O)c1cccnc1)CC,,0.74900701
9764,C-9765,,FRTIVUOKBXDGPD-UHFFFAOYSA-M,SCCCS(=O)(=O)[O-].[Na+],,0.749102049
9765,C-9766,,UIKROCXWUNQSPJ-VIFPVBQESA-N,O=C1CC[C@H](N1C)c1cccnc1,,0.753947292
9766,C-9767,,HADKRTWCOYPCPH-UHFFFAOYSA-M,C[N+](c1ccccc1)(C)C.[OH-],,0.754688497
9767,C-9768,,RFAPTJJTVLWLJY-UHFFFAOYSA-N,CCOC(=O)CN(C(=O)N)N=O,,0.756604736
9768,C-9769,,OTCCIMWXFLJLIA-BYPYZUCNSA-N,OC(=O)C[C@@H](C(=O)O)NC(=O)C,,0.756614655
9769,C-9770,,IULJSGIJJZZUMF-UHFFFAOYSA-N,Oc1ccccc1S(=O)(=O)O,,0.759026648
9770,C-9771,,HKDXLLDCXWUUKY-UHFFFAOYSA-M,O=c1[nH]c(=O)c2c([nH]1)nc[n-]2.[Na+],,0.759213702
9771,C-9772,,JUJWROOIHBZHMG-UHFFFAOYSA-N,c1cccnc1,,0.75999999
9772,C-9773,,RNISDHSYKZAWOK-UHFFFAOYSA-N,NCCc1ccc(cc1)O.Cl,,0.760350223
9773,C-9774,,GMYDEDCMIQAOCT-UHFFFAOYSA-N,NCC(c1ccccc1)O.Cl,,0.760350223
9774,C-9775,,CVXGFPPAIUELDV-UHFFFAOYSA-N,NCC(=O)c1ccccc1.Cl,,0.765422006
9775,C-9776,,FLHDCEZDRGEYQL-UHFFFAOYSA-N,CNCCSS(=O)(=O)O,,0.76642268
9776,C-9777,,OPSXJNAGCGVGOG-DKWTVANSSA-L,[O-]C(=O)C[C@@H](C(=O)[O-])N.[Ca+2],,0.766585061
9777,C-9778,,WOFQWNAHGIGDMJ-YVMONPNESA-N,ONC1=C(N=O)/C(=N\O)/CCC1,,0.766607846
9778,C-9779,,AKGOVJIZHPVYEH-UHFFFAOYSA-N,NCCCSP(=O)(O)O,,0.766620559
9779,C-9780,,OIPVZGSYIJYEGU-UHFFFAOYSA-N,ClC1CS(=O)(=O)CC1O,,0.768003179
9780,C-9781,,QRSSTPPWTDEGJW-UHFFFAOYSA-N,NC(=N)CSS(=O)(=O)O,,0.769037893
9781,C-9782,,MPFKIKJXEMXMNX-UHFFFAOYSA-N,CC(C#C)OC(=O)CCC(=O)O,,0.769132314
9782,C-9783,,SFLSHLFXELFNJZ-QMMMGPOBSA-N,NC[C@@H](c1ccc(c(c1)O)O)O,,0.771651005
9783,C-9784,,GGTYBZJRPHEQDG-WCCKRBBISA-N,N[C@H](C(=O)O)CCCN.Cl,,0.773088339
9784,C-9785,,IAYMSKGZCDTHKZ-UHFFFAOYSA-N,OCCN1CCOCC1.Cl,,0.775640483
9785,C-9786,,WXFIGDLSSYIKKV-RCOVLWMOSA-N,C[C@@H]([C@@H](c1cccc(c1)O)O)N,,0.776742974
9786,C-9787,,SONNWYBIRXJNDC-VIFPVBQESA-N,CNC[C@@H](c1cccc(c1)O)O,,0.776742974
9787,C-9788,,YRCWQPVGYLYSOX-UHFFFAOYSA-N,CNCC(c1ccc(cc1)O)O,,0.776742974
9788,C-9789,,SONNWYBIRXJNDC-UHFFFAOYSA-N,CNCC(c1cccc(c1)O)O,,0.776742974
9789,C-9790,,CNFQARFTXUBHJY-UHFFFAOYSA-N,NCC(=O)c1ccc(c(c1)O)O,,0.776857245
9790,C-9791,,IDVSELVVGYIOEX-UHFFFAOYSA-M,C=C[N+](C)(C)C.[Br-],,0.779729736
9791,C-9792,,YMBCJWGVCUEGHA-UHFFFAOYSA-M,CC[N+](CC)(CC)CC.[Cl-],,0.780664387
9792,C-9793,,OETHQSJEHLVLGH-UHFFFAOYSA-N,CN(C(=N)N=C(N)N)C.Cl,,0.780874109
9793,C-9794,,AFRFYMZFIJPPDD-UHFFFAOYSA-N,OCCN(C(=O)CO)CCO,,0.787351702
9794,C-9795,,NSPMIYGKQJPBQR-UHFFFAOYSA-N,c1ncn[nH]1,,0.788504777
9795,C-9796,,GOLSFPMYASLXJC-UHFFFAOYSA-N,CN(CCOC(=O)C)C,,0.789022462
9796,C-9797,,BGCNBOFPABQGNG-UHFFFAOYSA-N,CCOC(=O)CN(C)C,,0.789022462
9797,C-9798,,MTXSIJUGVMTTMU-JTQLQIEISA-N,C1CC[C@H](NC1)c1cccnc1,,0.789852797
9798,C-9799,,SNICXCGAKADSCV-SNVBAGLBSA-N,CN1CCC[C@@H]1c1cccnc1,,0.79000002
9799,C-9800,,CZMRCDWAGMRECN-YYHJFVKSSA-N,OC[C@H]1O[C@]([C@@H]([C@@H]1O)O)(CO)O[C@H]1O[C@@H](CO)[C@@H]([C@H]([C@@H]1O)O)O,,0.79000002
9800,C-9801,,QOVNXPCVVNCPQC-UHFFFAOYSA-N,Oc1cccc(c1N)O.Cl,,0.791598931
9801,C-9802,,PHIQHXFUZVPYII-ZCFIWIBFSA-N,O[C@@H](C[N+](C)(C)C)CC(=O)[O-],,0.792632268
9802,C-9803,,NCXUNZWLEYGQAH-UHFFFAOYSA-N,CN(CC(O)C)C,,0.793054552
9803,C-9804,,ZLVSYODPTJZFMK-UHFFFAOYSA-M,[O-]C(=O)c1ccc(cc1)O.[Na+],,0.795597818
9804,C-9805,,MSJMDZAOKORVFC-SEPHDYHBSA-L,[O-]C(=O)/C=C/C(=O)[O-].[Na+].[Na+],,0.795782312
9805,C-9806,,UFULAYFCSOUIOV-UHFFFAOYSA-N,NCCS,,0.798881468
9806,C-9807,,OCWGRWAYARCRTQ-UHFFFAOYSA-N,CN(CC(Cl)C)C.Cl,,0.801161564
9807,C-9808,,SKHIBNDAFWIOPB-UHFFFAOYSA-N,NCCc1ccccc1.Cl,,0.802330791
9808,C-9809,,MXTPRJXPLFGHEE-UHFFFAOYSA-N,NCCSS(=O)(=O)O,,0.803541933
9809,C-9810,,OUBHSSAWQNSXCU-UHFFFAOYSA-M,N#CCCS(=O)(=O)[O-].[Na+],,0.803771294
9810,C-9811,,NKPKVNRBHXOADG-UHFFFAOYSA-N,C1CN2CCOB(O1)OCC2,,0.804166742
9811,C-9812,,UIUJIQZEACWQSV-UHFFFAOYSA-N,O=CCCC(=O)O,,0.806598799
9812,C-9813,,YMDXZJFXQJVXBF-STHAYSLISA-N,C[C@@H]1O[C@@H]1P(=O)(O)O,,0.80682944
9813,C-9814,,HJJPJSXJAXAIPN-UHFFFAOYSA-N,COC(=O)C1=CCCN(C1)C,,0.81
9814,C-9815,,GHMLBKRAJCXXBS-UHFFFAOYSA-N,Oc1cccc(c1)O,,0.81
9815,C-9816,,ZRWPUFFVAOMMNM-UHFFFAOYSA-N,O=C1OC2=CCOC(C2=C1)O,,0.812138182
9816,C-9817,,FFFHZYDWPBMWHY-VKHMYHEASA-N,N[C@H](C(=O)O)CCS,,0.812924972
9817,C-9818,,ZSEGSUBKDDEALH-UHFFFAOYSA-N,O=C1SCCC1N.Cl,,0.813540959
9818,C-9819,,VYFYYTLLBUKUHU-UHFFFAOYSA-N,NCCc1ccc(c(c1)O)O,,0.8147951
9819,C-9820,,QHGUCRYDKWKLMG-UHFFFAOYSA-N,NCC(c1ccc(cc1)O)O,,0.8147951
9820,C-9821,,LRCXRAABFLIVAI-UHFFFAOYSA-N,NCC(c1cccc(c1)O)O,,0.8147951
9821,C-9822,,QDYTUZCWBJRHKK-UHFFFAOYSA-N,OCc1cnc[nH]1,,0.815166874
9822,C-9823,,KLLYWRUTRAFSJT-UHFFFAOYSA-M,[O-]C(=O)C#CC(=O)O.[K+],,0.817739461
9823,C-9824,,BEJNERDRQOWKJM-UHFFFAOYSA-N,OCc1occ(c(=O)c1)O,,0.818001137
9824,C-9825,,HTEKZYRBQZJKOM-UHFFFAOYSA-N,[O-][N+](=O)Nc1[n-]nnn1.[Na+],,0.818016432
9825,C-9826,,DYDCUQKUCUHJBH-UWTATZPHSA-N,N[C@@H]1CONC1=O,,0.82101497
9826,C-9827,,CHHHXKFHOYLYRE-STWYSWDKSA-M,C/C=C/C=C/C(=O)[O-].[K+],,0.823278025
9827,C-9828,,PQDNJBQKAXAXBQ-UHFFFAOYSA-N,OCC(CF)O,,0.829253341
9828,C-9829,,AAFJXZWCNVJTMK-UHFFFAOYSA-N,OC(C(C1OC1)O)C1OC1,,0.833745836
9829,C-9830,,OIPILFWXSMYKGL-UHFFFAOYSA-N,CC(=O)OCC[N+](C)(C)C,,0.835022893
9830,C-9831,,HCOMFAYPHBFMKU-UHFFFAOYSA-N,NNC(=O)CCC(=O)NN,,0.83520121
9831,C-9832,,ZJDIMSMQXMWMCF-UHFFFAOYSA-N,CN(CCc1[nH]cnc1)C,,0.8359029
9832,C-9833,,ATHGHQPFGPMSJY-UHFFFAOYSA-N,NCCCNCCCCN,,0.837883859
9833,C-9834,,KFLRWGSAMLBHBV-UHFFFAOYSA-M,[O-]C(=O)c1cccnc1.[Na+],,0.83835354
9834,C-9835,,GETQZCLCWQTVFV-UHFFFAOYSA-N,CN(C)C,,0.83999997
9835,C-9836,,NLXLAEXVIDQMFP-UHFFFAOYSA-N,[Cl-].[NH4+],,0.842278477
9836,C-9837,,VMSRVIHUFHQIAL-UHFFFAOYSA-M,CN(C(=S)[S-])C.[Na+],,0.844063048
9837,C-9838,,VJLOFJZWUDZJBX-UHFFFAOYSA-N,OCCNCCO.Cl,,0.848952082
9838,C-9839,,CWEWBCLCRPGTIO-HSHFZTNMSA-N,C[C@H](C(=O)O)ON.Cl,,0.849087089
9839,C-9840,,JOYRKODLDBILNP-UHFFFAOYSA-N,CCOC(=O)N,,0.85000002
9840,C-9841,,WSYUEVRAMDSJKL-UHFFFAOYSA-N,NCCOS(=O)(=O)O,,0.850346779
9841,C-9842,,SUHOOTKUPISOBE-UHFFFAOYSA-N,NCCOP(=O)(O)O,,0.850586884
9842,C-9843,,YYMCYJLIYNNOMK-MEKDEQNOSA-N,OC1C[C@@H]2CC[C@H](C1)N2,,0.851725707
9843,C-9844,,DYAHQFWOVKZOOW-UHFFFAOYSA-N,CC(OP(=O)(F)C)C,,0.853580495
9844,C-9845,,VGTPCRGMBIAPIM-UHFFFAOYSA-M,[S-]C#N.[Na+],,0.854578529
9845,C-9846,,PDNZJLMPXLQDPL-UHFFFAOYSA-N,OCC1(N)CCCC1,,0.855618056
9846,C-9847,,XDZZQMNDCFNREN-UHFFFAOYSA-N,CC(CS(=O)(=O)O)N,,0.856457462
9847,C-9848,,YFMPSMITLLBENU-UHFFFAOYSA-N,NCc1ccc(c(c1)O)O,,0.856504274
9848,C-9849,,ONKKMSVOTHQXSC-UHFFFAOYSA-N,OC(=O)CONC(=O)C,,0.857630763
9849,C-9850,,XOTXPRUFDURHKP-UHFFFAOYSA-N,O=NC=c1ccn(cc1)O,,0.859724533
9850,C-9851,,NPMCIHCQSNHBDX-UHFFFAOYSA-N,CN(CCC#N)CCC#N,,0.862690207
9851,C-9852,,SZAIAWVGWTXVMB-UHFFFAOYSA-N,O=S1(=O)CC2C(C1)O2,,0.87241256
9852,C-9853,,IJRVQAXSAHHCNH-UHFFFAOYSA-M,CCCC[N+](C)(C)C.[OH-],,0.875381674
9853,C-9854,,DZLNHFMRPBPULJ-UHFFFAOYSA-N,OC(=O)C1CSCN1,,0.875609939
9854,C-9855,,RZCHTMXTKQHYDT-UHFFFAOYSA-N,OCCNC(=O)C(O)C,,0.875668614
9855,C-9856,,CBXCPBUEXACCNR-UHFFFAOYSA-N,CC[N+](CC)(CC)CC,,0.885205597
9856,C-9857,,XZWYZXLIPXDOLR-UHFFFAOYSA-N,CN(C(=N)N=C(N)N)C,,0.888848393
9857,C-9858,,DABJAQQQVTVZMF-UHFFFAOYSA-N,CC(C#N)NC(C#N)C,,0.889991738
9858,C-9859,,XYGBKMMCQDZQOZ-UHFFFAOYSA-M,OCCCC(=O)[O-].[Na+],,0.899329688
9859,C-9860,,GKPOMITUDGXOSB-UHFFFAOYSA-N,CC(C#C)O,,0.900816235
9860,C-9861,,LHYPLJGBYPAQAK-UHFFFAOYSA-M,CCCCC(=O)[O-].[Na+],,0.906175728
9861,C-9862,,SUAMAHKUSIHRMR-UHFFFAOYSA-M,[O-]C(=O)C(=O)CC.[Na+],,0.906329717
9862,C-9863,,SBAJRGRUGUQKAF-UHFFFAOYSA-N,N#CCCNCCC#N,,0.909533846
9863,C-9864,,NHOWLEZFTHYCTP-UHFFFAOYSA-N,NNCc1ccccc1,,0.913031871
9864,C-9865,,VEIWYFRREFUNRC-UHFFFAOYSA-N,C1CCCNC1.Cl,,0.915037854
9865,C-9866,,HXJUTPCZVOIRIF-UHFFFAOYSA-N,O=S1(=O)CCCC1,,0.920218395
9866,C-9867,,SWRGUMCEJHQWEE-UHFFFAOYSA-N,NNC(=O)C(=O)NN,,0.927764812
9867,C-9868,,FOCAUTSVDIKZOP-UHFFFAOYSA-N,OC(=O)CCl,,0.93000001
9868,C-9869,,JHNLSXMXTIQPSC-UHFFFAOYSA-M,C=CC[N+](C)(C)C.[OH-],,0.931102034
9869,C-9870,,LRZFEBJUJIQVDQ-UHFFFAOYSA-N,COC(=O)CN(C)C,,0.931265121
9870,C-9871,,UTIYGJDWWLIDQY-STHAYSLISA-N,N[C@H]1CO[C@H]1C(=O)O,,0.93142827
9871,C-9872,,AVQQQNCBBIEMEU-UHFFFAOYSA-N,CN(C(=O)N(C)C)C,,0.94
9872,C-9873,,RXYPXQSKLGGKOL-UHFFFAOYSA-N,CN1CCN(CC1)C,,0.942364321
9873,C-9874,,GNBVPFITFYNRCN-UHFFFAOYSA-M,[O-]C(=O)CS.[Na+],,0.942737194
9874,C-9875,,OGMADIBCHLQMIP-UHFFFAOYSA-N,NCCS.Cl,,0.9446102
9875,C-9876,,JBTGHKUTYAMZEZ-UHFFFAOYSA-N,NC(=O)C#CC(=O)N,,0.95044088
9876,C-9877,,SSZWWUDQMAHNAQ-UHFFFAOYSA-N,OCC(CCl)O,,0.956492326
9877,C-9878,,MBABOKRGFJTBAE-UHFFFAOYSA-N,COS(=O)(=O)C,,0.958106191
9878,C-9879,,MVQVNTPHUGQQHK-UHFFFAOYSA-N,OCc1cccnc1,,0.95999998
9879,C-9880,,DVVGIUUJYPYENY-UHFFFAOYSA-N,O=c1ccccn1C,,0.95999998
9880,C-9881,,HRPVXLWXLXDGHG-UHFFFAOYSA-N,NC(=O)C=C,,0.95999998
9881,C-9882,,XSQUKJJJFZCRTK-UHFFFAOYSA-N,NC(=O)N,,0.95999998
9882,C-9883,,ICXXXLGATNSZAV-UHFFFAOYSA-N,CCCCN.Cl,,0.960201334
9883,C-9884,,PTMBWNZJOQBTBK-UHFFFAOYSA-N,OCc1ccncc1,,0.962063804
9884,C-9885,,SHNUBALDGXWUJI-UHFFFAOYSA-N,OCc1ccccn1,,0.962063804
9885,C-9886,,GTCAXTIRRLKXRU-UHFFFAOYSA-N,COC(=O)N,,0.97000003
9886,C-9887,,PSJBSUHYCGQTHZ-UHFFFAOYSA-N,COCC(CO)O,,0.974198666
9887,C-9888,,ZBCBWPMODOFKDW-UHFFFAOYSA-N,OCCNCCO,,0.978244419
9888,C-9889,,NIPLIJLVGZCKMP-UHFFFAOYSA-M,C=C[N+](C)(C)C.[OH-],,0.986467617
9889,C-9890,,RHQDFWAXVIIEBN-UHFFFAOYSA-N,OCC(F)(F)F,,0.999826317
9890,C-9891,,YTHVGJSPULXGNY-UHFFFAOYSA-N,NCCCF,,0.999988751
9891,C-9892,,SECXISVLQFMRJM-UHFFFAOYSA-N,O=C1CCCN1C,,1.0
9892,C-9893,,SJRJJKPEHAURKC-UHFFFAOYSA-N,CN1CCOCC1,,1.0
9893,C-9894,,JFCQEDHGNNZCLN-UHFFFAOYSA-N,OC(=O)CCCC(=O)O,,1.0
9894,C-9895,,PKWIYNIDEDLDCJ-UHFFFAOYSA-N,Nc1[nH]nc(n1)N,,1.003939493
9895,C-9896,,PMUNIMVZCACZBB-UHFFFAOYSA-N,NCCO.Cl,,1.010808344
9896,C-9897,,ZNNZYHKDIALBAK-UHFFFAOYSA-M,[S-]C#N.[K+],,1.012440968
9897,C-9898,,WUWHFEHKUQVYLF-UHFFFAOYSA-M,[O-]C(=O)CN.[Na+],,1.013008917
9898,C-9899,,MJIWQHRXSLOUJN-UHFFFAOYSA-N,Nc1nccnn1,,1.017308239
9899,C-9900,,PYNUOAIJIQGACY-UHFFFAOYSA-N,CCCN.Cl,,1.019678414
9900,C-9901,,UBQKCCHYAOITMY-UHFFFAOYSA-N,Oc1ccccn1,,1.02
9901,C-9902,,GCNTZFIIOFTKIY-UHFFFAOYSA-N,Oc1ccncc1,,1.02
9902,C-9903,,BSRDNMMLQYNQQD-UHFFFAOYSA-N,N#CCNCC#N,,1.021796636
9903,C-9904,,CUYKNJBYIJFRCU-UHFFFAOYSA-N,Nc1cccnc1,,1.026331938
9904,C-9905,,XDPCNPCKDGQBAN-BYPYZUCNSA-N,O[C@@H]1COCC1,,1.05
9905,C-9906,,HWJHZLJIIWOTGZ-UHFFFAOYSA-N,CC(=O)NCO,,1.050151533
9906,C-9907,,KVKFRMCSXWQSNT-UHFFFAOYSA-N,CNCCNC,,1.054757982
9907,C-9908,,OPCJOXGBLDJWRM-UHFFFAOYSA-N,NCC(N)(C)C,,1.054757982
9908,C-9909,,XDPCNPCKDGQBAN-UHFFFAOYSA-N,OC1COCC1,,1.0549945
9909,C-9910,,YNAVUWVOSKDBBP-UHFFFAOYSA-N,C1CNCCO1,,1.0599999
9910,C-9911,,HNJBEVLQSNELDL-UHFFFAOYSA-N,O=C1CCCN1,,1.0700001
9911,C-9912,,NQRYJNQNLNOLGT-UHFFFAOYSA-N,C1CCCNC1,,1.0700001
9912,C-9913,,GLUUGHFHXGJENI-UHFFFAOYSA-N,N1CCNCC1,,1.0700001
9913,C-9914,,YEJRWHAVMIAJKC-UHFFFAOYSA-N,O=C1CCCO1,,1.0700001
9914,C-9915,,CEBKHWWANWSNTI-UHFFFAOYSA-N,C#CC(O)(C)C,,1.075111082
9915,C-9916,,FMCUPJKTGNBGEC-UHFFFAOYSA-N,Nn1cnnc1,,1.075296961
9916,C-9917,,OQEBBZSWEGYTPG-VKHMYHEASA-N,C[C@@H](CC(=O)O)N,,1.08
9917,C-9918,,AXINVSXSGNSVLV-UHFFFAOYSA-N,Nc1c[nH]nc1,,1.080430324
9918,C-9919,,XWBDWHCCBGMXKG-UHFFFAOYSA-N,CCN.Cl,,1.08861332
9919,C-9920,,FBPFZTCFMRRESA-OMMKOOBNSA-N,OC[C@@H]([C@H]([C@H]([C@H](CO)O)O)O)O,,1.09
9920,C-9921,,IHQKEDIOMGYHEB-UHFFFAOYSA-M,[O-][As](=O)(C)C.[Na+],,1.096967018
9921,C-9922,,CZPWVGJYEJSRLH-UHFFFAOYSA-N,c1ccncn1,,1.1
9922,C-9923,,PBMFSQRYOILNGV-UHFFFAOYSA-N,c1ccnnc1,,1.1
9923,C-9924,,LFQSCWFLJHTTHZ-UHFFFAOYSA-N,CCO,,1.1
9924,C-9925,,BTCSSZJGUNDROE-UHFFFAOYSA-N,NCCCC(=O)O,,1.100596236
9925,C-9926,,IAZDPXIOMUYVGZ-UHFFFAOYSA-N,CS(=O)C,,1.107187745
9926,C-9927,,QEWYKACRFQMRMB-UHFFFAOYSA-N,OC(=O)CF,,1.107671609
9927,C-9928,,FXHOOIRPVKKKFG-UHFFFAOYSA-N,CC(=O)N(C)C,,1.11
9928,C-9929,,ARCZSDSOONGBRX-UHFFFAOYSA-N,[O-][N+](=O)NC,,1.118872229
9929,C-9930,,VSNHCAURESNICA-UHFFFAOYSA-N,NC(=O)NO,,1.12
9930,C-9931,,PEDCQBHIVMGVHV-UHFFFAOYSA-N,OCC(CO)O,,1.12
9931,C-9932,,DUIOPKIIICUYRZ-UHFFFAOYSA-N,NNC(=O)N,,1.124527805
9932,C-9933,,XGEGHDBEHXKFPX-UHFFFAOYSA-N,CNC(=O)N,,1.13
9933,C-9934,,KFIGICHILYTCJF-UHFFFAOYSA-N,CNCCN,,1.130023582
9934,C-9935,,RSFOTOSOKJMMCB-UHFFFAOYSA-N,CN(C=O)N,,1.130281439
9935,C-9936,,LESVOLZBIFDZGS-SSDOTTSWSA-N,CNC(=O)[C@H](SCCSP(=O)(OC)OC)C,,1.14
9936,C-9937,,RWRDLPDLKQPQOW-UHFFFAOYSA-N,C1CCCN1,,1.15
9937,C-9938,,OGGXGZAMXPVRFZ-UHFFFAOYSA-N,C[As](=O)(O)C,,1.161157203
9938,C-9939,,QTBSBXVTEAMEQO-UHFFFAOYSA-N,CC(=O)O,,1.22
9939,C-9940,,HDZGCSFEDULWCS-UHFFFAOYSA-N,CNN,,1.34
9940,C-9941,,OKKJLVBELUTLKV-UHFFFAOYSA-N,CO,,1.5700001
9941,C-9942,,DLFVBJFMPXGRIB-UHFFFAOYSA-N,CC(=O)N,,1.58
9942,C-9943,,RNFNDJAIBTYOQL-UHFFFAOYSA-N,OC(C(Cl)(Cl)Cl)O	,,1.7
